time_s,truth_phase_rad,measured_rate_rad_s,phase_hint_rad,hint_available,hint_accepted,mode,decoded_phase_rad,truth_error_rad,bump_concentration
0.0,0.6981317007977318,0.001240813607636302,nan,0,0,dead_reckoning,0.6981317007977318,0.0,
0.0,0.6981317007977318,0.001240813607636302,nan,0,0,cann_no_cue,0.698131700797732,0.0,0.7961740796645929
0.0,0.6981317007977318,0.001240813607636302,nan,0,0,cann_sparse_cue,0.698131700797732,0.0,0.7961740796645929
0.0,0.6981317007977318,0.001240813607636302,nan,0,0,cann_gated_cue,0.698131700797732,0.0,0.7961740796645929
2.0,0.700226095900125,0.001230746161197574,nan,0,0,dead_reckoning,0.7006133280130044,0.00038723211287949866,
2.0,0.700226095900125,0.001230746161197574,nan,0,0,cann_no_cue,0.7006133277274694,0.0003872318273443476,0.7961706624232111
2.0,0.700226095900125,0.001230746161197574,nan,0,0,cann_sparse_cue,0.7006133277274694,0.0003872318273443476,0.7961706624232111
2.0,0.700226095900125,0.001230746161197574,nan,0,0,cann_gated_cue,0.7006133277274694,0.0003872318273443476,0.7961706624232111
4.0,0.7023424170435382,0.00100629198819466,nan,0,0,dead_reckoning,0.7030748203353996,0.0007324032918614165,
4.0,0.7023424170435382,0.00100629198819466,nan,0,0,cann_no_cue,0.7030748200497071,0.0007324030061690578,0.7961706624224236
4.0,0.7023424170435382,0.00100629198819466,nan,0,0,cann_sparse_cue,0.7030748200497071,0.0007324030061690578,0.7961706624224236
4.0,0.7023424170435382,0.00100629198819466,nan,0,0,cann_gated_cue,0.7030748200497071,0.0007324030061690578,0.7961706624224236
6.0,0.7044806257622449,0.0014193221762917642,nan,0,0,dead_reckoning,0.7050874043117888,0.0006067785495438294,
6.0,0.7044806257622449,0.0014193221762917642,nan,0,0,cann_no_cue,0.705087404026009,0.0006067782637639851,0.7961706624065334
6.0,0.7044806257622449,0.0014193221762917642,nan,0,0,cann_sparse_cue,0.705087404026009,0.0006067782637639851,0.7961706624065334
6.0,0.7044806257622449,0.0014193221762917642,nan,0,0,cann_gated_cue,0.705087404026009,0.0006067782637639851,0.7961706624065334
8.0,0.7066406451922741,0.001405807944690331,nan,0,0,dead_reckoning,0.7079260486643724,0.0012854034720981566,
8.0,0.7066406451922741,0.001405807944690331,nan,0,0,cann_no_cue,0.7079260483783537,0.0012854031860793924,0.796170662438239
8.0,0.7066406451922741,0.001405807944690331,nan,0,0,cann_sparse_cue,0.7079260483783537,0.0012854031860793924,0.796170662438239
8.0,0.7066406451922741,0.001405807944690331,nan,0,0,cann_gated_cue,0.7079260483783537,0.0012854031860793924,0.796170662438239
10.0,0.7088223602062559,0.0010950411641929712,nan,0,0,dead_reckoning,0.7107376645537531,0.0019153043474973153,
10.0,0.7088223602062559,0.0010950411641929712,nan,0,0,cann_no_cue,0.7107376642674987,0.0019153040612427397,0.7961706624370308
10.0,0.7088223602062559,0.0010950411641929712,nan,0,0,cann_sparse_cue,0.7107376642674987,0.0019153040612427397,0.7961706624370308
10.0,0.7088223602062559,0.0010950411641929712,nan,0,0,cann_gated_cue,0.7107376642674987,0.0019153040612427397,0.7961706624370308
12.0,0.7110256176153938,0.0011886649475268446,nan,0,0,dead_reckoning,0.712927746882139,0.0019021292667451561,
12.0,0.7110256176153938,0.0011886649475268446,nan,0,0,cann_no_cue,0.7129277465957715,0.0019021289803777819,0.7961706624124353
12.0,0.7110256176153938,0.0011886649475268446,nan,0,0,cann_sparse_cue,0.7129277465957715,0.0019021289803777819,0.7961706624124353
12.0,0.7110256176153938,0.0011886649475268446,nan,0,0,cann_gated_cue,0.7129277465957715,0.0019021289803777819,0.7961706624124353
14.0,0.7132502264382102,0.0010372957120299469,nan,0,0,dead_reckoning,0.7153050767771927,0.002054850338982561,
14.0,0.7132502264382102,0.0010372957120299469,nan,0,0,cann_no_cue,0.7153050764906838,0.0020548500524735225,0.7961706624192016
14.0,0.7132502264382102,0.0010372957120299469,nan,0,0,cann_sparse_cue,0.7153050764906838,0.0020548500524735225,0.7961706624192016
14.0,0.7132502264382102,0.0010372957120299469,nan,0,0,cann_gated_cue,0.7153050764906838,0.0020548500524735225,0.7961706624192016
16.0,0.7154959582355925,0.0014790324235139356,nan,0,0,dead_reckoning,0.7173796682012525,0.0018837099656598966,
16.0,0.7154959582355925,0.0014790324235139356,nan,0,0,cann_no_cue,0.7173796679146486,0.0018837096790562669,0.7961706624085384
16.0,0.7154959582355925,0.0014790324235139356,nan,0,0,cann_sparse_cue,0.7173796679146486,0.0018837096790562669,0.7961706624085384
16.0,0.7154959582355925,0.0014790324235139356,nan,0,0,cann_gated_cue,0.7173796679146486,0.0018837096790562669,0.7961706624085384
18.0,0.7177625475115532,0.0013014224247650712,nan,0,0,dead_reckoning,0.7203377330482804,0.002575185536727087,
18.0,0.7177625475115532,0.0013014224247650712,nan,0,0,cann_no_cue,0.7203377327614066,0.002575185249853451,0.7961706624437156
18.0,0.7177625475115532,0.0013014224247650712,nan,0,0,cann_sparse_cue,0.7203377327614066,0.002575185249853451,0.7961706624437156
18.0,0.7177625475115532,0.0013014224247650712,nan,0,0,cann_gated_cue,0.7203377327614066,0.002575185249853451,0.7961706624437156
20.0,0.7200496921789997,0.0012288427473111298,0.7198696869688812,1,1,dead_reckoning,0.7229405778978106,0.0028908857188110204,
20.0,0.7200496921789997,0.0012288427473111298,0.7198696869688812,1,1,cann_no_cue,0.7229405776107483,0.0028908854317486465,0.7961706624280873
20.0,0.7200496921789997,0.0012288427473111298,0.7198696869688812,1,1,cann_sparse_cue,0.7201687792993707,0.00011908712037111968,0.8542898047218802
20.0,0.7200496921789997,0.0012288427473111298,0.7198696869688812,1,1,cann_gated_cue,0.7201687792993707,0.00011908712037111968,0.8542898047218802
22.0,0.7223570540896984,0.001324840849233801,nan,0,0,dead_reckoning,0.7253982633924329,0.0030412093027343268,
22.0,0.7223570540896984,0.001324840849233801,nan,0,0,cann_no_cue,0.7253982631052128,0.0030412090155143012,0.7961706624222755
22.0,0.7223570540896984,0.001324840849233801,nan,0,0,cann_sparse_cue,0.7226224456865511,0.00026539159685246005,0.7961706624222755
22.0,0.7223570540896984,0.001324840849233801,nan,0,0,cann_gated_cue,0.7226224456865511,0.00026539159685246005,0.7961706624222755
24.0,0.7246842596275007,0.0013388208471510116,nan,0,0,dead_reckoning,0.7280479450909004,0.0033636854633996016,
24.0,0.7246842596275007,0.0013388208471510116,nan,0,0,cann_no_cue,0.7280479448034842,0.0033636851759837327,0.7961706624300339
24.0,0.7246842596275007,0.0013388208471510116,nan,0,0,cann_sparse_cue,0.7252721273848225,0.0005878677573218916,0.7961706624300338
24.0,0.7246842596275007,0.0013388208471510116,nan,0,0,cann_gated_cue,0.7252721273848225,0.0005878677573218916,0.7961706624300338
26.0,0.7270309003637936,0.0011956839020688054,nan,0,0,dead_reckoning,0.7307255867852025,0.0036946864214089103,
26.0,0.7270309003637936,0.0011956839020688054,nan,0,0,cann_no_cue,0.7307255864975831,0.0036946861337896486,0.7961706624312123
26.0,0.7270309003637936,0.0011956839020688054,nan,0,0,cann_sparse_cue,0.7279497690789213,0.0009188687151278074,0.7961706624312124
26.0,0.7270309003637936,0.0011956839020688054,nan,0,0,cann_gated_cue,0.7279497690789213,0.0009188687151278074,0.7961706624312124
28.0,0.7293965337740214,0.0010623139537871708,nan,0,0,dead_reckoning,0.7331169545893401,0.003720420815318981,
28.0,0.7293965337740214,0.0010623139537871708,nan,0,0,cann_no_cue,0.7331169543015752,0.003720420527553614,0.7961706624197313
28.0,0.7293965337740214,0.0010623139537871708,nan,0,0,cann_sparse_cue,0.7303411368829135,0.0009446031088922169,0.7961706624197313
28.0,0.7293965337740214,0.0010623139537871708,nan,0,0,cann_gated_cue,0.7303411368829135,0.0009446031088922169,0.7961706624197313
30.0,0.7317806840140249,0.001063466678657288,nan,0,0,dead_reckoning,0.7352415824969144,0.0034608984828894407,
30.0,0.7317806840140249,0.001063466678657288,nan,0,0,cann_no_cue,0.7352415822090476,0.0034608981950228213,0.796170662410201
30.0,0.7317806840140249,0.001063466678657288,nan,0,0,cann_sparse_cue,0.7324657647903859,0.0006850807763609801,0.7961706624102008
30.0,0.7317806840140249,0.001063466678657288,nan,0,0,cann_gated_cue,0.7324657647903859,0.0006850807763609801,0.7961706624102008
32.0,0.7341828427548331,0.0009955464475632965,nan,0,0,dead_reckoning,0.737368515854229,0.0031856730993959914,
32.0,0.7341828427548331,0.0009955464475632965,nan,0,0,cann_no_cue,0.7373685155662605,0.0031856728114272315,0.7961706624102781
32.0,0.7341828427548331,0.0009955464475632965,nan,0,0,cann_sparse_cue,0.7345926981475989,0.0004098553927658344,0.7961706624102785
32.0,0.7341828427548331,0.0009955464475632965,nan,0,0,cann_gated_cue,0.7345926981475989,0.0004098553927658344,0.7961706624102785
34.0,0.7366024700744457,0.0013849040901509038,nan,0,0,dead_reckoning,0.7393596087493556,0.002757138674909676,
34.0,0.7366024700744457,0.0013849040901509038,nan,0,0,cann_no_cue,0.7393596084613036,0.0027571383868578714,0.7961706624058525
34.0,0.7366024700744457,0.0013849040901509038,nan,0,0,cann_sparse_cue,0.736583791042642,-1.8679031803525703e-05,0.7961706624058524
34.0,0.7366024700744457,0.0013849040901509038,nan,0,0,cann_gated_cue,0.736583791042642,-1.8679031803525703e-05,0.7961706624058524
36.0,0.7390389954050388,0.001700383837461397,nan,0,0,dead_reckoning,0.7421294169296574,0.0030904215246185807,
36.0,0.7390389954050388,0.001700383837461397,nan,0,0,cann_no_cue,0.7421294166413834,0.0030904212363447314,0.7961706624351843
36.0,0.7390389954050388,0.001700383837461397,nan,0,0,cann_sparse_cue,0.7393535992227218,0.00031460381768289025,0.7961706624351844
36.0,0.7390389954050388,0.001700383837461397,nan,0,0,cann_gated_cue,0.7393535992227218,0.00031460381768289025,0.7961706624351844
38.0,0.7414918185339356,0.0010200614594587031,nan,0,0,dead_reckoning,0.7455301846045802,0.00403836607064445,
38.0,0.7414918185339356,0.0010200614594587031,nan,0,0,cann_no_cue,0.7455301843158931,0.004038365781957598,0.7961706624659882
38.0,0.7414918185339356,0.0010200614594587031,nan,0,0,cann_sparse_cue,0.7427543668972315,0.0012625483632957568,0.7961706624659882
38.0,0.7414918185339356,0.0010200614594587031,nan,0,0,cann_gated_cue,0.7427543668972315,0.0012625483632957568,0.7961706624659882
40.0,0.743960310656583,0.0013524009816598631,0.7441249169958529,1,1,dead_reckoning,0.7475703075234976,0.0036099968669147664,
40.0,0.743960310656583,0.0013524009816598631,0.7441249169958529,1,1,cann_no_cue,0.747570307234716,0.003609996578132879,0.7961706624074163
40.0,0.743960310656583,0.0013524009816598631,0.7441249169958529,1,1,cann_sparse_cue,0.7443589740035218,0.0003986633469388323,0.8542898076339919
40.0,0.743960310656583,0.0013524009816598631,0.7441249169958529,1,1,cann_gated_cue,0.7443589740035218,0.0003986633469388323,0.8542898076339919
42.0,0.7464438154796883,0.001408088773648126,nan,0,0,dead_reckoning,0.7502751094868173,0.0038312940071287827,
42.0,0.7464438154796883,0.001408088773648126,nan,0,0,cann_no_cue,0.7502751091978289,0.003831293718140394,0.7961706624323688
42.0,0.7464438154796883,0.001408088773648126,nan,0,0,cann_sparse_cue,0.7470598192878847,0.0006160038081963748,0.7961706624323691
42.0,0.7464438154796883,0.001408088773648126,nan,0,0,cann_gated_cue,0.7470598192878847,0.0006160038081963748,0.7961706624323691
44.0,0.7489416503725812,0.0011729519697886528,nan,0,0,dead_reckoning,0.7530912870341135,0.004149636661532341,
44.0,0.7489416503725812,0.0011729519697886528,nan,0,0,cann_no_cue,0.7530912867448892,0.004149636372308141,0.7961706624372338
44.0,0.7489416503725812,0.0011729519697886528,nan,0,0,cann_sparse_cue,0.749875996834945,0.0009343464623636777,0.7961706624372338
44.0,0.7489416503725812,0.0011729519697886528,nan,0,0,cann_gated_cue,0.749875996834945,0.0009343464623636777,0.7961706624372338
46.0,0.7514531075647792,0.0013889523856191357,nan,0,0,dead_reckoning,0.7554371909736909,0.003984083408911765,
46.0,0.7514531075647792,0.0013889523856191357,nan,0,0,cann_no_cue,0.7554371906843281,0.003984083119549009,0.7961706624180274
46.0,0.7514531075647792,0.0013889523856191357,nan,0,0,cann_sparse_cue,0.7522219007743838,0.0007687932096045458,0.7961706624180273
46.0,0.7514531075647792,0.0013889523856191357,nan,0,0,cann_gated_cue,0.7522219007743838,0.0007687932096045458,0.7961706624180273
48.0,0.7539774553876584,0.0011629002790346857,nan,0,0,dead_reckoning,0.7582150957449292,0.004237640357271033,
48.0,0.7539774553876584,0.0011629002790346857,nan,0,0,cann_no_cue,0.7582150954553414,0.004237640067683124,0.7961706624355399
48.0,0.7539774553876584,0.0011629002790346857,nan,0,0,cann_sparse_cue,0.7549998055453969,0.0010223501577386607,0.7961706624355398
48.0,0.7539774553876584,0.0011629002790346857,nan,0,0,cann_gated_cue,0.7549998055453969,0.0010223501577386607,0.7961706624355398
50.0,0.7565139395580479,0.001573408166186111,nan,0,0,dead_reckoning,0.7605408963029985,0.004026956744950461,
50.0,0.7565139395580479,0.001573408166186111,nan,0,0,cann_no_cue,0.7605408960132761,0.0040269564552284365,0.7961706624172842
50.0,0.7565139395580479,0.001573408166186111,nan,0,0,cann_sparse_cue,0.7573256061033312,0.0008116665452835292,0.7961706624172842
50.0,0.7565139395580479,0.001573408166186111,nan,0,0,cann_gated_cue,0.7573256061033312,0.0008116665452835292,0.7961706624172842
52.0,0.7590617845014996,0.0012756180695611867,nan,0,0,dead_reckoning,0.7636877126353707,0.004625928133870971,
52.0,0.7590617845014996,0.0012756180695611867,nan,0,0,cann_no_cue,0.7636877123453225,0.004625927843822986,0.7961706624528325
52.0,0.7590617845014996,0.0012756180695611867,nan,0,0,cann_sparse_cue,0.7604724224353779,0.0014106379338780783,0.7961706624528326
52.0,0.7590617845014996,0.0012756180695611867,nan,0,0,cann_gated_cue,0.7604724224353779,0.0014106379338780783,0.7961706624528326
54.0,0.7616201947129091,0.001393672576056855,nan,0,0,dead_reckoning,0.7662389487744932,0.004618754061584074,
54.0,0.7616201947129091,0.001393672576056855,nan,0,0,cann_no_cue,0.7662389484842663,0.00461875377135712,0.7961706624259829
54.0,0.7616201947129091,0.001393672576056855,nan,0,0,cann_sparse_cue,0.763023658574322,0.0014034638614131012,0.796170662425983
54.0,0.7616201947129091,0.001393672576056855,nan,0,0,cann_gated_cue,0.763023658574322,0.0014034638614131012,0.796170662425983
56.0,0.7641883561521018,0.0014914669008593633,nan,0,0,dead_reckoning,0.7690262939266068,0.004837937774504919,
56.0,0.7641883561521018,0.0014914669008593633,nan,0,0,cann_no_cue,0.7690262936361517,0.004837937484049704,0.7961706624359556
56.0,0.7641883561521018,0.0014914669008593633,nan,0,0,cann_sparse_cue,0.7658110037262076,0.0016226475741056845,0.7961706624359558
56.0,0.7641883561521018,0.0014914669008593633,nan,0,0,cann_gated_cue,0.7658110037262076,0.0016226475741056845,0.7961706624359558
58.0,0.766765437671936,0.0012936345706500505,nan,0,0,dead_reckoning,0.7720092277283256,0.005243790056389752,
58.0,0.766765437671936,0.0012936345706500505,nan,0,0,cann_no_cue,0.7720092274375904,0.005243789765654316,0.7961706624448848
58.0,0.766765437671936,0.0012936345706500505,nan,0,0,cann_sparse_cue,0.7687939375276461,0.0020284998557102973,0.7961706624448849
58.0,0.766765437671936,0.0012936345706500505,nan,0,0,cann_gated_cue,0.7687939375276461,0.0020284998557102973,0.7961706624448849
60.0,0.7693505924764173,0.0010637835025522516,0.7716384936703804,1,1,dead_reckoning,0.7745964968696257,0.005245904393208267,
60.0,0.7693505924764173,0.0010637835025522516,0.7716384936703804,1,1,cann_no_cue,0.7745964965787053,0.00524590410228809,0.7961706624274476
60.0,0.7693505924764173,0.0010637835025522516,0.7716384936703804,1,1,cann_sparse_cue,0.7719350855035239,0.0025844930271063937,0.8542898048563458
60.0,0.7693505924764173,0.0010637835025522516,0.7716384936703804,1,1,cann_gated_cue,0.7719350855035239,0.0025844930271063937,0.8542898048563458
62.0,0.7719429596062675,0.0012874954197514032,nan,0,0,dead_reckoning,0.7767240638747301,0.004781104268462677,
62.0,0.7719429596062675,0.0012874954197514032,nan,0,0,cann_no_cue,0.7767240635837069,0.0047811039774394715,0.7961706624102994
62.0,0.7719429596062675,0.0012874954197514032,nan,0,0,cann_sparse_cue,0.7740589889581954,0.002116029351928006,0.7961706624103
62.0,0.7719429596062675,0.0012874954197514032,nan,0,0,cann_gated_cue,0.7740589889581954,0.002116029351928006,0.7961706624103
64.0,0.774541665449338,0.0015214350872413238,nan,0,0,dead_reckoning,0.779299054714233,0.004757389264895107,
64.0,0.774541665449338,0.0015214350872413238,nan,0,0,cann_no_cue,0.7792990544230307,0.004757388973692933,0.796170662426946
64.0,0.774541665449338,0.0015214350872413238,nan,0,0,cann_sparse_cue,0.7766339797975192,0.0020923143481814677,0.796170662426946
64.0,0.774541665449338,0.0015214350872413238,nan,0,0,cann_gated_cue,0.7766339797975192,0.0020923143481814677,0.796170662426946
66.0,0.777145825273224,0.001379359705891326,nan,0,0,dead_reckoning,0.7823419248887156,0.005196099615491612,
66.0,0.777145825273224,0.001379359705891326,nan,0,0,cann_no_cue,0.7823419245972171,0.005196099323993231,0.7961706624477423
66.0,0.777145825273224,0.001379359705891326,nan,0,0,cann_sparse_cue,0.7796768499717058,0.0025310246984817653,0.7961706624477423
66.0,0.777145825273224,0.001379359705891326,nan,0,0,cann_gated_cue,0.7796768499717058,0.0025310246984817653,0.7961706624477423
68.0,0.7797545447773845,0.0014370874020110033,nan,0,0,dead_reckoning,0.7851006443004983,0.005346099523113601,
68.0,0.7797545447773845,0.0014370874020110033,nan,0,0,cann_no_cue,0.785100644008776,0.005346099231391399,0.7961706624346994
68.0,0.7797545447773845,0.0014370874020110033,nan,0,0,cann_sparse_cue,0.7824355693832643,0.0026810246058799336,0.7961706624346998
68.0,0.7797545447773845,0.0014370874020110033,nan,0,0,cann_gated_cue,0.7824355693832643,0.0026810246058799336,0.7961706624346998
70.0,0.7823669216620504,0.0012111924327278686,nan,0,0,dead_reckoning,0.7879748191045203,0.005607897442470033,
70.0,0.7823669216620504,0.0012111924327278686,nan,0,0,cann_no_cue,0.7879748188125472,0.005607897150496921,0.796170662439845
70.0,0.7823669216620504,0.0012111924327278686,nan,0,0,cann_sparse_cue,0.7853097441870355,0.0029428225249850115,0.7961706624398451
70.0,0.7823669216620504,0.0012111924327278686,nan,0,0,cann_gated_cue,0.7853097441870355,0.0029428225249850115,0.7961706624398451
72.0,0.7849820472111642,0.0014248347682975057,nan,0,0,dead_reckoning,0.790397203969976,0.005415156758811879,
72.0,0.7849820472111642,0.0014248347682975057,nan,0,0,cann_no_cue,0.7903972036778507,0.005415156466686444,0.7961706624209124
72.0,0.7849820472111642,0.0014248347682975057,nan,0,0,cann_sparse_cue,0.7877321290523392,0.0027500818411749783,0.7961706624209127
72.0,0.7849820472111642,0.0014248347682975057,nan,0,0,cann_gated_cue,0.7877321290523392,0.0027500818411749783,0.7961706624209127
74.0,0.7875990078865768,0.0015316731394754213,nan,0,0,dead_reckoning,0.7932468735065711,0.005647865619994086,
74.0,0.7875990078865768,0.0015316731394754213,nan,0,0,cann_no_cue,0.793246873214203,0.005647865327626178,0.796170662438735
74.0,0.7875990078865768,0.0015316731394754213,nan,0,0,cann_sparse_cue,0.7905817985886908,0.0029827907021138245,0.796170662438735
74.0,0.7875990078865768,0.0015316731394754213,nan,0,0,cann_gated_cue,0.7905817985886908,0.0029827907021138245,0.796170662438735
76.0,0.7902168869307042,0.0014053685201345575,nan,0,0,dead_reckoning,0.7963102197855219,0.00609333285481739,
76.0,0.7902168869307042,0.0014053685201345575,nan,0,0,cann_no_cue,0.7963102194928502,0.006093332562145726,0.7961706624487314
76.0,0.7902168869307042,0.0014053685201345575,nan,0,0,cann_sparse_cue,0.7936451448673386,0.0034282579366342603,0.7961706624487316
76.0,0.7902168869307042,0.0014053685201345575,nan,0,0,cann_gated_cue,0.7936451448673386,0.0034282579366342603,0.7961706624487316
78.0,0.7928347659748316,0.0017294768023803494,nan,0,0,dead_reckoning,0.799120956825791,0.006286190850959272,
78.0,0.7928347659748316,0.0017294768023803494,nan,0,0,cann_no_cue,0.7991209565328828,0.006286190558051352,0.7961706624369916
78.0,0.7928347659748316,0.0017294768023803494,nan,0,0,cann_sparse_cue,0.7964558819073712,0.0036211159325394426,0.7961706624369916
78.0,0.7928347659748316,0.0017294768023803494,nan,0,0,cann_gated_cue,0.7964558819073712,0.0036211159325394426,0.7961706624369916
80.0,0.7954517266502443,0.0013604803269470535,0.7944683704500791,1,1,dead_reckoning,0.8025799104305517,0.007128183780307218,
80.0,0.7954517266502443,0.0013604803269470535,0.7944683704500791,1,1,cann_no_cue,0.8025799101372091,0.0071281834869649785,0.7961706624691461
80.0,0.7954517266502443,0.0013604803269470535,0.7944683704500791,1,1,cann_sparse_cue,0.7948661312805745,-0.0005855953696700666,0.8542897989497312
80.0,0.7954517266502443,0.0013604803269470535,0.7944683704500791,1,1,cann_gated_cue,0.7948661312805745,-0.0005855953696700666,0.8542897989497312
82.0,0.798066852199358,0.0012225156928655822,nan,0,0,dead_reckoning,0.8053008710844458,0.0072340188850876785,
82.0,0.798066852199358,0.0012225156928655822,nan,0,0,cann_no_cue,0.8053008707908855,0.007234018591527391,0.7961706624330624
82.0,0.798066852199358,0.0012225156928655822,nan,0,0,cann_sparse_cue,0.7975823154305499,-0.00048453676880821916,0.7961706624330628
82.0,0.798066852199358,0.0012225156928655822,nan,0,0,cann_gated_cue,0.7975823154305499,-0.00048453676880821916,0.7961706624330628
84.0,0.8006792290840239,0.001116328300890351,nan,0,0,dead_reckoning,0.807745902470177,0.007066673386153077,
84.0,0.8006792290840239,0.001116328300890351,nan,0,0,cann_no_cue,0.8077459021764611,0.007066673092437359,0.7961706624217845
84.0,0.8006792290840239,0.001116328300890351,nan,0,0,cann_sparse_cue,0.8000273468161255,-0.0006518822678982517,0.7961706624217846
84.0,0.8006792290840239,0.001116328300890351,nan,0,0,cann_gated_cue,0.8000273468161255,-0.0006518822678982517,0.7961706624217846
86.0,0.8032879485881844,0.0015921193968845009,nan,0,0,dead_reckoning,0.8099785590719577,0.006690610483773174,
86.0,0.8032879485881844,0.0015921193968845009,nan,0,0,cann_no_cue,0.8099785587781237,0.006690610189939328,0.7961706624139249
86.0,0.8032879485881844,0.0015921193968845009,nan,0,0,cann_sparse_cue,0.8022600034177884,-0.0010279451703958387,0.7961706624139248
86.0,0.8032879485881844,0.0015921193968845009,nan,0,0,cann_gated_cue,0.8022600034177884,-0.0010279451703958387,0.7961706624139248
88.0,0.8058921084120704,0.001375248133839476,nan,0,0,dead_reckoning,0.8131627978657266,0.007270689453656054,
88.0,0.8058921084120704,0.001375248133839476,nan,0,0,cann_no_cue,0.8131627975715555,0.007270689159485144,0.796170662454707
88.0,0.8058921084120704,0.001375248133839476,nan,0,0,cann_sparse_cue,0.8054442422112198,-0.00044786620085046636,0.7961706624547071
88.0,0.8058921084120704,0.001375248133839476,nan,0,0,cann_gated_cue,0.8054442422112198,-0.00044786620085046636,0.7961706624547071
90.0,0.8084908142551409,0.0015637255600883366,nan,0,0,dead_reckoning,0.8159132941334056,0.0074224798782647206,
90.0,0.8084908142551409,0.0015637255600883366,nan,0,0,cann_no_cue,0.8159132938390118,0.007422479583870878,0.796170662434341
90.0,0.8084908142551409,0.0015637255600883366,nan,0,0,cann_sparse_cue,0.8081947384786764,-0.0002960757764647326,0.7961706624343412
90.0,0.8084908142551409,0.0015637255600883366,nan,0,0,cann_gated_cue,0.8081947384786764,-0.0002960757764647326,0.7961706624343412
92.0,0.811083181384991,0.0014622762708498323,nan,0,0,dead_reckoning,0.8190407452535823,0.007957563868591144,
92.0,0.811083181384991,0.0014622762708498323,nan,0,0,cann_no_cue,0.8190407449588664,0.007957563573875337,0.7961706624518712
92.0,0.811083181384991,0.0014622762708498323,nan,0,0,cann_sparse_cue,0.8113221895985311,0.00023900821354017054,0.7961706624518715
92.0,0.811083181384991,0.0014622762708498323,nan,0,0,cann_gated_cue,0.8113221895985311,0.00023900821354017054,0.7961706624518715
94.0,0.8136683361894725,0.0016685297358186898,nan,0,0,dead_reckoning,0.821965297795282,0.008296961605809727,
94.0,0.8136683361894725,0.0016685297358186898,nan,0,0,cann_no_cue,0.8219652975002998,0.008296961310827022,0.7961706624421563
94.0,0.8136683361894725,0.0016685297358186898,nan,0,0,cann_sparse_cue,0.8142467421399644,0.000578405950491856,0.796170662442156
94.0,0.8136683361894725,0.0016685297358186898,nan,0,0,cann_gated_cue,0.8142467421399644,0.000578405950491856,0.796170662442156
96.0,0.8162454177093067,0.0015921725917129289,nan,0,0,dead_reckoning,0.8253023572669194,0.009056939557612775,
96.0,0.8162454177093067,0.0015921725917129289,nan,0,0,cann_no_cue,0.8253023569715462,0.009056939262239716,0.796170662462592
96.0,0.8162454177093067,0.0015921725917129289,nan,0,0,cann_sparse_cue,0.8175838016112102,0.0013383839019036614,0.7961706624625919
96.0,0.8162454177093067,0.0015921725917129289,nan,0,0,cann_gated_cue,0.8175838016112102,0.0013383839019036614,0.7961706624625919
98.0,0.8188135791484993,0.0013059948498161224,nan,0,0,dead_reckoning,0.8284867024503453,0.009673123301845887,
98.0,0.8188135791484993,0.0013059948498161224,nan,0,0,cann_no_cue,0.8284867021546285,0.009673123006129103,0.7961706624547125
98.0,0.8188135791484993,0.0013059948498161224,nan,0,0,cann_sparse_cue,0.8207681467942927,0.0019545676457934924,0.7961706624547122
98.0,0.8188135791484993,0.0013059948498161224,nan,0,0,cann_gated_cue,0.8207681467942927,0.0019545676457934924,0.7961706624547122
100.0,0.8213719893599087,0.0014195185059867924,0.8210980248559943,1,1,dead_reckoning,0.8310986921499774,0.009726702790068487,
100.0,0.8213719893599087,0.0014195185059867924,0.8210980248559943,1,1,cann_no_cue,0.8310986918540695,0.009726702494160744,0.7961706624284648
100.0,0.8213719893599087,0.0014195185059867924,0.8210980248559943,1,1,cann_sparse_cue,0.8213979963325445,2.6006972635883585e-05,0.854289804680039
100.0,0.8213719893599087,0.0014195185059867924,0.8210980248559943,1,1,cann_gated_cue,0.8213979963325445,2.6006972635883585e-05,0.854289804680039
102.0,0.8239198343033605,0.0015484660402439578,nan,0,0,dead_reckoning,0.8339377291619511,0.010017894858590726,
102.0,0.8239198343033605,0.0015484660402439578,nan,0,0,cann_no_cue,0.8339377288658021,0.010017894562441398,0.7961706624382565
102.0,0.8239198343033605,0.0015484660402439578,nan,0,0,cann_sparse_cue,0.8242326139429985,0.00031277963963827204,0.7961706624382568
102.0,0.8239198343033605,0.0015484660402439578,nan,0,0,cann_gated_cue,0.8242326139429985,0.00031277963963827204,0.7961706624382568
104.0,0.82645631847375,0.0011379870696233744,nan,0,0,dead_reckoning,0.837034661242439,0.010578342768688742,
104.0,0.82645631847375,0.0011379870696233744,nan,0,0,cann_no_cue,0.8370346609459767,0.010578342472226776,0.7961706624503687
104.0,0.82645631847375,0.0011379870696233744,nan,0,0,cann_sparse_cue,0.8273295460231732,0.0008732275494232056,0.7961706624503685
104.0,0.82645631847375,0.0011379870696233744,nan,0,0,cann_gated_cue,0.8273295460231732,0.0008732275494232056,0.7961706624503685
106.0,0.8289806662966291,0.0016065083156889732,nan,0,0,dead_reckoning,0.8393106353816857,0.010329969085056678,
106.0,0.8289806662966291,0.0016065083156889732,nan,0,0,cann_no_cue,0.8393106350850958,0.010329968788466815,0.7961706624154702
106.0,0.8289806662966291,0.0016065083156889732,nan,0,0,cann_sparse_cue,0.8296055201622922,0.0006248538656628,0.7961706624154702
106.0,0.8289806662966291,0.0016065083156889732,nan,0,0,cann_gated_cue,0.8296055201622922,0.0006248538656628,0.7961706624154702
108.0,0.8314921234888273,0.0015584348062749318,nan,0,0,dead_reckoning,0.8425236520130637,0.01103152852423639,
108.0,0.8314921234888273,0.0015584348062749318,nan,0,0,cann_no_cue,0.8425236517161274,0.011031528227300136,0.7961706624561636
108.0,0.8314921234888273,0.0015584348062749318,nan,0,0,cann_sparse_cue,0.8328185367933237,0.0013264133044965654,0.7961706624561639
108.0,0.8314921234888273,0.0015584348062749318,nan,0,0,cann_gated_cue,0.8328185367933237,0.0013264133044965654,0.7961706624561639
110.0,0.8339899583817201,0.0015162250168605925,nan,0,0,dead_reckoning,0.8456405216256135,0.011650563243893686,
110.0,0.8339899583817201,0.0015162250168605925,nan,0,0,cann_no_cue,0.8456405213283554,0.011650562946635468,0.7961706624513486
110.0,0.8339899583817201,0.0015162250168605925,nan,0,0,cann_sparse_cue,0.8359354064055521,0.0019454480238318972,0.7961706624513484
110.0,0.8339899583817201,0.0015162250168605925,nan,0,0,cann_gated_cue,0.8359354064055521,0.0019454480238318972,0.7961706624513484
112.0,0.8364734632048254,0.001313820178805772,nan,0,0,dead_reckoning,0.8486729716593346,0.012199508454509456,
112.0,0.8364734632048254,0.001313820178805772,nan,0,0,cann_no_cue,0.8486729713617807,0.012199508156955474,0.7961706624472413
112.0,0.8364734632048254,0.001313820178805772,nan,0,0,cann_sparse_cue,0.8389678564389771,0.0024943932341514596,0.7961706624472414
112.0,0.8364734632048254,0.001313820178805772,nan,0,0,cann_gated_cue,0.8389678564389771,0.0024943932341514596,0.7961706624472414
114.0,0.8389419553274728,0.001395140795831271,nan,0,0,dead_reckoning,0.8513006120169462,0.012358656689473335,
114.0,0.8389419553274728,0.001395140795831271,nan,0,0,cann_no_cue,0.8513006117191982,0.012358656391725287,0.7961706624291136
114.0,0.8389419553274728,0.001395140795831271,nan,0,0,cann_sparse_cue,0.841595496796395,0.0026535414689221604,0.7961706624291135
114.0,0.8389419553274728,0.001395140795831271,nan,0,0,cann_gated_cue,0.841595496796395,0.0026535414689221604,0.7961706624291135
116.0,0.8413947784563696,0.0011378791867738343,nan,0,0,dead_reckoning,0.8540908936086088,0.01269611515223934,
116.0,0.8413947784563696,0.0011378791867738343,nan,0,0,cann_no_cue,0.8540908933106317,0.012696114854262142,0.796170662436085
116.0,0.8413947784563696,0.0011378791867738343,nan,0,0,cann_sparse_cue,0.8443857783878285,0.002990999931459015,0.796170662436085
116.0,0.8413947784563696,0.0011378791867738343,nan,0,0,cann_gated_cue,0.8443857783878285,0.002990999931459015,0.796170662436085
118.0,0.8438313037869627,0.00133073379842693,nan,0,0,dead_reckoning,0.8563666519821564,0.012535348195193752,
118.0,0.8438313037869627,0.00133073379842693,nan,0,0,cann_no_cue,0.8563666516840529,0.012535347897090432,0.7961706624154622
118.0,0.8438313037869627,0.00133073379842693,nan,0,0,cann_sparse_cue,0.8466615367612502,0.0028302329742873056,0.7961706624154625
118.0,0.8438313037869627,0.00133073379842693,nan,0,0,cann_gated_cue,0.8466615367612502,0.0028302329742873056,0.7961706624154625
120.0,0.8462509311065752,0.0012125667260820849,0.8460431292283067,1,1,dead_reckoning,0.8590281195790104,0.012777188472435252,
120.0,0.8462509311065752,0.0012125667260820849,0.8460431292283067,1,1,cann_no_cue,0.8590281192807089,0.012777188174133869,0.7961706624305288
120.0,0.8462509311065752,0.0012125667260820849,0.8460431292283067,1,1,cann_sparse_cue,0.8463489879095288,9.805680295382757e-05,0.8542898043781478
120.0,0.8462509311065752,0.0012125667260820849,0.8460431292283067,1,1,cann_gated_cue,0.8463489879095288,9.805680295382757e-05,0.8542898043781478
122.0,0.8486530898473835,0.0013202166386743232,nan,0,0,dead_reckoning,0.8614532530311745,0.012800163183790847,
122.0,0.8486530898473835,0.0013202166386743232,nan,0,0,cann_no_cue,0.8614532527327212,0.012800162885337585,0.7961706624210179
122.0,0.8486530898473835,0.0013202166386743232,nan,0,0,cann_sparse_cue,0.8487701028704824,0.00011701302309896633,0.7961706624210184
122.0,0.8486530898473835,0.0013202166386743232,nan,0,0,cann_gated_cue,0.8487701028704824,0.00011701302309896633,0.7961706624210184
124.0,0.8510372400873869,0.0012086390051701348,nan,0,0,dead_reckoning,0.8640936863085231,0.01305644622113622,
124.0,0.8510372400873869,0.0012086390051701348,nan,0,0,cann_no_cue,0.8640936860098763,0.013056445922489335,0.7961706624296464
124.0,0.8510372400873869,0.0012086390051701348,nan,0,0,cann_sparse_cue,0.8514105361476372,0.0003732960602502722,0.7961706624296467
124.0,0.8510372400873869,0.0012086390051701348,nan,0,0,cann_gated_cue,0.8514105361476372,0.0003732960602502722,0.7961706624296467
126.0,0.8534028734976148,0.001334484675098458,nan,0,0,dead_reckoning,0.8665109643188634,0.013108090821248641,
126.0,0.8534028734976148,0.001334484675098458,nan,0,0,cann_no_cue,0.8665109640200667,0.013108090522451654,0.796170662420717
126.0,0.8534028734976148,0.001334484675098458,nan,0,0,cann_sparse_cue,0.8538278141578273,0.0004249406602125916,0.7961706624207173
126.0,0.8534028734976148,0.001334484675098458,nan,0,0,cann_gated_cue,0.8538278141578273,0.0004249406602125916,0.7961706624207173
128.0,0.8557495142339075,0.0014842744185775286,nan,0,0,dead_reckoning,0.8691799336690603,0.013430419435152885,
128.0,0.8557495142339075,0.0014842744185775286,nan,0,0,cann_no_cue,0.8691799333700636,0.013430419136156058,0.7961706624308453
128.0,0.8557495142339075,0.0014842744185775286,nan,0,0,cann_sparse_cue,0.8564967835078242,0.000747269273916551,0.7961706624308456
128.0,0.8557495142339075,0.0014842744185775286,nan,0,0,cann_gated_cue,0.8564967835078242,0.000747269273916551,0.7961706624308456
130.0,0.85807671977171,0.0010346874114477032,nan,0,0,dead_reckoning,0.8721484825062154,0.014071762734505278,
130.0,0.85807671977171,0.0010346874114477032,nan,0,0,cann_no_cue,0.8721484822069434,0.014071762435233559,0.7961706624442075
130.0,0.85807671977171,0.0010346874114477032,nan,0,0,cann_sparse_cue,0.8594653323447039,0.0013886125729940524,0.7961706624442074
130.0,0.85807671977171,0.0010346874114477032,nan,0,0,cann_gated_cue,0.8594653323447039,0.0013886125729940524,0.7961706624442074
132.0,0.8603840816824087,0.0014071065495322855,nan,0,0,dead_reckoning,0.8742178573291108,0.013833775646702406,
132.0,0.8603840816824087,0.0014071065495322855,nan,0,0,cann_no_cue,0.8742178570297422,0.013833775347333432,0.7961706624083671
132.0,0.8603840816824087,0.0014071065495322855,nan,0,0,cann_sparse_cue,0.8615347071675029,0.0011506254850943698,0.7961706624083674
132.0,0.8603840816824087,0.0014071065495322855,nan,0,0,cann_gated_cue,0.8615347071675029,0.0011506254850943698,0.7961706624083674
134.0,0.8626712263498552,0.0008756658817339969,nan,0,0,dead_reckoning,0.8770320704281753,0.014360844078320056,
134.0,0.8626712263498552,0.0008756658817339969,nan,0,0,cann_no_cue,0.8770320701285742,0.014360843778718824,0.7961706624371463
134.0,0.8626712263498552,0.0008756658817339969,nan,0,0,cann_sparse_cue,0.8643489202663348,0.001677693916479761,0.7961706624371465
134.0,0.8626712263498552,0.0008756658817339969,nan,0,0,cann_gated_cue,0.8643489202663348,0.001677693916479761,0.7961706624371465
136.0,0.8649378156258158,0.0008416198272944229,nan,0,0,dead_reckoning,0.8787834021916434,0.013845586565827794,
136.0,0.8649378156258158,0.0008416198272944229,nan,0,0,cann_no_cue,0.8787834018919831,0.013845586266167054,0.7961706623987532
136.0,0.8649378156258158,0.0008416198272944229,nan,0,0,cann_sparse_cue,0.8661002520297435,0.001162436403927547,0.7961706623987532
136.0,0.8649378156258158,0.0008416198272944229,nan,0,0,cann_gated_cue,0.8661002520297435,0.001162436403927547,0.7961706623987532
138.0,0.8671835474231981,0.001187760331483831,nan,0,0,dead_reckoning,0.8804666418462322,0.013283094423034214,
138.0,0.8671835474231981,0.001187760331483831,nan,0,0,cann_no_cue,0.8804666415465221,0.013283094123323735,0.7961706623969029
138.0,0.8671835474231981,0.001187760331483831,nan,0,0,cann_sparse_cue,0.8677834916842828,0.0005999442610846728,0.7961706623969028
138.0,0.8671835474231981,0.001187760331483831,nan,0,0,cann_gated_cue,0.8677834916842828,0.0005999442610846728,0.7961706623969028
140.0,0.8694081562460145,0.001206547647325967,0.9560727585510332,1,0,dead_reckoning,0.8828421625091999,0.01343400626318525,
140.0,0.8694081562460145,0.001206547647325967,0.9560727585510332,1,0,cann_no_cue,0.8828421622093503,0.013434005963335771,0.7961706624191336
140.0,0.8694081562460145,0.001206547647325967,0.9560727585510332,1,0,cann_sparse_cue,0.9563266360277816,0.08691847978176703,0.8542898070330703
140.0,0.8694081562460145,0.001206547647325967,0.9560727585510332,1,0,cann_gated_cue,0.8701590123471112,0.0007508561010967085,0.7961706624191338
142.0,0.8716114136551525,0.0012718410662598558,nan,0,0,dead_reckoning,0.8852552578038518,0.013643844148699458,
142.0,0.8716114136551525,0.0012718410662598558,nan,0,0,cann_no_cue,0.8852552575038539,0.01364384384870121,0.7961706624205571
142.0,0.8716114136551525,0.0012718410662598558,nan,0,0,cann_sparse_cue,0.9587359915984839,0.08712457794333162,0.7961706624205572
142.0,0.8716114136551525,0.0012718410662598558,nan,0,0,cann_gated_cue,0.8725721076416147,0.0009606939864621467,0.7961706624205572
144.0,0.8737931286691343,0.0008925232983172091,nan,0,0,dead_reckoning,0.8877989399363715,0.014005811267237434,
144.0,0.8737931286691343,0.0008925232983172091,nan,0,0,cann_no_cue,0.8877989396362003,0.01400581096706599,0.7961706624256785
144.0,0.8737931286691343,0.0008925232983172091,nan,0,0,cann_sparse_cue,0.9612796737308301,0.08748654506169595,0.7961706624256784
144.0,0.8737931286691343,0.0008925232983172091,nan,0,0,cann_gated_cue,0.8751157897739611,0.0013226611048269277,0.7961706624256782
146.0,0.8759531480991635,0.0011610389616126852,nan,0,0,dead_reckoning,0.889583986533006,0.013630838433842385,
146.0,0.8759531480991635,0.0011610389616126852,nan,0,0,cann_no_cue,0.8895839862327732,0.013630838133609657,0.7961706623996966
146.0,0.8759531480991635,0.0011610389616126852,nan,0,0,cann_sparse_cue,0.9630647203274034,0.08711157222824006,0.7961706623996966
146.0,0.8759531480991635,0.0011610389616126852,nan,0,0,cann_gated_cue,0.8769008363705338,0.0009476882713705947,0.7961706623996965
148.0,0.8780913568178702,0.0011822610846303882,nan,0,0,dead_reckoning,0.8919060644562313,0.013814707638361234,
148.0,0.8780913568178702,0.0011822610846303882,nan,0,0,cann_no_cue,0.8919060641558684,0.013814707337997945,0.7961706624171474
148.0,0.8780913568178702,0.0011822610846303882,nan,0,0,cann_sparse_cue,0.9653867982504981,0.08729544143262791,0.7961706624171472
148.0,0.8780913568178702,0.0011822610846303882,nan,0,0,cann_gated_cue,0.8792229142936289,0.001131557475758882,0.7961706624171472
150.0,0.8802076779612834,0.0013620985976835558,nan,0,0,dead_reckoning,0.8942705866254921,0.014062908664208784,
150.0,0.8802076779612834,0.0013620985976835558,nan,0,0,cann_no_cue,0.8942705863249896,0.01406290836370605,0.7961706624187213
150.0,0.8802076779612834,0.0013620985976835558,nan,0,0,cann_sparse_cue,0.9677513204196196,0.08754364245833646,0.7961706624187213
150.0,0.8802076779612834,0.0013620985976835558,nan,0,0,cann_gated_cue,0.8815874364627503,0.0013797585014669878,0.7961706624187211
152.0,0.8823020730636766,0.0011095683895548764,nan,0,0,dead_reckoning,0.8969947838208592,0.014692710757182592,
152.0,0.8823020730636766,0.0011095683895548764,nan,0,0,cann_no_cue,0.8969947835201445,0.014692710456468028,0.796170662433202
152.0,0.8823020730636766,0.0011095683895548764,nan,0,0,cann_sparse_cue,0.9704755176147744,0.08817344455109755,0.7961706624332017
152.0,0.8823020730636766,0.0011095683895548764,nan,0,0,cann_gated_cue,0.884311633657905,0.002009560594228521,0.7961706624332017
154.0,0.8843745421250497,0.0012177962765202517,nan,0,0,dead_reckoning,0.899213920599969,0.01483937847491923,
154.0,0.8843745421250497,0.0012177962765202517,nan,0,0,cann_no_cue,0.8992139202991375,0.01483937817408787,0.7961706624134488
154.0,0.8843745421250497,0.0012177962765202517,nan,0,0,cann_sparse_cue,0.9726946543937672,0.08832011226871739,0.7961706624134488
154.0,0.8843745421250497,0.0012177962765202517,nan,0,0,cann_gated_cue,0.8865307704368978,0.0021562283118479186,0.7961706624134488
156.0,0.8864251236111295,0.0009457207678368933,nan,0,0,dead_reckoning,0.9016495131530096,0.01522438954187999,
156.0,0.8864251236111295,0.0009457207678368933,nan,0,0,cann_no_cue,0.901649512852026,0.015224389240896308,0.7961706624214201
156.0,0.8864251236111295,0.0009457207678368933,nan,0,0,cann_sparse_cue,0.975130246946656,0.08870512333552671,0.7961706624214201
156.0,0.8864251236111295,0.0009457207678368933,nan,0,0,cann_gated_cue,0.8889663629897867,0.002541239378657245,0.7961706624214202
158.0,0.8884538943858866,0.0010747869648213457,nan,0,0,dead_reckoning,0.9035409546886832,0.015087060302796829,
158.0,0.8884538943858866,0.0010747869648213457,nan,0,0,cann_no_cue,0.9035409543876273,0.01508706000174076,0.7961706624027914
158.0,0.8884538943858866,0.0010747869648213457,nan,0,0,cann_sparse_cue,0.9770216884822575,0.08856779409637072,0.7961706624027914
158.0,0.8884538943858866,0.0010747869648213457,nan,0,0,cann_gated_cue,0.8908578045253879,0.002403910139501253,0.7961706624027914
160.0,0.8904609695766912,0.0010176244355584287,0.8892899558509313,1,1,dead_reckoning,0.905690528618326,0.015229559041634921,
160.0,0.8904609695766912,0.0010176244355584287,0.8892899558509313,1,1,cann_no_cue,0.9056905283171665,0.01522955874047538,0.7961706624110445
160.0,0.8904609695766912,0.0010176244355584287,0.8892899558509313,1,1,cann_sparse_cue,0.8895557614598892,-0.0009052081168019477,0.8542898060676037
160.0,0.8904609695766912,0.0010176244355584287,0.8892899558509313,1,1,cann_gated_cue,0.8895372165708071,-0.0009237530058840981,0.8542898070941738
162.0,0.8924465023723397,0.0012040542562416936,nan,0,0,dead_reckoning,0.9077257774894428,0.01527927511710292,
162.0,0.8924465023723397,0.0012040542562416936,nan,0,0,cann_no_cue,0.9077257771881941,0.01527927481585456,0.7961706624072592
162.0,0.8924465023723397,0.0012040542562416936,nan,0,0,cann_sparse_cue,0.891587581983112,-0.0008589203892275243,0.7961706624072593
162.0,0.8924465023723397,0.0012040542562416936,nan,0,0,cann_gated_cue,0.8915691390740035,-0.00087736329833632,0.7961706624072593
164.0,0.8944106837543097,0.0009025631690434105,nan,0,0,dead_reckoning,0.9101338860019262,0.015723202247616364,
164.0,0.8944106837543097,0.0009025631690434105,nan,0,0,cann_no_cue,0.9101338857005314,0.0157232019462219,0.796170662420367
164.0,0.8944106837543097,0.0009025631690434105,nan,0,0,cann_sparse_cue,0.8939956904954494,-0.0004149932588601857,0.7961706624203672
164.0,0.8944106837543097,0.0009025631690434105,nan,0,0,cann_gated_cue,0.8939772475863408,-0.0004334361679689813,0.7961706624203668
166.0,0.8963537421617138,0.0009185827194073231,nan,0,0,dead_reckoning,0.9119390123400131,0.015585270178299027,
166.0,0.8963537421617138,0.0009185827194073231,nan,0,0,cann_no_cue,0.9119390120385551,0.015585269876841501,0.7961706624002669
166.0,0.8963537421617138,0.0009185827194073231,nan,0,0,cann_sparse_cue,0.8958008168334729,-0.0005529253282410274,0.7961706624002669
166.0,0.8963537421617138,0.0009185827194073231,nan,0,0,cann_gated_cue,0.8957823739243647,-0.0005713682373489348,0.7961706624002671
168.0,0.8982759430905396,0.0011507032976281568,nan,0,0,dead_reckoning,0.9137761777788277,0.015500234688288206,
168.0,0.8982759430905396,0.0011507032976281568,nan,0,0,cann_no_cue,0.9137761774773049,0.015500234386765399,0.7961706624011904
168.0,0.8982759430905396,0.0011507032976281568,nan,0,0,cann_sparse_cue,0.8976379822722228,-0.0006379608183166852,0.79617066240119
168.0,0.8982759430905396,0.0011507032976281568,nan,0,0,cann_gated_cue,0.8976195393631146,-0.0006564037274250367,0.7961706624011904
170.0,0.9001775886278793,0.0013517192608260024,nan,0,0,dead_reckoning,0.916077584374084,0.01589999574620471,
170.0,0.9001775886278793,0.0013517192608260024,nan,0,0,cann_no_cue,0.9160775840724343,0.015899995444554893,0.7961706624163912
170.0,0.9001775886278793,0.0013517192608260024,nan,0,0,cann_sparse_cue,0.899939388867352,-0.00023819976052719127,0.7961706624163911
170.0,0.9001775886278793,0.0013517192608260024,nan,0,0,cann_gated_cue,0.8999209459582436,-0.0002566426696359869,0.796170662416391
172.0,0.9020590169219671,0.001091805606684906,nan,0,0,dead_reckoning,0.918781022895736,0.016722005973768717,
172.0,0.9020590169219671,0.001091805606684906,nan,0,0,cann_no_cue,0.9187810225938788,0.01672200567191151,0.7961706624323105
172.0,0.9020590169219671,0.001091805606684906,nan,0,0,cann_sparse_cue,0.9026428273887968,0.0005838104668294264,0.7961706624323107
172.0,0.9020590169219671,0.001091805606684906,nan,0,0,cann_gated_cue,0.9026243844796885,0.0005653675577215189,0.7961706624323105
174.0,0.9039206015889512,0.001069213109902738,nan,0,0,dead_reckoning,0.9209646341091058,0.01704403252015485,
174.0,0.9039206015889512,0.001069213109902738,nan,0,0,cann_no_cue,0.9209646338071374,0.017044032218186178,0.796170662412211
174.0,0.9039206015889512,0.001069213109902738,nan,0,0,cann_sparse_cue,0.904826438602055,0.0009058370131036497,0.7961706624122112
174.0,0.9039206015889512,0.001069213109902738,nan,0,0,cann_gated_cue,0.9048079956929467,0.0008873941039952982,0.7961706624122111
176.0,0.9057627510574447,0.0009518967359836076,nan,0,0,dead_reckoning,0.9231030603289113,0.01734030927146657,
176.0,0.9057627510574447,0.0009518967359836076,nan,0,0,cann_no_cue,0.9231030600268398,0.01734030896939487,0.796170662410666
176.0,0.9057627510574447,0.0009518967359836076,nan,0,0,cann_sparse_cue,0.9069648648217575,0.0012021137643127844,0.7961706624106663
176.0,0.9057627510574447,0.0009518967359836076,nan,0,0,cann_gated_cue,0.9069464219126491,0.0011836708552044328,0.796170662410666
178.0,0.9075859078520033,0.0011888902396225169,nan,0,0,dead_reckoning,0.9250068538008785,0.01742094594887522,
178.0,0.9075859078520033,0.0011888902396225169,nan,0,0,cann_no_cue,0.925006853498734,0.01742094564673069,0.7961706624031624
178.0,0.9075859078520033,0.0011888902396225169,nan,0,0,cann_sparse_cue,0.9088686582936517,0.0012827504416481617,0.7961706624031624
178.0,0.9075859078520033,0.0011888902396225169,nan,0,0,cann_gated_cue,0.9088502153845434,0.00126430753253981,0.7961706624031621
180.0,0.9093905478167863,0.0010912052957335436,0.910780964598469,1,1,dead_reckoning,0.9273846342801235,0.017994086463337222,
180.0,0.9093905478167863,0.0010912052957335436,0.910780964598469,1,1,cann_no_cue,0.9273846339778389,0.01799408616105236,0.7961706624192186
180.0,0.9093905478167863,0.0010912052957335436,0.910780964598469,1,1,cann_sparse_cue,0.911053692399096,0.0016631445823094282,0.8542898059925245
180.0,0.9093905478167863,0.0010912052957335436,0.910780964598469,1,1,cann_gated_cue,0.9110536884389454,0.0016631406221589984,0.8542898059927547
182.0,0.9111771792807644,0.0012874411854557207,nan,0,0,dead_reckoning,0.9295670448715907,0.01838986559082656,
182.0,0.9111771792807644,0.0012874411854557207,nan,0,0,cann_no_cue,0.9295670445691958,0.01838986528843156,0.7961706624121698
182.0,0.9111771792807644,0.0012874411854557207,nan,0,0,cann_sparse_cue,0.9132324993595907,0.0020553200788264725,0.79617066241217
182.0,0.9111771792807644,0.0012874411854557207,nan,0,0,cann_gated_cue,0.9132324954212178,0.0020553161404532894,0.79617066241217
184.0,0.9129463421659383,0.0010349703567744172,nan,0,0,dead_reckoning,0.9321419272425021,0.019195585076563937,
184.0,0.9129463421659383,0.0010349703567744172,nan,0,0,cann_no_cue,0.9321419269399281,0.01919558477398997,0.7961706624269419
184.0,0.9129463421659383,0.0010349703567744172,nan,0,0,cann_sparse_cue,0.9158073817303232,0.002861039564384882,0.7961706624269419
184.0,0.9129463421659383,0.0010349703567744172,nan,0,0,cann_gated_cue,0.9158073777919501,0.0028610356260116987,0.7961706624269417
186.0,0.9146986070401315,0.0007993972001038251,nan,0,0,dead_reckoning,0.9342118679560509,0.019513260915919428,
186.0,0.9146986070401315,0.0007993972001038251,nan,0,0,cann_no_cue,0.9342118676533822,0.01951326061325087,0.7961706624083859
186.0,0.9146986070401315,0.0007993972001038251,nan,0,0,cann_sparse_cue,0.9178773224437772,0.003178715403645782,0.7961706624083857
186.0,0.9146986070401315,0.0007993972001038251,nan,0,0,cann_gated_cue,0.9178773185054042,0.003178711465272599,0.796170662408386
188.0,0.9164345741160211,0.0008565674313942614,nan,0,0,dead_reckoning,0.9358106623562585,0.01937608824023762,
188.0,0.9164345741160211,0.0008565674313942614,nan,0,0,cann_no_cue,0.9358106620535466,0.019376087937525543,0.7961706623947105
188.0,0.9164345741160211,0.0008565674313942614,nan,0,0,cann_sparse_cue,0.9194761168439416,0.0030415427279204543,0.7961706623947102
188.0,0.9164345741160211,0.0008565674313942614,nan,0,0,cann_gated_cue,0.9194761129055686,0.0030415387895477153,0.7961706623947105
190.0,0.91815487219816,0.0007764340471083277,nan,0,0,dead_reckoning,0.9375237972190471,0.01936892502088705,
190.0,0.91815487219816,0.0007764340471083277,nan,0,0,cann_no_cue,0.9375237969162827,0.01936892471812257,0.7961706623977064
190.0,0.91815487219816,0.0007764340471083277,nan,0,0,cann_sparse_cue,0.9211892517066779,0.003034379508517926,0.7961706623977065
190.0,0.91815487219816,0.0007764340471083277,nan,0,0,cann_gated_cue,0.9211892477683049,0.003034375570144743,0.7961706623977064
192.0,0.9198601575798411,0.0007211483497342638,nan,0,0,dead_reckoning,0.9390766653132637,0.01921650773342254,
192.0,0.9198601575798411,0.0007211483497342638,nan,0,0,cann_no_cue,0.9390766650104604,0.019216507430619423,0.796170662393565
192.0,0.9198601575798411,0.0007211483497342638,nan,0,0,cann_sparse_cue,0.9227421198008555,0.0028819622210143336,0.796170662393565
192.0,0.9198601575798411,0.0007211483497342638,nan,0,0,cann_gated_cue,0.9227421158624823,0.0028819582826411505,0.796170662393565
194.0,0.9215511128917346,0.0011497370966791984,nan,0,0,dead_reckoning,0.9405189620127322,0.01896784912099747,
194.0,0.9215511128917346,0.0011497370966791984,nan,0,0,cann_no_cue,0.940518961709898,0.01896784881816327,0.7961706623909449
194.0,0.9215511128917346,0.0011497370966791984,nan,0,0,cann_sparse_cue,0.9241844165002931,0.0026333036085586237,0.7961706623909448
194.0,0.9215511128917346,0.0011497370966791984,nan,0,0,cann_gated_cue,0.9241844125619199,0.0026332996701849964,0.796170662390945
196.0,0.923228445904323,0.001060291944462999,nan,0,0,dead_reckoning,0.9428184362060906,0.019589990301767557,
196.0,0.923228445904323,0.001060291944462999,nan,0,0,cann_no_cue,0.9428184359031304,0.019589989998807233,0.796170662416321
196.0,0.923228445904323,0.001060291944462999,nan,0,0,cann_sparse_cue,0.9264838906935254,0.0032554447892025884,0.7961706624163211
196.0,0.923228445904323,0.001060291944462999,nan,0,0,cann_gated_cue,0.9264838867551524,0.0032554408508294053,0.7961706624163208
198.0,0.9248928882862302,0.0006930789861819041,nan,0,0,dead_reckoning,0.9449390200950166,0.02004613180878634,
198.0,0.9248928882862302,0.0006930789861819041,nan,0,0,cann_no_cue,0.9449390197919554,0.020046131505725207,0.7961706624100653
198.0,0.9248928882862302,0.0006930789861819041,nan,0,0,cann_sparse_cue,0.9286044745823507,0.0037115862961205615,0.7961706624100648
198.0,0.9248928882862302,0.0006930789861819041,nan,0,0,cann_gated_cue,0.9286044706439773,0.0037115823577469342,0.7961706624100652
200.0,0.9265451943206271,0.0012067311779988934,nan,0,0,dead_reckoning,0.9463251780673805,0.01977998374675316,
200.0,0.9265451943206271,0.0012067311779988934,nan,0,0,cann_no_cue,0.9463251777642908,0.019779983443663607,0.7961706623896887
200.0,0.9265451943206271,0.0012067311779988934,nan,0,0,cann_sparse_cue,0.9299906325546861,0.0034454382340589618,0.7961706623896887
200.0,0.9265451943206271,0.0012067311779988934,nan,0,0,cann_gated_cue,0.9299906286163127,0.0034454342956857786,0.7961706623896886
202.0,0.9281861395819617,0.0009319351743343536,nan,0,0,dead_reckoning,0.9487386404233782,0.020552500841416688,
202.0,0.9281861395819617,0.0009319351743343536,nan,0,0,cann_no_cue,0.948738640120143,0.02055250053818103,0.7961706624205712
202.0,0.9281861395819617,0.0009319351743343536,nan,0,0,cann_sparse_cue,0.9324040949105382,0.004217955328576384,0.7961706624205713
202.0,0.9281861395819617,0.0009319351743343536,nan,0,0,cann_gated_cue,0.9324040909721647,0.0042179513902027566,0.796170662420571
204.0,0.9298165195753387,0.0007193468358291056,nan,0,0,dead_reckoning,0.9506025107720469,0.02078599119670832,
204.0,0.9298165195753387,0.0007193468358291056,nan,0,0,cann_no_cue,0.9506025104687422,0.020785990893403383,0.7961706624019722
204.0,0.9298165195753387,0.0007193468358291056,nan,0,0,cann_sparse_cue,0.9342679652591378,0.004451445683799182,0.7961706624019723
204.0,0.9298165195753387,0.0007193468358291056,nan,0,0,cann_gated_cue,0.9342679613207643,0.004451441745425555,0.7961706624019722
206.0,0.9314371483409325,0.0009537887579432205,nan,0,0,dead_reckoning,0.9520412044437052,0.020604056102772716,
206.0,0.9314371483409325,0.0009537887579432205,nan,0,0,cann_no_cue,0.9520412041403689,0.02060405579943625,0.7961706623908626
206.0,0.9314371483409325,0.0009537887579432205,nan,0,0,cann_sparse_cue,0.9357066589307648,0.0042695105898324925,0.7961706623908626
206.0,0.9314371483409325,0.0009537887579432205,nan,0,0,cann_gated_cue,0.935706654992391,0.004269506651458421,0.7961706623908625
208.0,0.9330488570258847,0.000873461440911881,nan,0,0,dead_reckoning,0.9539487819595915,0.02089992493370696,
208.0,0.9330488570258847,0.000873461440911881,nan,0,0,cann_no_cue,0.9539487816561837,0.020899924630298994,0.7961706624032764
208.0,0.9330488570258847,0.000873461440911881,nan,0,0,cann_sparse_cue,0.9376142364465795,0.004565379420694793,0.7961706624032764
208.0,0.9330488570258847,0.000873461440911881,nan,0,0,cann_gated_cue,0.9376142325082054,0.0045653754823207215,0.7961706624032765
210.0,0.9346524924261896,0.0007592089912854947,nan,0,0,dead_reckoning,0.9556957048414154,0.021043212415225554,
210.0,0.9346524924261896,0.0007592089912854947,nan,0,0,cann_no_cue,0.9556957045379515,0.021043212111761633,0.7961706623986311
210.0,0.9346524924261896,0.0007592089912854947,nan,0,0,cann_sparse_cue,0.9393611593283474,0.004708666902157876,0.7961706623986314
210.0,0.9346524924261896,0.0007592089912854947,nan,0,0,cann_gated_cue,0.9393611553899734,0.004708662963783805,0.7961706623986312
212.0,0.9362489155011259,0.0005533605071153128,nan,0,0,dead_reckoning,0.9572141228239863,0.020965207322860557,
212.0,0.9362489155011259,0.0005533605071153128,nan,0,0,cann_no_cue,0.957214122520486,0.02096520701936022,0.7961706623927279
212.0,0.9362489155011259,0.0005533605071153128,nan,0,0,cann_sparse_cue,0.9408795773108816,0.004630661809755576,0.7961706623927279
212.0,0.9362489155011259,0.0005533605071153128,nan,0,0,cann_gated_cue,0.9408795733725077,0.004630657871381949,0.7961706623927278
214.0,0.9378389998628417,0.0008938956455984229,nan,0,0,dead_reckoning,0.9583208438382169,0.020481843975375114,
214.0,0.9378389998628417,0.0008938956455984229,nan,0,0,cann_no_cue,0.9583208435347025,0.020481843671860567,0.7961706623841772
214.0,0.9378389998628417,0.0008938956455984229,nan,0,0,cann_sparse_cue,0.9419862983250986,0.00414729846225681,0.7961706623841771
214.0,0.9378389998628417,0.0008938956455984229,nan,0,0,cann_gated_cue,0.9419862943867247,0.004147294523883183,0.7961706623841772
216.0,0.9394236302437422,0.0009454092554927962,nan,0,0,dead_reckoning,0.9601086351294138,0.02068500488567171,
216.0,0.9394236302437422,0.0009454092554927962,nan,0,0,cann_no_cue,0.9601086348258406,0.020685004582098543,0.7961706623997742
216.0,0.9394236302437422,0.0009454092554927962,nan,0,0,cann_sparse_cue,0.9437740896162369,0.004350459372494786,0.7961706623997742
216.0,0.9394236302437422,0.0009454092554927962,nan,0,0,cann_gated_cue,0.9437740856778629,0.004350455434120715,0.7961706623997744
218.0,0.941003700944368,0.0004373141257746638,nan,0,0,dead_reckoning,0.9619994536403994,0.020995752696031378,
218.0,0.941003700944368,0.0004373141257746638,nan,0,0,cann_no_cue,0.9619994533367556,0.0209957523923876,0.7961706624027727
218.0,0.941003700944368,0.0004373141257746638,nan,0,0,cann_sparse_cue,0.9456649081271518,0.004661207182783844,0.7961706624027727
218.0,0.941003700944368,0.0004373141257746638,nan,0,0,cann_gated_cue,0.945664904188778,0.004661203244410217,0.7961706624027727
220.0,0.9425801142644885,0.0009877042376279983,nan,0,0,dead_reckoning,0.9628740818919488,0.020293967627460496,
220.0,0.9425801142644885,0.0009877042376279983,nan,0,0,cann_no_cue,0.962874081588298,0.020293967323809614,0.7961706623805388
220.0,0.9425801142644885,0.0009877042376279983,nan,0,0,cann_sparse_cue,0.9465395363786939,0.003959422114205413,0.7961706623805389
220.0,0.9425801142644885,0.0009877042376279983,nan,0,0,cann_gated_cue,0.9465395324403202,0.003959418175831786,0.796170662380539
222.0,0.9441537789201612,0.0009930193172083225,nan,0,0,dead_reckoning,0.9648494903672047,0.020695711447043408,
222.0,0.9441537789201612,0.0009930193172083225,nan,0,0,cann_no_cue,0.9648494900634748,0.020695711143313478,0.7961706624053603
222.0,0.9441537789201612,0.0009930193172083225,nan,0,0,cann_sparse_cue,0.948514944853871,0.004361165933709721,0.7961706624053603
222.0,0.9441537789201612,0.0009930193172083225,nan,0,0,cann_gated_cue,0.9485149409154976,0.004361161995336538,0.7961706624053604
224.0,0.9457256084495349,0.0008045160671875834,nan,0,0,dead_reckoning,0.9668355290016214,0.021109920552086603,
224.0,0.9457256084495349,0.0008045160671875834,nan,0,0,cann_no_cue,0.9668355286978092,0.021109920248274072,0.7961706624056933
224.0,0.9457256084495349,0.0008045160671875834,nan,0,0,cann_sparse_cue,0.9505009834882056,0.004775375038670759,0.7961706624056936
224.0,0.9457256084495349,0.0008045160671875834,nan,0,0,cann_gated_cue,0.9505009795498319,0.004775371100297132,0.7961706624056936
226.0,0.9472965196101939,0.0008963629709423592,nan,0,0,dead_reckoning,0.9684445611359966,0.02114804152580252,
226.0,0.9472965196101939,0.0008963629709423592,nan,0,0,cann_no_cue,0.9684445608321406,0.02114804122194691,0.7961706623949704
226.0,0.9472965196101939,0.0008963629709423592,nan,0,0,cann_sparse_cue,0.9521100156225368,0.004813496012342711,0.7961706623949701
226.0,0.9472965196101939,0.0008963629709423592,nan,0,0,cann_gated_cue,0.9521100116841629,0.004813492073969083,0.7961706623949699
228.0,0.9488674307708528,0.0008327081980677978,nan,0,0,dead_reckoning,0.9702372870778813,0.021369856307028368,
228.0,0.9488674307708528,0.0008327081980677978,nan,0,0,cann_no_cue,0.9702372867739655,0.021369856003112808,0.7961706623999139
228.0,0.9488674307708528,0.0008327081980677978,nan,0,0,cann_sparse_cue,0.9539027415643615,0.005035310793508607,0.796170662399914
228.0,0.9488674307708528,0.0008327081980677978,nan,0,0,cann_gated_cue,0.9539027376259879,0.00503530685513498,0.7961706623999141
230.0,0.9504392603002265,0.0007357266965992615,nan,0,0,dead_reckoning,0.9719027034740169,0.021463443173790342,
230.0,0.9504392603002265,0.0007357266965992615,nan,0,0,cann_no_cue,0.9719027031700529,0.021463442869826377,0.7961706623964309
230.0,0.9504392603002265,0.0007357266965992615,nan,0,0,cann_sparse_cue,0.9555681579604488,0.005128897660222176,0.7961706623964309
230.0,0.9504392603002265,0.0007357266965992615,nan,0,0,cann_gated_cue,0.955568154022075,0.005128893721848549,0.796170662396431
232.0,0.9520129249558993,0.0008155845443645011,nan,0,0,dead_reckoning,0.9733741568672154,0.021361231911316114,
232.0,0.9520129249558993,0.0008155845443645011,nan,0,0,cann_no_cue,0.9733741565632181,0.021361231607318842,0.796170662391617
232.0,0.9520129249558993,0.0008155845443645011,nan,0,0,cann_sparse_cue,0.9570396113536142,0.005026686397714641,0.7961706623916169
232.0,0.9520129249558993,0.0008155845443645011,nan,0,0,cann_gated_cue,0.9570396074152404,0.005026682459341014,0.796170662391617
234.0,0.9535893382760197,0.0011244396315826675,nan,0,0,dead_reckoning,0.9750053259559445,0.021415987679924697,
234.0,0.9535893382760197,0.0011244396315826675,nan,0,0,cann_no_cue,0.9750053256519023,0.021415987375882573,0.7961706623955375
234.0,0.9535893382760197,0.0011244396315826675,nan,0,0,cann_sparse_cue,0.9586707804422981,0.0050814421662783715,0.7961706623955376
234.0,0.9535893382760197,0.0011244396315826675,nan,0,0,cann_gated_cue,0.9586707765039246,0.005081438227905188,0.7961706623955378
236.0,0.9551694089766456,0.0006414178585367004,nan,0,0,dead_reckoning,0.9772542052191098,0.0220847962424644,
236.0,0.9551694089766456,0.0006414178585367004,nan,0,0,cann_no_cue,0.9772542049149496,0.022084795938304147,0.7961706624145002
236.0,0.9551694089766456,0.0006414178585367004,nan,0,0,cann_sparse_cue,0.9609196597053453,0.005750250728699946,0.7961706624145002
236.0,0.9551694089766456,0.0006414178585367004,nan,0,0,cann_gated_cue,0.9609196557669718,0.005750246790326319,0.7961706624145003
238.0,0.956754039357546,0.0009389492872114982,nan,0,0,dead_reckoning,0.9785370409361832,0.02178300157863733,
238.0,0.956754039357546,0.0009389492872114982,nan,0,0,cann_no_cue,0.9785370406319999,0.021783001274453984,0.796170662387507
238.0,0.956754039357546,0.0009389492872114982,nan,0,0,cann_sparse_cue,0.9622024954223958,0.005448456064849783,0.7961706623875069
238.0,0.956754039357546,0.0009389492872114982,nan,0,0,cann_gated_cue,0.962202491484022,0.005448452126476155,0.7961706623875069
240.0,0.9583441237192618,0.0009291754831239975,nan,0,0,dead_reckoning,0.9804149395106062,0.02207081579134451,
240.0,0.9583441237192618,0.0009291754831239975,nan,0,0,cann_no_cue,0.9804149392063543,0.022070815487092332,0.7961706624023877
240.0,0.9583441237192618,0.0009291754831239975,nan,0,0,cann_sparse_cue,0.9640803939967506,0.0057362702774890195,0.7961706624023873
240.0,0.9583441237192618,0.0009291754831239975,nan,0,0,cann_gated_cue,0.9640803900583768,0.005736266339114948,0.7961706624023875
242.0,0.9599405467941982,0.0007769281874014395,nan,0,0,dead_reckoning,0.9822732904768542,0.02233274368265592,
242.0,0.9599405467941982,0.0007769281874014395,nan,0,0,cann_no_cue,0.9822732901725352,0.022332743378337128,0.7961706624018099
242.0,0.9599405467941982,0.0007769281874014395,nan,0,0,cann_sparse_cue,0.9659387449629313,0.005998198168732927,0.7961706624018099
242.0,0.9599405467941982,0.0007769281874014395,nan,0,0,cann_gated_cue,0.9659387410245576,0.0059981942303592994,0.7961706624018097
244.0,0.961544182194503,0.0008268066866769975,nan,0,0,dead_reckoning,0.9838271468516571,0.022282964657153848,
244.0,0.961544182194503,0.0008268066866769975,nan,0,0,cann_no_cue,0.9838271465472986,0.02228296435279553,0.7961706623935894
244.0,0.961544182194503,0.0008268066866769975,nan,0,0,cann_sparse_cue,0.9674926013376948,0.005948419143191774,0.7961706623935895
244.0,0.961544182194503,0.0008268066866769975,nan,0,0,cann_gated_cue,0.9674925973993209,0.005948415204818147,0.7961706623935895
246.0,0.9631558908794553,0.0006672800544574957,nan,0,0,dead_reckoning,0.9854807602250111,0.022324869345555776,
246.0,0.9631558908794553,0.0006672800544574957,nan,0,0,cann_no_cue,0.9854807599206056,0.022324869041150386,0.7961706623961208
246.0,0.9631558908794553,0.0006672800544574957,nan,0,0,cann_sparse_cue,0.9691462147110019,0.005990323831546629,0.796170662396121
246.0,0.9631558908794553,0.0006672800544574957,nan,0,0,cann_gated_cue,0.9691462107726281,0.005990319893173002,0.796170662396121
248.0,0.9647765196450491,0.00077181819045293,nan,0,0,dead_reckoning,0.986815320333926,0.022038800688877203,
248.0,0.9647765196450491,0.00077181819045293,nan,0,0,cann_no_cue,0.9868153200294959,0.022038800384446944,0.7961706623885779
248.0,0.9647765196450491,0.00077181819045293,nan,0,0,cann_sparse_cue,0.9704807748198919,0.005704255174842743,0.7961706623885779
248.0,0.9647765196450491,0.00077181819045293,nan,0,0,cann_gated_cue,0.9704807708815182,0.005704251236469116,0.796170662388578
250.0,0.9664068996384259,0.0009251094603465113,nan,0,0,dead_reckoning,0.9883589567148319,0.021952057076406017,
250.0,0.9664068996384259,0.0009251094603465113,nan,0,0,cann_no_cue,0.9883589564103639,0.02195205677193801,0.7961706623933389
250.0,0.9664068996384259,0.0009251094603465113,nan,0,0,cann_sparse_cue,0.9720244112007602,0.005617511562334254,0.7961706623933391
250.0,0.9664068996384259,0.0009251094603465113,nan,0,0,cann_gated_cue,0.9720244072623861,0.005617507623960183,0.796170662393339
252.0,0.9680478448997605,0.0009824909547001982,nan,0,0,dead_reckoning,0.9902091756355249,0.02216133073576465,
252.0,0.9680478448997605,0.0009824909547001982,nan,0,0,cann_no_cue,0.9902091753309913,0.02216133043123092,0.7961706624015711
252.0,0.9680478448997605,0.0009824909547001982,nan,0,0,cann_sparse_cue,0.9738746301213875,0.005826785221627162,0.7961706624015711
252.0,0.9680478448997605,0.0009824909547001982,nan,0,0,cann_gated_cue,0.9738746261830136,0.005826781283253091,0.7961706624015712
254.0,0.9697001509341574,0.0007721135549228601,nan,0,0,dead_reckoning,0.9921741575449254,0.022474006610767816,
254.0,0.9697001509341574,0.0007721135549228601,nan,0,0,cann_no_cue,0.992174157240312,0.022474006306154592,0.7961706624050354
254.0,0.9697001509341574,0.0007721135549228601,nan,0,0,cann_sparse_cue,0.9758396120307085,0.00613946109655128,0.7961706624050352
254.0,0.9697001509341574,0.0007721135549228601,nan,0,0,cann_gated_cue,0.9758396080923347,0.006139457158177208,0.7961706624050353
256.0,0.9713645933160646,0.0014621266354993751,nan,0,0,dead_reckoning,0.993718384654771,0.022353791338706408,
256.0,0.9713645933160646,0.0014621266354993751,nan,0,0,cann_no_cue,0.9937183843501188,0.022353791034054105,0.7961706623933537
256.0,0.9713645933160646,0.0014621266354993751,nan,0,0,cann_sparse_cue,0.9773838391405153,0.006019245824450792,0.7961706623933533
256.0,0.9713645933160646,0.0014621266354993751,nan,0,0,cann_gated_cue,0.9773838352021414,0.0060192418860767205,0.7961706623933535
258.0,0.9730419263286529,0.0008330411634896264,nan,0,0,dead_reckoning,0.9966426379257698,0.023600711597116852,
258.0,0.9730419263286529,0.0008330411634896264,nan,0,0,cann_no_cue,0.9966426376208581,0.0236007112922052,0.7961706624421424
258.0,0.9730419263286529,0.0008330411634896264,nan,0,0,cann_sparse_cue,0.9803080924112548,0.007266166082601888,0.7961706624421423
258.0,0.9730419263286529,0.0008330411634896264,nan,0,0,cann_gated_cue,0.980308088472881,0.007266162144228261,0.7961706624421425
260.0,0.9747328816405465,0.0009615172033080426,nan,0,0,dead_reckoning,0.9983087202527491,0.02357583861220247,
260.0,0.9747328816405465,0.0009615172033080426,nan,0,0,cann_no_cue,0.9983087199477858,0.023575838307239305,0.7961706623964482
260.0,0.9747328816405465,0.0009615172033080426,nan,0,0,cann_sparse_cue,0.9819741747381825,0.007241293097635992,0.7961706623964482
260.0,0.9747328816405465,0.0009615172033080426,nan,0,0,cann_gated_cue,0.9819741707998086,0.007241289159262365,0.7961706623964484
262.0,0.9764381670222275,0.0009099673689662818,nan,0,0,dead_reckoning,1.000231754659365,0.02379358763713757,
262.0,0.9764381670222275,0.0009099673689662818,nan,0,0,cann_no_cue,1.000231754354328,0.023793587332100685,0.796170662403745
262.0,0.9764381670222275,0.0009099673689662818,nan,0,0,cann_sparse_cue,0.9838972091447246,0.007459042122496928,0.7961706624037449
262.0,0.9764381670222275,0.0009099673689662818,nan,0,0,cann_gated_cue,0.9838972052063507,0.007459038184123301,0.796170662403745
264.0,0.9781584651043665,0.000894789048316815,nan,0,0,dead_reckoning,1.0020516893972977,0.02389322429293106,
264.0,0.9781584651043665,0.000894789048316815,nan,0,0,cann_no_cue,1.002051689092197,0.02389322398783067,0.7961706624006915
264.0,0.9781584651043665,0.000894789048316815,nan,0,0,cann_sparse_cue,0.9857171438825939,0.007558678778227357,0.7961706624006918
264.0,0.9781584651043665,0.000894789048316815,nan,0,0,cann_gated_cue,0.9857171399442198,0.0075586748398532855,0.7961706624006917
266.0,0.9798944321802561,0.0011958016187226374,nan,0,0,dead_reckoning,1.0038412674939314,0.023946835313675585,
266.0,0.9798944321802561,0.0011958016187226374,nan,0,0,cann_no_cue,1.0038412671887706,0.023946835008514356,0.7961706623998246
266.0,0.9798944321802561,0.0011958016187226374,nan,0,0,cann_sparse_cue,0.9875067219791674,0.007612289798911487,0.7961706623998248
266.0,0.9798944321802561,0.0011958016187226374,nan,0,0,cann_gated_cue,0.9875067180407933,0.007612285860536971,0.7961706623998248
268.0,0.9816466970544494,0.0008963228241127578,nan,0,0,dead_reckoning,1.0062328707313766,0.02458617367692728,
268.0,0.9816466970544494,0.0008963228241127578,nan,0,0,cann_no_cue,1.0062328704260732,0.024586173371623943,0.7961706624197402
268.0,0.9816466970544494,0.0008963228241127578,nan,0,0,cann_sparse_cue,0.9898983252164701,0.00825162816202063,0.7961706624197403
268.0,0.9816466970544494,0.0008963228241127578,nan,0,0,cann_gated_cue,0.989898321278096,0.008251624223646559,0.7961706624197401
270.0,0.9834158599396232,0.0012193261702432127,nan,0,0,dead_reckoning,1.0080255163796021,0.0246096564399787,
270.0,0.9834158599396232,0.0012193261702432127,nan,0,0,cann_no_cue,1.008025516074237,0.024609656134614077,0.7961706623999116
270.0,0.9834158599396232,0.0012193261702432127,nan,0,0,cann_sparse_cue,0.991690970864634,0.008275110925010765,0.7961706623999117
270.0,0.9834158599396232,0.0012193261702432127,nan,0,0,cann_gated_cue,0.9916909669262596,0.00827510698663625,0.7961706623999116
272.0,0.9852024914036014,0.0012049644136546587,nan,0,0,dead_reckoning,1.0104641687200884,0.025261677316486875,
272.0,0.9852024914036014,0.0012049644136546587,nan,0,0,cann_no_cue,1.0104641684145725,0.025261677010971262,0.7961706624215381
272.0,0.9852024914036014,0.0012049644136546587,nan,0,0,cann_sparse_cue,0.9941296232049692,0.008927131801367949,0.7961706624215382
272.0,0.9852024914036014,0.0012049644136546587,nan,0,0,cann_gated_cue,0.9941296192665953,0.008927127862993878,0.7961706624215381
274.0,0.9870071313683844,0.0008321947675577514,nan,0,0,dead_reckoning,1.0128740975473978,0.025866966179013406,
274.0,0.9870071313683844,0.0008321947675577514,nan,0,0,cann_no_cue,1.0128740972417338,0.025866965873349468,0.7961706624204364
274.0,0.9870071313683844,0.0008321947675577514,nan,0,0,cann_sparse_cue,0.9965395520321306,0.009532420663746155,0.7961706624204364
274.0,0.9870071313683844,0.0008321947675577514,nan,0,0,cann_gated_cue,0.9965395480937567,0.009532416725372528,0.7961706624204364
276.0,0.9888302881629429,0.0012074005808278949,nan,0,0,dead_reckoning,1.0145384870825134,0.025708198919570435,
276.0,0.9888302881629429,0.0012074005808278949,nan,0,0,cann_no_cue,1.0145384867767995,0.02570819861385676,0.7961706623964038
276.0,0.9888302881629429,0.0012074005808278949,nan,0,0,cann_sparse_cue,0.9982039415671964,0.009373653404253446,0.7961706623964038
276.0,0.9888302881629429,0.0012074005808278949,nan,0,0,cann_gated_cue,0.9982039376288222,0.009373649465879375,0.7961706623964037
278.0,0.9906724376314364,0.0009182566831182305,nan,0,0,dead_reckoning,1.016953288244169,0.026280850612732554,
278.0,0.9906724376314364,0.0009182566831182305,nan,0,0,cann_no_cue,1.0169532879383087,0.026280850306872328,0.7961706624206222
278.0,0.9906724376314364,0.0009182566831182305,nan,0,0,cann_sparse_cue,1.0006187427287057,0.009946305097269459,0.7961706624206223
278.0,0.9906724376314364,0.0009182566831182305,nan,0,0,cann_gated_cue,1.0006187387903316,0.009946301158895388,0.7961706624206223
280.0,0.9925340222984205,0.0015152910342681816,nan,0,0,dead_reckoning,1.0187898016104056,0.026255779311985084,
280.0,0.9925340222984205,0.0015152910342681816,nan,0,0,cann_no_cue,1.018789801304479,0.026255779006058688,0.7961706624011713
280.0,0.9925340222984205,0.0015152910342681816,nan,0,0,cann_sparse_cue,1.002455256094876,0.009921233796455375,0.7961706624011714
280.0,0.9925340222984205,0.0015152910342681816,nan,0,0,cann_gated_cue,1.0024552521565016,0.009921229858081304,0.7961706624011711
282.0,0.9944154505925082,0.000981453083382802,nan,0,0,dead_reckoning,1.021820383678942,0.027404933086433658,
282.0,0.9944154505925082,0.000981453083382802,nan,0,0,cann_no_cue,1.0218203833727257,0.027404932780217273,0.7961706624471518
282.0,0.9944154505925082,0.000981453083382802,nan,0,0,cann_sparse_cue,1.0054858381631229,0.011070387570614848,0.7961706624471517
282.0,0.9944154505925082,0.000981453083382802,nan,0,0,cann_gated_cue,1.0054858342247488,0.011070383632240777,0.7961706624471517
284.0,0.996317096129848,0.0008929523748563452,nan,0,0,dead_reckoning,1.0237832898457075,0.027466193715859788,
284.0,0.996317096129848,0.0008929523748563452,nan,0,0,cann_no_cue,1.0237832895394083,0.027466193409560358,0.7961706624049707
284.0,0.996317096129848,0.0008929523748563452,nan,0,0,cann_sparse_cue,1.0074487443298057,0.011131648199957489,0.7961706624049707
284.0,0.996317096129848,0.0008929523748563452,nan,0,0,cann_gated_cue,1.0074487403914316,0.011131644261583418,0.7961706624049709
286.0,0.9982392970586738,0.0007358020124739764,nan,0,0,dead_reckoning,1.0255691945954202,0.027329897536746195,
286.0,0.9982392970586738,0.0007358020124739764,nan,0,0,cann_no_cue,1.025569194289061,0.027329897230387257,0.7961706623997209
286.0,0.9982392970586738,0.0007358020124739764,nan,0,0,cann_sparse_cue,1.0092346490794586,0.010995352020784832,0.7961706623997206
286.0,0.9982392970586738,0.0007358020124739764,nan,0,0,cann_gated_cue,1.0092346451410843,0.010995348082410317,0.7961706623997209
288.0,1.000182355466078,0.0008465202751008203,nan,0,0,dead_reckoning,1.027040798620368,0.02685844315428998,
288.0,1.000182355466078,0.0008465202751008203,nan,0,0,cann_no_cue,1.0270407983139758,0.026858442847897734,0.7961706623916205
288.0,1.000182355466078,0.0008465202751008203,nan,0,0,cann_sparse_cue,1.0107062531043731,0.01052389763829531,0.7961706623916205
288.0,1.000182355466078,0.0008465202751008203,nan,0,0,cann_gated_cue,1.010706249165999,0.010523893699921238,0.7961706623916206
290.0,1.002146536848048,0.0009848005950803612,nan,0,0,dead_reckoning,1.0287338391705698,0.026587302322521822,
290.0,1.002146536848048,0.0009848005950803612,nan,0,0,cann_no_cue,1.028733838864127,0.02658730201607895,0.7961706623971647
290.0,1.002146536848048,0.0009848005950803612,nan,0,0,cann_sparse_cue,1.0123992936545245,0.010252756806476526,0.7961706623971648
290.0,1.002146536848048,0.0009848005950803612,nan,0,0,cann_gated_cue,1.0123992897161502,0.010252752868102455,0.7961706623971648
292.0,1.0041320696436964,0.0009182851162093358,nan,0,0,dead_reckoning,1.0307034403607305,0.026571370717034082,
292.0,1.0041320696436964,0.0009182851162093358,nan,0,0,cann_no_cue,1.0307034400542079,0.02657137041051172,0.7961706624051791
292.0,1.0041320696436964,0.0009182851162093358,nan,0,0,cann_sparse_cue,1.0143688948446052,0.01023682520090885,0.7961706624051789
292.0,1.0041320696436964,0.0009182851162093358,nan,0,0,cann_gated_cue,1.0143688909062312,0.010236821262534779,0.7961706624051789
294.0,1.006139144834501,0.000897378108068096,nan,0,0,dead_reckoning,1.032540010593149,0.026400865758648084,
294.0,1.006139144834501,0.000897378108068096,nan,0,0,cann_no_cue,1.0325400102865612,0.026400865452059996,0.796170662401173
294.0,1.006139144834501,0.000897378108068096,nan,0,0,cann_sparse_cue,1.0162054650769587,0.010066320242457572,0.796170662401173
294.0,1.006139144834501,0.000897378108068096,nan,0,0,cann_gated_cue,1.016205461138585,0.010066316304083944,0.796170662401173
296.0,1.008167915609258,0.000999946075670067,nan,0,0,dead_reckoning,1.0343347668092853,0.026166851200027264,
296.0,1.008167915609258,0.000999946075670067,nan,0,0,cann_no_cue,1.0343347665026372,0.026166850893379223,0.7961706623999716
296.0,1.008167915609258,0.000999946075670067,nan,0,0,cann_sparse_cue,1.0180002212930346,0.009832305683776354,0.7961706623999717
296.0,1.008167915609258,0.000999946075670067,nan,0,0,cann_gated_cue,1.0180002173546605,0.009832301745402283,0.7961706623999717
298.0,1.0102184970953378,0.001101616847512021,nan,0,0,dead_reckoning,1.0363346589606255,0.026116161865287424,
298.0,1.0102184970953378,0.001101616847512021,nan,0,0,cann_no_cue,1.0363346586538937,0.026116161558555895,0.7961706624061304
298.0,1.0102184970953378,0.001101616847512021,nan,0,0,cann_sparse_cue,1.0200001134442913,0.00978161634895347,0.7961706624061304
298.0,1.0102184970953378,0.001101616847512021,nan,0,0,cann_gated_cue,1.0200001095059172,0.009781612410579399,0.7961706624061304
300.0,1.012290966156711,0.0013947017006402098,nan,0,0,dead_reckoning,1.0385378926556494,0.02624692649893845,
300.0,1.012290966156711,0.0013947017006402098,nan,0,0,cann_no_cue,1.0385378923488056,0.026246926192094566,0.7961706624128921
300.0,1.012290966156711,0.0013947017006402098,nan,0,0,cann_sparse_cue,1.0222033471392034,0.009912380982492586,0.7961706624128924
300.0,1.012290966156711,0.0013947017006402098,nan,0,0,cann_gated_cue,1.0222033432008293,0.009912377044118514,0.7961706624128924
302.0,1.0143853612591043,0.0008575423536373366,nan,0,0,dead_reckoning,1.04132729605693,0.026941934797825695,
302.0,1.0143853612591043,0.0008575423536373366,nan,0,0,cann_no_cue,1.041327295749859,0.026941934490754882,0.7961706624360463
302.0,1.0143853612591043,0.0008575423536373366,nan,0,0,cann_sparse_cue,1.0249927505402565,0.010607389281152457,0.7961706624360465
302.0,1.0143853612591043,0.0008575423536373366,nan,0,0,cann_gated_cue,1.0249927466018824,0.010607385342778386,0.7961706624360464
304.0,1.0165016824025175,0.0010651038727076622,nan,0,0,dead_reckoning,1.0430423807642046,0.026540698361687376,
304.0,1.0165016824025175,0.0010651038727076622,nan,0,0,cann_no_cue,1.0430423804570779,0.026540698054560607,0.7961706623977596
304.0,1.0165016824025175,0.0010651038727076622,nan,0,0,cann_sparse_cue,1.0267078352474757,0.010206152844958183,0.7961706623977594
304.0,1.0165016824025175,0.0010651038727076622,nan,0,0,cann_gated_cue,1.0267078313091016,0.010206148906584112,0.7961706623977591
306.0,1.018639891121224,0.001003399358543795,nan,0,0,dead_reckoning,1.04517258850962,0.02653269738839592,
306.0,1.018639891121224,0.001003399358543795,nan,0,0,cann_no_cue,1.0451725882023926,0.026532697081168344,0.7961706624103885
306.0,1.018639891121224,0.001003399358543795,nan,0,0,cann_sparse_cue,1.0288380429927904,0.010198151871566363,0.7961706624103887
306.0,1.018639891121224,0.001003399358543795,nan,0,0,cann_gated_cue,1.028838039054416,0.010198147933191848,0.7961706624103885
308.0,1.0207999105512533,0.0009164112360487313,nan,0,0,dead_reckoning,1.0471793872267074,0.02637947667545415,
308.0,1.0207999105512533,0.0009164112360487313,nan,0,0,cann_no_cue,1.0471793869193948,0.026379476368141752,0.7961706624063493
308.0,1.0207999105512533,0.0009164112360487313,nan,0,0,cann_sparse_cue,1.0308448417097926,0.010044931158539327,0.7961706624063493
308.0,1.0207999105512533,0.0009164112360487313,nan,0,0,cann_gated_cue,1.0308448377714186,0.010044927220165256,0.7961706624063493
310.0,1.022981625565235,0.0009690778237403708,nan,0,0,dead_reckoning,1.049012209698805,0.026030584133569956,
310.0,1.022981625565235,0.0009690778237403708,nan,0,0,cann_no_cue,1.0490122093914274,0.026030583826192277,0.7961706624010643
310.0,1.022981625565235,0.0009690778237403708,nan,0,0,cann_sparse_cue,1.0326776641818252,0.009696038616589853,0.7961706624010642
310.0,1.022981625565235,0.0009690778237403708,nan,0,0,cann_gated_cue,1.032677660243451,0.009696034678215781,0.7961706624010643
312.0,1.025184882974373,0.0010439600214030417,nan,0,0,dead_reckoning,1.0509503653462857,0.025765482371912896,
312.0,1.025184882974373,0.0010439600214030417,nan,0,0,cann_no_cue,1.0509503650388319,0.025765482064458833,0.7961706624042066
312.0,1.025184882974373,0.0010439600214030417,nan,0,0,cann_sparse_cue,1.0346158198292295,0.009430936854856409,0.7961706624042069
312.0,1.025184882974373,0.0010439600214030417,nan,0,0,cann_gated_cue,1.0346158158908556,0.009430932916482782,0.7961706624042068
314.0,1.0274094917971894,0.0013414405766036495,nan,0,0,dead_reckoning,1.0530382853890918,0.02562879359190262,
314.0,1.0274094917971894,0.0013414405766036495,nan,0,0,cann_no_cue,1.0530382850815425,0.02562879328435308,0.7961706624089774
314.0,1.0274094917971894,0.0013414405766036495,nan,0,0,cann_sparse_cue,1.0367037398719399,0.009294248074750655,0.7961706624089772
314.0,1.0274094917971894,0.0013414405766036495,nan,0,0,cann_gated_cue,1.0367037359335665,0.009294244136377028,0.7961706624089774
316.0,1.0296552235945717,0.0011961020757277193,nan,0,0,dead_reckoning,1.0557211665422992,0.02606594294772746,
316.0,1.0296552235945717,0.0011961020757277193,nan,0,0,cann_no_cue,1.055721166234548,0.026065942639976303,0.7961706624314344
316.0,1.0296552235945717,0.0011961020757277193,nan,0,0,cann_sparse_cue,1.0393866210249452,0.009731397430373434,0.7961706624314345
316.0,1.0296552235945717,0.0011961020757277193,nan,0,0,cann_gated_cue,1.0393866170865715,0.009731393491999807,0.7961706624314348
318.0,1.0319218128705323,0.001145893835189797,nan,0,0,dead_reckoning,1.0581133706937544,0.026191557823222134,
318.0,1.0319218128705323,0.001145893835189797,nan,0,0,cann_no_cue,1.0581133703858574,0.026191557515325314,0.796170662419763
318.0,1.0319218128705323,0.001145893835189797,nan,0,0,cann_sparse_cue,1.0417788251762548,0.009857012305722446,0.796170662419763
318.0,1.0319218128705323,0.001145893835189797,nan,0,0,cann_gated_cue,1.0417788212378816,0.009857008367349263,0.7961706624197629
320.0,1.034208957537979,0.0013498584752212486,nan,0,0,dead_reckoning,1.060405158364134,0.02619620082615537,
320.0,1.034208957537979,0.0013498584752212486,nan,0,0,cann_no_cue,1.0604051580561094,0.026196200518130652,0.7961706624160416
320.0,1.034208957537979,0.0013498584752212486,nan,0,0,cann_sparse_cue,1.044070612846507,0.009861655308528228,0.7961706624160414
320.0,1.034208957537979,0.0013498584752212486,nan,0,0,cann_gated_cue,1.0440706089081335,0.0098616513701546,0.7961706624160414
322.0,1.0365163194486775,0.0012981211170526646,nan,0,0,dead_reckoning,1.0631048753145766,0.026588555865899366,
322.0,1.0365163194486775,0.0012981211170526646,nan,0,0,cann_no_cue,1.0631048750063452,0.026588555557667704,0.7961706624321514
322.0,1.0365163194486775,0.0012981211170526646,nan,0,0,cann_sparse_cue,1.0467703297967432,0.010254010348065723,0.7961706624321514
322.0,1.0365163194486775,0.0012981211170526646,nan,0,0,cann_gated_cue,1.0467703258583694,0.010254006409692096,0.7961706624321514
324.0,1.03884352498648,0.0012188906013044572,nan,0,0,dead_reckoning,1.065701117548682,0.02685759256220166,
324.0,1.03884352498648,0.0012188906013044572,nan,0,0,cann_no_cue,1.0657011172402648,0.026857592253784812,0.7961706624278159
324.0,1.03884352498648,0.0012188906013044572,nan,0,0,cann_sparse_cue,1.0493665720306629,0.010523047044182832,0.7961706624278158
324.0,1.03884352498648,0.0012188906013044572,nan,0,0,cann_gated_cue,1.0493665680922895,0.010523043105809649,0.7961706624278156
326.0,1.0411901657227727,0.0013239612354968512,nan,0,0,dead_reckoning,1.0681388987512908,0.026948733028517857,
326.0,1.0411901657227727,0.0013239612354968512,nan,0,0,cann_no_cue,1.0681388984427203,0.0269487327199478,0.7961706624215046
326.0,1.0411901657227727,0.0013239612354968512,nan,0,0,cann_sparse_cue,1.051804353233118,0.010614187510345374,0.7961706624215048
326.0,1.0411901657227727,0.0013239612354968512,nan,0,0,cann_gated_cue,1.0518043492947444,0.010614183571971747,0.7961706624215044
328.0,1.0435557991330007,0.0011252872708375854,nan,0,0,dead_reckoning,1.0707868212222844,0.02723102208928374,
328.0,1.0435557991330007,0.0011252872708375854,nan,0,0,cann_no_cue,1.0707868209135183,0.027231021780517395,0.7961706624299599
328.0,1.0435557991330007,0.0011252872708375854,nan,0,0,cann_sparse_cue,1.0544522757039163,0.010896476570915858,0.79617066242996
328.0,1.0435557991330007,0.0011252872708375854,nan,0,0,cann_gated_cue,1.0544522717655425,0.010896472632541787,0.7961706624299599
330.0,1.045939949373004,0.0013871817599225142,nan,0,0,dead_reckoning,1.0730373957639596,0.027097446390955682,
330.0,1.045939949373004,0.0013871817599225142,nan,0,0,cann_no_cue,1.0730373954550718,0.027097446082067655,0.7961706624145605
330.0,1.045939949373004,0.0013871817599225142,nan,0,0,cann_sparse_cue,1.0567028502454694,0.01076290087246523,0.7961706624145605
330.0,1.045939949373004,0.0013871817599225142,nan,0,0,cann_gated_cue,1.056702846307096,0.010762896934092048,0.7961706624145606
332.0,1.0483421081138122,0.0013666704786504883,nan,0,0,dead_reckoning,1.0758117592838046,0.02746965116999256,
332.0,1.0483421081138122,0.0013666704786504883,nan,0,0,cann_no_cue,1.0758117589746932,0.027469650860880712,0.7961706624353843
332.0,1.0483421081138122,0.0013666704786504883,nan,0,0,cann_sparse_cue,1.0594772137650907,0.011135105651278288,0.7961706624353843
332.0,1.0483421081138122,0.0013666704786504883,nan,0,0,cann_gated_cue,1.0594772098267171,0.011135101712905104,0.7961706624353844
334.0,1.0507617354334249,0.0012263467297379193,nan,0,0,dead_reckoning,1.0785451002411057,0.027783364807680844,
334.0,1.0507617354334249,0.0012263467297379193,nan,0,0,cann_no_cue,1.0785450999317774,0.027783364498352725,0.7961706624335967
334.0,1.0507617354334249,0.0012263467297379193,nan,0,0,cann_sparse_cue,1.0622105547221752,0.0114488192887503,0.7961706624335967
334.0,1.0507617354334249,0.0012263467297379193,nan,0,0,cann_gated_cue,1.0622105507838016,0.011448815350376673,0.7961706624335966
336.0,1.053198260764018,0.001096914722030869,nan,0,0,dead_reckoning,1.0809977937005815,0.02779953293656323,
336.0,1.053198260764018,0.001096914722030869,nan,0,0,cann_no_cue,1.0809977933910961,0.02779953262707835,0.7961706624220815
336.0,1.053198260764018,0.001096914722030869,nan,0,0,cann_sparse_cue,1.064663248181494,0.011464987417475925,0.7961706624220817
336.0,1.053198260764018,0.001096914722030869,nan,0,0,cann_gated_cue,1.06466324424312,0.011464983479101853,0.7961706624220815
338.0,1.0556510838929147,0.001583980220274455,nan,0,0,dead_reckoning,1.0831916231446432,0.027540539251728724,
338.0,1.0556510838929147,0.001583980220274455,nan,0,0,cann_no_cue,1.0831916228350456,0.027540538942131043,0.796170662412565
338.0,1.0556510838929147,0.001583980220274455,nan,0,0,cann_sparse_cue,1.0668570776254436,0.011205993732528619,0.7961706624125653
338.0,1.0556510838929147,0.001583980220274455,nan,0,0,cann_gated_cue,1.0668570736870697,0.011205989794154991,0.7961706624125651
340.0,1.0581195760155622,0.001337683349747619,nan,0,0,dead_reckoning,1.086359583585192,0.028240007569629633,
340.0,1.0581195760155622,0.001337683349747619,nan,0,0,cann_no_cue,1.0863595832752624,0.028240007259700217,0.796170662453889
340.0,1.0581195760155622,0.001337683349747619,nan,0,0,cann_sparse_cue,1.0700250380656606,0.011905462050098237,0.7961706624538891
340.0,1.0581195760155622,0.001337683349747619,nan,0,0,cann_gated_cue,1.0700250341272866,0.011905458111724165,0.7961706624538891
342.0,1.0606030808386675,0.001862485818014278,nan,0,0,dead_reckoning,1.0890349502846874,0.02843186944601994,
342.0,1.0606030808386675,0.001862485818014278,nan,0,0,cann_no_cue,1.0890349499745524,0.028431869135884913,0.796170662431116
342.0,1.0606030808386675,0.001862485818014278,nan,0,0,cann_sparse_cue,1.0727004047649504,0.012097323926282932,0.7961706624311158
342.0,1.0606030808386675,0.001862485818014278,nan,0,0,cann_gated_cue,1.0727004008265766,0.012097319987908861,0.7961706624311158
344.0,1.0631009157315603,0.0012244182849937514,nan,0,0,dead_reckoning,1.0927599219207158,0.029659006189155512,
344.0,1.0631009157315603,0.0012244182849937514,nan,0,0,cann_no_cue,1.0927599216100403,0.029659005878480027,0.7961706624842657
344.0,1.0631009157315603,0.0012244182849937514,nan,0,0,cann_sparse_cue,1.0764253764004381,0.013324460668878046,0.7961706624842659
344.0,1.0631009157315603,0.0012244182849937514,nan,0,0,cann_gated_cue,1.0764253724620645,0.013324456730503975,0.7961706624842657
346.0,1.0656123729237585,0.0014893864669984149,nan,0,0,dead_reckoning,1.0952087584907035,0.029596385566945216,
346.0,1.0656123729237585,0.0014893864669984149,nan,0,0,cann_no_cue,1.095208758179866,0.029596385256107638,0.7961706624219319
346.0,1.0656123729237585,0.0014893864669984149,nan,0,0,cann_sparse_cue,1.0788742129702638,0.013261840046505213,0.7961706624219322
346.0,1.0656123729237585,0.0014893864669984149,nan,0,0,cann_gated_cue,1.0788742090318901,0.013261836108131586,0.7961706624219319
348.0,1.0681367207466377,0.0012759702612814656,nan,0,0,dead_reckoning,1.0981875314247003,0.03005081067806259,
348.0,1.0681367207466377,0.0012759702612814656,nan,0,0,cann_no_cue,1.0981875311135856,0.0300508103669479,0.7961706624446885
348.0,1.0681367207466377,0.0012759702612814656,nan,0,0,cann_sparse_cue,1.0818529859039832,0.013716265157345475,0.7961706624446883
348.0,1.0681367207466377,0.0012759702612814656,nan,0,0,cann_gated_cue,1.0818529819656098,0.013716261218972292,0.7961706624446885
350.0,1.070673204917027,0.0014042168192373613,nan,0,0,dead_reckoning,1.1007394719472632,0.03006626703023585,
350.0,1.070673204917027,0.0014042168192373613,nan,0,0,cann_no_cue,1.1007394716359706,0.030066266718943524,0.7961706624260114
350.0,1.070673204917027,0.0014042168192373613,nan,0,0,cann_sparse_cue,1.0844049264263682,0.0137317215093411,0.7961706624260113
350.0,1.070673204917027,0.0014042168192373613,nan,0,0,cann_gated_cue,1.0844049224879948,0.013731717570967916,0.7961706624260112
352.0,1.0732210498604788,0.0015009571091796382,nan,0,0,dead_reckoning,1.1035479055857378,0.030326855725259172,
352.0,1.0732210498604788,0.0015009571091796382,nan,0,0,cann_no_cue,1.103547905274212,0.030326855413733256,0.7961706624368894
352.0,1.0732210498604788,0.0015009571091796382,nan,0,0,cann_sparse_cue,1.0872133600646094,0.013992310204130831,0.7961706624368892
352.0,1.0732210498604788,0.0015009571091796382,nan,0,0,cann_gated_cue,1.0872133561262363,0.013992306265757648,0.7961706624368892
354.0,1.0757794600718884,0.001221474994435741,nan,0,0,dead_reckoning,1.1065498198040973,0.030770359732208874,
354.0,1.0757794600718884,0.001221474994435741,nan,0,0,cann_no_cue,1.1065498194922854,0.030770359420396964,0.7961706624457835
354.0,1.0757794600718884,0.001221474994435741,nan,0,0,cann_sparse_cue,1.090215274282683,0.01443581421079454,0.7961706624457836
354.0,1.0757794600718884,0.001221474994435741,nan,0,0,cann_gated_cue,1.0902152703443098,0.014435810272421357,0.7961706624457836
356.0,1.078347621511081,0.0013417282556725983,nan,0,0,dead_reckoning,1.1089927697929687,0.030645148281887913,
356.0,1.078347621511081,0.0013417282556725983,nan,0,0,cann_no_cue,1.1089927694810002,0.03064514796991924,0.7961706624217044
356.0,1.078347621511081,0.0013417282556725983,nan,0,0,cann_sparse_cue,1.0926582242713978,0.014310602760316815,0.7961706624217043
356.0,1.078347621511081,0.0013417282556725983,nan,0,0,cann_gated_cue,1.0926582203330246,0.014310598821943632,0.796170662421704
358.0,1.080924703030915,0.0013969330480112846,nan,0,0,dead_reckoning,1.1116762263043138,0.030751523273398806,
358.0,1.080924703030915,0.0013969330480112846,nan,0,0,cann_no_cue,1.1116762259921418,0.03075152296122674,0.7961706624314587
358.0,1.080924703030915,0.0013969330480112846,nan,0,0,cann_sparse_cue,1.0953416807825394,0.014416977751624316,0.7961706624314591
358.0,1.080924703030915,0.0013969330480112846,nan,0,0,cann_gated_cue,1.0953416768441662,0.014416973813251133,0.7961706624314586
360.0,1.0835098578353966,0.0013962395410821548,nan,0,0,dead_reckoning,1.1144700924003363,0.030960234564939793,
360.0,1.0835098578353966,0.0013962395410821548,nan,0,0,cann_no_cue,1.1144700920879338,0.030960234252537244,0.7961706624362435
360.0,1.0835098578353966,0.0013962395410821548,nan,0,0,cann_sparse_cue,1.0981355468783314,0.01462568904293482,0.7961706624362433
360.0,1.0835098578353966,0.0013962395410821548,nan,0,0,cann_gated_cue,1.0981355429399584,0.01462568510456208,0.7961706624362435
362.0,1.0861022249652468,0.001478255309922214,nan,0,0,dead_reckoning,1.1172625714825006,0.031160346517253856,
362.0,1.0861022249652468,0.001478255309922214,nan,0,0,cann_no_cue,1.1172625711698676,0.031160346204620826,0.7961706624361822
362.0,1.0861022249652468,0.001478255309922214,nan,0,0,cann_sparse_cue,1.100928025960265,0.014825800995017957,0.796170662436182
362.0,1.0861022249652468,0.001478255309922214,nan,0,0,cann_gated_cue,1.1009280220218918,0.014825797056644774,0.7961706624361822
364.0,1.0887009308083173,0.0015515082910703894,nan,0,0,dead_reckoning,1.120219082102345,0.031518151294027685,
364.0,1.0887009308083173,0.0015515082910703894,nan,0,0,cann_no_cue,1.1202190817894389,0.03151815098112154,0.7961706624436429
364.0,1.0887009308083173,0.0015515082910703894,nan,0,0,cann_sparse_cue,1.1038845365798362,0.015183605771518671,0.796170662443643
364.0,1.0887009308083173,0.0015515082910703894,nan,0,0,cann_gated_cue,1.1038845326414632,0.015183601833145932,0.796170662443643
366.0,1.091305090632203,0.0015207919862009183,nan,0,0,dead_reckoning,1.1233220986844858,0.032017008052283025,
366.0,1.091305090632203,0.0015207919862009183,nan,0,0,cann_no_cue,1.1233220983712637,0.03201700773906069,0.7961706624506671
366.0,1.091305090632203,0.0015207919862009183,nan,0,0,cann_sparse_cue,1.1069875531616613,0.015682462529458263,0.7961706624506667
366.0,1.091305090632203,0.0015207919862009183,nan,0,0,cann_gated_cue,1.106987549223288,0.01568245859108508,0.7961706624506669
368.0,1.0939138101363637,0.001421850536375043,nan,0,0,dead_reckoning,1.1263636826568877,0.032449872520524004,
368.0,1.0939138101363637,0.001421850536375043,nan,0,0,cann_no_cue,1.126363682343367,0.03244987220700324,0.7961706624476805
368.0,1.0939138101363637,0.001421850536375043,nan,0,0,cann_sparse_cue,1.1100291371337643,0.016115326997400814,0.7961706624476802
368.0,1.0939138101363637,0.001421850536375043,nan,0,0,cann_gated_cue,1.110029133195391,0.01611532305902763,0.7961706624476803
370.0,1.0965261870210297,0.0013242217219989673,nan,0,0,dead_reckoning,1.129207383729638,0.03268119670860825,
370.0,1.0965261870210297,0.0013242217219989673,nan,0,0,cann_no_cue,1.1292073834158725,0.03268119639484279,0.7961706624384663
370.0,1.0965261870210297,0.0013242217219989673,nan,0,0,cann_sparse_cue,1.1128728382062696,0.016346651185239924,0.7961706624384663
370.0,1.0965261870210297,0.0013242217219989673,nan,0,0,cann_gated_cue,1.1128728342678966,0.016346647246867185,0.7961706624384663
372.0,1.0991413125701432,0.0011922581659822517,nan,0,0,dead_reckoning,1.1318558271736356,0.03271451460349262,
372.0,1.0991413125701432,0.0011922581659822517,nan,0,0,cann_no_cue,1.1318558268596728,0.03271451428952954,0.796170662429982
372.0,1.0991413125701432,0.0011922581659822517,nan,0,0,cann_sparse_cue,1.11552128165007,0.01637996907992667,0.7961706624299817
372.0,1.0991413125701432,0.0011922581659822517,nan,0,0,cann_gated_cue,1.1155212777116965,0.016379965141553043,0.7961706624299819
374.0,1.1017582732455558,0.0012601214205423498,nan,0,0,dead_reckoning,1.1342403435056003,0.03248207026004479,
374.0,1.1017582732455558,0.0012601214205423498,nan,0,0,cann_no_cue,1.1342403431914931,0.032482069945937386,0.7961706624194723
374.0,1.1017582732455558,0.0012601214205423498,nan,0,0,cann_sparse_cue,1.11790579798189,0.016147524736334518,0.7961706624194723
374.0,1.1017582732455558,0.0012601214205423498,nan,0,0,cann_gated_cue,1.1179057940435169,0.016147520797961334,0.7961706624194724
376.0,1.1043761522896833,0.0012990912883029367,nan,0,0,dead_reckoning,1.136760586346685,0.03238443405700142,
376.0,1.1043761522896833,0.0012990912883029367,nan,0,0,cann_no_cue,1.136760586032409,0.032384433742725705,0.7961706624247391
376.0,1.1043761522896833,0.0012990912883029367,nan,0,0,cann_sparse_cue,1.120426040822806,0.01604988853312239,0.7961706624247392
376.0,1.1043761522896833,0.0012990912883029367,nan,0,0,cann_gated_cue,1.1204260368844323,0.01604988459474921,0.7961706624247392
378.0,1.106994031333811,0.0015000049312500813,nan,0,0,dead_reckoning,1.139358768923291,0.03236473758948,
378.0,1.106994031333811,0.0015000049312500813,nan,0,0,cann_no_cue,1.1393587686088296,0.03236473727501865,0.7961706624278956
378.0,1.106994031333811,0.0015000049312500813,nan,0,0,cann_sparse_cue,1.1230242233992265,0.016030192065415783,0.7961706624278952
378.0,1.106994031333811,0.0015000049312500813,nan,0,0,cann_gated_cue,1.1230242194608533,0.0160301881270426,0.7961706624278954
380.0,1.1096109920092234,0.001317998995804931,nan,0,0,dead_reckoning,1.142358778785791,0.03274778677656753,
380.0,1.1096109920092234,0.001317998995804931,nan,0,0,cann_no_cue,1.1423587784710454,0.03274778646182197,0.796170662445693
380.0,1.1096109920092234,0.001317998995804931,nan,0,0,cann_sparse_cue,1.1260242332614425,0.016413241252219102,0.7961706624456933
380.0,1.1096109920092234,0.001317998995804931,nan,0,0,cann_gated_cue,1.1260242293230691,0.01641323731384592,0.7961706624456932
382.0,1.112226117558337,0.0011675346427786177,nan,0,0,dead_reckoning,1.144994776777401,0.032768659219064133,
382.0,1.112226117558337,0.0011675346427786177,nan,0,0,cann_no_cue,1.1449947764624595,0.03276865890412228,0.7961706624294617
382.0,1.112226117558337,0.0011675346427786177,nan,0,0,cann_sparse_cue,1.1286602312528569,0.01643411369451986,0.7961706624294616
382.0,1.112226117558337,0.0011675346427786177,nan,0,0,cann_gated_cue,1.1286602273144832,0.01643410975614623,0.7961706624294616
384.0,1.114838494443003,0.0014909697667498199,nan,0,0,dead_reckoning,1.147329846062958,0.032491351619954756,
384.0,1.114838494443003,0.0014909697667498199,nan,0,0,cann_no_cue,1.147329845747881,0.0324913513048779,0.7961706624176258
384.0,1.114838494443003,0.0014909697667498199,nan,0,0,cann_sparse_cue,1.1309953005382785,0.016156806095275478,0.796170662417626
384.0,1.114838494443003,0.0014909697667498199,nan,0,0,cann_gated_cue,1.1309952965999048,0.01615680215690185,0.7961706624176261
386.0,1.1174472139471634,0.0012356720336314105,nan,0,0,dead_reckoning,1.1503117855964577,0.03286457164929413,
386.0,1.1174472139471634,0.0012356720336314105,nan,0,0,cann_no_cue,1.1503117852811027,0.032864571333939274,0.7961706624448378
386.0,1.1174472139471634,0.0012356720336314105,nan,0,0,cann_sparse_cue,1.1339772400715,0.01653002612433685,0.7961706624448378
386.0,1.1174472139471634,0.0012356720336314105,nan,0,0,cann_gated_cue,1.1339772361331266,0.016530022185963222,0.796170662444838
388.0,1.1200513737710494,0.001242269688205277,nan,0,0,dead_reckoning,1.1527831296637205,0.03273175589267119,
388.0,1.1200513737710494,0.001242269688205277,nan,0,0,cann_no_cue,1.1527831293482034,0.0327317555771538,0.796170662422808
388.0,1.1200513737710494,0.001242269688205277,nan,0,0,cann_sparse_cue,1.136448584138601,0.016397210367551374,0.7961706624228083
388.0,1.1200513737710494,0.001242269688205277,nan,0,0,cann_gated_cue,1.1364485802002275,0.01639720642917819,0.7961706624228083
390.0,1.12265007961412,0.0013429395999990143,nan,0,0,dead_reckoning,1.1552676690401311,0.03261758942601123,
390.0,1.12265007961412,0.0013429395999990143,nan,0,0,cann_no_cue,1.1552676687244514,0.0326175891103313,0.7961706624233257
390.0,1.12265007961412,0.0013429395999990143,nan,0,0,cann_sparse_cue,1.138933123514849,0.016283043900728877,0.7961706624233255
390.0,1.12265007961412,0.0013429395999990143,nan,0,0,cann_gated_cue,1.1389331195764756,0.016283039962355694,0.7961706624233255
392.0,1.1252424467439701,0.0014624217052495695,nan,0,0,dead_reckoning,1.157953548240129,0.03271110149615897,
392.0,1.1252424467439701,0.0014624217052495695,nan,0,0,cann_no_cue,1.157953547924245,0.03271110118027476,0.7961706624315616
392.0,1.1252424467439701,0.0014624217052495695,nan,0,0,cann_sparse_cue,1.141619002714643,0.01637655597067278,0.7961706624315619
392.0,1.1252424467439701,0.0014624217052495695,nan,0,0,cann_gated_cue,1.1416189987762695,0.016376552032299152,0.796170662431562
394.0,1.1278276015484514,0.0009490877073436096,nan,0,0,dead_reckoning,1.1608783916506282,0.03305079010217682,
394.0,1.1278276015484514,0.0009490877073436096,nan,0,0,cann_no_cue,1.1608783913344805,0.03305078978602882,0.7961706624421696
394.0,1.1278276015484514,0.0009490877073436096,nan,0,0,cann_sparse_cue,1.144543846124878,0.016716244576426398,0.7961706624421696
394.0,1.1278276015484514,0.0009490877073436096,nan,0,0,cann_gated_cue,1.1445438421865044,0.016716240638053215,0.7961706624421698
396.0,1.1304046830682857,0.0011772142661189704,nan,0,0,dead_reckoning,1.1627765670653156,0.03237188399702973,
396.0,1.1304046830682857,0.0011772142661189704,nan,0,0,cann_no_cue,1.1627765667490924,0.03237188368080668,0.7961706624029934
396.0,1.1304046830682857,0.0011772142661189704,nan,0,0,cann_sparse_cue,1.14644202153949,0.016037338471204254,0.7961706624029931
396.0,1.1304046830682857,0.0011772142661189704,nan,0,0,cann_gated_cue,1.1464420176011167,0.01603733453283107,0.7961706624029935
398.0,1.1329728445074783,0.0013894418665073573,nan,0,0,dead_reckoning,1.1651309955975535,0.03215815109007547,
398.0,1.1329728445074783,0.0013894418665073573,nan,0,0,cann_no_cue,1.1651309952811937,0.0321581507737152,0.7961706624183443
398.0,1.1329728445074783,0.0013894418665073573,nan,0,0,cann_sparse_cue,1.1487964500715913,0.015823605564112775,0.7961706624183442
398.0,1.1329728445074783,0.0013894418665073573,nan,0,0,cann_gated_cue,1.148796446133218,0.01582360162573959,0.7961706624183442
400.0,1.1355312547188878,0.001292439149388239,nan,0,0,dead_reckoning,1.1679098793305682,0.032378624611680173,
400.0,1.1355312547188878,0.001292439149388239,nan,0,0,cann_no_cue,1.167909879013983,0.03237862429509519,0.7961706624355832
400.0,1.1355312547188878,0.001292439149388239,nan,0,0,cann_sparse_cue,1.1515753338043808,0.01604407908549277,0.796170662435583
400.0,1.1355312547188878,0.001292439149388239,nan,0,0,cann_gated_cue,1.1515753298660074,0.016044075147119585,0.7961706624355829
402.0,1.1380790996623396,0.0011965525236928456,nan,0,0,dead_reckoning,1.1704947576293447,0.032415657967005185,
402.0,1.1380790996623396,0.0011965525236928456,nan,0,0,cann_no_cue,1.1704947573125755,0.03241565765023591,0.7961706624273501
402.0,1.1380790996623396,0.0011965525236928456,nan,0,0,cann_sparse_cue,1.1541602121029735,0.016081112440633927,0.7961706624273498
402.0,1.1380790996623396,0.0011965525236928456,nan,0,0,cann_gated_cue,1.1541602081646,0.0160811085022603,0.79617066242735
404.0,1.140615583832729,0.0012514684106454809,nan,0,0,dead_reckoning,1.1728878626767303,0.03227227884400108,
404.0,1.140615583832729,0.0012514684106454809,nan,0,0,cann_no_cue,1.1728878623598153,0.032272278527086584,0.7961706624197971
404.0,1.140615583832729,0.0012514684106454809,nan,0,0,cann_sparse_cue,1.1565533171502136,0.015937733317484604,0.7961706624197972
404.0,1.140615583832729,0.0012514684106454809,nan,0,0,cann_gated_cue,1.15655331321184,0.015937729379110976,0.796170662419797
406.0,1.1431399316556081,0.001577103425057649,nan,0,0,dead_reckoning,1.1753907994980213,0.03225086784241338,
406.0,1.1431399316556081,0.001577103425057649,nan,0,0,cann_no_cue,1.175390799180941,0.032250867525332794,0.7961706624240515
406.0,1.1431399316556081,0.001577103425057649,nan,0,0,cann_sparse_cue,1.159056253971339,0.015916322315730813,0.7961706624240515
406.0,1.1431399316556081,0.001577103425057649,nan,0,0,cann_gated_cue,1.1590562500329653,0.015916318377357186,0.7961706624240515
408.0,1.1456513888478062,0.0012555154750928926,nan,0,0,dead_reckoning,1.1785450063481366,0.032893617500330485,
408.0,1.1456513888478062,0.0012555154750928926,nan,0,0,cann_no_cue,1.1785450060307272,0.032893617182921275,0.7961706624532012
408.0,1.1456513888478062,0.0012555154750928926,nan,0,0,cann_sparse_cue,1.1622104608211252,0.01655907197331885,0.7961706624532011
408.0,1.1456513888478062,0.0012555154750928926,nan,0,0,cann_gated_cue,1.1622104568827514,0.016559068034945224,0.7961706624532011
410.0,1.148149223740699,0.0014537558381775494,nan,0,0,dead_reckoning,1.1810560372983223,0.03290681355762359,
410.0,1.148149223740699,0.0014537558381775494,nan,0,0,cann_no_cue,1.1810560369807421,0.032906813240042965,0.7961706624243726
410.0,1.148149223740699,0.0014537558381775494,nan,0,0,cann_sparse_cue,1.1647214917711404,0.01657226803044143,0.7961706624243728
410.0,1.148149223740699,0.0014537558381775494,nan,0,0,cann_gated_cue,1.1647214878327665,0.016572264092067357,0.7961706624243725
412.0,1.1506327285638045,0.0014515486024793776,nan,0,0,dead_reckoning,1.1839635489746776,0.033330820410872875,
412.0,1.1506327285638045,0.0014515486024793776,nan,0,0,cann_no_cue,1.1839635486568385,0.033330820093033786,0.7961706624413697
412.0,1.1506327285638045,0.0014515486024793776,nan,0,0,cann_sparse_cue,1.1676290034472365,0.01699627488343225,0.7961706624413697
412.0,1.1506327285638045,0.0014515486024793776,nan,0,0,cann_gated_cue,1.1676289995088631,0.016996270945058622,0.7961706624413697
414.0,1.1531012206864517,0.0012171846871047226,nan,0,0,dead_reckoning,1.1868666461796362,0.03376542549318451,
414.0,1.1531012206864517,0.0012171846871047226,nan,0,0,cann_no_cue,1.1868666458615382,0.033765425175086516,0.7961706624411667
414.0,1.1531012206864517,0.0012171846871047226,nan,0,0,cann_sparse_cue,1.1705321006519358,0.017430879965484092,0.7961706624411671
414.0,1.1531012206864517,0.0012171846871047226,nan,0,0,cann_gated_cue,1.1705320967135624,0.017430876027110465,0.7961706624411669
416.0,1.1555540438153487,0.0013634484794349203,nan,0,0,dead_reckoning,1.1893010155538457,0.033746971738497056,
416.0,1.1555540438153487,0.0013634484794349203,nan,0,0,cann_no_cue,1.189301015235593,0.03374697142024452,0.796170662421373
416.0,1.1555540438153487,0.0013634484794349203,nan,0,0,cann_sparse_cue,1.1729664700259907,0.017412426210642096,0.796170662421373
416.0,1.1555540438153487,0.0013634484794349203,nan,0,0,cann_gated_cue,1.1729664660876171,0.01741242227226847,0.7961706624213732
418.0,1.1579905691459418,0.0012054123912733014,nan,0,0,dead_reckoning,1.1920279125127156,0.034037343366773776,
418.0,1.1579905691459418,0.0012054123912733014,nan,0,0,cann_no_cue,1.1920279121942492,0.03403734304830763,0.7961706624333182
418.0,1.1579905691459418,0.0012054123912733014,nan,0,0,cann_sparse_cue,1.1756933669846472,0.01770279783870521,0.7961706624333184
418.0,1.1579905691459418,0.0012054123912733014,nan,0,0,cann_gated_cue,1.1756933630462734,0.01770279390033158,0.7961706624333184
420.0,1.1604101964655542,0.00116934852501313,1.1606022656509396,1,1,dead_reckoning,1.194438737295262,0.034028540829707854,
420.0,1.1604101964655542,0.00116934852501313,1.1606022656509396,1,1,cann_no_cue,1.1944387369766463,0.034028540511092054,0.7961706624204705
420.0,1.1604101964655542,0.00116934852501313,1.1606022656509396,1,1,cann_sparse_cue,1.1608824405643927,0.00047224409883828145,0.8542898056009034
420.0,1.1604101964655542,0.00116934852501313,1.1606022656509396,1,1,cann_gated_cue,1.160882440563547,0.0004722440979927356,0.8542898056009034
422.0,1.1628123552063627,0.0010706904823028177,nan,0,0,dead_reckoning,1.1967774343452884,0.03396507913892588,
422.0,1.1628123552063627,0.0010706904823028177,nan,0,0,cann_no_cue,1.1967774340265367,0.033965078820173744,0.7961706624177601
422.0,1.1628123552063627,0.0010706904823028177,nan,0,0,cann_sparse_cue,1.1632173329694533,0.00040497776309056377,0.7961706624177602
422.0,1.1628123552063627,0.0010706904823028177,nan,0,0,cann_gated_cue,1.1632173329686122,0.0004049777622494588,0.7961706624177606
424.0,1.165196505446366,0.0014094992830593124,nan,0,0,dead_reckoning,1.198918815309894,0.033722309863527755,
424.0,1.165196505446366,0.0014094992830593124,nan,0,0,cann_no_cue,1.198918814991038,0.0337223095446717,0.7961706624107662
424.0,1.165196505446366,0.0014094992830593124,nan,0,0,cann_sparse_cue,1.165358713933955,0.00016220848758896622,0.7961706624107664
424.0,1.165196505446366,0.0014094992830593124,nan,0,0,cann_gated_cue,1.1653587139331134,0.00016220848674741717,0.7961706624107665
426.0,1.167562138856594,0.0011814450289868955,nan,0,0,dead_reckoning,1.2017378138760126,0.03417567501941843,
426.0,1.167562138856594,0.0011814450289868955,nan,0,0,cann_no_cue,1.2017378135569219,0.034175674700327896,0.7961706624373597
426.0,1.167562138856594,0.0011814450289868955,nan,0,0,cann_sparse_cue,1.168177712499839,0.0006155736432447156,0.7961706624373595
426.0,1.167562138856594,0.0011814450289868955,nan,0,0,cann_gated_cue,1.1681777124989974,0.0006155736424036107,0.7961706624373596
428.0,1.1699087795928866,0.0011467150022402318,nan,0,0,dead_reckoning,1.2041007039339864,0.03419192434109952,
428.0,1.1699087795928866,0.0011467150022402318,nan,0,0,cann_no_cue,1.2041007036147542,0.03419192402186777,0.7961706624186601
428.0,1.1699087795928866,0.0011467150022402318,nan,0,0,cann_sparse_cue,1.1705406025576712,0.0006318229647845897,0.7961706624186599
428.0,1.1699087795928866,0.0011467150022402318,nan,0,0,cann_gated_cue,1.17054060255683,0.0006318229639434847,0.7961706624186602
430.0,1.1722359851306892,0.001037767895924687,nan,0,0,dead_reckoning,1.206394133938467,0.03415814880777779,
430.0,1.1722359851306892,0.001037767895924687,nan,0,0,cann_no_cue,1.2063941336191069,0.034158148488417694,0.7961706624161011
430.0,1.1722359851306892,0.001037767895924687,nan,0,0,cann_sparse_cue,1.1728340325620241,0.0005980474313349582,0.7961706624161013
430.0,1.1722359851306892,0.001037767895924687,nan,0,0,cann_gated_cue,1.1728340325611823,0.0005980474304934091,0.7961706624161012
432.0,1.1745433470413877,0.001535277415833167,nan,0,0,dead_reckoning,1.208469669730316,0.033926322688928146,
432.0,1.1745433470413877,0.001535277415833167,nan,0,0,cann_no_cue,1.2084696694108612,0.03392632236947346,0.7961706624085694
432.0,1.1745433470413877,0.001535277415833167,nan,0,0,cann_sparse_cue,1.1749095683537785,0.0003662213123907243,0.7961706624085694
432.0,1.1745433470413877,0.001535277415833167,nan,0,0,cann_gated_cue,1.174909568352937,0.00036622131154917525,0.7961706624085693
434.0,1.1768304917088344,0.0013446301022193518,nan,0,0,dead_reckoning,1.2115402245619826,0.03470973285314827,
434.0,1.1768304917088344,0.0013446301022193518,nan,0,0,cann_no_cue,1.211540224242225,0.034709732533390714,0.7961706624490813
434.0,1.1768304917088344,0.0013446301022193518,nan,0,0,cann_sparse_cue,1.1779801231851426,0.0011496314763084214,0.7961706624490812
434.0,1.1768304917088344,0.0013446301022193518,nan,0,0,cann_gated_cue,1.177980123184301,0.0011496314754664283,0.7961706624490813
436.0,1.179097080984795,0.0011882820024882166,nan,0,0,dead_reckoning,1.2142294847664212,0.0351324037816263,
436.0,1.179097080984795,0.0011882820024882166,nan,0,0,cann_no_cue,1.2142294844464558,0.03513240346166091,0.7961706624317056
436.0,1.179097080984795,0.0011882820024882166,nan,0,0,cann_sparse_cue,1.180669383389373,0.0015723024045781742,0.7961706624317056
436.0,1.179097080984795,0.0011882820024882166,nan,0,0,cann_gated_cue,1.1806693833885318,0.0015723024037370692,0.7961706624317054
438.0,1.1813428127821772,0.0010732210670408545,nan,0,0,dead_reckoning,1.2166060487713977,0.035263235989220654,
438.0,1.1813428127821772,0.0010732210670408545,nan,0,0,cann_no_cue,1.216606048451289,0.035263235669111825,0.796170662419173
438.0,1.1813428127821772,0.0010732210670408545,nan,0,0,cann_sparse_cue,1.1830459473942063,0.0017031346120290891,0.7961706624191728
438.0,1.1813428127821772,0.0010732210670408545,nan,0,0,cann_gated_cue,1.183045947393365,0.0017031346111879841,0.796170662419173
440.0,1.1835674216049936,0.0009281603292042301,1.1820332840537287,1,1,dead_reckoning,1.2187524909054792,0.035185069300485594,
440.0,1.1835674216049936,0.0009281603292042301,1.1820332840537287,1,1,cann_no_cue,1.2187524905852658,0.035185068980272405,0.7961706624109381
440.0,1.1835674216049936,0.0009281603292042301,1.1820332840537287,1,1,cann_sparse_cue,1.1822800658085568,-0.0012873557964367954,0.8542898071153577
440.0,1.1835674216049936,0.0009281603292042301,1.1820332840537287,1,1,cann_gated_cue,1.1822800658085566,-0.0012873557964372395,0.8542898071153575
442.0,1.1857706790141316,0.001238887373821494,nan,0,0,dead_reckoning,1.2206088115638878,0.03483813254975621,
442.0,1.1857706790141316,0.001238887373821494,nan,0,0,cann_no_cue,1.220608811243606,0.034838132229474184,0.7961706624017499
442.0,1.1857706790141316,0.001238887373821494,nan,0,0,cann_sparse_cue,1.1841332483599405,-0.0016374306541910855,0.7961706624017503
442.0,1.1857706790141316,0.001238887373821494,nan,0,0,cann_gated_cue,1.1841332483599403,-0.0016374306541910855,0.7961706624017503
444.0,1.1879523940281134,0.0012250385311043314,nan,0,0,dead_reckoning,1.2230865863115308,0.03513419228341741,
444.0,1.1879523940281134,0.0012250385311043314,nan,0,0,cann_no_cue,1.2230865859910898,0.0351341919629764,0.7961706624230599
444.0,1.1879523940281134,0.0012250385311043314,nan,0,0,cann_sparse_cue,1.1866110231074243,-0.0013413709206888669,0.79617066242306
444.0,1.1879523940281134,0.0012250385311043314,nan,0,0,cann_gated_cue,1.1866110231074243,-0.0013413709206888669,0.7961706624230598
446.0,1.1901124134581424,0.0009085808587765705,nan,0,0,dead_reckoning,1.2255366633737395,0.035424249915597006,
446.0,1.1901124134581424,0.0009085808587765705,nan,0,0,cann_no_cue,1.2255366630531426,0.035424249595000123,0.7961706624219804
446.0,1.1901124134581424,0.0009085808587765705,nan,0,0,cann_sparse_cue,1.1890611001694773,-0.0010513132886651455,0.79617066242198
446.0,1.1901124134581424,0.0009085808587765705,nan,0,0,cann_gated_cue,1.1890611001694773,-0.0010513132886651455,0.79617066242198
448.0,1.1922506221768492,0.0013494206912616795,nan,0,0,dead_reckoning,1.2273538250912925,0.035103202914443354,
448.0,1.1922506221768492,0.0013494206912616795,nan,0,0,cann_no_cue,1.2273538247706306,0.03510320259378119,0.7961706624006121
448.0,1.1922506221768492,0.0013494206912616795,nan,0,0,cann_sparse_cue,1.1908782618869656,-0.001372360289883634,0.7961706624006119
448.0,1.1922506221768492,0.0013494206912616795,nan,0,0,cann_gated_cue,1.1908782618869656,-0.001372360289883634,0.7961706624006117
450.0,1.1943669433202624,0.0012739109986282175,nan,0,0,dead_reckoning,1.230052666473816,0.035685723153553894,
450.0,1.1943669433202624,0.0012739109986282175,nan,0,0,cann_no_cue,1.230052666152949,0.03568572283268656,0.796170662432114
450.0,1.1943669433202624,0.0012739109986282175,nan,0,0,cann_sparse_cue,1.1935771032692841,-0.0007898400509782633,0.796170662432114
450.0,1.1943669433202624,0.0012739109986282175,nan,0,0,cann_gated_cue,1.1935771032692843,-0.0007898400509782633,0.7961706624321141
452.0,1.1964613384226557,0.0009566641403564531,nan,0,0,dead_reckoning,1.2326004884710726,0.036139150048416724,
452.0,1.1964613384226557,0.0009566641403564531,nan,0,0,cann_no_cue,1.2326004881500294,0.036139149727373976,0.7961706624258451
452.0,1.1964613384226557,0.0009566641403564531,nan,0,0,cann_sparse_cue,1.1961249252663646,-0.0003364131562912931,0.7961706624258451
452.0,1.1964613384226557,0.0009566641403564531,nan,0,0,cann_gated_cue,1.1961249252663648,-0.000336413156290849,0.7961706624258452
454.0,1.1985338074840288,0.00100780742305178,nan,0,0,dead_reckoning,1.2345138167517855,0.035980009267756685,
454.0,1.1985338074840288,0.00100780742305178,nan,0,0,cann_no_cue,1.2345138164306666,0.035980008946637554,0.7961706624034505
454.0,1.1985338074840288,0.00100780742305178,nan,0,0,cann_sparse_cue,1.198038253547002,-0.0004955539370268269,0.7961706624034502
454.0,1.1985338074840288,0.00100780742305178,nan,0,0,cann_gated_cue,1.1980382535470022,-0.0004955539370268269,0.7961706624034502
456.0,1.2005843889701087,0.0010248589117398182,nan,0,0,dead_reckoning,1.236529431597889,0.03594504262778031,
456.0,1.2005843889701087,0.0010248589117398182,nan,0,0,cann_no_cue,1.236529431276684,0.035945042306575026,0.7961706624066299
456.0,1.2005843889701087,0.0010248589117398182,nan,0,0,cann_sparse_cue,1.2000538683930193,-0.0005305205770893551,0.7961706624066298
456.0,1.2005843889701087,0.0010248589117398182,nan,0,0,cann_gated_cue,1.2000538683930195,-0.0005305205770893551,0.7961706624066298
458.0,1.2026131597448657,0.0011137321496711978,nan,0,0,dead_reckoning,1.2385791494213687,0.035965989676502996,
458.0,1.2026131597448657,0.0011137321496711978,nan,0,0,cann_no_cue,1.2385791491000726,0.03596598935520667,0.7961706624077268
458.0,1.2026131597448657,0.0011137321496711978,nan,0,0,cann_sparse_cue,1.2021035862164082,-0.0005095735284577074,0.7961706624077268
458.0,1.2026131597448657,0.0011137321496711978,nan,0,0,cann_gated_cue,1.2021035862164084,-0.0005095735284572633,0.7961706624077268
460.0,1.2046202349356703,0.0010471817386267265,1.204006922533465,1,1,dead_reckoning,1.240806613720711,0.036186378785040496,
460.0,1.2046202349356703,0.0010471817386267265,1.204006922533465,1,1,cann_no_cue,1.2408066133992985,0.036186378463628266,0.7961706624137418
460.0,1.2046202349356703,0.0010471817386267265,1.204006922533465,1,1,cann_sparse_cue,1.204262385263472,-0.00035784967219854025,0.8542898067568979
460.0,1.2046202349356703,0.0010471817386267265,1.204006922533465,1,1,cann_gated_cue,1.204262385263472,-0.00035784967219854025,0.8542898067568979
462.0,1.2066057677313187,0.0007899114866159406,nan,0,0,dead_reckoning,1.2429009771979644,0.03629520946664577,
462.0,1.2066057677313187,0.0007899114866159406,nan,0,0,cann_no_cue,1.2429009768764543,0.03629520914513584,0.7961706624091908
462.0,1.2066057677313187,0.0007899114866159406,nan,0,0,cann_sparse_cue,1.2063533212054507,-0.00025244652586797756,0.7961706624091907
462.0,1.2066057677313187,0.0007899114866159406,nan,0,0,cann_gated_cue,1.2063533212054507,-0.00025244652586797756,0.7961706624091907
464.0,1.2085699491132886,0.0013331821904155423,nan,0,0,dead_reckoning,1.2444808001711962,0.03591085105790759,
464.0,1.2085699491132886,0.0013331821904155423,nan,0,0,cann_no_cue,1.244480799849644,0.03591085073635547,0.7961706623942334
464.0,1.2085699491132886,0.0013331821904155423,nan,0,0,cann_sparse_cue,1.2079331441786405,-0.0006368049346479054,0.7961706623942332
464.0,1.2085699491132886,0.0013331821904155423,nan,0,0,cann_gated_cue,1.2079331441786405,-0.0006368049346479054,0.7961706623942334
466.0,1.2105130075206927,0.0011253896456549048,nan,0,0,dead_reckoning,1.2471471645520276,0.03663415703133488,
466.0,1.2105130075206927,0.0011253896456549048,nan,0,0,cann_no_cue,1.2471471642302778,0.03663415670958514,0.7961706624307355
466.0,1.2105130075206927,0.0011253896456549048,nan,0,0,cann_sparse_cue,1.2105995085592745,8.65010385817655e-05,0.7961706624307353
466.0,1.2105130075206927,0.0011253896456549048,nan,0,0,cann_gated_cue,1.2105995085592745,8.65010385817655e-05,0.7961706624307353
468.0,1.2124352084495185,0.0012777036292738956,nan,0,0,dead_reckoning,1.2493979438433374,0.03696273539381867,
468.0,1.2124352084495185,0.0012777036292738956,nan,0,0,cann_no_cue,1.2493979435214655,0.03696273507194725,0.7961706624145678
468.0,1.2124352084495185,0.0012777036292738956,nan,0,0,cann_sparse_cue,1.2128502878504623,0.0004150794009438741,0.7961706624145679
468.0,1.2124352084495185,0.0012777036292738956,nan,0,0,cann_gated_cue,1.2128502878504621,0.0004150794009438741,0.7961706624145679
470.0,1.2143368539868584,0.0012697624470451576,nan,0,0,dead_reckoning,1.251953351101885,0.03761649711502635,
470.0,1.2143368539868584,0.0012697624470451576,nan,0,0,cann_no_cue,1.2519533507798375,0.03761649679297907,0.7961706624261515
470.0,1.2143368539868584,0.0012697624470451576,nan,0,0,cann_sparse_cue,1.2154056951088346,0.0010688411219761385,0.7961706624261512
470.0,1.2143368539868584,0.0012697624470451576,nan,0,0,cann_gated_cue,1.2154056951088341,0.0010688411219756944,0.7961706624261513
472.0,1.2162182822809462,0.0009932847219530068,nan,0,0,dead_reckoning,1.2544928759959753,0.03827459371502906,
472.0,1.2162182822809462,0.0009932847219530068,nan,0,0,cann_no_cue,1.2544928756737541,0.03827459339280814,0.796170662425511
472.0,1.2162182822809462,0.0009932847219530068,nan,0,0,cann_sparse_cue,1.2179452200027512,0.0017269377218047666,0.796170662425511
472.0,1.2162182822809462,0.0009932847219530068,nan,0,0,cann_gated_cue,1.217945220002751,0.0017269377218047666,0.796170662425511
474.0,1.2180798669479302,0.0010800622148123542,nan,0,0,dead_reckoning,1.256479445439881,0.03839957849195086,
474.0,1.2180798669479302,0.0010800622148123542,nan,0,0,cann_no_cue,1.2564794451175758,0.038399578169645565,0.7961706624057104
474.0,1.2180798669479302,0.0010800622148123542,nan,0,0,cann_sparse_cue,1.2199317894465727,0.001851922498642189,0.7961706624057102
474.0,1.2180798669479302,0.0010800622148123542,nan,0,0,cann_gated_cue,1.2199317894465727,0.001851922498642189,0.7961706624057102
476.0,1.2199220164164237,0.0011357035848477098,nan,0,0,dead_reckoning,1.2586395698695059,0.03871755345308214,
476.0,1.2199220164164237,0.0011357035848477098,nan,0,0,cann_no_cue,1.2586395695470942,0.03871755313067027,0.7961706624114042
476.0,1.2199220164164237,0.0011357035848477098,nan,0,0,cann_sparse_cue,1.2220919138760913,0.00216989745966778,0.7961706624114042
476.0,1.2199220164164237,0.0011357035848477098,nan,0,0,cann_gated_cue,1.2220919138760913,0.00216989745966778,0.7961706624114042
478.0,1.2217451732109823,0.0011258493864231864,nan,0,0,dead_reckoning,1.2609109770392013,0.03916580382821877,
478.0,1.2217451732109823,0.0011258493864231864,nan,0,0,cann_no_cue,1.260910976716666,0.03916580350568388,0.7961706624153058
478.0,1.2217451732109823,0.0011258493864231864,nan,0,0,cann_sparse_cue,1.2243633210456628,0.0026181478346805065,0.7961706624153059
478.0,1.2217451732109823,0.0011258493864231864,nan,0,0,cann_gated_cue,1.224363321045663,0.0026181478346805065,0.796170662415306
480.0,1.2235498131757652,0.0009460994602554844,1.223903592023386,1,1,dead_reckoning,1.2631626758120476,0.03961286263628239,
480.0,1.2235498131757652,0.0009460994602554844,1.223903592023386,1,1,cann_no_cue,1.2631626754893914,0.03961286231362626,0.7961706624146004
480.0,1.2235498131757652,0.0009460994602554844,1.223903592023386,1,1,cann_sparse_cue,1.2241623460036917,0.0006125328279265041,0.8542898066090941
480.0,1.2235498131757652,0.0009460994602554844,1.223903592023386,1,1,cann_gated_cue,1.2241623460036917,0.0006125328279265041,0.8542898066090941
482.0,1.2253364446397434,0.0008606730535903424,nan,0,0,dead_reckoning,1.2650548747325585,0.03971843009281528,
482.0,1.2253364446397434,0.0008606730535903424,nan,0,0,cann_no_cue,1.26505487440983,0.03971842977008677,0.7961706624028142
482.0,1.2253364446397434,0.0008606730535903424,nan,0,0,cann_sparse_cue,1.2260513109255793,0.0007148662858358357,0.7961706624028142
482.0,1.2253364446397434,0.0008606730535903424,nan,0,0,cann_gated_cue,1.2260513109255793,0.0007148662858358357,0.7961706624028142
484.0,1.2271056075249174,0.000966717269555161,nan,0,0,dead_reckoning,1.2667762208397393,0.039670613314822134,
484.0,1.2271056075249174,0.000966717269555161,nan,0,0,cann_no_cue,1.2667762205169568,0.039670612992039445,0.7961706623979296
484.0,1.2271056075249174,0.000966717269555161,nan,0,0,cann_sparse_cue,1.227772657032706,0.0006670495077889527,0.7961706623979293
484.0,1.2271056075249174,0.000966717269555161,nan,0,0,cann_gated_cue,1.227772657032706,0.0006670495077889527,0.7961706623979293
486.0,1.2288578723991106,0.0008133025800741941,nan,0,0,dead_reckoning,1.2687096553788497,0.03985178297973935,
486.0,1.2288578723991106,0.0008133025800741941,nan,0,0,cann_no_cue,1.2687096550559913,0.03985178265688072,0.7961706624040623
486.0,1.2288578723991106,0.0008133025800741941,nan,0,0,cann_sparse_cue,1.2297060915717408,0.0008482191726302268,0.796170662404062
486.0,1.2288578723991106,0.0008133025800741941,nan,0,0,cann_gated_cue,1.2297060915717406,0.0008482191726297827,0.7961706624040621
488.0,1.230593839475,0.0008524933238605401,nan,0,0,dead_reckoning,1.2703362605389978,0.039742421063997835,
488.0,1.230593839475,0.0008524933238605401,nan,0,0,cann_no_cue,1.2703362602160941,0.03974242074109391,0.79617066239542
488.0,1.230593839475,0.0008524933238605401,nan,0,0,cann_sparse_cue,1.2313326967318434,0.0007388572568434171,0.7961706623954197
488.0,1.230593839475,0.0008524933238605401,nan,0,0,cann_gated_cue,1.231332696731843,0.000738857256842973,0.7961706623954198
490.0,1.2323141375571391,0.0005835058944240746,nan,0,0,dead_reckoning,1.272041247186719,0.03972710962958015,
490.0,1.2323141375571391,0.0005835058944240746,nan,0,0,cann_no_cue,1.2720412468637632,0.039727109306624264,0.796170662397486
490.0,1.2323141375571391,0.0005835058944240746,nan,0,0,cann_sparse_cue,1.2330376833795127,0.0007235458223737723,0.796170662397486
490.0,1.2323141375571391,0.0005835058944240746,nan,0,0,cann_gated_cue,1.2330376833795123,0.0007235458223728841,0.7961706623974861
492.0,1.2340194229388202,0.0009391728908379834,nan,0,0,dead_reckoning,1.273208258975567,0.03918883603674672,
492.0,1.2340194229388202,0.0009391728908379834,nan,0,0,cann_no_cue,1.2732082586525941,0.03918883571377396,0.7961706623852617
492.0,1.2340194229388202,0.0009391728908379834,nan,0,0,cann_sparse_cue,1.2342046951683439,0.0001852722295234699,0.7961706623852619
492.0,1.2340194229388202,0.0009391728908379834,nan,0,0,cann_gated_cue,1.2342046951683434,0.0001852722295234699,0.7961706623852619
494.0,1.2357103782507137,0.0007297678987871518,nan,0,0,dead_reckoning,1.2750866047572433,0.03937622650652983,
494.0,1.2357103782507137,0.0007297678987871518,nan,0,0,cann_no_cue,1.2750866044342013,0.039376226183487795,0.796170662402401
494.0,1.2357103782507137,0.0007297678987871518,nan,0,0,cann_sparse_cue,1.2360830409499513,0.0003726626992373028,0.7961706624024009
494.0,1.2357103782507137,0.0007297678987871518,nan,0,0,cann_gated_cue,1.2360830409499508,0.0003726626992373028,0.796170662402401
496.0,1.237387711263302,0.0008038818960857555,nan,0,0,dead_reckoning,1.2765461405548175,0.039158429291515695,
496.0,1.237387711263302,0.0008038818960857555,nan,0,0,cann_no_cue,1.2765461402317422,0.03915842896843991,0.7961706623913406
496.0,1.237387711263302,0.0008038818960857555,nan,0,0,cann_sparse_cue,1.2375425767474924,0.000154865484190303,0.7961706623913406
496.0,1.237387711263302,0.0008038818960857555,nan,0,0,cann_gated_cue,1.237542576747492,0.0001548654841898589,0.7961706623913406
498.0,1.2390521536452095,0.0008893806437797004,nan,0,0,dead_reckoning,1.278153904346989,0.03910175070177946,
498.0,1.2390521536452095,0.0008893806437797004,nan,0,0,cann_no_cue,1.2781539040238703,0.03910175037866104,0.796170662394938
498.0,1.2390521536452095,0.0008893806437797004,nan,0,0,cann_sparse_cue,1.2391503405396207,9.818689441143391e-05,0.796170662394938
498.0,1.2390521536452095,0.0008893806437797004,nan,0,0,cann_gated_cue,1.23915034053962,9.818689441054573e-05,0.7961706623949381
500.0,1.2407044596796064,0.0009469351284664654,1.241056510155672,1,1,dead_reckoning,1.2799326656345484,0.03922820595494203,
500.0,1.2407044596796064,0.0009469351284664654,1.241056510155672,1,1,cann_no_cue,1.2799326653113707,0.039228205631764546,0.7961706623995196
500.0,1.2407044596796064,0.0009469351284664654,1.241056510155672,1,1,cann_sparse_cue,1.2412604292354772,0.0005559695558705613,0.8542898087415428
500.0,1.2407044596796064,0.0009469351284664654,1.241056510155672,1,1,cann_gated_cue,1.2412604292354772,0.0005559695558705613,0.8542898087415428
502.0,1.242345404940941,0.0012197655676536101,nan,0,0,dead_reckoning,1.2818265358914813,0.03948113095054051,
502.0,1.242345404940941,0.0012197655676536101,nan,0,0,cann_no_cue,1.2818265355682321,0.03948113062729108,0.7961706624028643
502.0,1.242345404940941,0.0012197655676536101,nan,0,0,cann_sparse_cue,1.243151332907531,0.0008059279665899588,0.7961706624028643
502.0,1.242345404940941,0.0012197655676536101,nan,0,0,cann_gated_cue,1.243151332907531,0.0008059279665899588,0.7961706624028643
504.0,1.2439757849343178,0.0009150108520611139,nan,0,0,dead_reckoning,1.2842660670267887,0.040290282092470875,
504.0,1.2439757849343178,0.0009150108520611139,nan,0,0,cann_no_cue,1.2842660667033874,0.04029028176906957,0.7961706624215723
504.0,1.2439757849343178,0.0009150108520611139,nan,0,0,cann_sparse_cue,1.2455908640426863,0.0016150791083684446,0.7961706624215722
504.0,1.2439757849343178,0.0009150108520611139,nan,0,0,cann_gated_cue,1.2455908640426863,0.0016150791083684446,0.7961706624215722
506.0,1.2455964136999116,0.0006258998157019384,nan,0,0,dead_reckoning,1.2860960887309107,0.04049967503099916,
506.0,1.2455964136999116,0.0006258998157019384,nan,0,0,cann_no_cue,1.286096088407443,0.04049967470753124,0.7961706624009829
506.0,1.2455964136999116,0.0006258998157019384,nan,0,0,cann_sparse_cue,1.2474208857467424,0.001824472046831005,0.7961706624009831
506.0,1.2455964136999116,0.0006258998157019384,nan,0,0,cann_gated_cue,1.2474208857467424,0.001824472046831005,0.7961706624009832
508.0,1.247208122384864,0.000887562933637717,nan,0,0,dead_reckoning,1.2873478883623148,0.04013976597745117,
508.0,1.247208122384864,0.000887562933637717,nan,0,0,cann_no_cue,1.2873478880388258,0.040139765653961934,0.7961706623868845
508.0,1.247208122384864,0.000887562933637717,nan,0,0,cann_sparse_cue,1.2486726853781251,0.0014645629932612536,0.7961706623868843
508.0,1.247208122384864,0.000887562933637717,nan,0,0,cann_gated_cue,1.2486726853781251,0.0014645629932612536,0.7961706623868843
510.0,1.2488117577851687,0.0007510007656393897,nan,0,0,dead_reckoning,1.2891230142295902,0.04031125644442124,
510.0,1.2488117577851687,0.0007510007656393897,nan,0,0,cann_no_cue,1.2891230139060432,0.04031125612087472,0.7961706623994171
510.0,1.2488117577851687,0.0007510007656393897,nan,0,0,cann_sparse_cue,1.2504478112453425,0.001636053460173592,0.7961706623994169
510.0,1.2488117577851687,0.0007510007656393897,nan,0,0,cann_gated_cue,1.2504478112453423,0.001636053460173592,0.7961706623994173
512.0,1.250408180860105,0.0009306904581682491,nan,0,0,dead_reckoning,1.290625015760869,0.040216834900763665,
512.0,1.250408180860105,0.0009306904581682491,nan,0,0,cann_no_cue,1.290625015437286,0.04021683457718073,0.7961706623923358
512.0,1.250408180860105,0.0009306904581682491,nan,0,0,cann_sparse_cue,1.2519498127765853,0.0015416319164804904,0.7961706623923358
512.0,1.250408180860105,0.0009306904581682491,nan,0,0,cann_gated_cue,1.2519498127765853,0.0015416319164804904,0.7961706623923358
514.0,1.251998265221821,0.0007428170076457054,nan,0,0,dead_reckoning,1.2924863966772056,0.04048813145538466,
514.0,1.251998265221821,0.0007428170076457054,nan,0,0,cann_no_cue,1.2924863963535551,0.04048813113173422,0.7961706624018988
514.0,1.251998265221821,0.0007428170076457054,nan,0,0,cann_sparse_cue,1.2538111936928547,0.001812928471033537,0.796170662401899
514.0,1.251998265221821,0.0007428170076457054,nan,0,0,cann_gated_cue,1.2538111936928547,0.001812928471033537,0.796170662401899
516.0,1.2535828956027215,0.0007327833711028808,nan,0,0,dead_reckoning,1.2939720306924969,0.04038913508977515,
516.0,1.2535828956027215,0.0007327833711028808,nan,0,0,cann_no_cue,1.2939720303688116,0.040389134766090073,0.7961706623919488
516.0,1.2535828956027215,0.0007327833711028808,nan,0,0,cann_sparse_cue,1.255296827708111,0.001713932105389393,0.7961706623919489
516.0,1.2535828956027215,0.0007327833711028808,nan,0,0,cann_gated_cue,1.2552968277081111,0.001713932105389837,0.7961706623919488
518.0,1.2551629663033472,0.0007615811558943122,nan,0,0,dead_reckoning,1.2954375974347028,0.04027463113135532,
518.0,1.2551629663033472,0.0007615811558943122,nan,0,0,cann_no_cue,1.2954375971109844,0.04027463080763738,0.7961706623914803
518.0,1.2551629663033472,0.0007615811558943122,nan,0,0,cann_sparse_cue,1.2567623944502837,0.0015994281469362548,0.7961706623914802
518.0,1.2551629663033472,0.0007615811558943122,nan,0,0,cann_gated_cue,1.256762394450284,0.0015994281469366989,0.79617066239148
520.0,1.2567393796234678,0.0007396264814852419,1.2554824570953529,1,1,dead_reckoning,1.2969607597464914,0.040221380123023565,
520.0,1.2567393796234678,0.0007396264814852419,1.2554824570953529,1,1,cann_no_cue,1.296960759422736,0.04022137979926832,0.7961706623928423
520.0,1.2567393796234678,0.0007396264814852419,1.2554824570953529,1,1,cann_sparse_cue,1.2556576993564856,-0.00108168026698241,0.8542898096473768
520.0,1.2567393796234678,0.0007396264814852419,1.2554824570953529,1,1,cann_gated_cue,1.2556576993564856,-0.00108168026698241,0.8542898096473768
522.0,1.2583130442791404,0.000522636151268317,nan,0,0,dead_reckoning,1.2984400127094617,0.0401269684303216,
522.0,1.2583130442791404,0.000522636151268317,nan,0,0,cann_no_cue,1.2984400123856723,0.04012696810653171,0.7961706623917992
522.0,1.2583130442791404,0.000522636151268317,nan,0,0,cann_sparse_cue,1.2571345565616618,-0.0011784877174783048,0.7961706623917995
522.0,1.2583130442791404,0.000522636151268317,nan,0,0,cann_gated_cue,1.257134556561662,-0.0011784877174783048,0.7961706623917995
524.0,1.259884873808514,0.0007261773932631768,nan,0,0,dead_reckoning,1.2994852850119982,0.03960041120348423,
524.0,1.259884873808514,0.0007261773932631768,nan,0,0,cann_no_cue,1.299485284688197,0.039600410879683245,0.7961706623831308
524.0,1.259884873808514,0.0007261773932631768,nan,0,0,cann_sparse_cue,1.2581798288641863,-0.0017050449443276605,0.7961706623831312
524.0,1.259884873808514,0.0007261773932631768,nan,0,0,cann_gated_cue,1.2581798288641866,-0.0017050449443276605,0.7961706623831311
526.0,1.261455784969173,0.0008339783536688686,nan,0,0,dead_reckoning,1.3009376397985246,0.039481854829351626,
526.0,1.261455784969173,0.0008339783536688686,nan,0,0,cann_no_cue,1.3009376394746917,0.039481854505518665,0.7961706623911751
526.0,1.261455784969173,0.0008339783536688686,nan,0,0,cann_sparse_cue,1.259632183650681,-0.0018236013184917965,0.7961706623911753
526.0,1.261455784969173,0.0008339783536688686,nan,0,0,cann_gated_cue,1.2596321836506814,-0.0018236013184917965,0.7961706623911753
528.0,1.263026696129832,0.0010445790932966383,nan,0,0,dead_reckoning,1.3026055965058625,0.03957890037603029,
528.0,1.263026696129832,0.0010445790932966383,nan,0,0,cann_no_cue,1.302605596181981,0.039578900052148924,0.7961706623964978
528.0,1.263026696129832,0.0010445790932966383,nan,0,0,cann_sparse_cue,1.2613001403579702,-0.0017265557718619817,0.7961706623964977
528.0,1.263026696129832,0.0010445790932966383,nan,0,0,cann_gated_cue,1.2613001403579707,-0.0017265557718610935,0.7961706623964978
530.0,1.2645985256592056,0.000779743551050257,nan,0,0,dead_reckoning,1.3046947546924557,0.040096229033250275,
530.0,1.2645985256592056,0.000779743551050257,nan,0,0,cann_no_cue,1.3046947543684786,0.040096228709272985,0.796170662409018
530.0,1.2645985256592056,0.000779743551050257,nan,0,0,cann_sparse_cue,1.2633892985444681,-0.0012092271147374767,0.7961706624090181
530.0,1.2645985256592056,0.000779743551050257,nan,0,0,cann_gated_cue,1.2633892985444688,-0.0012092271147370326,0.7961706624090182
532.0,1.2661721903148782,0.0007650370311257543,nan,0,0,dead_reckoning,1.3062542417945564,0.04008205147967825,
532.0,1.2661721903148782,0.0007650370311257543,nan,0,0,cann_no_cue,1.3062542414705385,0.0400820511556601,0.7961706623937281
532.0,1.2661721903148782,0.0007650370311257543,nan,0,0,cann_sparse_cue,1.264948785646528,-0.0012234046683499145,0.7961706623937282
532.0,1.2661721903148782,0.0007650370311257543,nan,0,0,cann_gated_cue,1.2649487856465282,-0.0012234046683499145,0.7961706623937282
534.0,1.2677486036349987,0.0009263765903070246,nan,0,0,dead_reckoning,1.3077843158568077,0.04003571222180913,
534.0,1.2677486036349987,0.0009263765903070246,nan,0,0,cann_no_cue,1.3077843155327522,0.04003571189775368,0.7961706623930092
534.0,1.2677486036349987,0.0009263765903070246,nan,0,0,cann_sparse_cue,1.2664788597087417,-0.0012697439262572274,0.796170662393009
534.0,1.2677486036349987,0.0009263765903070246,nan,0,0,cann_gated_cue,1.2664788597087422,-0.0012697439262563393,0.7961706623930093
536.0,1.2693286743356245,0.0009138347416527474,nan,0,0,dead_reckoning,1.309637069037422,0.04030839470179748,
536.0,1.2693286743356245,0.0009138347416527474,nan,0,0,cann_no_cue,1.3096370687132994,0.04030839437767497,0.7961706624016455
536.0,1.2693286743356245,0.0009138347416527474,nan,0,0,cann_sparse_cue,1.2683316128892894,-0.0009970614463350458,0.7961706624016455
536.0,1.2693286743356245,0.0009138347416527474,nan,0,0,cann_gated_cue,1.2683316128892899,-0.0009970614463346017,0.7961706624016456
538.0,1.270913304716525,0.0010968186690219778,nan,0,0,dead_reckoning,1.3114647385207272,0.04055143380420212,
538.0,1.270913304716525,0.0010968186690219778,nan,0,0,cann_no_cue,1.3114647381965407,0.040551433480015664,0.796170662400915
538.0,1.270913304716525,0.0010968186690219778,nan,0,0,cann_sparse_cue,1.2701592823725305,-0.000754022343994798,0.7961706624009148
538.0,1.270913304716525,0.0010968186690219778,nan,0,0,cann_gated_cue,1.270159282372531,-0.0007540223439939098,0.7961706624009153
540.0,1.272503389078241,0.0009195825366319791,1.2724236040849566,1,1,dead_reckoning,1.3136583758587714,0.041154986780530756,
540.0,1.272503389078241,0.0009195825366319791,1.2724236040849566,1,1,cann_no_cue,1.313658375534474,0.041154986456232834,0.7961706624125585
540.0,1.272503389078241,0.0009195825366319791,1.2724236040849566,1,1,cann_sparse_cue,1.2726751035595496,0.0001717144813087046,0.8542898069261942
540.0,1.272503389078241,0.0009195825366319791,1.2724236040849566,1,1,cann_gated_cue,1.2726751035595496,0.0001717144813087046,0.8542898069261942
542.0,1.2740998121531772,0.0008162170210383974,nan,0,0,dead_reckoning,1.3154975409320353,0.041397728778858056,
542.0,1.2740998121531772,0.0008162170210383974,nan,0,0,cann_no_cue,1.3154975406076714,0.041397728454493965,0.7961706624012483
542.0,1.2740998121531772,0.0008162170210383974,nan,0,0,cann_sparse_cue,1.2745111256335513,0.00041131348037382054,0.7961706624012488
542.0,1.2740998121531772,0.0008162170210383974,nan,0,0,cann_gated_cue,1.2745111256335513,0.00041131348037382054,0.7961706624012488
544.0,1.275703447553482,0.001057571392666066,nan,0,0,dead_reckoning,1.317129974974112,0.041426527420630244,
544.0,1.275703447553482,0.001057571392666066,nan,0,0,cann_no_cue,1.317129974649702,0.04142652709621997,0.7961706623955702
544.0,1.275703447553482,0.001057571392666066,nan,0,0,cann_sparse_cue,1.276143559675582,0.00044011212209982276,0.7961706623955702
544.0,1.275703447553482,0.001057571392666066,nan,0,0,cann_gated_cue,1.276143559675582,0.00044011212209982276,0.7961706623955702
546.0,1.2773151562384344,0.001102931492270631,nan,0,0,dead_reckoning,1.3192451177594442,0.04192996152101003,
546.0,1.2773151562384344,0.001102931492270631,nan,0,0,cann_no_cue,1.319245117434935,0.04192996119650072,0.7961706624098825
546.0,1.2773151562384344,0.001102931492270631,nan,0,0,cann_sparse_cue,1.2782587024608152,0.0009435462223805757,0.7961706624098824
546.0,1.2773151562384344,0.001102931492270631,nan,0,0,cann_gated_cue,1.278258702460815,0.0009435462223805757,0.7961706624098825
548.0,1.2789357850040282,0.0007619026779691068,nan,0,0,dead_reckoning,1.3214509807439856,0.042515195739957434,
548.0,1.2789357850040282,0.0007619026779691068,nan,0,0,cann_no_cue,1.321450980419363,0.04251519541533488,0.796170662412984
548.0,1.2789357850040282,0.0007619026779691068,nan,0,0,cann_sparse_cue,1.2804645654452431,0.0015287804412151829,0.7961706624129842
548.0,1.2789357850040282,0.0007619026779691068,nan,0,0,cann_gated_cue,1.2804645654452431,0.0015287804412151829,0.7961706624129841
550.0,1.280566164997405,0.0008765066663114987,nan,0,0,dead_reckoning,1.3229747860999237,0.04240862110251875,
550.0,1.280566164997405,0.0008765066663114987,nan,0,0,cann_no_cue,1.322974785775263,0.04240862077785801,0.7961706623928576
550.0,1.280566164997405,0.0008765066663114987,nan,0,0,cann_sparse_cue,1.281988370801143,0.0014222058037383078,0.7961706623928578
550.0,1.280566164997405,0.0008765066663114987,nan,0,0,cann_gated_cue,1.2819883708011426,0.0014222058037374197,0.7961706623928577
552.0,1.2822071102587396,0.0005648428381004708,nan,0,0,dead_reckoning,1.3247277994325466,0.042520689173807025,
552.0,1.2822071102587396,0.0005648428381004708,nan,0,0,cann_no_cue,1.3247277991078295,0.04252068884908988,0.7961706623988003
552.0,1.2822071102587396,0.0005648428381004708,nan,0,0,cann_sparse_cue,1.2837413841337095,0.0015342738749701823,0.7961706623988
552.0,1.2822071102587396,0.0005648428381004708,nan,0,0,cann_gated_cue,1.2837413841337093,0.0015342738749697382,0.7961706623987999
554.0,1.2838594162931365,0.0007972851335943804,nan,0,0,dead_reckoning,1.3258574851087477,0.04199806881561141,
554.0,1.2838594162931365,0.0007972851335943804,nan,0,0,cann_no_cue,1.3258574847840148,0.04199806849087828,0.7961706623845834
554.0,1.2838594162931365,0.0007972851335943804,nan,0,0,cann_sparse_cue,1.2848710698098949,0.0010116535167581375,0.7961706623845836
554.0,1.2838594162931365,0.0007972851335943804,nan,0,0,cann_gated_cue,1.2848710698098949,0.0010116535167581375,0.7961706623845836
556.0,1.285523858675044,0.0007201894677487182,nan,0,0,dead_reckoning,1.3274520553759364,0.04192819670089243,
556.0,1.285523858675044,0.0007201894677487182,nan,0,0,cann_no_cue,1.3274520550511615,0.041928196376117555,0.7961706623946035
556.0,1.285523858675044,0.0007201894677487182,nan,0,0,cann_sparse_cue,1.2864656400770416,0.0009417814019974102,0.7961706623946038
556.0,1.285523858675044,0.0007201894677487182,nan,0,0,cann_gated_cue,1.2864656400770418,0.0009417814019978543,0.7961706623946038
558.0,1.2872011916876323,0.0008465941817299186,nan,0,0,dead_reckoning,1.328892434311434,0.04169124262380164,
558.0,1.2872011916876323,0.0008465941817299186,nan,0,0,cann_no_cue,1.3288924339866275,0.041691242298995235,0.7961706623909011
558.0,1.2872011916876323,0.0008465941817299186,nan,0,0,cann_sparse_cue,1.2879060190125073,0.0007048273248750903,0.7961706623909011
558.0,1.2872011916876323,0.0008465941817299186,nan,0,0,cann_gated_cue,1.2879060190125076,0.0007048273248750903,0.7961706623909008
560.0,1.2888921469995258,0.0008003676734969112,1.2891198092603284,1,1,dead_reckoning,1.3305856226748938,0.041693475675367964,
560.0,1.2888921469995258,0.0008003676734969112,1.2891198092603284,1,1,cann_no_cue,1.3305856223500367,0.04169347535051093,0.796170662397169
560.0,1.2888921469995258,0.0008003676734969112,1.2891198092603284,1,1,cann_sparse_cue,1.2893140471490008,0.00042190014947518506,0.8542898090632967
560.0,1.2888921469995258,0.0008003676734969112,1.2891198092603284,1,1,cann_gated_cue,1.2893140471490008,0.00042190014947518506,0.8542898090632965
562.0,1.2905974323812068,0.0008666829296749445,nan,0,0,dead_reckoning,1.3321863580218876,0.04158892564068051,
562.0,1.2905974323812068,0.0008666829296749445,nan,0,0,cann_no_cue,1.3321863576969872,0.0415889253157804,0.7961706623947594
562.0,1.2905974323812068,0.0008666829296749445,nan,0,0,cann_sparse_cue,1.2909121677487183,0.0003147353675112541,0.7961706623947593
562.0,1.2905974323812068,0.0008666829296749445,nan,0,0,cann_gated_cue,1.2909121677487183,0.0003147353675112541,0.7961706623947593
564.0,1.292317730463346,0.0008895443468609651,nan,0,0,dead_reckoning,1.3339197238812375,0.0416019934178915,
564.0,1.292317730463346,0.0008895443468609651,nan,0,0,cann_no_cue,1.3339197235562825,0.04160199309293677,0.7961706623982581
564.0,1.292317730463346,0.0008895443468609651,nan,0,0,cann_sparse_cue,1.2926455336080136,0.0003278031446676266,0.7961706623982578
564.0,1.292317730463346,0.0008895443468609651,nan,0,0,cann_gated_cue,1.2926455336080136,0.0003278031446676266,0.7961706623982578
566.0,1.2940536975392354,0.000988545058456838,nan,0,0,dead_reckoning,1.3356988125749594,0.04164511503572399,
566.0,1.2940536975392354,0.000988545058456838,nan,0,0,cann_no_cue,1.3356988122499454,0.041645114710710196,0.7961706623995285
566.0,1.2940536975392354,0.000988545058456838,nan,0,0,cann_sparse_cue,1.2944246223016764,0.00037092476244104944,0.7961706623995287
566.0,1.2940536975392354,0.000988545058456838,nan,0,0,cann_gated_cue,1.2944246223016762,0.00037092476244104944,0.7961706623995288
568.0,1.2958059624134286,0.0009474810006918163,nan,0,0,dead_reckoning,1.3376759026918732,0.041869940278444595,
568.0,1.2958059624134286,0.0009474810006918163,nan,0,0,cann_no_cue,1.337675902366778,0.04186993995334909,0.7961706624054132
568.0,1.2958059624134286,0.0009474810006918163,nan,0,0,cann_sparse_cue,1.2964017124185085,0.0005957500050799425,0.7961706624054128
568.0,1.2958059624134286,0.0009474810006918163,nan,0,0,cann_gated_cue,1.2964017124185085,0.0005957500050799425,0.7961706624054129
570.0,1.2975751252986025,0.0008155165278352029,nan,0,0,dead_reckoning,1.3395708646932567,0.04199573939465395,
570.0,1.2975751252986025,0.0008155165278352029,nan,0,0,cann_no_cue,1.3395708643680895,0.04199573906948695,0.7961706624028971
570.0,1.2975751252986025,0.0008155165278352029,nan,0,0,cann_sparse_cue,1.2982966744198203,0.0007215491212178016,0.7961706624028969
570.0,1.2975751252986025,0.0008155165278352029,nan,0,0,cann_gated_cue,1.29829667441982,0.0007215491212173575,0.7961706624028969
572.0,1.2993617567625808,0.0006880525640821226,nan,0,0,dead_reckoning,1.341201897748927,0.04184014098634625,
572.0,1.2993617567625808,0.0006880525640821226,nan,0,0,cann_no_cue,1.3412018974237137,0.04184014066113306,0.796170662395534
572.0,1.2993617567625808,0.0006880525640821226,nan,0,0,cann_sparse_cue,1.2999277074754445,0.0005659507128639163,0.7961706623955344
572.0,1.2993617567625808,0.0006880525640821226,nan,0,0,cann_gated_cue,1.2999277074754443,0.0005659507128634722,0.7961706623955342
574.0,1.3011663967273637,0.001132566503353573,nan,0,0,dead_reckoning,1.3425780028770913,0.04141160614972783,
574.0,1.3011663967273637,0.001132566503353573,nan,0,0,cann_no_cue,1.3425780025518503,0.041411605824486664,0.7961706623894688
574.0,1.3011663967273637,0.001132566503353573,nan,0,0,cann_sparse_cue,1.3013038126035814,0.00013741587621751705,0.7961706623894689
574.0,1.3011663967273637,0.001132566503353573,nan,0,0,cann_gated_cue,1.301303812603581,0.00013741587621751705,0.7961706623894689
576.0,1.3029895535219223,0.001169224881864167,nan,0,0,dead_reckoning,1.3448431358837984,0.041853582361876196,
576.0,1.3029895535219223,0.001169224881864167,nan,0,0,cann_no_cue,1.3448431355584367,0.04185358203651468,0.7961706624150807
576.0,1.3029895535219223,0.001169224881864167,nan,0,0,cann_sparse_cue,1.3035689456101678,0.0005793920882455339,0.7961706624150806
576.0,1.3029895535219223,0.001169224881864167,nan,0,0,cann_gated_cue,1.3035689456101671,0.0005793920882446457,0.7961706624150807
578.0,1.3048317029904157,0.0008547642284698925,nan,0,0,dead_reckoning,1.3471815856475269,0.04234988265711115,
578.0,1.3048317029904157,0.0008547642284698925,nan,0,0,cann_no_cue,1.3471815853220297,0.04234988233161374,0.7961706624177507
578.0,1.3048317029904157,0.0008547642284698925,nan,0,0,cann_sparse_cue,1.3059073953737608,0.0010756923833450394,0.796170662417751
578.0,1.3048317029904157,0.0008547642284698925,nan,0,0,cann_gated_cue,1.30590739537376,0.0010756923833445953,0.7961706624177511
580.0,1.3066932876573998,0.0010434701851330234,1.219769408624827,1,0,dead_reckoning,1.3488911141044666,0.042197826447067044,
580.0,1.3066932876573998,0.0010434701851330234,1.219769408624827,1,0,cann_no_cue,1.3488911137789155,0.0421978261215159,0.7961706623976086
580.0,1.3066932876573998,0.0010434701851330234,1.219769408624827,1,0,cann_sparse_cue,1.2199843210786472,-0.08670896657875282,0.8542898081662523
580.0,1.3066932876573998,0.0010434701851330234,1.219769408624827,1,0,cann_gated_cue,1.3076169238306459,0.0009236361732458676,0.7961706623976088
582.0,1.3085747159514876,0.0007022021728091514,nan,0,0,dead_reckoning,1.3509780544747327,0.04240333852324518,
582.0,1.3085747159514876,0.0007022021728091514,nan,0,0,cann_no_cue,1.3509780541490863,0.042403338197599005,0.7961706624089451
582.0,1.3085747159514876,0.0007022021728091514,nan,0,0,cann_sparse_cue,1.2220680291387271,-0.08650668681276041,0.7961706624089453
582.0,1.3085747159514876,0.0007022021728091514,nan,0,0,cann_gated_cue,1.3097038642008167,0.0011291482493289706,0.796170662408945
584.0,1.3104763614888275,0.0007042311995203734,nan,0,0,dead_reckoning,1.352382458820351,0.041906097331523284,
584.0,1.3104763614888275,0.0007042311995203734,nan,0,0,cann_no_cue,1.3523824584946744,0.04190609700584691,0.7961706623900915
584.0,1.3104763614888275,0.0007042311995203734,nan,0,0,cann_sparse_cue,1.2234724334843152,-0.08700392800451251,0.7961706623900915
584.0,1.3104763614888275,0.0007042311995203734,nan,0,0,cann_gated_cue,1.311108268546405,0.000631907057577763,0.7961706623900914
586.0,1.3123985624176533,0.0009459071178987308,nan,0,0,dead_reckoning,1.3537909212193917,0.04139235880173864,
586.0,1.3123985624176533,0.0009459071178987308,nan,0,0,cann_no_cue,1.353790920893686,0.04139235847603295,0.7961706623901816
586.0,1.3123985624176533,0.0009459071178987308,nan,0,0,cann_sparse_cue,1.2248808958833266,-0.08751766653432647,0.7961706623901819
586.0,1.3123985624176533,0.0009459071178987308,nan,0,0,cann_gated_cue,1.3125167309454167,0.00011816852776336262,0.7961706623901819
588.0,1.3143416208250573,0.0012608184808274114,nan,0,0,dead_reckoning,1.355682735455189,0.04134111463013168,
588.0,1.3143416208250573,0.0012608184808274114,nan,0,0,cann_no_cue,1.355682735129413,0.041341114304355386,0.7961706624028024
588.0,1.3143416208250573,0.0012608184808274114,nan,0,0,cann_sparse_cue,1.2267727101190535,-0.08756891070600403,0.7961706624028025
588.0,1.3143416208250573,0.0012608184808274114,nan,0,0,cann_gated_cue,1.3144085451811434,6.692435608623981e-05,0.7961706624028027
590.0,1.3163058022070273,0.0008333170168781064,nan,0,0,dead_reckoning,1.358204372416844,0.04189857020981691,
590.0,1.3163058022070273,0.0008333170168781064,nan,0,0,cann_no_cue,1.3582043720909,0.04189856988387275,0.7961706624247951
590.0,1.3163058022070273,0.0008333170168781064,nan,0,0,cann_sparse_cue,1.229294347080541,-0.08701145512648623,0.796170662424795
590.0,1.3163058022070273,0.0008333170168781064,nan,0,0,cann_gated_cue,1.3169301821426305,0.0006243799356031587,0.796170662424795
592.0,1.3182913350026757,0.0008754392001058979,nan,0,0,dead_reckoning,1.3598710064506,0.041579671447924405,
592.0,1.3182913350026757,0.0008754392001058979,nan,0,0,cann_no_cue,1.3598710061246055,0.04157967112193006,0.7961706623964631
592.0,1.3182913350026757,0.0008754392001058979,nan,0,0,cann_sparse_cue,1.2309609811142466,-0.08733035388842936,0.796170662396463
592.0,1.3182913350026757,0.0008754392001058979,nan,0,0,cann_gated_cue,1.3185968161763362,0.00030548117366047123,0.796170662396463
594.0,1.3202984101934803,0.001303014133123009,nan,0,0,dead_reckoning,1.3616218848508121,0.04132347465733188,
594.0,1.3202984101934803,0.001303014133123009,nan,0,0,cann_no_cue,1.361621884524761,0.041323474331280696,0.7961706623987408
594.0,1.3202984101934803,0.001303014133123009,nan,0,0,cann_sparse_cue,1.2327118595144018,-0.08758655067907828,0.796170662398741
594.0,1.3202984101934803,0.001303014133123009,nan,0,0,cann_gated_cue,1.3203476945764918,4.928438301154969e-05,0.7961706623987409
596.0,1.3223271809682373,0.0006990852156761898,nan,0,0,dead_reckoning,1.364227913117058,0.04190073214882073,
596.0,1.3223271809682373,0.0006990852156761898,nan,0,0,cann_no_cue,1.3642279127908221,0.0419007318225848,0.7961706624282187
596.0,1.3223271809682373,0.0006990852156761898,nan,0,0,cann_sparse_cue,1.2353178877804634,-0.08700929318777373,0.7961706624282184
596.0,1.3223271809682373,0.0006990852156761898,nan,0,0,cann_gated_cue,1.322953722842553,0.0006265418743156559,0.7961706624282184
598.0,1.3243777624543172,0.0011570475383666354,nan,0,0,dead_reckoning,1.3656260835484104,0.04124832109409304,
598.0,1.3243777624543172,0.0011570475383666354,nan,0,0,cann_no_cue,1.3656260832221434,0.04124832076782603,0.7961706623899532
598.0,1.3243777624543172,0.0011570475383666354,nan,0,0,cann_sparse_cue,1.2367160582117847,-0.0876617042425325,0.7961706623899534
598.0,1.3243777624543172,0.0011570475383666354,nan,0,0,cann_gated_cue,1.3243518932738745,-2.58691804426725e-05,0.7961706623899533
600.0,1.3264502315156905,0.0011481766675438562,1.3267945846233076,1,1,dead_reckoning,1.3679401786251437,0.04148994710945342,
600.0,1.3264502315156905,0.0011481766675438562,1.3267945846233076,1,1,cann_no_cue,1.3679401782987477,0.041489946783057174,0.7961706624168544
600.0,1.3264502315156905,0.0011481766675438562,1.3267945846233076,1,1,cann_sparse_cue,1.3270410191456479,0.0005907876299575676,0.8542898073430356
600.0,1.3264502315156905,0.0011481766675438562,1.3267945846233076,1,1,cann_gated_cue,1.327059882919745,0.0006096514040545564,0.8542898063289535
