time_s,truth_phase_rad,measured_rate_rad_s,phase_hint_rad,hint_available,hint_accepted,mode,decoded_phase_rad,truth_error_rad,bump_concentration
0.0,0.6981317007977318,0.001108622301471002,nan,0,0,dead_reckoning,0.6981317007977318,0.0,
0.0,0.6981317007977318,0.001108622301471002,nan,0,0,cann_no_cue,0.698131700797732,0.0,0.7961740796645929
0.0,0.6981317007977318,0.001108622301471002,nan,0,0,cann_sparse_cue,0.698131700797732,0.0,0.7961740796645929
0.0,0.6981317007977318,0.001108622301471002,nan,0,0,cann_gated_cue,0.698131700797732,0.0,0.7961740796645929
2.0,0.700226095900125,0.0010671897156153292,nan,0,0,dead_reckoning,0.7003489454006738,0.00012284950054874955,
2.0,0.700226095900125,0.0010671897156153292,nan,0,0,cann_no_cue,0.7003489451455872,0.00012284924546213105,0.7961706624133824
2.0,0.700226095900125,0.0010671897156153292,nan,0,0,cann_sparse_cue,0.7003489451455872,0.00012284924546213105,0.7961706624133824
2.0,0.700226095900125,0.0010671897156153292,nan,0,0,cann_gated_cue,0.7003489451455872,0.00012284924546213105,0.7961706624133824
4.0,0.7023424170435382,0.0010413327397588569,nan,0,0,dead_reckoning,0.7024833248319045,0.0001409077883662846,
4.0,0.7023424170435382,0.0010413327397588569,nan,0,0,cann_no_cue,0.7024833245767151,0.0001409075331770815,0.7961706624105293
4.0,0.7023424170435382,0.0010413327397588569,nan,0,0,cann_sparse_cue,0.7024833245767151,0.0001409075331770815,0.7961706624105293
4.0,0.7023424170435382,0.0010413327397588569,nan,0,0,cann_gated_cue,0.7024833245767151,0.0001409075331770815,0.7961706624105293
6.0,0.7044806257622449,0.0011923555869400053,nan,0,0,dead_reckoning,0.7045659903114222,8.536454917740244e-05,
6.0,0.7044806257622449,0.0011923555869400053,nan,0,0,cann_no_cue,0.7045659900561371,8.536429389227607e-05,0.7961706624088041
6.0,0.7044806257622449,0.0011923555869400053,nan,0,0,cann_sparse_cue,0.7045659900561371,8.536429389227607e-05,0.7961706624088041
6.0,0.7044806257622449,0.0011923555869400053,nan,0,0,cann_gated_cue,0.7045659900561371,8.536429389227607e-05,0.7961706624088041
8.0,0.7066406451922741,0.0011327786723255256,nan,0,0,dead_reckoning,0.7069507014853021,0.0003100562930278272,
8.0,0.7066406451922741,0.0011327786723255256,nan,0,0,cann_no_cue,0.7069507012298746,0.0003100560376005923,0.7961706624194798
8.0,0.7066406451922741,0.0011327786723255256,nan,0,0,cann_sparse_cue,0.7069507012298746,0.0003100560376005923,0.7961706624194798
8.0,0.7066406451922741,0.0011327786723255256,nan,0,0,cann_gated_cue,0.7069507012298746,0.0003100560376005923,0.7961706624194798
10.0,0.7088223602062559,0.0014476589196770798,nan,0,0,dead_reckoning,0.7092162588299532,0.0003938986236970976,
10.0,0.7088223602062559,0.0014476589196770798,nan,0,0,cann_no_cue,0.7092162585744026,0.00039389836814685,0.7961706624150958
10.0,0.7088223602062559,0.0014476589196770798,nan,0,0,cann_sparse_cue,0.7092162585744026,0.00039389836814685,0.7961706624150958
10.0,0.7088223602062559,0.0014476589196770798,nan,0,0,cann_gated_cue,0.7092162585744026,0.00039389836814685,0.7961706624150958
12.0,0.7110256176153938,0.0012045883132277809,nan,0,0,dead_reckoning,0.7121115766693074,0.001085959053913399,
12.0,0.7110256176153938,0.0012045883132277809,nan,0,0,cann_no_cue,0.7121115764135023,0.0010859587981082441,0.79617066244081
12.0,0.7110256176153938,0.0012045883132277809,nan,0,0,cann_sparse_cue,0.7121115764135023,0.0010859587981082441,0.79617066244081
12.0,0.7110256176153938,0.0012045883132277809,nan,0,0,cann_gated_cue,0.7121115764135023,0.0010859587981082441,0.79617066244081
14.0,0.7132502264382102,0.0012745166229281748,nan,0,0,dead_reckoning,0.7145207532957629,0.0012705268575525785,
14.0,0.7132502264382102,0.0012745166229281748,nan,0,0,cann_no_cue,0.714520753039808,0.0012705266015977656,0.7961706624204077
14.0,0.7132502264382102,0.0012745166229281748,nan,0,0,cann_sparse_cue,0.714520753039808,0.0012705266015977656,0.7961706624204077
14.0,0.7132502264382102,0.0012745166229281748,nan,0,0,cann_gated_cue,0.714520753039808,0.0012705266015977656,0.7961706624204077
16.0,0.7154959582355925,0.0013963709437064078,nan,0,0,dead_reckoning,0.7170697865416193,0.0015738283060269254,
16.0,0.7154959582355925,0.0013963709437064078,nan,0,0,cann_no_cue,0.7170697862854897,0.0015738280498971413,0.7961706624258938
16.0,0.7154959582355925,0.0013963709437064078,nan,0,0,cann_sparse_cue,0.7170697862854897,0.0015738280498971413,0.7961706624258938
16.0,0.7154959582355925,0.0013963709437064078,nan,0,0,cann_gated_cue,0.7170697862854897,0.0015738280498971413,0.7961706624258938
18.0,0.7177625475115532,0.0011894496750994585,nan,0,0,dead_reckoning,0.7198625284290321,0.002099980917479094,
18.0,0.7177625475115532,0.0011894496750994585,nan,0,0,cann_no_cue,0.7198625281726728,0.002099980661119716,0.7961706624361939
18.0,0.7177625475115532,0.0011894496750994585,nan,0,0,cann_sparse_cue,0.7198625281726728,0.002099980661119716,0.7961706624361939
18.0,0.7177625475115532,0.0011894496750994585,nan,0,0,cann_gated_cue,0.7198625281726728,0.002099980661119716,0.7961706624361939
20.0,0.7200496921789997,0.0015029482339510532,0.7217042440369816,1,1,dead_reckoning,0.7222414277792311,0.002191735600231226,
20.0,0.7200496921789997,0.0015029482339510532,0.7217042440369816,1,1,cann_no_cue,0.7222414275227276,0.002191735343727963,0.7961706624192607
20.0,0.7200496921789997,0.0015029482339510532,0.7217042440369816,1,1,cann_sparse_cue,0.7219771155211522,0.0019274233421526787,0.8542898059857664
20.0,0.7200496921789997,0.0015029482339510532,0.7217042440369816,1,1,cann_gated_cue,0.7219771155211522,0.0019274233421526787,0.8542898059857664
22.0,0.7223570540896984,0.0011543851134193737,nan,0,0,dead_reckoning,0.7252473242471331,0.0028902701574349265,
22.0,0.7223570540896984,0.0011543851134193737,nan,0,0,cann_no_cue,0.725247323990345,0.002890269900646558,0.7961706624459728
22.0,0.7223570540896984,0.0011543851134193737,nan,0,0,cann_sparse_cue,0.7249785523413539,0.002621498251655474,0.796170662445973
22.0,0.7223570540896984,0.0011543851134193737,nan,0,0,cann_gated_cue,0.7249785523413539,0.002621498251655474,0.796170662445973
24.0,0.7246842596275007,0.001129813353449385,nan,0,0,dead_reckoning,0.7275560944739718,0.002871834846470911,
24.0,0.7246842596275007,0.001129813353449385,nan,0,0,cann_no_cue,0.7275560942170509,0.002871834589550204,0.7961706624166599
24.0,0.7246842596275007,0.001129813353449385,nan,0,0,cann_sparse_cue,0.72728732256806,0.00260306294055912,0.7961706624166597
24.0,0.7246842596275007,0.001129813353449385,nan,0,0,cann_gated_cue,0.72728732256806,0.00260306294055912,0.7961706624166597
26.0,0.7270309003637936,0.0012156596236223465,nan,0,0,dead_reckoning,0.7298157211808707,0.002784820817077094,
26.0,0.7270309003637936,0.0012156596236223465,nan,0,0,cann_no_cue,0.7298157209238278,0.0027848205600342624,0.7961706624148837
26.0,0.7270309003637936,0.0012156596236223465,nan,0,0,cann_sparse_cue,0.7295469492748369,0.0025160489110431783,0.7961706624148838
26.0,0.7270309003637936,0.0012156596236223465,nan,0,0,cann_gated_cue,0.7295469492748369,0.0025160489110431783,0.7961706624148838
28.0,0.7293965337740214,0.0012664417310912777,nan,0,0,dead_reckoning,0.7322470404281154,0.0028505066540942536,
28.0,0.7293965337740214,0.0012664417310912777,nan,0,0,cann_no_cue,0.7322470401709211,0.0028505063968999877,0.7961706624212556
28.0,0.7293965337740214,0.0012664417310912777,nan,0,0,cann_sparse_cue,0.73197826852193,0.0025817347479089037,0.7961706624212557
28.0,0.7293965337740214,0.0012664417310912777,nan,0,0,cann_gated_cue,0.73197826852193,0.0025817347479089037,0.7961706624212557
30.0,0.7317806840140249,0.0010538480051316848,nan,0,0,dead_reckoning,0.7347799238902979,0.002999239876273041,
30.0,0.7317806840140249,0.0010538480051316848,nan,0,0,cann_no_cue,0.7347799236329322,0.0029992396189073567,0.7961706624252446
30.0,0.7317806840140249,0.0010538480051316848,nan,0,0,cann_sparse_cue,0.7345111519839411,0.0027304679699162726,0.7961706624252447
30.0,0.7317806840140249,0.0010538480051316848,nan,0,0,cann_gated_cue,0.7345111519839411,0.0027304679699162726,0.7961706624252447
32.0,0.7341828427548331,0.0013012293534363816,nan,0,0,dead_reckoning,0.7368876199005613,0.0027047771457282543,
32.0,0.7341828427548331,0.0013012293534363816,nan,0,0,cann_no_cue,0.7368876196430956,0.00270477688826265,0.7961706624096339
32.0,0.7341828427548331,0.0013012293534363816,nan,0,0,cann_sparse_cue,0.736618847994104,0.0024360052392706777,0.796170662409634
32.0,0.7341828427548331,0.0013012293534363816,nan,0,0,cann_gated_cue,0.736618847994104,0.0024360052392706777,0.796170662409634
34.0,0.7366024700744457,0.001023328518445251,nan,0,0,dead_reckoning,0.7394900786074341,0.002887608532988306,
34.0,0.7366024700744457,0.001023328518445251,nan,0,0,cann_no_cue,0.7394900783497835,0.0028876082753379606,0.7961706624280713
34.0,0.7366024700744457,0.001023328518445251,nan,0,0,cann_sparse_cue,0.7392213067007923,0.0026188366263468765,0.7961706624280716
34.0,0.7366024700744457,0.001023328518445251,nan,0,0,cann_gated_cue,0.7392213067007923,0.0026188366263468765,0.7961706624280716
36.0,0.7390389954050388,0.0015616227975463134,nan,0,0,dead_reckoning,0.7415367356443245,0.0024977402392858394,
36.0,0.7390389954050388,0.0015616227975463134,nan,0,0,cann_no_cue,0.741536735386582,0.0024977399815431234,0.7961706624076276
36.0,0.7390389954050388,0.0015616227975463134,nan,0,0,cann_sparse_cue,0.7412679637375906,0.002228968332551595,0.7961706624076275
36.0,0.7390389954050388,0.0015616227975463134,nan,0,0,cann_gated_cue,0.7412679637375906,0.002228968332551595,0.7961706624076275
38.0,0.7414918185339356,0.0013110770333219775,nan,0,0,dead_reckoning,0.7446599812394171,0.003168162705481592,
38.0,0.7414918185339356,0.0013110770333219775,nan,0,0,cann_no_cue,0.7446599809813569,0.003168162447421352,0.7961706624516635
38.0,0.7414918185339356,0.0013110770333219775,nan,0,0,cann_sparse_cue,0.7443912093323656,0.002899390798429824,0.7961706624516636
38.0,0.7414918185339356,0.0013110770333219775,nan,0,0,cann_gated_cue,0.7443912093323656,0.002899390798429824,0.7961706624516636
40.0,0.743960310656583,0.0012207174530389556,0.7442975950927394,1,1,dead_reckoning,0.7472821353060611,0.0033218246494781667,
40.0,0.743960310656583,0.0012207174530389556,0.7442975950927394,1,1,cann_no_cue,0.7472821350478072,0.003321824391224304,0.7961706624288856
40.0,0.743960310656583,0.0012207174530389556,0.7442975950927394,1,1,cann_sparse_cue,0.7445988250962626,0.0006385144396796605,0.8542898046153538
40.0,0.743960310656583,0.0012207174530389556,0.7442975950927394,1,1,cann_gated_cue,0.7445988250962626,0.0006385144396796605,0.8542898046153538
42.0,0.7464438154796883,0.0011800298147955747,nan,0,0,dead_reckoning,0.7497235702121391,0.0032797547324507903,
42.0,0.7464438154796883,0.0011800298147955747,nan,0,0,cann_no_cue,0.7497235699537307,0.0032797544740423845,0.7961706624216457
42.0,0.7464438154796883,0.0011800298147955747,nan,0,0,cann_sparse_cue,0.7470362473406512,0.0005924318609631385,0.7961706624216459
42.0,0.7464438154796883,0.0011800298147955747,nan,0,0,cann_gated_cue,0.7470362473406512,0.0005924318609631385,0.7961706624216459
44.0,0.7489416503725812,0.0012846682914828596,nan,0,0,dead_reckoning,0.7520836298417302,0.003141979469148737,
44.0,0.7489416503725812,0.0012846682914828596,nan,0,0,cann_no_cue,0.7520836295831825,0.003141979210601331,0.796170662418554
44.0,0.7489416503725812,0.0012846682914828596,nan,0,0,cann_sparse_cue,0.7493963069701031,0.000454656597521641,0.7961706624185543
44.0,0.7489416503725812,0.0012846682914828596,nan,0,0,cann_gated_cue,0.7493963069701031,0.000454656597521641,0.7961706624185543
46.0,0.7514531075647792,0.0013242444012721997,nan,0,0,dead_reckoning,0.7546529664246959,0.0031998588599169153,
46.0,0.7514531075647792,0.0013242444012721997,nan,0,0,cann_no_cue,0.7546529661659698,0.0031998586011905417,0.7961706624267159
46.0,0.7514531075647792,0.0013242444012721997,nan,0,0,cann_sparse_cue,0.7519656435528903,0.0005125359881112956,0.796170662426716
46.0,0.7514531075647792,0.0013242444012721997,nan,0,0,cann_gated_cue,0.7519656435528903,0.0005125359881112956,0.796170662426716
48.0,0.7539774553876584,0.001173561980173041,nan,0,0,dead_reckoning,0.7573014552272403,0.0033239998395817594,
48.0,0.7539774553876584,0.001173561980173041,nan,0,0,cann_no_cue,0.7573014549683176,0.0033239995806590983,0.7961706624299837
48.0,0.7539774553876584,0.001173561980173041,nan,0,0,cann_sparse_cue,0.7546141323552382,0.0006366769675798523,0.7961706624299839
48.0,0.7539774553876584,0.001173561980173041,nan,0,0,cann_gated_cue,0.7546141323552382,0.0006366769675798523,0.7961706624299839
50.0,0.7565139395580479,0.0011916842096034751,nan,0,0,dead_reckoning,0.7596485791875864,0.003134639629538416,
50.0,0.7565139395580479,0.0011916842096034751,nan,0,0,cann_no_cue,0.7596485789285259,0.0031346393704780873,0.7961706624180728
50.0,0.7565139395580479,0.0011916842096034751,nan,0,0,cann_sparse_cue,0.7569612563154464,0.00044731675739839716,0.7961706624180723
50.0,0.7565139395580479,0.0011916842096034751,nan,0,0,cann_gated_cue,0.7569612563154464,0.00044731675739839716,0.7961706624180723
52.0,0.7590617845014996,0.0013239704019049913,nan,0,0,dead_reckoning,0.7620319476067934,0.002970163105293633,
52.0,0.7590617845014996,0.0013239704019049913,nan,0,0,cann_no_cue,0.76203194734759,0.0029701628460903073,0.7961706624194292
52.0,0.7590617845014996,0.0013239704019049913,nan,0,0,cann_sparse_cue,0.7593446247345107,0.0002828402330110613,0.796170662419429
52.0,0.7590617845014996,0.0013239704019049913,nan,0,0,cann_gated_cue,0.7593446247345107,0.0002828402330110613,0.796170662419429
54.0,0.7616201947129091,0.0012685361476370168,nan,0,0,dead_reckoning,0.7646798884106033,0.003059693697694321,
54.0,0.7616201947129091,0.0012685361476370168,nan,0,0,cann_no_cue,0.7646798881512047,0.0030596934382955965,0.7961706624299608
54.0,0.7616201947129091,0.0012685361476370168,nan,0,0,cann_sparse_cue,0.7619925655381251,0.00037237082521590636,0.7961706624299608
54.0,0.7616201947129091,0.0012685361476370168,nan,0,0,cann_gated_cue,0.7619925655381251,0.00037237082521590636,0.7961706624299608
56.0,0.7641883561521018,0.0015288683657035292,nan,0,0,dead_reckoning,0.7672169607058773,0.0030286045537755157,
56.0,0.7641883561521018,0.0015288683657035292,nan,0,0,cann_no_cue,0.7672169604463054,0.0030286042942035962,0.7961706624254127
56.0,0.7641883561521018,0.0015288683657035292,nan,0,0,cann_sparse_cue,0.7645296378332259,0.0003412816811243502,0.7961706624254126
56.0,0.7641883561521018,0.0015288683657035292,nan,0,0,cann_gated_cue,0.7645296378332259,0.0003412816811243502,0.7961706624254126
58.0,0.766765437671936,0.0015686500602374713,nan,0,0,dead_reckoning,0.7702746974372844,0.003509259765348549,
58.0,0.766765437671936,0.0015686500602374713,nan,0,0,cann_no_cue,0.7702746971774123,0.0035092595054764253,0.7961706624484598
58.0,0.766765437671936,0.0015686500602374713,nan,0,0,cann_sparse_cue,0.7675873745643327,0.0008219368923967352,0.7961706624484599
58.0,0.766765437671936,0.0015686500602374713,nan,0,0,cann_gated_cue,0.7675873745643327,0.0008219368923967352,0.7961706624484599
60.0,0.7693505924764173,0.0013869113940593219,0.7696217403229952,1,1,dead_reckoning,0.7734119975577594,0.004061405081341896,
60.0,0.7693505924764173,0.0013869113940593219,0.7696217403229952,1,1,cann_no_cue,0.7734119972975602,0.004061404821142922,0.7961706624523595
60.0,0.7693505924764173,0.0013869113940593219,0.7696217403229952,1,1,cann_sparse_cue,0.76998168883626,0.0006310963598425978,0.8542898013671151
60.0,0.7693505924764173,0.0013869113940593219,0.7696217403229952,1,1,cann_gated_cue,0.76998168883626,0.0006310963598425978,0.8542898013671151
62.0,0.7719429596062675,0.0014644537106312,nan,0,0,dead_reckoning,0.776185820345878,0.0042428607396107765,
62.0,0.7719429596062675,0.0014644537106312,nan,0,0,cann_no_cue,0.776185820085451,0.004242860479183541,0.7961706624353605
62.0,0.7719429596062675,0.0014644537106312,nan,0,0,cann_sparse_cue,0.7727508661178885,0.0008079065116208817,0.7961706624353607
62.0,0.7719429596062675,0.0014644537106312,nan,0,0,cann_gated_cue,0.7727508661178885,0.0008079065116208817,0.7961706624353607
64.0,0.774541665449338,0.001149623588876682,nan,0,0,dead_reckoning,0.7791147277671404,0.00457306231780219,
64.0,0.774541665449338,0.001149623588876682,nan,0,0,cann_no_cue,0.7791147275064478,0.0045730620571098335,0.7961706624423578
64.0,0.774541665449338,0.001149623588876682,nan,0,0,cann_sparse_cue,0.7756797735388856,0.001138108089547618,0.796170662442358
64.0,0.774541665449338,0.001149623588876682,nan,0,0,cann_gated_cue,0.7756797735388856,0.001138108089547618,0.796170662442358
66.0,0.777145825273224,0.0015062723557579102,nan,0,0,dead_reckoning,0.7814139749448937,0.004268149671669885,
66.0,0.777145825273224,0.0015062723557579102,nan,0,0,cann_no_cue,0.7814139746840704,0.004268149410846522,0.7961706624163126
66.0,0.777145825273224,0.0015062723557579102,nan,0,0,cann_sparse_cue,0.777979020716508,0.0008331954432838629,0.7961706624163125
66.0,0.777145825273224,0.0015062723557579102,nan,0,0,cann_gated_cue,0.777979020716508,0.0008331954432838629,0.7961706624163125
68.0,0.7797545447773845,0.0013947053192212393,nan,0,0,dead_reckoning,0.7844265196564095,0.004671974879025154,
68.0,0.7797545447773845,0.0013947053192212393,nan,0,0,cann_no_cue,0.7844265193953,0.004671974617915353,0.7961706624462893
68.0,0.7797545447773845,0.0013947053192212393,nan,0,0,cann_sparse_cue,0.7809915654277378,0.0012370206503531378,0.7961706624462894
68.0,0.7797545447773845,0.0013947053192212393,nan,0,0,cann_gated_cue,0.7809915654277378,0.0012370206503531378,0.7961706624462894
70.0,0.7823669216620504,0.0014892812893809344,nan,0,0,dead_reckoning,0.787215930294852,0.004849008632801688,
70.0,0.7823669216620504,0.0014892812893809344,nan,0,0,cann_no_cue,0.7872159300335111,0.004849008371460961,0.7961706624360467
70.0,0.7823669216620504,0.0014892812893809344,nan,0,0,cann_sparse_cue,0.7837809760659493,0.0014140544038987457,0.7961706624360466
70.0,0.7823669216620504,0.0014892812893809344,nan,0,0,cann_gated_cue,0.7837809760659493,0.0014140544038987457,0.7961706624360466
72.0,0.7849820472111642,0.001682385699338471,nan,0,0,dead_reckoning,0.790194492873614,0.005212445662449827,
72.0,0.7849820472111642,0.001682385699338471,nan,0,0,cann_no_cue,0.7901944926119939,0.005212445400829768,0.7961706624446785
72.0,0.7849820472111642,0.001682385699338471,nan,0,0,cann_sparse_cue,0.7867595386444322,0.001777491433267997,0.7961706624446786
72.0,0.7849820472111642,0.001682385699338471,nan,0,0,cann_gated_cue,0.7867595386444322,0.001777491433267997,0.7961706624446786
74.0,0.7875990078865768,0.000997309487112296,nan,0,0,dead_reckoning,0.7935592642722908,0.005960256385713958,
74.0,0.7875990078865768,0.000997309487112296,nan,0,0,cann_no_cue,0.7935592640102694,0.005960256123692886,0.7961706624640614
74.0,0.7875990078865768,0.000997309487112296,nan,0,0,cann_sparse_cue,0.7901243100427078,0.002525302156131115,0.7961706624640612
74.0,0.7875990078865768,0.000997309487112296,nan,0,0,cann_gated_cue,0.7901243100427078,0.002525302156131115,0.7961706624640612
76.0,0.7902168869307042,0.0014417650081452764,nan,0,0,dead_reckoning,0.7955538832465154,0.005336996315810971,
76.0,0.7902168869307042,0.0014417650081452764,nan,0,0,cann_no_cue,0.7955538829844054,0.005336996053701082,0.7961706624059637
76.0,0.7902168869307042,0.0014417650081452764,nan,0,0,cann_sparse_cue,0.7921189290168438,0.0019020420861393106,0.7961706624059637
76.0,0.7902168869307042,0.0014417650081452764,nan,0,0,cann_gated_cue,0.7921189290168438,0.0019020420861393106,0.7961706624059637
78.0,0.7928347659748316,0.0012044674615692718,nan,0,0,dead_reckoning,0.798437413262806,0.005602647287974438,
78.0,0.7928347659748316,0.0012044674615692718,nan,0,0,cann_no_cue,0.798437413000446,0.005602647025614527,0.796170662440271
78.0,0.7928347659748316,0.0012044674615692718,nan,0,0,cann_sparse_cue,0.7950024590328842,0.0021676930580527554,0.7961706624402711
78.0,0.7928347659748316,0.0012044674615692718,nan,0,0,cann_gated_cue,0.7950024590328842,0.0021676930580527554,0.7961706624402711
80.0,0.7954517266502443,0.0014926813161668727,0.7970755395034643,1,1,dead_reckoning,0.8008463481859446,0.005394621535700139,
80.0,0.7954517266502443,0.0014926813161668727,0.7970755395034643,1,1,cann_no_cue,0.8008463479234347,0.0053946212731901255,0.7961706624203986
80.0,0.7954517266502443,0.0014926813161668727,0.7970755395034643,1,1,cann_sparse_cue,0.7973518115296013,0.0019000848793568892,0.854289805829854
80.0,0.7954517266502443,0.0014926813161668727,0.7970755395034643,1,1,cann_gated_cue,0.7973518115296013,0.0019000848793568892,0.854289805829854
82.0,0.798066852199358,0.0011553599537400144,nan,0,0,dead_reckoning,0.8038317108182783,0.005764858618920066,
82.0,0.798066852199358,0.0011553599537400144,nan,0,0,cann_no_cue,0.8038317105554896,0.005764858356131608,0.7961706624449997
82.0,0.798066852199358,0.0011553599537400144,nan,0,0,cann_sparse_cue,0.8003327191987747,0.002265866999416666,0.7961706624449998
82.0,0.798066852199358,0.0011553599537400144,nan,0,0,cann_gated_cue,0.8003327191987747,0.002265866999416666,0.7961706624449998
84.0,0.8006792290840239,0.0012959285175920966,nan,0,0,dead_reckoning,0.8061424307257583,0.005463201641734194,
84.0,0.8006792290840239,0.0012959285175920966,nan,0,0,cann_no_cue,0.8061424304628364,0.00546320137881251,0.7961706624167307
84.0,0.8006792290840239,0.0012959285175920966,nan,0,0,cann_sparse_cue,0.8026434391061216,0.001964210022097568,0.7961706624167311
84.0,0.8006792290840239,0.0012959285175920966,nan,0,0,cann_gated_cue,0.8026434391061216,0.001964210022097568,0.7961706624167311
86.0,0.8032879485881844,0.0014108321274928265,nan,0,0,dead_reckoning,0.8087342877609425,0.005446339172757941,
86.0,0.8032879485881844,0.0014108321274928265,nan,0,0,cann_no_cue,0.8087342874978376,0.005446338909653292,0.7961706624276359
86.0,0.8032879485881844,0.0014108321274928265,nan,0,0,cann_sparse_cue,0.8052352961411227,0.00194734755293835,0.7961706624276357
86.0,0.8032879485881844,0.0014108321274928265,nan,0,0,cann_gated_cue,0.8052352961411227,0.00194734755293835,0.7961706624276357
88.0,0.8058921084120704,0.001479313896214717,nan,0,0,dead_reckoning,0.8115559520159281,0.005663843603857632,
88.0,0.8058921084120704,0.001479313896214717,nan,0,0,cann_no_cue,0.8115559517525865,0.005663843340516284,0.7961706624374786
88.0,0.8058921084120704,0.001479313896214717,nan,0,0,cann_sparse_cue,0.8080569603958715,0.0021648519838013414,0.7961706624374785
88.0,0.8058921084120704,0.001479313896214717,nan,0,0,cann_gated_cue,0.8080569603958715,0.0021648519838013414,0.7961706624374785
90.0,0.8084908142551409,0.001382592338411747,nan,0,0,dead_reckoning,0.8145145798083576,0.006023765553216709,
90.0,0.8084908142551409,0.001382592338411747,nan,0,0,cann_no_cue,0.8145145795447423,0.006023765289601357,0.7961706624437423
90.0,0.8084908142551409,0.001382592338411747,nan,0,0,cann_sparse_cue,0.8110155881880273,0.002524773932886415,0.7961706624437422
90.0,0.8084908142551409,0.001382592338411747,nan,0,0,cann_gated_cue,0.8110155881880273,0.002524773932886415,0.7961706624437422
92.0,0.811083181384991,0.001227732714319342,nan,0,0,dead_reckoning,0.8172797644851811,0.006196583100190001,
92.0,0.811083181384991,0.001227732714319342,nan,0,0,cann_no_cue,0.817279764221341,0.00619658283634994,0.796170662434982
92.0,0.811083181384991,0.001227732714319342,nan,0,0,cann_sparse_cue,0.8137807728646259,0.0026975914796349976,0.7961706624349822
92.0,0.811083181384991,0.001227732714319342,nan,0,0,cann_gated_cue,0.8137807728646259,0.0026975914796349976,0.7961706624349822
94.0,0.8136683361894725,0.0012629622505153093,nan,0,0,dead_reckoning,0.8197352299138198,0.0060668937243471,
94.0,0.8136683361894725,0.0012629622505153093,nan,0,0,cann_no_cue,0.8197352296498222,0.0060668934603498315,0.7961706624221894
94.0,0.8136683361894725,0.0012629622505153093,nan,0,0,cann_sparse_cue,0.8162362382931069,0.002567902103634445,0.7961706624221893
94.0,0.8136683361894725,0.0012629622505153093,nan,0,0,cann_gated_cue,0.8162362382931069,0.002567902103634445,0.7961706624221893
96.0,0.8162454177093067,0.0015124177433880027,nan,0,0,dead_reckoning,0.8222611544148504,0.006015736705543784,
96.0,0.8162454177093067,0.0015124177433880027,nan,0,0,cann_no_cue,0.8222611541506825,0.006015736441375985,0.796170662424966
96.0,0.8162454177093067,0.0015124177433880027,nan,0,0,cann_sparse_cue,0.8187621627939671,0.0025167450846605988,0.7961706624249659
96.0,0.8162454177093067,0.0015124177433880027,nan,0,0,cann_gated_cue,0.8187621627939671,0.0025167450846605988,0.7961706624249659
98.0,0.8188135791484993,0.0013566066668107843,nan,0,0,dead_reckoning,0.8252859899016264,0.0064724107531271,
98.0,0.8188135791484993,0.0013566066668107843,nan,0,0,cann_no_cue,0.8252859896371679,0.006472410488668423,0.7961706624468763
98.0,0.8188135791484993,0.0013566066668107843,nan,0,0,cann_sparse_cue,0.8217869982804524,0.0029734191319530368,0.7961706624468763
98.0,0.8188135791484993,0.0013566066668107843,nan,0,0,cann_gated_cue,0.8217869982804524,0.0029734191319530368,0.7961706624468763
100.0,0.8213719893599087,0.0010599867240694543,0.8213522047926931,1,1,dead_reckoning,0.827999203235248,0.006627213875339155,
100.0,0.8213719893599087,0.0010599867240694543,0.8213522047926931,1,1,cann_no_cue,0.8279992029705768,0.006627213610668203,0.7961706624327294
100.0,0.8213719893599087,0.0010599867240694543,0.8213522047926931,1,1,cann_sparse_cue,0.8216639681415793,0.00029197878167064317,0.8542898040728537
100.0,0.8213719893599087,0.0010599867240694543,0.8213522047926931,1,1,cann_gated_cue,0.8216639681415793,0.00029197878167064317,0.8542898040728537
102.0,0.8239198343033605,0.0014913950866048402,nan,0,0,dead_reckoning,0.8301191766833869,0.006199342380026174,
102.0,0.8239198343033605,0.0014913950866048402,nan,0,0,cann_no_cue,0.8301191764186132,0.006199342115252637,0.7961706624100444
102.0,0.8239198343033605,0.0014913950866048402,nan,0,0,cann_sparse_cue,0.8237802111229744,-0.00013962318038629462,0.7961706624100445
102.0,0.8239198343033605,0.0014913950866048402,nan,0,0,cann_gated_cue,0.8237802111229744,-0.00013962318038629462,0.7961706624100445
104.0,0.82645631847375,0.0014143408855437538,nan,0,0,dead_reckoning,0.8331019668565965,0.006645648382846758,
104.0,0.82645631847375,0.0014143408855437538,nan,0,0,cann_no_cue,0.8331019665915459,0.006645648117795666,0.7961706624448779
104.0,0.82645631847375,0.0014143408855437538,nan,0,0,cann_sparse_cue,0.8267630012959072,0.00030668282215717824,0.7961706624448779
104.0,0.82645631847375,0.0014143408855437538,nan,0,0,cann_gated_cue,0.8267630012959072,0.00030668282215717824,0.7961706624448779
106.0,0.8289806662966291,0.0014852108984536648,nan,0,0,dead_reckoning,0.8359306486276841,0.006949982331054816,
106.0,0.8289806662966291,0.0014852108984536648,nan,0,0,cann_no_cue,0.8359306483623931,0.0069499820657639155,0.7961706624377922
106.0,0.8289806662966291,0.0014852108984536648,nan,0,0,cann_sparse_cue,0.8295916830667542,0.0006110167701249836,0.7961706624377921
106.0,0.8289806662966291,0.0014852108984536648,nan,0,0,cann_gated_cue,0.8295916830667542,0.0006110167701249836,0.7961706624377921
108.0,0.8314921234888273,0.001271547410932045,nan,0,0,dead_reckoning,0.8389010704245914,0.007408946935764327,
108.0,0.8314921234888273,0.001271547410932045,nan,0,0,cann_no_cue,0.8389010701590236,0.007408946670196315,0.7961706624442957
108.0,0.8314921234888273,0.001271547410932045,nan,0,0,cann_sparse_cue,0.8325621048633844,0.0010699813745569386,0.7961706624442956
108.0,0.8314921234888273,0.001271547410932045,nan,0,0,cann_gated_cue,0.8325621048633844,0.0010699813745569386,0.7961706624442956
110.0,0.8339899583817201,0.001462384614322822,nan,0,0,dead_reckoning,0.8414441652464555,0.007454206864735191,
110.0,0.8339899583817201,0.001462384614322822,nan,0,0,cann_no_cue,0.8414441649807117,0.007454206598991764,0.7961706624256548
110.0,0.8339899583817201,0.001462384614322822,nan,0,0,cann_sparse_cue,0.8351051996850728,0.001115241303352832,0.7961706624256547
110.0,0.8339899583817201,0.001462384614322822,nan,0,0,cann_gated_cue,0.8351051996850728,0.001115241303352832,0.7961706624256547
112.0,0.8364734632048254,0.0011296612209113247,nan,0,0,dead_reckoning,0.8443689344751011,0.007895471270275678,
112.0,0.8364734632048254,0.0011296612209113247,nan,0,0,cann_no_cue,0.8443689342090944,0.007895471004268906,0.7961706624421663
112.0,0.8364734632048254,0.0011296612209113247,nan,0,0,cann_sparse_cue,0.8380299689134553,0.0015565057086299738,0.7961706624421663
112.0,0.8364734632048254,0.0011296612209113247,nan,0,0,cann_gated_cue,0.8380299689134553,0.0015565057086299738,0.7961706624421663
114.0,0.8389419553274728,0.0014064021787259255,nan,0,0,dead_reckoning,0.8466282569169238,0.007686301589450828,
114.0,0.8389419553274728,0.0014064021787259255,nan,0,0,cann_no_cue,0.846628256650793,0.007686301323320155,0.7961706624148724
114.0,0.8389419553274728,0.0014064021787259255,nan,0,0,cann_sparse_cue,0.840289291355154,0.001347336027681223,0.7961706624148724
114.0,0.8389419553274728,0.0014064021787259255,nan,0,0,cann_gated_cue,0.840289291355154,0.001347336027681223,0.7961706624148724
116.0,0.8413947784563696,0.0012070175407222245,nan,0,0,dead_reckoning,0.8494410612743757,0.008046282818006123,
116.0,0.8413947784563696,0.0012070175407222245,nan,0,0,cann_no_cue,0.8494410610080119,0.008046282551642303,0.7961706624370837
116.0,0.8413947784563696,0.0012070175407222245,nan,0,0,cann_sparse_cue,0.8431020957123727,0.0017073172560033711,0.7961706624370835
116.0,0.8413947784563696,0.0012070175407222245,nan,0,0,cann_gated_cue,0.8431020957123727,0.0017073172560033711,0.7961706624370835
118.0,0.8438313037869627,0.0014003030445730105,nan,0,0,dead_reckoning,0.85185509635582,0.008023792568857324,
118.0,0.8438313037869627,0.0014003030445730105,nan,0,0,cann_no_cue,0.8518550960893058,0.008023792302342958,0.7961706624205931
118.0,0.8438313037869627,0.0014003030445730105,nan,0,0,cann_sparse_cue,0.8455161307936668,0.001684827006704026,0.7961706624205928
118.0,0.8438313037869627,0.0014003030445730105,nan,0,0,cann_gated_cue,0.8455161307936668,0.001684827006704026,0.7961706624205928
120.0,0.8462509311065752,0.0014496572667248883,0.8459811896343747,1,1,dead_reckoning,0.8546557024449661,0.008404771338391015,
120.0,0.8462509311065752,0.0014496572667248883,0.8459811896343747,1,1,cann_no_cue,0.854655702178221,0.008404771071645722,0.796170662436542
120.0,0.8462509311065752,0.0014496572667248883,0.8459811896343747,1,1,cann_sparse_cue,0.846302798672494,5.186756591868402e-05,0.8542898035526921
120.0,0.8462509311065752,0.0014496572667248883,0.8459811896343747,1,1,cann_gated_cue,0.846302798672494,5.186756591868402e-05,0.8542898035526921
122.0,0.8486530898473835,0.0011380271372560952,nan,0,0,dead_reckoning,0.8575550169784159,0.008901927131032217,
122.0,0.8486530898473835,0.0011380271372560952,nan,0,0,cann_no_cue,0.8575550167114133,0.008901926864029797,0.7961706624409931
122.0,0.8486530898473835,0.0011380271372560952,nan,0,0,cann_sparse_cue,0.8491975251299495,0.0005444352825660914,0.7961706624409933
122.0,0.8486530898473835,0.0011380271372560952,nan,0,0,cann_gated_cue,0.8491975251299495,0.0005444352825660914,0.7961706624409933
124.0,0.8510372400873869,0.001243433397978092,nan,0,0,dead_reckoning,0.859831071252928,0.00879383116554111,
124.0,0.8510372400873869,0.001243433397978092,nan,0,0,cann_no_cue,0.8598310709857984,0.008793830898411237,0.7961706624154731
124.0,0.8510372400873869,0.001243433397978092,nan,0,0,cann_sparse_cue,0.8514735794043351,0.00043633931694841976,0.7961706624154729
124.0,0.8510372400873869,0.001243433397978092,nan,0,0,cann_gated_cue,0.8514735794043351,0.00043633931694841976,0.7961706624154729
126.0,0.8534028734976148,0.0012442105692544601,nan,0,0,dead_reckoning,0.8623179380488842,0.008915064551269225,
126.0,0.8534028734976148,0.0012442105692544601,nan,0,0,cann_no_cue,0.8623179377815929,0.008915064283978147,0.7961706624234172
126.0,0.8534028734976148,0.0012442105692544601,nan,0,0,cann_sparse_cue,0.8539604462001297,0.0005575727025148858,0.7961706624234168
126.0,0.8534028734976148,0.0012442105692544601,nan,0,0,cann_gated_cue,0.8539604462001297,0.0005575727025148858,0.7961706624234168
128.0,0.8557495142339075,0.001436315042119163,nan,0,0,dead_reckoning,0.8648063591873931,0.009056844953485577,
128.0,0.8557495142339075,0.001436315042119163,nan,0,0,cann_no_cue,0.8648063589199393,0.009056844686031518,0.7961706624234783
128.0,0.8557495142339075,0.001436315042119163,nan,0,0,cann_sparse_cue,0.8564488673384757,0.0006993531045682566,0.7961706624234786
128.0,0.8557495142339075,0.001436315042119163,nan,0,0,cann_gated_cue,0.8564488673384757,0.0006993531045682566,0.7961706624234786
130.0,0.85807671977171,0.0013404692035478205,nan,0,0,dead_reckoning,0.8676789892716315,0.0096022694999216,
130.0,0.85807671977171,0.0013404692035478205,nan,0,0,cann_no_cue,0.8676789890039286,0.009602269232218852,0.7961706624397749
130.0,0.85807671977171,0.0013404692035478205,nan,0,0,cann_sparse_cue,0.8593214974224652,0.0012447776507551467,0.7961706624397745
130.0,0.85807671977171,0.0013404692035478205,nan,0,0,cann_gated_cue,0.8593214974224652,0.0012447776507551467,0.7961706624397745
132.0,0.8603840816824087,0.000994703305396089,nan,0,0,dead_reckoning,0.870359927678727,0.009975845996318178,
132.0,0.8603840816824087,0.000994703305396089,nan,0,0,cann_no_cue,0.8703599274108194,0.009975845728410704,0.7961706624313519
132.0,0.8603840816824087,0.000994703305396089,nan,0,0,cann_sparse_cue,0.8620024358293562,0.0016183541469474427,0.7961706624313518
132.0,0.8603840816824087,0.000994703305396089,nan,0,0,cann_gated_cue,0.8620024358293562,0.0016183541469474427,0.7961706624313518
134.0,0.8626712263498552,0.001280846790295715,nan,0,0,dead_reckoning,0.8723493342895192,0.009678107939663949,
134.0,0.8626712263498552,0.001280846790295715,nan,0,0,cann_no_cue,0.8723493340215263,0.00967810767167121,0.7961706624057995
134.0,0.8626712263498552,0.001280846790295715,nan,0,0,cann_sparse_cue,0.8639918424400634,0.001320616090208393,0.7961706624057995
134.0,0.8626712263498552,0.001280846790295715,nan,0,0,cann_gated_cue,0.8639918424400634,0.001320616090208393,0.7961706624057995
136.0,0.8649378156258158,0.0013124536427408947,nan,0,0,dead_reckoning,0.8749110278701107,0.009973212244294594,
136.0,0.8649378156258158,0.0013124536427408947,nan,0,0,cann_no_cue,0.874911027601942,0.009973211976125995,0.7961706624264057
136.0,0.8649378156258158,0.0013124536427408947,nan,0,0,cann_sparse_cue,0.8665535360204792,0.0016157203946631782,0.796170662426406
136.0,0.8649378156258158,0.0013124536427408947,nan,0,0,cann_gated_cue,0.8665535360204792,0.0016157203946631782,0.796170662426406
138.0,0.8671835474231981,0.0015437794080298138,nan,0,0,dead_reckoning,0.8775359351555925,0.01035238773239433,
138.0,0.8671835474231981,0.0015437794080298138,nan,0,0,cann_no_cue,0.8775359348872327,0.01035238746403433,0.7961706624289999
138.0,0.8671835474231981,0.0015437794080298138,nan,0,0,cann_sparse_cue,0.86917844330577,0.0019948958825719565,0.796170662429
138.0,0.8671835474231981,0.0015437794080298138,nan,0,0,cann_gated_cue,0.86917844330577,0.0019948958825719565,0.796170662429
140.0,0.8694081562460145,0.000875408356490838,0.9554413266256915,1,0,dead_reckoning,0.8806234939716522,0.011215337725637653,
140.0,0.8694081562460145,0.000875408356490838,0.9554413266256915,1,0,cann_no_cue,0.8806234937029832,0.011215337456968566,0.7961706624499097
140.0,0.8694081562460145,0.000875408356490838,0.9554413266256915,1,0,cann_sparse_cue,0.955777434928709,0.08636927868269462,0.8542898030290532
140.0,0.8694081562460145,0.000875408356490838,0.9554413266256915,1,0,cann_gated_cue,0.8722660021215202,0.002857845875505749,0.7961706624499097
142.0,0.8716114136551525,0.0010626240746142324,nan,0,0,dead_reckoning,0.8823743106846338,0.010762897029481522,
142.0,0.8716114136551525,0.0010626240746142324,nan,0,0,cann_no_cue,0.882374310415905,0.010762896760752483,0.7961706623987391
142.0,0.8716114136551525,0.0010626240746142324,nan,0,0,cann_sparse_cue,0.9575247963596335,0.08591338270448112,0.7961706623987392
142.0,0.8716114136551525,0.0010626240746142324,nan,0,0,cann_gated_cue,0.8740168188344416,0.0024054051792892217,0.7961706623987391
144.0,0.8737931286691343,0.0013741019764520904,nan,0,0,dead_reckoning,0.8844995588338622,0.01070643016472772,
144.0,0.8737931286691343,0.0013741019764520904,nan,0,0,cann_no_cue,0.8844995585650332,0.010706429895898761,0.7961706624102218
144.0,0.8737931286691343,0.0013741019764520904,nan,0,0,cann_sparse_cue,0.9596500445087619,0.08585691583962785,0.7961706624102215
144.0,0.8737931286691343,0.0013741019764520904,nan,0,0,cann_gated_cue,0.8761420669835703,0.0023489383144359444,0.7961706624102217
146.0,0.8759531480991635,0.0008976885430740568,nan,0,0,dead_reckoning,0.8872477627867664,0.011294614687602955,
146.0,0.8759531480991635,0.0008976885430740568,nan,0,0,cann_no_cue,0.8872477625177201,0.011294614418556392,0.7961706624342413
146.0,0.8759531480991635,0.0008976885430740568,nan,0,0,cann_sparse_cue,0.9623982484614492,0.08644510036228592,0.7961706624342413
146.0,0.8759531480991635,0.0008976885430740568,nan,0,0,cann_gated_cue,0.8788902709362575,0.0029371228370940194,0.7961706624342415
148.0,0.8780913568178702,0.0009151549221230753,nan,0,0,dead_reckoning,0.8890431398729145,0.010951783055044295,
148.0,0.8780913568178702,0.0009151549221230753,nan,0,0,cann_no_cue,0.8890431396038052,0.010951782785935116,0.7961706623999893
148.0,0.8780913568178702,0.0009151549221230753,nan,0,0,cann_sparse_cue,0.9641936255475343,0.0861022687296642,0.7961706623999893
148.0,0.8780913568178702,0.0009151549221230753,nan,0,0,cann_gated_cue,0.8806856480223422,0.0025942912044718547,0.7961706623999895
150.0,0.8802076779612834,0.0012082076936815326,nan,0,0,dead_reckoning,0.8908734497171606,0.010665771755877351,
150.0,0.8802076779612834,0.0012082076936815326,nan,0,0,cann_no_cue,0.8908734494479871,0.010665771486703779,0.7961706624009912
150.0,0.8802076779612834,0.0012082076936815326,nan,0,0,cann_sparse_cue,0.9660239353917162,0.08581625743043286,0.7961706624009911
150.0,0.8802076779612834,0.0012082076936815326,nan,0,0,cann_gated_cue,0.8825159578665244,0.002308279905240962,0.7961706624009913
152.0,0.8823020730636766,0.0012830384776880259,nan,0,0,dead_reckoning,0.8932898651045238,0.01098779204084721,
152.0,0.8823020730636766,0.0012830384776880259,nan,0,0,cann_no_cue,0.8932898648352029,0.0109877917715262,0.796170662420684
152.0,0.8823020730636766,0.0012830384776880259,nan,0,0,cann_sparse_cue,0.9684403507789321,0.08613827771525528,0.7961706624206838
152.0,0.8823020730636766,0.0012830384776880259,nan,0,0,cann_gated_cue,0.8849323732537403,0.002630300190063828,0.7961706624206839
154.0,0.8843745421250497,0.0009703270357844701,nan,0,0,dead_reckoning,0.8958559420598998,0.011481399934849978,
154.0,0.8843745421250497,0.0009703270357844701,nan,0,0,cann_no_cue,0.8958559417904012,0.011481399665351333,0.7961706624265837
154.0,0.8843745421250497,0.0009703270357844701,nan,0,0,cann_sparse_cue,0.9710064277341304,0.08663188560908086,0.7961706624265839
154.0,0.8843745421250497,0.0009703270357844701,nan,0,0,cann_gated_cue,0.8874984502089384,0.003123908083888516,0.7961706624265837
156.0,0.8864251236111295,0.0011698553448023046,nan,0,0,dead_reckoning,0.8977965961314687,0.01137147252033932,
156.0,0.8864251236111295,0.0011698553448023046,nan,0,0,cann_no_cue,0.8977965958618915,0.011371472250762071,0.7961706624042834
156.0,0.8864251236111295,0.0011698553448023046,nan,0,0,cann_sparse_cue,0.9729470818056207,0.08652195819449116,0.7961706624042834
156.0,0.8864251236111295,0.0011698553448023046,nan,0,0,cann_gated_cue,0.8894391042804287,0.0030139806692992543,0.7961706624042836
158.0,0.8884538943858866,0.001082949275763547,nan,0,0,dead_reckoning,0.9001363068210734,0.011682412435186862,
158.0,0.8884538943858866,0.001082949275763547,nan,0,0,cann_no_cue,0.9001363065513623,0.011682412165475498,0.7961706624177975
158.0,0.8884538943858866,0.001082949275763547,nan,0,0,cann_sparse_cue,0.9752867924950914,0.08683289810920503,0.7961706624177977
158.0,0.8884538943858866,0.001082949275763547,nan,0,0,cann_gated_cue,0.8917788149698993,0.0033249205840126805,0.7961706624177975
160.0,0.8904609695766912,0.001320664658868288,0.8900132785891635,1,1,dead_reckoning,0.9023022053726004,0.011841235795909455,
160.0,0.8904609695766912,0.001320664658868288,0.8900132785891635,1,1,cann_no_cue,0.902302205102782,0.011841235526090621,0.7961706624116017
160.0,0.8904609695766912,0.001320664658868288,0.8900132785891635,1,1,cann_sparse_cue,0.8902804280390912,-0.00018054153759994307,0.8542898060131119
160.0,0.8904609695766912,0.001320664658868288,0.8900132785891635,1,1,cann_gated_cue,0.8902624569860473,-0.00019851259064385118,0.8542898070138323
162.0,0.8924465023723397,0.001045608098396437,nan,0,0,dead_reckoning,0.9049435346903371,0.01249703231799737,
162.0,0.8924465023723397,0.001045608098396437,nan,0,0,cann_no_cue,0.9049435344203256,0.012497032047985801,0.7961706624296843
162.0,0.8924465023723397,0.001045608098396437,nan,0,0,cann_sparse_cue,0.8929176932393419,0.0004711908670023135,0.7961706624296843
162.0,0.8924465023723397,0.001045608098396437,nan,0,0,cann_gated_cue,0.8928998210106656,0.00045331863832576147,0.7961706624296843
164.0,0.8944106837543097,0.0012000916419445916,nan,0,0,dead_reckoning,0.9070347508871299,0.012624067132820382,
164.0,0.8944106837543097,0.0012000916419445916,nan,0,0,cann_no_cue,0.9070347506170202,0.01262406686271067,0.7961706624090862
164.0,0.8944106837543097,0.0012000916419445916,nan,0,0,cann_sparse_cue,0.8950089094360366,0.0005982256817267384,0.7961706624090862
164.0,0.8944106837543097,0.0012000916419445916,nan,0,0,cann_gated_cue,0.8949910372073605,0.0005803534530510746,0.7961706624090864
166.0,0.8963537421617138,0.0008533083745553382,nan,0,0,dead_reckoning,0.9094349341710191,0.01308119200930502,
166.0,0.8963537421617138,0.0008533083745553382,nan,0,0,cann_no_cue,0.9094349339007647,0.013081191739050979,0.7961706624200655
166.0,0.8963537421617138,0.0008533083745553382,nan,0,0,cann_sparse_cue,0.897409092719781,0.0010553505580670475,0.7961706624200651
166.0,0.8963537421617138,0.0008533083745553382,nan,0,0,cann_gated_cue,0.8973912204911048,0.0010374783293909395,0.7961706624200654
168.0,0.8982759430905396,0.000972749891118214,nan,0,0,dead_reckoning,0.9111415509201297,0.012865607829589898,
168.0,0.8982759430905396,0.000972749891118214,nan,0,0,cann_no_cue,0.9111415506498218,0.012865607559282122,0.7961706623975301
168.0,0.8982759430905396,0.000972749891118214,nan,0,0,cann_sparse_cue,0.8991157094688383,0.0008397663782986342,0.7961706623975303
168.0,0.8982759430905396,0.000972749891118214,nan,0,0,cann_gated_cue,0.8990978372401619,0.0008218941496220822,0.7961706623975303
170.0,0.9001775886278793,0.0009813862895879132,nan,0,0,dead_reckoning,0.9130870507023662,0.012909462074486733,
170.0,0.9001775886278793,0.0009813862895879132,nan,0,0,cann_no_cue,0.9130870504319812,0.01290946180410213,0.7961706624044323
170.0,0.9001775886278793,0.0009813862895879132,nan,0,0,cann_sparse_cue,0.9010612092509979,0.0008836206231186416,0.7961706624044326
170.0,0.9001775886278793,0.0009813862895879132,nan,0,0,cann_gated_cue,0.9010433370223216,0.0008657483944425337,0.7961706624044325
172.0,0.9020590169219671,0.0011839938446160374,nan,0,0,dead_reckoning,0.915049823281542,0.012990806359574947,
172.0,0.9020590169219671,0.0011839938446160374,nan,0,0,cann_no_cue,0.9150498230110778,0.012990806089110851,0.7961706624049665
172.0,0.9020590169219671,0.0011839938446160374,nan,0,0,cann_sparse_cue,0.9030239818300944,0.0009649649081273637,0.7961706624049666
172.0,0.9020590169219671,0.0011839938446160374,nan,0,0,cann_gated_cue,0.9030061096014181,0.0009470926794508117,0.7961706624049665
174.0,0.9039206015889512,0.0010766207850268798,nan,0,0,dead_reckoning,0.9174178109707741,0.013497209381823083,
174.0,0.9039206015889512,0.0010766207850268798,nan,0,0,cann_no_cue,0.917417810700171,0.013497209111219988,0.7961706624188507
174.0,0.9039206015889512,0.0010766207850268798,nan,0,0,cann_sparse_cue,0.9053919695191878,0.0014713679302365001,0.7961706624188506
174.0,0.9039206015889512,0.0010766207850268798,nan,0,0,cann_gated_cue,0.9053740972905112,0.0014534957015599481,0.7961706624188508
176.0,0.9057627510574447,0.0008369568059109467,nan,0,0,dead_reckoning,0.9195710525408278,0.01380830148338319,
176.0,0.9057627510574447,0.0008369568059109467,nan,0,0,cann_no_cue,0.919571052270119,0.013808301212674401,0.7961706624111691
176.0,0.9057627510574447,0.0008369568059109467,nan,0,0,cann_sparse_cue,0.9075452110891358,0.0017824600316909134,0.7961706624111692
176.0,0.9057627510574447,0.0008369568059109467,nan,0,0,cann_gated_cue,0.9075273388604592,0.0017645878030143614,0.7961706624111694
178.0,0.9075859078520033,0.001080242187888951,nan,0,0,dead_reckoning,0.9212449661526497,0.01365905830064662,
178.0,0.9075859078520033,0.001080242187888951,nan,0,0,cann_no_cue,0.921244965881891,0.01365905802988765,0.7961706623966551
178.0,0.9075859078520033,0.001080242187888951,nan,0,0,cann_sparse_cue,0.9092191247009078,0.0016332168489046062,0.7961706623966552
178.0,0.9075859078520033,0.001080242187888951,nan,0,0,cann_gated_cue,0.9092012524722313,0.0016153446202280541,0.7961706623966553
180.0,0.9093905478167863,0.001091038241394643,0.911291833357461,1,1,dead_reckoning,0.9234054505284277,0.014014902711641408,
180.0,0.9093905478167863,0.001091038241394643,0.911291833357461,1,1,cann_no_cue,0.9234054502575639,0.014014902440777632,0.7961706624114164
180.0,0.9093905478167863,0.001091038241394643,0.911291833357461,1,1,cann_sparse_cue,0.9115395656563837,0.0021490178395975335,0.8542898070833603
180.0,0.9093905478167863,0.001091038241394643,0.911291833357461,1,1,cann_gated_cue,0.9115395618187713,0.0021490140019850834,0.854289807083563
182.0,0.9111771792807644,0.0009295837172506459,nan,0,0,dead_reckoning,0.9255875270112169,0.014410347730452688,
182.0,0.9111771792807644,0.0009295837172506459,nan,0,0,cann_no_cue,0.9255875267402439,0.014410347459479667,0.7961706624121584
182.0,0.9111771792807644,0.0009295837172506459,nan,0,0,cann_sparse_cue,0.9137181614246286,0.0025409821438642233,0.7961706624121584
182.0,0.9111771792807644,0.0009295837172506459,nan,0,0,cann_gated_cue,0.9137181576081195,0.0025409783273548925,0.7961706624121586
184.0,0.9129463421659383,0.0008951818851407643,nan,0,0,dead_reckoning,0.9274466944457183,0.014500352279779971,
184.0,0.9129463421659383,0.0008951818851407643,nan,0,0,cann_no_cue,0.927446694174677,0.01450035200873856,0.7961706624018334
184.0,0.9129463421659383,0.0008951818851407643,nan,0,0,cann_sparse_cue,0.915577328859062,0.0026309866931235604,0.7961706624018337
184.0,0.9129463421659383,0.0008951818851407643,nan,0,0,cann_gated_cue,0.9155773250425526,0.0026309828766142296,0.7961706624018339
186.0,0.9146986070401315,0.0008969006832631966,nan,0,0,dead_reckoning,0.9292370582159998,0.014538451175868161,
186.0,0.9146986070401315,0.0008969006832631966,nan,0,0,cann_no_cue,0.9292370579448985,0.014538450904766798,0.7961706623998471
186.0,0.9146986070401315,0.0008969006832631966,nan,0,0,cann_sparse_cue,0.9173676926292832,0.0026690855891517984,0.7961706623998471
186.0,0.9146986070401315,0.0008969006832631966,nan,0,0,cann_gated_cue,0.9173676888127738,0.0026690817726420235,0.7961706623998472
188.0,0.9164345741160211,0.0006322709638894571,nan,0,0,dead_reckoning,0.9310308595825262,0.014596285466505154,
188.0,0.9164345741160211,0.0006322709638894571,nan,0,0,cann_no_cue,0.9310308593113643,0.01459628519534295,0.7961706623999447
188.0,0.9164345741160211,0.0006322709638894571,nan,0,0,cann_sparse_cue,0.919161493995749,0.0027269198797279515,0.7961706623999444
188.0,0.9164345741160211,0.0006322709638894571,nan,0,0,cann_gated_cue,0.9191614901792399,0.0027269160632186207,0.7961706623999445
190.0,0.91815487219816,0.000942427041281864,nan,0,0,dead_reckoning,0.9322954015103051,0.014140529312145045,
190.0,0.91815487219816,0.000942427041281864,nan,0,0,cann_no_cue,0.9322954012391221,0.014140529040961969,0.7961706623871382
190.0,0.91815487219816,0.000942427041281864,nan,0,0,cann_sparse_cue,0.9204260359235068,0.0022711637253465256,0.7961706623871381
190.0,0.91815487219816,0.000942427041281864,nan,0,0,cann_gated_cue,0.9204260321069975,0.002271159908837639,0.7961706623871381
192.0,0.9198601575798411,0.0009425772321576309,nan,0,0,dead_reckoning,0.9341802555928688,0.014320098013027582,
192.0,0.9198601575798411,0.0009425772321576309,nan,0,0,cann_no_cue,0.9341802553216166,0.014320097741775673,0.7961706624025946
192.0,0.9198601575798411,0.0009425772321576309,nan,0,0,cann_sparse_cue,0.9223108900060016,0.0024507324261606733,0.7961706624025946
192.0,0.9198601575798411,0.0009425772321576309,nan,0,0,cann_gated_cue,0.9223108861894922,0.0024507286096513425,0.7961706624025946
194.0,0.9215511128917346,0.0007439241914556162,nan,0,0,dead_reckoning,0.936065410057184,0.014514297165449275,
194.0,0.9215511128917346,0.0007439241914556162,nan,0,0,cann_no_cue,0.9360654097858618,0.014514296894127199,0.7961706624026036
194.0,0.9215511128917346,0.0007439241914556162,nan,0,0,cann_sparse_cue,0.9241960444702465,0.0026449315785117555,0.7961706624026035
194.0,0.9215511128917346,0.0007439241914556162,nan,0,0,cann_gated_cue,0.9241960406537373,0.0026449277620024247,0.7961706624026035
196.0,0.923228445904323,0.001011087129694155,nan,0,0,dead_reckoning,0.9375532584400953,0.014324812535772224,
196.0,0.923228445904323,0.001011087129694155,nan,0,0,cann_no_cue,0.9375532581687386,0.01432481226441551,0.7961706623920011
196.0,0.923228445904323,0.001011087129694155,nan,0,0,cann_sparse_cue,0.9256838928531231,0.0024554469488000663,0.7961706623920008
196.0,0.923228445904323,0.001011087129694155,nan,0,0,cann_gated_cue,0.9256838890366138,0.0024554431322907355,0.7961706623920008
198.0,0.9248928882862302,0.0006374526512150701,nan,0,0,dead_reckoning,0.9395754326994836,0.014682544413253673,
198.0,0.9248928882862302,0.0006374526512150701,nan,0,0,cann_no_cue,0.9395754324280409,0.014682544141810805,0.7961706624068394
198.0,0.9248928882862302,0.0006374526512150701,nan,0,0,cann_sparse_cue,0.9277060671124256,0.0028131788261953616,0.7961706624068392
198.0,0.9248928882862302,0.0006374526512150701,nan,0,0,cann_gated_cue,0.9277060632959166,0.002813175009686475,0.7961706624068395
200.0,0.9265451943206271,0.0007718756217616015,nan,0,0,dead_reckoning,0.9408503380019138,0.014305143681286658,
200.0,0.9265451943206271,0.0007718756217616015,nan,0,0,cann_no_cue,0.9408503377304488,0.014305143409821586,0.796170662387346
200.0,0.9265451943206271,0.0007718756217616015,nan,0,0,cann_sparse_cue,0.9289809724148336,0.0024357780942065865,0.7961706623873464
200.0,0.9265451943206271,0.0007718756217616015,nan,0,0,cann_gated_cue,0.9289809685983245,0.0024357742776972557,0.7961706623873466
202.0,0.9281861395819617,0.0007842186097420774,nan,0,0,dead_reckoning,0.942394089245437,0.014207949663475272,
202.0,0.9281861395819617,0.0007842186097420774,nan,0,0,cann_no_cue,0.9423940889739344,0.014207949391972896,0.7961706623933417
202.0,0.9281861395819617,0.0007842186097420774,nan,0,0,cann_sparse_cue,0.9305247236583192,0.002338584076357453,0.7961706623933417
202.0,0.9281861395819617,0.0007842186097420774,nan,0,0,cann_gated_cue,0.9305247198418097,0.002338580259848122,0.7961706623933417
204.0,0.9298165195753387,0.0012085502849925695,nan,0,0,dead_reckoning,0.9439625264649211,0.014146006889582452,
204.0,0.9298165195753387,0.0012085502849925695,nan,0,0,cann_no_cue,0.9439625261933785,0.014146006618039664,0.7961706623939495
204.0,0.9298165195753387,0.0012085502849925695,nan,0,0,cann_sparse_cue,0.9320931608777633,0.0022766413024246646,0.7961706623939495
204.0,0.9298165195753387,0.0012085502849925695,nan,0,0,cann_gated_cue,0.932093157061254,0.0022766374859153338,0.7961706623939494
206.0,0.9314371483409325,0.000581397366802242,nan,0,0,dead_reckoning,0.9463796270349063,0.014942478693973804,
206.0,0.9314371483409325,0.000581397366802242,nan,0,0,cann_no_cue,0.9463796267632171,0.014942478422284466,0.7961706624207102
206.0,0.9314371483409325,0.000581397366802242,nan,0,0,cann_sparse_cue,0.9345102614476022,0.0030731131066694672,0.7961706624207104
206.0,0.9314371483409325,0.000581397366802242,nan,0,0,cann_gated_cue,0.9345102576310926,0.0030731092901601365,0.7961706624207104
208.0,0.9330488570258847,0.000960685367282235,nan,0,0,dead_reckoning,0.9475424217685107,0.014493564742625864,
208.0,0.9330488570258847,0.000960685367282235,nan,0,0,cann_no_cue,0.9475424214968038,0.014493564470919207,0.796170662385184
208.0,0.9330488570258847,0.000960685367282235,nan,0,0,cann_sparse_cue,0.9356730561811891,0.0026241991553046518,0.796170662385184
208.0,0.9330488570258847,0.000960685367282235,nan,0,0,cann_gated_cue,0.9356730523646796,0.002624195338794877,0.7961706623851841
210.0,0.9346524924261896,0.001025203577786649,nan,0,0,dead_reckoning,0.9494637925030751,0.01481130007688547,
210.0,0.9346524924261896,0.001025203577786649,nan,0,0,cann_no_cue,0.9494637922312951,0.014811299805105538,0.7961706624036944
210.0,0.9346524924261896,0.001025203577786649,nan,0,0,cann_sparse_cue,0.9375944269156804,0.0029419344894909827,0.7961706624036944
210.0,0.9346524924261896,0.001025203577786649,nan,0,0,cann_gated_cue,0.9375944230991711,0.002941930672981208,0.7961706624036945
212.0,0.9362489155011259,0.0009192052077807234,nan,0,0,dead_reckoning,0.9515141996586485,0.015265284157522707,
212.0,0.9362489155011259,0.0009192052077807234,nan,0,0,cann_no_cue,0.9515141993867784,0.015265283885652625,0.7961706624077491
212.0,0.9362489155011259,0.0009192052077807234,nan,0,0,cann_sparse_cue,0.9396448340711634,0.003395918570037626,0.796170662407749
212.0,0.9362489155011259,0.0009192052077807234,nan,0,0,cann_gated_cue,0.9396448302546541,0.003395914753528295,0.7961706624077491
214.0,0.9378389998628417,0.0010493415779641154,nan,0,0,dead_reckoning,0.9533526100742099,0.01551361021136799,
214.0,0.9378389998628417,0.0010493415779641154,nan,0,0,cann_no_cue,0.9533526098022742,0.015513609939432627,0.7961706624012267
214.0,0.9378389998628417,0.0010493415779641154,nan,0,0,cann_sparse_cue,0.9414832444866594,0.0036442446238176274,0.7961706624012264
214.0,0.9378389998628417,0.0010493415779641154,nan,0,0,cann_gated_cue,0.9414832406701499,0.0036442408073082966,0.7961706624012264
216.0,0.9394236302437422,0.0006744422433993726,nan,0,0,dead_reckoning,0.9554512932301381,0.016027662986395796,
216.0,0.9394236302437422,0.0006744422433993726,nan,0,0,cann_no_cue,0.955451292958106,0.016027662714363622,0.796170662409334
216.0,0.9394236302437422,0.0006744422433993726,nan,0,0,cann_sparse_cue,0.943581927642491,0.004158297398748623,0.7961706624093339
216.0,0.9394236302437422,0.0006744422433993726,nan,0,0,cann_gated_cue,0.9435819238259816,0.004158293582239292,0.796170662409334
218.0,0.941003700944368,0.00044909469283114107,nan,0,0,dead_reckoning,0.9568001777169368,0.0157964767725689,
218.0,0.941003700944368,0.00044909469283114107,nan,0,0,cann_no_cue,0.9568001774448783,0.01579647650051008,0.796170662388882
218.0,0.941003700944368,0.00044909469283114107,nan,0,0,cann_sparse_cue,0.9449308121292636,0.0039271111848955265,0.796170662388882
218.0,0.941003700944368,0.00044909469283114107,nan,0,0,cann_gated_cue,0.9449308083127542,0.003927107368386196,0.7961706623888822
220.0,0.9425801142644885,0.00097613640787311,nan,0,0,dead_reckoning,0.9576983671025991,0.015118252838110635,
220.0,0.9425801142644885,0.00097613640787311,nan,0,0,cann_no_cue,0.9576983668305336,0.015118252566045154,0.7961706623808693
220.0,0.9425801142644885,0.00097613640787311,nan,0,0,cann_sparse_cue,0.9458290015149189,0.003248887250430599,0.7961706623808696
220.0,0.9425801142644885,0.00097613640787311,nan,0,0,cann_gated_cue,0.9458289976984091,0.003248883433920824,0.7961706623808693
222.0,0.9441537789201612,0.000633384618245242,nan,0,0,dead_reckoning,0.9596506399183453,0.015496860998184037,
222.0,0.9441537789201612,0.000633384618245242,nan,0,0,cann_no_cue,0.9596506396462036,0.015496860726042172,0.7961706624046413
222.0,0.9441537789201612,0.000633384618245242,nan,0,0,cann_sparse_cue,0.9477812743305887,0.003627495410427617,0.7961706624046412
222.0,0.9441537789201612,0.000633384618245242,nan,0,0,cann_gated_cue,0.9477812705140791,0.003627491593917842,0.7961706624046411
224.0,0.9457256084495349,0.0007837243872272499,nan,0,0,dead_reckoning,0.9609174091548358,0.015191800705300906,
224.0,0.9457256084495349,0.0007837243872272499,nan,0,0,cann_no_cue,0.9609174088826725,0.015191800433137725,0.7961706623871828
224.0,0.9457256084495349,0.0007837243872272499,nan,0,0,cann_sparse_cue,0.9490480435670575,0.0033224351175227262,0.7961706623871828
224.0,0.9457256084495349,0.0007837243872272499,nan,0,0,cann_gated_cue,0.949048039750548,0.0033224313010129514,0.7961706623871829
226.0,0.9472965196101939,0.0006391511036493052,nan,0,0,dead_reckoning,0.9624848579292904,0.015188338319096495,
226.0,0.9472965196101939,0.0006391511036493052,nan,0,0,cann_no_cue,0.9624848576570877,0.01518833804689379,0.7961706623939252
226.0,0.9472965196101939,0.0006391511036493052,nan,0,0,cann_sparse_cue,0.9506154923414727,0.003318972731278791,0.7961706623939251
226.0,0.9472965196101939,0.0006391511036493052,nan,0,0,cann_gated_cue,0.950615488524963,0.003318968914769016,0.7961706623939249
228.0,0.9488674307708528,0.0010291935186144228,nan,0,0,dead_reckoning,0.963763160136589,0.014895729365736354,
228.0,0.9488674307708528,0.0010291935186144228,nan,0,0,cann_no_cue,0.9637631598643647,0.014895729093511889,0.7961706623874149
228.0,0.9488674307708528,0.0010291935186144228,nan,0,0,cann_sparse_cue,0.9518937945487498,0.00302636377789689,0.7961706623874149
228.0,0.9488674307708528,0.0010291935186144228,nan,0,0,cann_gated_cue,0.9518937907322403,0.003026359961387559,0.7961706623874153
230.0,0.9504392603002265,0.0009975078557117902,nan,0,0,dead_reckoning,0.9658215471738179,0.015382286873591333,
230.0,0.9504392603002265,0.0009975078557117902,nan,0,0,cann_no_cue,0.9658215469015035,0.015382286601276718,0.7961706624080083
230.0,0.9504392603002265,0.0009975078557117902,nan,0,0,cann_sparse_cue,0.9539521815858887,0.0035129212856621628,0.7961706624080085
230.0,0.9504392603002265,0.0009975078557117902,nan,0,0,cann_gated_cue,0.9539521777693789,0.003512917469152388,0.7961706624080084
232.0,0.9520129249558993,0.0007186826205198417,nan,0,0,dead_reckoning,0.9678165628852414,0.01580363792934225,
232.0,0.9520129249558993,0.0007186826205198417,nan,0,0,cann_no_cue,0.9678165626128434,0.015803637656944147,0.7961706624059764
232.0,0.9520129249558993,0.0007186826205198417,nan,0,0,cann_sparse_cue,0.9559471972972287,0.003934272341329148,0.7961706624059764
232.0,0.9520129249558993,0.0007186826205198417,nan,0,0,cann_gated_cue,0.9559471934807187,0.003934268524819373,0.7961706624059763
234.0,0.9535893382760197,0.0010061932426532053,nan,0,0,dead_reckoning,0.9692539281262811,0.0156645898502612,
234.0,0.9535893382760197,0.0010061932426532053,nan,0,0,cann_no_cue,0.9692539278538517,0.01566458957783201,0.7961706623908325
234.0,0.9535893382760197,0.0010061932426532053,nan,0,0,cann_sparse_cue,0.9573845625382368,0.003795224262217012,0.7961706623908325
234.0,0.9535893382760197,0.0010061932426532053,nan,0,0,cann_gated_cue,0.9573845587217271,0.003795220445707237,0.7961706623908326
236.0,0.9551694089766456,0.0008668471621738975,nan,0,0,dead_reckoning,0.9712663146115874,0.016096905634941816,
236.0,0.9551694089766456,0.0008668471621738975,nan,0,0,cann_no_cue,0.971266314339074,0.01609690536242825,0.7961706624065271
236.0,0.9551694089766456,0.0008668471621738975,nan,0,0,cann_sparse_cue,0.959396949023459,0.00422754004681325,0.7961706624065272
236.0,0.9551694089766456,0.0008668471621738975,nan,0,0,cann_gated_cue,0.959396945206949,0.004227536230303475,0.7961706624065271
238.0,0.956754039357546,0.0008273665250041989,nan,0,0,dead_reckoning,0.9730000089359352,0.016245969578389197,
238.0,0.956754039357546,0.0008273665250041989,nan,0,0,cann_no_cue,0.9730000086633664,0.016245969305820562,0.7961706623982671
238.0,0.956754039357546,0.0008273665250041989,nan,0,0,cann_sparse_cue,0.9611306433477517,0.004376603990205563,0.7961706623982671
238.0,0.956754039357546,0.0008273665250041989,nan,0,0,cann_gated_cue,0.9611306395312418,0.004376600173695788,0.796170662398267
240.0,0.9583441237192618,0.0008724078932394527,nan,0,0,dead_reckoning,0.9746547419859437,0.01631061826668212,
240.0,0.9583441237192618,0.0008724078932394527,nan,0,0,cann_no_cue,0.9746547417133276,0.016310617994065524,0.7961706623961502
240.0,0.9583441237192618,0.0008724078932394527,nan,0,0,cann_sparse_cue,0.9627853763977124,0.004441252678450525,0.7961706623961501
240.0,0.9583441237192618,0.0008724078932394527,nan,0,0,cann_gated_cue,0.9627853725812027,0.00444124886194075,0.7961706623961501
242.0,0.9599405467941982,0.0008230798506579374,nan,0,0,dead_reckoning,0.9763995577724225,0.01645901097822433,
242.0,0.9599405467941982,0.0008230798506579374,nan,0,0,cann_no_cue,0.9763995574997512,0.016459010705553112,0.7961706623985729
242.0,0.9599405467941982,0.0008230798506579374,nan,0,0,cann_sparse_cue,0.9645301921841363,0.004589645389938113,0.7961706623985731
242.0,0.9599405467941982,0.0008230798506579374,nan,0,0,cann_gated_cue,0.9645301883676265,0.004589641573428338,0.796170662398573
244.0,0.961544182194503,0.0009576669686850131,nan,0,0,dead_reckoning,0.9780457174737385,0.01650153527923548,
244.0,0.961544182194503,0.0009576669686850131,nan,0,0,cann_no_cue,0.9780457172010204,0.016501535006517187,0.7961706623959264
244.0,0.961544182194503,0.0009576669686850131,nan,0,0,cann_sparse_cue,0.9661763518854056,0.004632169690902632,0.7961706623959264
244.0,0.961544182194503,0.0009576669686850131,nan,0,0,cann_gated_cue,0.9661763480688956,0.004632165874392413,0.7961706623959263
246.0,0.9631558908794553,0.0009119994551490746,nan,0,0,dead_reckoning,0.9799610514111085,0.01680516053165304,
246.0,0.9631558908794553,0.0009119994551490746,nan,0,0,cann_no_cue,0.9799610511383173,0.016805160258861918,0.7961706624035109
246.0,0.9631558908794553,0.0009119994551490746,nan,0,0,cann_sparse_cue,0.9680916858227027,0.0049357949432473625,0.796170662403511
246.0,0.9631558908794553,0.0009119994551490746,nan,0,0,cann_gated_cue,0.9680916820061924,0.0049357911267371435,0.7961706624035111
248.0,0.9647765196450491,0.0008142934672284573,nan,0,0,dead_reckoning,0.9817850503214066,0.017008530676357658,
248.0,0.9647765196450491,0.0008142934672284573,nan,0,0,cann_no_cue,0.9817850500485518,0.017008530403502586,0.7961706624008089
248.0,0.9647765196450491,0.0008142934672284573,nan,0,0,cann_sparse_cue,0.969915684732937,0.005139165087888031,0.7961706624008089
248.0,0.9647765196450491,0.0008142934672284573,nan,0,0,cann_gated_cue,0.9699156809164269,0.005139161271377812,0.7961706624008088
250.0,0.9664068996384259,0.0010512532812031895,nan,0,0,dead_reckoning,0.9834136372558635,0.01700673761743765,
250.0,0.9664068996384259,0.0010512532812031895,nan,0,0,cann_no_cue,0.9834136369829632,0.01700673734453728,0.7961706623954709
250.0,0.9664068996384259,0.0010512532812031895,nan,0,0,cann_sparse_cue,0.9715442716673486,0.0051373720289227265,0.7961706623954709
250.0,0.9664068996384259,0.0010512532812031895,nan,0,0,cann_gated_cue,0.9715442678508386,0.005137368212412952,0.7961706623954711
252.0,0.9680478448997605,0.0007684121757993035,nan,0,0,dead_reckoning,0.9855161438182699,0.01746829891850954,
252.0,0.9680478448997605,0.0007684121757993035,nan,0,0,cann_no_cue,0.985516143545273,0.01746829864551236,0.7961706624094609
252.0,0.9680478448997605,0.0007684121757993035,nan,0,0,cann_sparse_cue,0.9736467782296582,0.005598933329897804,0.7961706624094608
252.0,0.9680478448997605,0.0007684121757993035,nan,0,0,cann_gated_cue,0.9736467744131484,0.005598929513388029,0.7961706624094609
254.0,0.9697001509341574,0.0009341898120467072,nan,0,0,dead_reckoning,0.9870529681698685,0.017352817235710916,
254.0,0.9697001509341574,0.0009341898120467072,nan,0,0,cann_no_cue,0.987052967896833,0.017352816962675544,0.7961706623931727
254.0,0.9697001509341574,0.0009341898120467072,nan,0,0,cann_sparse_cue,0.9751836025812181,0.005483451647060544,0.7961706623931728
254.0,0.9697001509341574,0.0009341898120467072,nan,0,0,cann_gated_cue,0.9751835987647083,0.0054834478305507695,0.7961706623931731
256.0,0.9713645933160646,0.0009600855182598392,nan,0,0,dead_reckoning,0.988921347793962,0.017556754477897396,
256.0,0.9713645933160646,0.0009600855182598392,nan,0,0,cann_no_cue,0.9889213475208588,0.01755675420479408,0.7961706624021054
256.0,0.9713645933160646,0.0009600855182598392,nan,0,0,cann_sparse_cue,0.977051982205244,0.005687388889179523,0.7961706624021055
256.0,0.9713645933160646,0.0009600855182598392,nan,0,0,cann_gated_cue,0.977051978388734,0.005687385072669304,0.7961706624021057
258.0,0.9730419263286529,0.0011488191647170138,nan,0,0,dead_reckoning,0.9908415188304817,0.01779959250182861,
258.0,0.9730419263286529,0.0011488191647170138,nan,0,0,cann_no_cue,0.9908415185573043,0.01779959222865113,0.7961706624036579
258.0,0.9730419263286529,0.0011488191647170138,nan,0,0,cann_sparse_cue,0.9789721532416894,0.005930226913036574,0.7961706624036579
258.0,0.9730419263286529,0.0011488191647170138,nan,0,0,cann_gated_cue,0.9789721494251794,0.005930223096526355,0.7961706624036579
260.0,0.9747328816405465,0.0008079490233751665,nan,0,0,dead_reckoning,0.9931391571599157,0.018406275519369242,
260.0,0.9747328816405465,0.0008079490233751665,nan,0,0,cann_no_cue,0.9931391568866114,0.01840627524606475,0.7961706624162541
260.0,0.9747328816405465,0.0008079490233751665,nan,0,0,cann_sparse_cue,0.9812697915709969,0.006536909930450641,0.7961706624162542
260.0,0.9747328816405465,0.0008079490233751665,nan,0,0,cann_gated_cue,0.9812697877544865,0.0065369061139399776,0.7961706624162542
262.0,0.9764381670222275,0.0012105230592537593,nan,0,0,dead_reckoning,0.994755055206666,0.01831688818443844,
262.0,0.9764381670222275,0.0012105230592537593,nan,0,0,cann_no_cue,0.9947550549333163,0.018316887911088653,0.7961706623951452
262.0,0.9764381670222275,0.0012105230592537593,nan,0,0,cann_sparse_cue,0.9828856896177018,0.006447522595474098,0.7961706623951452
262.0,0.9764381670222275,0.0012105230592537593,nan,0,0,cann_gated_cue,0.9828856858011916,0.006447518778964323,0.7961706623951454
264.0,0.9781584651043665,0.00094287807229472,nan,0,0,dead_reckoning,0.9971761013251735,0.019017636220806988,
264.0,0.9781584651043665,0.00094287807229472,nan,0,0,cann_no_cue,0.9971761010516764,0.019017635947309763,0.7961706624208613
264.0,0.9781584651043665,0.00094287807229472,nan,0,0,cann_sparse_cue,0.985306735736062,0.007148270631695652,0.7961706624208613
264.0,0.9781584651043665,0.00094287807229472,nan,0,0,cann_gated_cue,0.9853067319195518,0.007148266815184989,0.7961706624208613
266.0,0.9798944321802561,0.0008877968082949483,nan,0,0,dead_reckoning,0.999061857469763,0.0191674252895071,
266.0,0.9798944321802561,0.0008877968082949483,nan,0,0,cann_no_cue,0.999061857196194,0.019167425015937933,0.7961706624026215
266.0,0.9798944321802561,0.0008877968082949483,nan,0,0,cann_sparse_cue,0.9871924918805797,0.007298059700323378,0.7961706624026217
266.0,0.9798944321802561,0.0008877968082949483,nan,0,0,cann_gated_cue,0.9871924880640693,0.007298055883813159,0.7961706624026214
268.0,0.9816466970544494,0.0008118610721910792,nan,0,0,dead_reckoning,1.000837451086353,0.019190754031903623,
268.0,0.9816466970544494,0.0008118610721910792,nan,0,0,cann_no_cue,1.0008374508127251,0.019190753758275836,0.7961706623994305
268.0,0.9816466970544494,0.0008118610721910792,nan,0,0,cann_sparse_cue,0.9889680854971109,0.007321388442661281,0.7961706623994301
268.0,0.9816466970544494,0.0008118610721910792,nan,0,0,cann_gated_cue,0.9889680816806007,0.007321384626151506,0.7961706623994305
270.0,0.9834158599396232,0.0010361217535677831,nan,0,0,dead_reckoning,1.002461173230735,0.019045313291111476,
270.0,0.9834158599396232,0.0010361217535677831,nan,0,0,cann_no_cue,1.0024611729570625,0.01904531301743928,0.7961706623953457
270.0,0.9834158599396232,0.0010361217535677831,nan,0,0,cann_sparse_cue,0.9905918076414484,0.007175947701825169,0.7961706623953458
270.0,0.9834158599396232,0.0010361217535677831,nan,0,0,cann_gated_cue,0.990591803824938,0.00717594388531495,0.7961706623953457
272.0,0.9852024914036014,0.0009497604758489686,nan,0,0,dead_reckoning,1.0045334167378706,0.019330925334269278,
272.0,0.9852024914036014,0.0009497604758489686,nan,0,0,cann_no_cue,1.0045334164641055,0.019330925060504267,0.7961706624084612
272.0,0.9852024914036014,0.0009497604758489686,nan,0,0,cann_sparse_cue,0.9926640511484915,0.007461559744890156,0.7961706624084613
272.0,0.9852024914036014,0.0009497604758489686,nan,0,0,cann_gated_cue,0.9926640473319811,0.007461555928379937,0.7961706624084615
274.0,0.9870071313683844,0.0007531702431895512,nan,0,0,dead_reckoning,1.0064329376895684,0.01942580632118407,
274.0,0.9870071313683844,0.0007531702431895512,nan,0,0,cann_no_cue,1.0064329374157313,0.019425806047347116,0.7961706624030337
274.0,0.9870071313683844,0.0007531702431895512,nan,0,0,cann_sparse_cue,0.9945635721001171,0.007556440731733005,0.7961706624030339
274.0,0.9870071313683844,0.0007531702431895512,nan,0,0,cann_gated_cue,0.9945635682836068,0.007556436915222342,0.7961706624030338
276.0,0.9888302881629429,0.0007584614469154493,nan,0,0,dead_reckoning,1.0079392781759475,0.01910899001300459,
276.0,0.9888302881629429,0.0007584614469154493,nan,0,0,cann_no_cue,1.0079392779020742,0.01910898973913122,0.7961706623924389
276.0,0.9888302881629429,0.0007584614469154493,nan,0,0,cann_sparse_cue,0.9960699125864602,0.00723962442351711,0.7961706623924389
276.0,0.9888302881629429,0.0007584614469154493,nan,0,0,cann_gated_cue,0.9960699087699498,0.007239620607006891,0.796170662392439
278.0,0.9906724376314364,0.0008625280952225577,nan,0,0,dead_reckoning,1.0094562010697785,0.01878376343834187,
278.0,0.9906724376314364,0.0008625280952225577,nan,0,0,cann_no_cue,1.0094562007958692,0.018783763164432976,0.7961706623926923
278.0,0.9906724376314364,0.0008625280952225577,nan,0,0,cann_sparse_cue,0.997586835480255,0.006914397848818421,0.7961706623926917
278.0,0.9906724376314364,0.0008625280952225577,nan,0,0,cann_gated_cue,0.9975868316637446,0.006914394032308202,0.796170662392692
280.0,0.9925340222984205,0.0008460258827565721,nan,0,0,dead_reckoning,1.0111812572602237,0.018647234961803427,
280.0,0.9925340222984205,0.0008460258827565721,nan,0,0,cann_no_cue,1.011181256986261,0.018647234687840353,0.7961706623980306
280.0,0.9925340222984205,0.0008460258827565721,nan,0,0,cann_sparse_cue,0.999311891670647,0.006777869372226686,0.7961706623980307
280.0,0.9925340222984205,0.0008460258827565721,nan,0,0,cann_gated_cue,0.9993118878541366,0.006777865555716023,0.7961706623980307
282.0,0.9944154505925082,0.001171605820793791,nan,0,0,dead_reckoning,1.0128733090257367,0.018457858433228225,
282.0,0.9944154505925082,0.001171605820793791,nan,0,0,cann_no_cue,1.0128733087517234,0.018457858159215412,0.7961706623971386
282.0,0.9944154505925082,0.001171605820793791,nan,0,0,cann_sparse_cue,1.0010039434361095,0.006588492843601301,0.7961706623971383
282.0,0.9944154505925082,0.001171605820793791,nan,0,0,cann_gated_cue,1.0010039396195993,0.006588489027091082,0.7961706623971385
284.0,0.996317096129848,0.001231404027775281,nan,0,0,dead_reckoning,1.0152165206673243,0.018899424537476506,
284.0,0.996317096129848,0.001231404027775281,nan,0,0,cann_no_cue,1.0152165203931771,0.018899424263329134,0.7961706624179274
284.0,0.996317096129848,0.001231404027775281,nan,0,0,cann_sparse_cue,1.0033471550775634,0.007030058947715467,0.7961706624179276
284.0,0.996317096129848,0.001231404027775281,nan,0,0,cann_gated_cue,1.0033471512610532,0.007030055131205248,0.7961706624179273
286.0,0.9982392970586738,0.0011530822067381348,nan,0,0,dead_reckoning,1.017679328722875,0.019440031664201385,
286.0,0.9982392970586738,0.0011530822067381348,nan,0,0,cann_no_cue,1.0176793284485703,0.01944003138989636,0.7961706624224749
286.0,0.9982392970586738,0.0011530822067381348,nan,0,0,cann_sparse_cue,1.0058099631329567,0.007570666074283139,0.7961706624224747
286.0,0.9982392970586738,0.0011530822067381348,nan,0,0,cann_gated_cue,1.0058099593164462,0.007570662257772476,0.7961706624224749
288.0,1.000182355466078,0.0010770365646304765,nan,0,0,dead_reckoning,1.019985493136351,0.019803137670272974,
288.0,1.000182355466078,0.0010770365646304765,nan,0,0,cann_no_cue,1.0199854928619168,0.01980313739583872,0.7961706624165646
288.0,1.000182355466078,0.0010770365646304765,nan,0,0,cann_sparse_cue,1.0081161275463029,0.007933772080225054,0.7961706624165646
288.0,1.000182355466078,0.0010770365646304765,nan,0,0,cann_gated_cue,1.0081161237297924,0.007933768263714391,0.7961706624165646
290.0,1.002146536848048,0.0009484331241618342,nan,0,0,dead_reckoning,1.022139566265612,0.019993029417563868,
290.0,1.002146536848048,0.0009484331241618342,nan,0,0,cann_no_cue,1.022139565991072,0.01999302914302392,0.7961706624111975
290.0,1.002146536848048,0.0009484331241618342,nan,0,0,cann_sparse_cue,1.010270200675458,0.008123663827410255,0.7961706624111976
290.0,1.002146536848048,0.0009484331241618342,nan,0,0,cann_gated_cue,1.0102701968589476,0.008123660010899592,0.7961706624111978
292.0,1.0041320696436964,0.0010423269298078701,nan,0,0,dead_reckoning,1.0240364325139357,0.019904362870239112,
292.0,1.0041320696436964,0.0010423269298078701,nan,0,0,cann_no_cue,1.0240364322393234,0.01990436259562678,0.7961706624029538
292.0,1.0041320696436964,0.0010423269298078701,nan,0,0,cann_sparse_cue,1.0121670669237097,0.008034997280013556,0.7961706624029539
292.0,1.0041320696436964,0.0010423269298078701,nan,0,0,cann_gated_cue,1.0121670631071988,0.008034993463502449,0.7961706624029542
294.0,1.006139144834501,0.0012001748716061209,nan,0,0,dead_reckoning,1.0261210863735515,0.01998194153905075,
294.0,1.006139144834501,0.0012001748716061209,nan,0,0,cann_no_cue,1.0261210860988441,0.019981941264343384,0.7961706624088695
294.0,1.006139144834501,0.0012001748716061209,nan,0,0,cann_sparse_cue,1.0142517207832307,0.008112575948729717,0.7961706624088694
294.0,1.006139144834501,0.0012001748716061209,nan,0,0,cann_gated_cue,1.0142517169667198,0.00811257213221861,0.7961706624088696
296.0,1.008167915609258,0.0014299886991723766,nan,0,0,dead_reckoning,1.0285214361167638,0.020353520507505607,
296.0,1.008167915609258,0.0014299886991723766,nan,0,0,cann_no_cue,1.0285214358419115,0.020353520232653466,0.7961706624200716
296.0,1.008167915609258,0.0014299886991723766,nan,0,0,cann_sparse_cue,1.0166520705262978,0.008484154917039799,0.7961706624200717
296.0,1.008167915609258,0.0014299886991723766,nan,0,0,cann_gated_cue,1.0166520667097874,0.00848415110052958,0.7961706624200716
298.0,1.0102184970953378,0.0012226157273418066,nan,0,0,dead_reckoning,1.0313814135151085,0.02116291641977064,
298.0,1.0102184970953378,0.0012226157273418066,nan,0,0,cann_no_cue,1.0313814132400105,0.021162916144672472,0.7961706624392009
298.0,1.0102184970953378,0.0012226157273418066,nan,0,0,cann_sparse_cue,1.019512047924397,0.00929355082905925,0.7961706624392008
298.0,1.0102184970953378,0.0012226157273418066,nan,0,0,cann_gated_cue,1.0195120441078864,0.009293547012548586,0.7961706624392008
300.0,1.012290966156711,0.0010294204535601303,nan,0,0,dead_reckoning,1.0338266449697922,0.021535678813081383,
300.0,1.012290966156711,0.0010294204535601303,nan,0,0,cann_no_cue,1.0338266446945379,0.021535678537826897,0.7961706624217926
300.0,1.012290966156711,0.0010294204535601303,nan,0,0,cann_sparse_cue,1.0219572793789242,0.00966631322221323,0.7961706624217925
300.0,1.012290966156711,0.0010294204535601303,nan,0,0,cann_gated_cue,1.0219572755624138,0.00966630940570301,0.7961706624217922
302.0,1.0143853612591043,0.0010930465498742935,nan,0,0,dead_reckoning,1.0358854858769124,0.021500124617808147,
302.0,1.0143853612591043,0.0010930465498742935,nan,0,0,cann_no_cue,1.0358854856015651,0.021500124342460847,0.796170662408023
302.0,1.0143853612591043,0.0010930465498742935,nan,0,0,cann_sparse_cue,1.0240161202859517,0.00963075902684718,0.7961706624080231
302.0,1.0143853612591043,0.0010930465498742935,nan,0,0,cann_gated_cue,1.024016116469441,0.009630755210336517,0.7961706624080231
304.0,1.0165016824025175,0.0010079203642891748,nan,0,0,dead_reckoning,1.038071578976661,0.02156989657414332,
304.0,1.0165016824025175,0.0010079203642891748,nan,0,0,cann_no_cue,1.0380715787012038,0.02156989629868633,0.796170662412297
304.0,1.0165016824025175,0.0010079203642891748,nan,0,0,cann_sparse_cue,1.0262022133855904,0.009700530983073108,0.7961706624122971
304.0,1.0165016824025175,0.0010079203642891748,nan,0,0,cann_gated_cue,1.0262022095690797,0.009700527166562445,0.7961706624122973
306.0,1.018639891121224,0.0009620461528176272,nan,0,0,dead_reckoning,1.0400874197052394,0.02144752858401544,
306.0,1.018639891121224,0.0009620461528176272,nan,0,0,cann_no_cue,1.0400874194296956,0.021447528308471853,0.7961706624066371
306.0,1.018639891121224,0.0009620461528176272,nan,0,0,cann_sparse_cue,1.0282180541140822,0.009578162992858186,0.7961706624066368
306.0,1.018639891121224,0.0009620461528176272,nan,0,0,cann_gated_cue,1.0282180502975713,0.009578159176347079,0.796170662406637
308.0,1.0207999105512533,0.001075364019948962,nan,0,0,dead_reckoning,1.0420115120108746,0.02121160145962131,
308.0,1.0207999105512533,0.001075364019948962,nan,0,0,cann_no_cue,1.0420115117352557,0.021211601184002227,0.7961706624037769
308.0,1.0207999105512533,0.001075364019948962,nan,0,0,cann_sparse_cue,1.0301421464196423,0.009342235868389004,0.7961706624037769
308.0,1.0207999105512533,0.001075364019948962,nan,0,0,cann_gated_cue,1.0301421426031316,0.00934223205187834,0.7961706624037769
310.0,1.022981625565235,0.0011604659448240838,nan,0,0,dead_reckoning,1.0441622400507726,0.02118061448553732,
310.0,1.022981625565235,0.0011604659448240838,nan,0,0,cann_no_cue,1.0441622397750494,0.02118061420981432,0.7961706624110835
310.0,1.022981625565235,0.0011604659448240838,nan,0,0,cann_sparse_cue,1.032292874459436,0.009311248894200652,0.7961706624110837
310.0,1.022981625565235,0.0011604659448240838,nan,0,0,cann_gated_cue,1.0322928706429253,0.009311245077689989,0.7961706624110836
312.0,1.025184882974373,0.0014516226455050265,nan,0,0,dead_reckoning,1.0464831719404206,0.021298288966047352,
312.0,1.025184882974373,0.0014516226455050265,nan,0,0,cann_no_cue,1.0464831716645664,0.021298288690193345,0.7961706624171052
312.0,1.025184882974373,0.0014516226455050265,nan,0,0,cann_sparse_cue,1.0346138063489527,0.009428923374579679,0.7961706624171051
312.0,1.025184882974373,0.0014516226455050265,nan,0,0,cann_gated_cue,1.0346138025324418,0.009428919558068571,0.7961706624171054
314.0,1.0274094917971894,0.0011516304581751266,nan,0,0,dead_reckoning,1.0493864172314307,0.021976925434241235,
314.0,1.0274094917971894,0.0011516304581751266,nan,0,0,cann_no_cue,1.0493864169553198,0.0219769251581301,0.7961706624411736
314.0,1.0274094917971894,0.0011516304581751266,nan,0,0,cann_sparse_cue,1.0375170516397063,0.010107559842516878,0.7961706624411736
314.0,1.0274094917971894,0.0011516304581751266,nan,0,0,cann_gated_cue,1.0375170478231954,0.010107556026006215,0.7961706624411736
316.0,1.0296552235945717,0.0013793280454607077,nan,0,0,dead_reckoning,1.051689678147781,0.02203445455320896,
316.0,1.0296552235945717,0.0013793280454607077,nan,0,0,cann_no_cue,1.0516896778715388,0.02203445427696682,0.7961706624164587
316.0,1.0296552235945717,0.0013793280454607077,nan,0,0,cann_sparse_cue,1.0398203125559253,0.010165088961353597,0.7961706624164585
316.0,1.0296552235945717,0.0013793280454607077,nan,0,0,cann_gated_cue,1.0398203087394144,0.010165085144842934,0.7961706624164586
318.0,1.0319218128705323,0.0014611793702011722,nan,0,0,dead_reckoning,1.0544483342387023,0.022526521368170016,
318.0,1.0319218128705323,0.0014611793702011722,nan,0,0,cann_no_cue,1.05444833396224,0.022526521091707608,0.7961706624346968
318.0,1.0319218128705323,0.0014611793702011722,nan,0,0,cann_sparse_cue,1.0425789686466265,0.010657155776094385,0.7961706624346968
318.0,1.0319218128705323,0.0014611793702011722,nan,0,0,cann_gated_cue,1.0425789648301156,0.010657151959583278,0.7961706624346964
320.0,1.034208957537979,0.0011809982629077795,nan,0,0,dead_reckoning,1.0573706929791047,0.023161735441125764,
320.0,1.034208957537979,0.0011809982629077795,nan,0,0,cann_no_cue,1.0573706927023787,0.023161735164399566,0.7961706624420546
320.0,1.034208957537979,0.0011809982629077795,nan,0,0,cann_sparse_cue,1.0455013273867653,0.011292369848786343,0.7961706624420546
320.0,1.034208957537979,0.0011809982629077795,nan,0,0,cann_gated_cue,1.0455013235702544,0.01129236603227568,0.7961706624420548
322.0,1.0365163194486775,0.001456611054171776,nan,0,0,dead_reckoning,1.0597326895049202,0.023216370056242663,
322.0,1.0365163194486775,0.001456611054171776,nan,0,0,cann_no_cue,1.0597326892280525,0.0232163697793748,0.7961706624186266
322.0,1.0365163194486775,0.001456611054171776,nan,0,0,cann_sparse_cue,1.0478633239124393,0.011347004463761579,0.7961706624186267
322.0,1.0365163194486775,0.001456611054171776,nan,0,0,cann_gated_cue,1.0478633200959284,0.011347000647250916,0.7961706624186268
324.0,1.03884352498648,0.001307387744302155,nan,0,0,dead_reckoning,1.0626459116132638,0.0238023866267838,
324.0,1.03884352498648,0.001307387744302155,nan,0,0,cann_no_cue,1.0626459113361366,0.02380238634965659,0.7961706624416328
324.0,1.03884352498648,0.001307387744302155,nan,0,0,cann_sparse_cue,1.0507765460205236,0.011933021034043811,0.7961706624416328
324.0,1.03884352498648,0.001307387744302155,nan,0,0,cann_gated_cue,1.0507765422040127,0.011933017217532704,0.7961706624416328
326.0,1.0411901657227727,0.001120373520218844,nan,0,0,dead_reckoning,1.0652606871018682,0.02407052137909549,
326.0,1.0411901657227727,0.001120373520218844,nan,0,0,cann_no_cue,1.0652606868245504,0.024070521101777764,0.7961706624285799
326.0,1.0411901657227727,0.001120373520218844,nan,0,0,cann_sparse_cue,1.0533913215089372,0.012201155786164541,0.7961706624285797
326.0,1.0411901657227727,0.001120373520218844,nan,0,0,cann_gated_cue,1.0533913176924266,0.012201151969653878,0.7961706624285798
328.0,1.0435557991330007,0.0012522445616949837,nan,0,0,dead_reckoning,1.067501434142306,0.023945635009305022,
328.0,1.0435557991330007,0.0012522445616949837,nan,0,0,cann_no_cue,1.067501433864868,0.023945634731867393,0.7961706624142112
328.0,1.0435557991330007,0.0012522445616949837,nan,0,0,cann_sparse_cue,1.0556320685492548,0.01207626941625417,0.7961706624142113
328.0,1.0435557991330007,0.0012522445616949837,nan,0,0,cann_gated_cue,1.0556320647327444,0.012076265599743508,0.7961706624142113
330.0,1.045939949373004,0.001222235269049457,nan,0,0,dead_reckoning,1.0700059232656958,0.02406597389269205,
330.0,1.045939949373004,0.001222235269049457,nan,0,0,cann_no_cue,1.0700059229880932,0.02406597361508922,0.7961706624241129
330.0,1.045939949373004,0.001222235269049457,nan,0,0,cann_sparse_cue,1.0581365576724797,0.012196608299475997,0.796170662424113
330.0,1.045939949373004,0.001222235269049457,nan,0,0,cann_gated_cue,1.058136553855969,0.012196604482965334,0.7961706624241129
332.0,1.0483421081138122,0.0011961630047801599,nan,0,0,dead_reckoning,1.0724503938037948,0.0241082856899828,
332.0,1.0483421081138122,0.0011961630047801599,nan,0,0,cann_no_cue,1.0724503935260372,0.024108285412224983,0.7961706624217628
332.0,1.0483421081138122,0.0011961630047801599,nan,0,0,cann_sparse_cue,1.0605810282104238,0.012238920096611317,0.7961706624217629
332.0,1.0483421081138122,0.0011961630047801599,nan,0,0,cann_gated_cue,1.0605810243939133,0.012238916280101098,0.796170662421763
334.0,1.0507617354334249,0.0012115015136176823,nan,0,0,dead_reckoning,1.074842719813355,0.024080984379930115,
334.0,1.0507617354334249,0.0012115015136176823,nan,0,0,cann_no_cue,1.0748427195354529,0.02408098410202797,0.7961706624197676
334.0,1.0507617354334249,0.0012115015136176823,nan,0,0,cann_sparse_cue,1.0629733542198394,0.012211618786414746,0.7961706624197675
334.0,1.0507617354334249,0.0012115015136176823,nan,0,0,cann_gated_cue,1.0629733504033285,0.01221161496990364,0.7961706624197674
336.0,1.053198260764018,0.0012765891002765738,nan,0,0,dead_reckoning,1.0772657228405904,0.024067462076572177,
336.0,1.053198260764018,0.0012765891002765738,nan,0,0,cann_no_cue,1.077265722562538,0.02406746179851993,0.7961706624209359
336.0,1.053198260764018,0.0012765891002765738,nan,0,0,cann_sparse_cue,1.0653963572469247,0.012198096482906706,0.7961706624209361
336.0,1.053198260764018,0.0012765891002765738,nan,0,0,cann_gated_cue,1.065396353430414,0.012198092666396043,0.7961706624209363
338.0,1.0556510838929147,0.0013344113292085734,nan,0,0,dead_reckoning,1.0798189010411436,0.02416781714822891,
338.0,1.0556510838929147,0.0013344113292085734,nan,0,0,cann_no_cue,1.0798189007629155,0.024167816870000802,0.7961706624260613
338.0,1.0556510838929147,0.0013344113292085734,nan,0,0,cann_sparse_cue,1.0679495354473023,0.01229845155438758,0.7961706624260612
338.0,1.0556510838929147,0.0013344113292085734,nan,0,0,cann_gated_cue,1.0679495316307916,0.012298447737876916,0.7961706624260614
340.0,1.0581195760155622,0.0011113398610716253,nan,0,0,dead_reckoning,1.0824877236995607,0.02436814768399831,
340.0,1.0581195760155622,0.0011113398610716253,nan,0,0,cann_no_cue,1.0824877234211319,0.024368147405569474,0.7961706624308392
340.0,1.0581195760155622,0.0011113398610716253,nan,0,0,cann_sparse_cue,1.0706183581055189,0.012498782089956695,0.796170662430839
340.0,1.0581195760155622,0.0011113398610716253,nan,0,0,cann_gated_cue,1.0706183542890082,0.012498778273446032,0.7961706624308392
342.0,1.0606030808386675,0.0012718442480569151,nan,0,0,dead_reckoning,1.0847104034217039,0.024107322583036606,
342.0,1.0606030808386675,0.0012718442480569151,nan,0,0,cann_no_cue,1.0847104031431576,0.024107322304490086,0.7961706624135733
342.0,1.0606030808386675,0.0012718442480569151,nan,0,0,cann_sparse_cue,1.0728410378275448,0.012237956988877308,0.7961706624135733
342.0,1.0606030808386675,0.0012718442480569151,nan,0,0,cann_gated_cue,1.072841034011034,0.012237953172366645,0.7961706624135735
344.0,1.0631009157315603,0.0010144445452474242,nan,0,0,dead_reckoning,1.0872540919178177,0.024153176186257674,
344.0,1.0631009157315603,0.0010144445452474242,nan,0,0,cann_no_cue,1.0872540916390987,0.024153175907538404,0.7961706624256785
344.0,1.0631009157315603,0.0010144445452474242,nan,0,0,cann_sparse_cue,1.075384726323486,0.012283810591925626,0.7961706624256785
344.0,1.0631009157315603,0.0010144445452474242,nan,0,0,cann_gated_cue,1.0753847225069748,0.012283806775414519,0.7961706624256785
346.0,1.0656123729237585,0.001332967126352431,nan,0,0,dead_reckoning,1.0892829810083127,0.023670608084554345,
346.0,1.0656123729237585,0.001332967126352431,nan,0,0,cann_no_cue,1.0892829807295041,0.02367060780574537,0.7961706624070549
346.0,1.0656123729237585,0.001332967126352431,nan,0,0,cann_sparse_cue,1.0774136154138914,0.011801242490133035,0.7961706624070547
346.0,1.0656123729237585,0.001332967126352431,nan,0,0,cann_gated_cue,1.07741361159738,0.011801238673621484,0.7961706624070547
348.0,1.0681367207466377,0.0013941083269264419,nan,0,0,dead_reckoning,1.0919489152610176,0.023812194514380103,
348.0,1.0681367207466377,0.0013941083269264419,nan,0,0,cann_no_cue,1.0919489149820107,0.023812194235373063,0.7961706624307171
348.0,1.0681367207466377,0.0013941083269264419,nan,0,0,cann_sparse_cue,1.0800795496663982,0.011942828919760728,0.7961706624307173
348.0,1.0681367207466377,0.0013941083269264419,nan,0,0,cann_gated_cue,1.0800795458498869,0.011942825103249177,0.7961706624307172
350.0,1.070673204917027,0.0013236610840403587,nan,0,0,dead_reckoning,1.0947371319148704,0.02406392699784332,
350.0,1.070673204917027,0.0013236610840403587,nan,0,0,cann_no_cue,1.0947371316356345,0.024063926718607576,0.7961706624359938
350.0,1.070673204917027,0.0013236610840403587,nan,0,0,cann_sparse_cue,1.082867766320022,0.012194561402994797,0.7961706624359941
350.0,1.070673204917027,0.0013236610840403587,nan,0,0,cann_gated_cue,1.0828677625035106,0.01219455758648369,0.7961706624359939
352.0,1.0732210498604788,0.0013473817658262374,nan,0,0,dead_reckoning,1.0973844540829512,0.024163404222472096,
352.0,1.0732210498604788,0.0013473817658262374,nan,0,0,cann_no_cue,1.0973844538035182,0.02416340394303962,0.796170662429935
352.0,1.0732210498604788,0.0013473817658262374,nan,0,0,cann_sparse_cue,1.0855150884879057,0.01229403862742684,0.7961706624299348
352.0,1.0732210498604788,0.0013473817658262374,nan,0,0,cann_gated_cue,1.0855150846713946,0.012294034810915733,0.7961706624299351
354.0,1.0757794600718884,0.0013995397476612291,nan,0,0,dead_reckoning,1.1000792176146037,0.024299757542715295,
354.0,1.0757794600718884,0.0013995397476612291,nan,0,0,cann_no_cue,1.1000792173349638,0.024299757263075428,0.79617066243194
354.0,1.0757794600718884,0.0013995397476612291,nan,0,0,cann_sparse_cue,1.088209852019351,0.012430391947462649,0.79617066243194
354.0,1.0757794600718884,0.0013995397476612291,nan,0,0,cann_gated_cue,1.0882098482028402,0.012430388130951542,0.79617066243194
356.0,1.078347621511081,0.001188101578462632,nan,0,0,dead_reckoning,1.102878297109926,0.02453067559884481,
356.0,1.078347621511081,0.001188101578462632,nan,0,0,cann_no_cue,1.1028782968300546,0.02453067531897357,0.7961706624364744
356.0,1.078347621511081,0.001188101578462632,nan,0,0,cann_sparse_cue,1.0910089315144418,0.012661310003360793,0.7961706624364744
356.0,1.078347621511081,0.001188101578462632,nan,0,0,cann_gated_cue,1.0910089276979305,0.012661306186849686,0.7961706624364744
358.0,1.080924703030915,0.001273001348043509,nan,0,0,dead_reckoning,1.1052545002668512,0.0243297972359362,
358.0,1.080924703030915,0.001273001348043509,nan,0,0,cann_no_cue,1.1052544999868363,0.024329796955921523,0.796170662419159
358.0,1.080924703030915,0.001273001348043509,nan,0,0,cann_sparse_cue,1.0933851346712236,0.0124604316403083,0.7961706624191591
358.0,1.080924703030915,0.001273001348043509,nan,0,0,cann_gated_cue,1.093385130854712,0.01246042782379675,0.7961706624191592
360.0,1.0835098578353966,0.0014099359777712012,nan,0,0,dead_reckoning,1.1078005029629383,0.024290645127541755,
360.0,1.0835098578353966,0.0014099359777712012,nan,0,0,cann_no_cue,1.1078005026827493,0.024290644847352993,0.796170662425772
360.0,1.0835098578353966,0.0014099359777712012,nan,0,0,cann_sparse_cue,1.0959311373671368,0.012421279531740215,0.796170662425772
360.0,1.0835098578353966,0.0014099359777712012,nan,0,0,cann_gated_cue,1.095931133550625,0.01242127571522822,0.7961706624257716
362.0,1.0861022249652468,0.0014995902323741406,nan,0,0,dead_reckoning,1.1106203749184806,0.02451814995323387,
362.0,1.0861022249652468,0.0014995902323741406,nan,0,0,cann_no_cue,1.1106203746380556,0.024518149672808853,0.7961706624373986
362.0,1.0861022249652468,0.0014995902323741406,nan,0,0,cann_sparse_cue,1.0987510093224429,0.012648784357196075,0.7961706624373984
362.0,1.0861022249652468,0.0014995902323741406,nan,0,0,cann_gated_cue,1.0987510055059313,0.012648780540684523,0.7961706624373986
364.0,1.0887009308083173,0.001391780022529779,nan,0,0,dead_reckoning,1.113619555383229,0.024918624574911785,
364.0,1.0887009308083173,0.001391780022529779,nan,0,0,cann_no_cue,1.113619555102519,0.024918624294201663,0.7961706624456537
364.0,1.0887009308083173,0.001391780022529779,nan,0,0,cann_sparse_cue,1.101750189786906,0.01304925897858844,0.7961706624456537
364.0,1.0887009308083173,0.001391780022529779,nan,0,0,cann_gated_cue,1.1017501859703946,0.013049255162077333,0.7961706624456536
366.0,1.091305090632203,0.0017848666951296437,nan,0,0,dead_reckoning,1.1164031154282885,0.025098024796085472,
366.0,1.091305090632203,0.0017848666951296437,nan,0,0,cann_no_cue,1.1164031151473486,0.025098024515145312,0.7961706624357887
366.0,1.091305090632203,0.0017848666951296437,nan,0,0,cann_sparse_cue,1.104533749831736,0.013228659199532977,0.7961706624357888
366.0,1.091305090632203,0.0017848666951296437,nan,0,0,cann_gated_cue,1.1045337460152245,0.013228655383021426,0.7961706624357886
368.0,1.0939138101363637,0.0013295373637609638,nan,0,0,dead_reckoning,1.1199728488185479,0.026059038682184177,
368.0,1.0939138101363637,0.0013295373637609638,nan,0,0,cann_no_cue,1.119972848537131,0.026059038400767065,0.7961706624753065
368.0,1.0939138101363637,0.0013295373637609638,nan,0,0,cann_sparse_cue,1.1081034832215184,0.01418967308515473,0.7961706624753064
368.0,1.0939138101363637,0.0013295373637609638,nan,0,0,cann_gated_cue,1.1081034794050066,0.014189669268643179,0.7961706624753067
370.0,1.0965261870210297,0.0015157066130016207,nan,0,0,dead_reckoning,1.1226319235460698,0.026105736525040335,
370.0,1.0965261870210297,0.0015157066130016207,nan,0,0,cann_no_cue,1.1226319232644486,0.026105736243418942,0.7961706624304281
370.0,1.0965261870210297,0.0015157066130016207,nan,0,0,cann_sparse_cue,1.110762557948836,0.014236370927806163,0.7961706624304283
370.0,1.0965261870210297,0.0015157066130016207,nan,0,0,cann_gated_cue,1.1107625541323245,0.014236367111294612,0.7961706624304283
372.0,1.0991413125701432,0.0015593874932190474,nan,0,0,dead_reckoning,1.125663336772073,0.026522024201929728,
372.0,1.0991413125701432,0.0015593874932190474,nan,0,0,cann_no_cue,1.1256633364901585,0.026522023920015236,0.7961706624471916
372.0,1.0991413125701432,0.0015593874932190474,nan,0,0,cann_sparse_cue,1.1137939711745461,0.014652658604402902,0.7961706624471915
372.0,1.0991413125701432,0.0015593874932190474,nan,0,0,cann_gated_cue,1.1137939673580344,0.01465265478789135,0.7961706624471915
374.0,1.1017582732455558,0.0013158431241187232,nan,0,0,dead_reckoning,1.128782111758511,0.02702383851295531,
374.0,1.1017582732455558,0.0013158431241187232,nan,0,0,cann_no_cue,1.1287821114762755,0.027023838230719743,0.7961706624514424
374.0,1.1017582732455558,0.0013158431241187232,nan,0,0,cann_sparse_cue,1.116912746160663,0.015154472915106965,0.7961706624514425
374.0,1.1017582732455558,0.0013158431241187232,nan,0,0,cann_gated_cue,1.1169127423441512,0.015154469098595413,0.7961706624514427
376.0,1.1043761522896833,0.0011883088660764936,nan,0,0,dead_reckoning,1.1314137980067485,0.02703764571706513,
376.0,1.1043761522896833,0.0011883088660764936,nan,0,0,cann_no_cue,1.1314137977243175,0.02703764543463416,0.7961706624292819
376.0,1.1043761522896833,0.0011883088660764936,nan,0,0,cann_sparse_cue,1.1195444324087052,0.015168280119021826,0.7961706624292817
376.0,1.1043761522896833,0.0011883088660764936,nan,0,0,cann_gated_cue,1.1195444285921932,0.015168276302509831,0.7961706624292817
378.0,1.106994031333811,0.0011254854970987372,nan,0,0,dead_reckoning,1.1337904157389016,0.02679638440509091,
378.0,1.106994031333811,0.0011254854970987372,nan,0,0,cann_no_cue,1.1337904154563274,0.026796384122516503,0.7961706624191747
378.0,1.106994031333811,0.0011254854970987372,nan,0,0,cann_sparse_cue,1.121921050140715,0.014927018806904169,0.7961706624191748
378.0,1.106994031333811,0.0011254854970987372,nan,0,0,cann_gated_cue,1.1219210463242035,0.014927014990392617,0.7961706624191748
380.0,1.1096109920092234,0.001357027538176943,nan,0,0,dead_reckoning,1.136041386733099,0.026430394723875317,
380.0,1.1096109920092234,0.001357027538176943,nan,0,0,cann_no_cue,1.136041386450404,0.02643039444118056,0.7961706624145746
380.0,1.1096109920092234,0.001357027538176943,nan,0,0,cann_sparse_cue,1.1241720211347919,0.014561029125568226,0.7961706624145746
380.0,1.1096109920092234,0.001357027538176943,nan,0,0,cann_gated_cue,1.12417201731828,0.014561025309056674,0.7961706624145746
382.0,1.112226117558337,0.0015271665588287662,nan,0,0,dead_reckoning,1.1387554418094528,0.02652932425111576,
382.0,1.112226117558337,0.0015271665588287662,nan,0,0,cann_no_cue,1.1387554415265482,0.026529323968211393,0.7961706624327654
382.0,1.112226117558337,0.0015271665588287662,nan,0,0,cann_sparse_cue,1.1268860762109358,0.014659958652599059,0.7961706624327654
382.0,1.112226117558337,0.0015271665588287662,nan,0,0,cann_gated_cue,1.126886072394424,0.014659954836087064,0.7961706624327656
384.0,1.114838494443003,0.0013837201579714172,nan,0,0,dead_reckoning,1.1418097749271103,0.026971280484107574,
384.0,1.114838494443003,0.0013837201579714172,nan,0,0,cann_no_cue,1.1418097746439053,0.026971280200902115,0.796170662448295
384.0,1.114838494443003,0.0013837201579714172,nan,0,0,cann_sparse_cue,1.1299404093282932,0.015101914885290224,0.7961706624482953
384.0,1.114838494443003,0.0013837201579714172,nan,0,0,cann_gated_cue,1.1299404055117812,0.015101911068778229,0.796170662448295
386.0,1.1174472139471634,0.0013508099541809965,nan,0,0,dead_reckoning,1.1445772152430531,0.027130001295889716,
386.0,1.1174472139471634,0.0013508099541809965,nan,0,0,cann_no_cue,1.1445772149596223,0.027130001012459104,0.7961706624350806
386.0,1.1174472139471634,0.0013508099541809965,nan,0,0,cann_sparse_cue,1.1327078496440102,0.01526063569684677,0.796170662435081
386.0,1.1174472139471634,0.0013508099541809965,nan,0,0,cann_gated_cue,1.1327078458274982,0.015260631880334774,0.7961706624350808
388.0,1.1200513737710494,0.001251934445364253,nan,0,0,dead_reckoning,1.1472788351514152,0.027227461380365803,
388.0,1.1200513737710494,0.001251934445364253,nan,0,0,cann_no_cue,1.147278834867775,0.02722746109672558,0.7961706624322329
388.0,1.1200513737710494,0.001251934445364253,nan,0,0,cann_sparse_cue,1.135409469552163,0.01535809578111369,0.796170662432233
388.0,1.1200513737710494,0.001251934445364253,nan,0,0,cann_gated_cue,1.1354094657356506,0.01535809196460125,0.796170662432233
390.0,1.12265007961412,0.0014048838699133937,nan,0,0,dead_reckoning,1.1497827040421438,0.027132624428023888,
390.0,1.12265007961412,0.0014048838699133937,nan,0,0,cann_no_cue,1.1497827037583366,0.027132624144216688,0.7961706624240884
390.0,1.12265007961412,0.0014048838699133937,nan,0,0,cann_sparse_cue,1.1379133384427245,0.015263258828604798,0.7961706624240883
390.0,1.12265007961412,0.0014048838699133937,nan,0,0,cann_gated_cue,1.1379133346262122,0.015263255012092358,0.7961706624240885
392.0,1.1252424467439701,0.0009360644742942757,nan,0,0,dead_reckoning,1.1525924717819704,0.027350025038000325,
392.0,1.1252424467439701,0.0009360644742942757,nan,0,0,cann_no_cue,1.1525924714979296,0.027350024753959534,0.7961706624369487
392.0,1.1252424467439701,0.0009360644742942757,nan,0,0,cann_sparse_cue,1.1407231061823178,0.015480659438347644,0.7961706624369487
392.0,1.1252424467439701,0.0009360644742942757,nan,0,0,cann_gated_cue,1.1407231023658055,0.015480655621835204,0.7961706624369486
394.0,1.1278276015484514,0.0013461873171866597,nan,0,0,dead_reckoning,1.154464600730559,0.0266369991821076,
394.0,1.1278276015484514,0.0013461873171866597,nan,0,0,cann_no_cue,1.1544646004464465,0.026636998897995312,0.7961706624022166
394.0,1.1278276015484514,0.0013461873171866597,nan,0,0,cann_sparse_cue,1.1425952351308346,0.014767633582382977,0.7961706624022163
394.0,1.1278276015484514,0.0013461873171866597,nan,0,0,cann_gated_cue,1.1425952313143224,0.014767629765870982,0.7961706624022166
396.0,1.1304046830682857,0.0013087866842319573,nan,0,0,dead_reckoning,1.1571569753649324,0.02675229229664655,
396.0,1.1304046830682857,0.0013087866842319573,nan,0,0,cann_no_cue,1.1571569750806163,0.02675229201233087,0.7961706624318383
396.0,1.1304046830682857,0.0013087866842319573,nan,0,0,cann_sparse_cue,1.1452876097650042,0.014882926696718535,0.7961706624318383
396.0,1.1304046830682857,0.0013087866842319573,nan,0,0,cann_gated_cue,1.1452876059484922,0.01488292288020654,0.7961706624318381
398.0,1.1329728445074783,0.001054574584302993,nan,0,0,dead_reckoning,1.1597745487333964,0.02680170422591832,
398.0,1.1329728445074783,0.001054574584302993,nan,0,0,cann_no_cue,1.1597745484488902,0.02680170394141168,0.7961706624286956
398.0,1.1329728445074783,0.001054574584302993,nan,0,0,cann_sparse_cue,1.1479051831332778,0.014932338625799346,0.7961706624286957
398.0,1.1329728445074783,0.001054574584302993,nan,0,0,cann_gated_cue,1.1479051793167658,0.014932334809287795,0.7961706624286958
400.0,1.1355312547188878,0.0016772010246203682,nan,0,0,dead_reckoning,1.1618836979020024,0.02635244318311436,
400.0,1.1355312547188878,0.0016772010246203682,nan,0,0,cann_no_cue,1.161883697617395,0.026352442898507356,0.7961706624096822
400.0,1.1355312547188878,0.0016772010246203682,nan,0,0,cann_sparse_cue,1.150014332301783,0.014483077582895021,0.7961706624096825
400.0,1.1355312547188878,0.0016772010246203682,nan,0,0,cann_gated_cue,1.150014328485271,0.01448307376638347,0.796170662409682
402.0,1.1380790996623396,0.0010596300446744718,nan,0,0,dead_reckoning,1.165238099951243,0.02715900028890328,
402.0,1.1380790996623396,0.0010596300446744718,nan,0,0,cann_no_cue,1.1652380996662426,0.02715900000390281,0.7961706624635101
402.0,1.1380790996623396,0.0010596300446744718,nan,0,0,cann_sparse_cue,1.1533687343506303,0.015289634688290477,0.7961706624635098
402.0,1.1380790996623396,0.0010596300446744718,nan,0,0,cann_gated_cue,1.1533687305341185,0.015289630871778925,0.7961706624635101
404.0,1.140615583832729,0.0011023920751853638,nan,0,0,dead_reckoning,1.167357360040592,0.026741776207862777,
404.0,1.140615583832729,0.0011023920751853638,nan,0,0,cann_no_cue,1.1673573597554863,0.026741775922757505,0.7961706624100205
404.0,1.140615583832729,0.0011023920751853638,nan,0,0,cann_sparse_cue,1.1554879944398742,0.01487241060714517,0.7961706624100209
404.0,1.140615583832729,0.0011023920751853638,nan,0,0,cann_gated_cue,1.155487990623362,0.01487240679063273,0.7961706624100205
406.0,1.1431399316556081,0.0010762598286901018,nan,0,0,dead_reckoning,1.1695621441909627,0.026422212535354817,
406.0,1.1431399316556081,0.0010762598286901018,nan,0,0,cann_no_cue,1.169562143905744,0.026422212250135857,0.7961706624129462
406.0,1.1431399316556081,0.0010762598286901018,nan,0,0,cann_sparse_cue,1.1576927785901319,0.014552846934523522,0.7961706624129465
406.0,1.1431399316556081,0.0010762598286901018,nan,0,0,cann_gated_cue,1.1576927747736199,0.014552843118011971,0.7961706624129465
408.0,1.1456513888478062,0.0014695107883717444,nan,0,0,dead_reckoning,1.1717146638483429,0.026063275000536734,
408.0,1.1456513888478062,0.0014695107883717444,nan,0,0,cann_no_cue,1.1717146635630187,0.026063274715212525,0.7961706624111446
408.0,1.1456513888478062,0.0014695107883717444,nan,0,0,cann_sparse_cue,1.1598452982474068,0.014193909399600635,0.7961706624111448
408.0,1.1456513888478062,0.0014695107883717444,nan,0,0,cann_gated_cue,1.1598452944308946,0.014193905583088195,0.7961706624111445
410.0,1.148149223740699,0.0011134336104904148,nan,0,0,dead_reckoning,1.1746536854250864,0.026504461684387692,
410.0,1.148149223740699,0.0011134336104904148,nan,0,0,cann_no_cue,1.1746536851394966,0.026504461398797474,0.7961706624428274
410.0,1.148149223740699,0.0011134336104904148,nan,0,0,cann_sparse_cue,1.1627843198238845,0.014635096083185584,0.7961706624428275
410.0,1.148149223740699,0.0011134336104904148,nan,0,0,cann_gated_cue,1.1627843160073725,0.014635092266673588,0.7961706624428276
412.0,1.1506327285638045,0.0013713820053451971,nan,0,0,dead_reckoning,1.1768805526460673,0.02624782408226256,
412.0,1.1506327285638045,0.0013713820053451971,nan,0,0,cann_no_cue,1.1768805523603583,0.02624782379655377,0.7961706624137207
412.0,1.1506327285638045,0.0013713820053451971,nan,0,0,cann_sparse_cue,1.1650111870447462,0.01437845848094188,0.7961706624137204
412.0,1.1506327285638045,0.0013713820053451971,nan,0,0,cann_gated_cue,1.165011183228234,0.014378454664429441,0.7961706624137208
414.0,1.1531012206864517,0.0013586020464322493,nan,0,0,dead_reckoning,1.1796233166567576,0.02652209597030586,
414.0,1.1531012206864517,0.0013586020464322493,nan,0,0,cann_no_cue,1.1796233163708318,0.026522095684380353,0.796170662434005
414.0,1.1531012206864517,0.0013586020464322493,nan,0,0,cann_sparse_cue,1.1677539510552204,0.014652730368768907,0.7961706624340049
414.0,1.1531012206864517,0.0013586020464322493,nan,0,0,cann_gated_cue,1.1677539472387082,0.014652726552256468,0.7961706624340051
416.0,1.1555540438153487,0.0012884499280780245,nan,0,0,dead_reckoning,1.182340520749622,0.026786476934273384,
416.0,1.1555540438153487,0.0012884499280780245,nan,0,0,cann_no_cue,1.1823405204634836,0.026786476648134716,0.7961706624329009
416.0,1.1555540438153487,0.0012884499280780245,nan,0,0,cann_sparse_cue,1.1704711551478721,0.01491711133252327,0.7961706624329009
416.0,1.1555540438153487,0.0012884499280780245,nan,0,0,cann_gated_cue,1.1704711513313597,0.01491710751601083,0.7961706624329009
418.0,1.1579905691459418,0.0010050026860630515,nan,0,0,dead_reckoning,1.1849174206057782,0.02692685145983642,
418.0,1.1579905691459418,0.0010050026860630515,nan,0,0,cann_no_cue,1.1849174203194577,0.02692685117351612,0.7961706624270242
418.0,1.1579905691459418,0.0010050026860630515,nan,0,0,cann_sparse_cue,1.1730480550038462,0.015057485857904673,0.7961706624270243
418.0,1.1579905691459418,0.0010050026860630515,nan,0,0,cann_gated_cue,1.1730480511873338,0.015057482041392234,0.7961706624270242
420.0,1.1604101964655542,0.0011201268403280662,1.1591694930450134,1,1,dead_reckoning,1.1869274259779043,0.026517229512350138,
420.0,1.1604101964655542,0.0011201268403280662,1.1591694930450134,1,1,cann_no_cue,1.1869274256914966,0.02651722922594235,0.7961706624064512
420.0,1.1604101964655542,0.0011201268403280662,1.1591694930450134,1,1,cann_sparse_cue,1.1594033649465494,-0.001006831519005047,0.8542898076064462
420.0,1.1604101964655542,0.0011201268403280662,1.1591694930450134,1,1,cann_gated_cue,1.1594033649457296,-0.0010068315198248357,0.854289807606446
422.0,1.1628123552063627,0.0015067722495357145,nan,0,0,dead_reckoning,1.1891676796585604,0.02635532445219768,
422.0,1.1628123552063627,0.0015067722495357145,nan,0,0,cann_no_cue,1.1891676793720347,0.026355324165671767,0.7961706624141938
422.0,1.1628123552063627,0.0015067722495357145,nan,0,0,cann_sparse_cue,1.161640143400605,-0.0011722118057577724,0.7961706624141941
422.0,1.1628123552063627,0.0015067722495357145,nan,0,0,cann_gated_cue,1.1616401433997896,-0.0011722118065731202,0.7961706624141939
424.0,1.165196505446366,0.000979039669126881,nan,0,0,dead_reckoning,1.1921812241576317,0.02698471871126573,
424.0,1.165196505446366,0.000979039669126881,nan,0,0,cann_no_cue,1.1921812238708198,0.026984718424453824,0.7961706624463369
424.0,1.165196505446366,0.000979039669126881,nan,0,0,cann_sparse_cue,1.1646536878993898,-0.0005428175469761598,0.7961706624463369
424.0,1.165196505446366,0.000979039669126881,nan,0,0,cann_gated_cue,1.1646536878985747,-0.0005428175477915076,0.7961706624463368
426.0,1.167562138856594,0.0010468888714780034,nan,0,0,dead_reckoning,1.1941393034958856,0.026577164639291606,
426.0,1.167562138856594,0.0010468888714780034,nan,0,0,cann_no_cue,1.1941393032089909,0.026577164352397098,0.7961706624048209
426.0,1.167562138856594,0.0010468888714780034,nan,0,0,cann_sparse_cue,1.1666117672375609,-0.0009503716190328859,0.796170662404821
426.0,1.167562138856594,0.0010468888714780034,nan,0,0,cann_gated_cue,1.166611767236746,-0.0009503716198482337,0.796170662404821
428.0,1.1699087795928866,0.0011533462510975483,nan,0,0,dead_reckoning,1.1962330812388415,0.026324301645955117,
428.0,1.1699087795928866,0.0011533462510975483,nan,0,0,cann_no_cue,1.19623308095185,0.026324301358963353,0.796170662409171
428.0,1.1699087795928866,0.0011533462510975483,nan,0,0,cann_sparse_cue,1.1687055449804205,-0.0012032346124661863,0.7961706624091713
428.0,1.1699087795928866,0.0011533462510975483,nan,0,0,cann_gated_cue,1.1687055449796058,-0.00120323461328109,0.7961706624091712
430.0,1.1722359851306892,0.0013071587749423357,nan,0,0,dead_reckoning,1.1985397737410368,0.026303788610347656,
430.0,1.1722359851306892,0.0013071587749423357,nan,0,0,cann_no_cue,1.198539773453916,0.026303788323226662,0.7961706624165839
430.0,1.1722359851306892,0.0013071587749423357,nan,0,0,cann_sparse_cue,1.1710122374824863,-0.0012237476482028775,0.796170662416584
430.0,1.1722359851306892,0.0013071587749423357,nan,0,0,cann_gated_cue,1.1710122374816716,-0.0012237476490177812,0.796170662416584
432.0,1.1745433470413877,0.0011976119294527191,nan,0,0,dead_reckoning,1.2011540912909213,0.026610744249533802,
432.0,1.1745433470413877,0.0011976119294527191,nan,0,0,cann_no_cue,1.2011540910036125,0.02661074396222496,0.796170662428561
432.0,1.1745433470413877,0.0011976119294527191,nan,0,0,cann_sparse_cue,1.1736265550321832,-0.0009167920092045811,0.7961706624285608
432.0,1.1745433470413877,0.0011976119294527191,nan,0,0,cann_gated_cue,1.1736265550313685,-0.0009167920100194848,0.7961706624285609
434.0,1.1768304917088344,0.0012719047129329392,nan,0,0,dead_reckoning,1.2035493151498269,0.026718823440992523,
434.0,1.1768304917088344,0.0012719047129329392,nan,0,0,cann_no_cue,1.2035493148623717,0.02671882315353713,0.7961706624198773
434.0,1.1768304917088344,0.0012719047129329392,nan,0,0,cann_sparse_cue,1.1760217788909422,-0.0008087128178919656,0.7961706624198771
434.0,1.1768304917088344,0.0012719047129329392,nan,0,0,cann_gated_cue,1.1760217788901275,-0.0008087128187068693,0.7961706624198771
436.0,1.179097080984795,0.0009440394007342452,nan,0,0,dead_reckoning,1.2060931245756927,0.026996043590897578,
436.0,1.179097080984795,0.0009440394007342452,nan,0,0,cann_no_cue,1.206093124288064,0.02699604330326899,0.7961706624256838
436.0,1.179097080984795,0.0009440394007342452,nan,0,0,cann_sparse_cue,1.1785655883166344,-0.0005314926681605492,0.7961706624256837
436.0,1.179097080984795,0.0009440394007342452,nan,0,0,cann_gated_cue,1.1785655883158193,-0.0005314926689754529,0.7961706624256836
438.0,1.1813428127821772,0.0012849303726135675,nan,0,0,dead_reckoning,1.207981203377161,0.026638390594984074,
438.0,1.1813428127821772,0.0012849303726135675,nan,0,0,cann_no_cue,1.2079812030894597,0.026638390307282656,0.7961706624026907
438.0,1.1813428127821772,0.0012849303726135675,nan,0,0,cann_sparse_cue,1.1804536671180301,-0.0008891456641473283,0.796170662402691
438.0,1.1813428127821772,0.0012849303726135675,nan,0,0,cann_gated_cue,1.1804536671172152,-0.0008891456649617879,0.7961706624026909
440.0,1.1835674216049936,0.0012072273972257037,1.1835771882116342,1,1,dead_reckoning,1.2105510641223884,0.026983642517394824,
440.0,1.1835674216049936,0.0012072273972257037,1.1835771882116342,1,1,cann_no_cue,1.2105510638345094,0.02698364222951577,0.7961706624267375
440.0,1.1835674216049936,0.0012072273972257037,1.1835771882116342,1,1,cann_sparse_cue,1.183871720420787,0.0003042988157933024,0.8542898049591823
440.0,1.1835674216049936,0.0012072273972257037,1.1835771882116342,1,1,cann_gated_cue,1.183871720420787,0.0003042988157933024,0.8542898049591822
442.0,1.1857706790141316,0.0008225561752260593,nan,0,0,dead_reckoning,1.2129655189168398,0.02719483990270799,
442.0,1.1857706790141316,0.0008225561752260593,nan,0,0,cann_no_cue,1.212965518628811,0.027194839614679722,0.7961706624206094
442.0,1.1857706790141316,0.0008225561752260593,nan,0,0,cann_sparse_cue,1.1862822238261554,0.0005115448120238675,0.7961706624206092
442.0,1.1857706790141316,0.0008225561752260593,nan,0,0,cann_gated_cue,1.1862822238261552,0.0005115448120234234,0.7961706624206093
444.0,1.1879523940281134,0.0013571830112869578,nan,0,0,dead_reckoning,1.214610631267292,0.026658237239178817,
444.0,1.1879523940281134,0.0013571830112869578,nan,0,0,cann_no_cue,1.2146106309792148,0.0266582369511017,0.7961706623958993
444.0,1.1879523940281134,0.0013571830112869578,nan,0,0,cann_sparse_cue,1.1879273361765592,-2.505785155415552e-05,0.796170662395899
444.0,1.1879523940281134,0.0013571830112869578,nan,0,0,cann_gated_cue,1.187927336176559,-2.505785155459961e-05,0.796170662395899
446.0,1.1901124134581424,0.0014769359038217125,nan,0,0,dead_reckoning,1.2173249972898659,0.027212583831723425,
446.0,1.1901124134581424,0.0014769359038217125,nan,0,0,cann_no_cue,1.2173249970015807,0.02721258354343803,0.7961706624327789
446.0,1.1901124134581424,0.0014769359038217125,nan,0,0,cann_sparse_cue,1.1906417021989253,0.0005292887407826186,0.796170662432779
446.0,1.1901124134581424,0.0014769359038217125,nan,0,0,cann_gated_cue,1.190641702198925,0.0005292887407826186,0.796170662432779
448.0,1.1922506221768492,0.0009284694401380004,nan,0,0,dead_reckoning,1.2202788690975093,0.02802824692065986,
448.0,1.1922506221768492,0.0009284694401380004,nan,0,0,cann_no_cue,1.220278868808952,0.028028246632103127,0.7961706624435196
448.0,1.1922506221768492,0.0009284694401380004,nan,0,0,cann_sparse_cue,1.1935955740062965,0.0013449518294472718,0.7961706624435196
448.0,1.1922506221768492,0.0009284694401380004,nan,0,0,cann_gated_cue,1.1935955740062962,0.0013449518294468277,0.7961706624435195
450.0,1.1943669433202624,0.0010587625631149772,nan,0,0,dead_reckoning,1.2221358079777853,0.02776886465752293,
450.0,1.1943669433202624,0.0010587625631149772,nan,0,0,cann_no_cue,1.222135807689157,0.027768864368894697,0.7961706624017681
450.0,1.1943669433202624,0.0010587625631149772,nan,0,0,cann_sparse_cue,1.195452512886502,0.0010855695662392861,0.7961706624017683
450.0,1.1943669433202624,0.0010587625631149772,nan,0,0,cann_gated_cue,1.1954525128865017,0.0010855695662392861,0.7961706624017684
452.0,1.1964613384226557,0.00127574032995506,nan,0,0,dead_reckoning,1.2242533331040153,0.027791994681359622,
452.0,1.1964613384226557,0.00127574032995506,nan,0,0,cann_no_cue,1.2242533328152874,0.027791994392631914,0.7961706624099621
452.0,1.1964613384226557,0.00127574032995506,nan,0,0,cann_sparse_cue,1.1975700380126322,0.0011086995899765029,0.7961706624099625
452.0,1.1964613384226557,0.00127574032995506,nan,0,0,cann_gated_cue,1.1975700380126322,0.0011086995899765029,0.7961706624099625
454.0,1.1985338074840288,0.0007649361017221646,nan,0,0,dead_reckoning,1.2268048137639254,0.02827100627989676,
454.0,1.1985338074840288,0.0007649361017221646,nan,0,0,cann_no_cue,1.2268048134750231,0.028271005990994524,0.7961706624259928
454.0,1.1985338074840288,0.0007649361017221646,nan,0,0,cann_sparse_cue,1.200121518672368,0.0015877111883391137,0.7961706624259928
454.0,1.1985338074840288,0.0007649361017221646,nan,0,0,cann_gated_cue,1.2001215186723675,0.0015877111883386696,0.7961706624259929
456.0,1.2005843889701087,0.0006596197119924204,nan,0,0,dead_reckoning,1.2283346859673698,0.02775029699726117,
456.0,1.2005843889701087,0.0006596197119924204,nan,0,0,cann_no_cue,1.2283346856784279,0.02775029670831941,0.7961706623930044
456.0,1.2005843889701087,0.0006596197119924204,nan,0,0,cann_sparse_cue,1.2016513908757727,0.001067001905664,0.7961706623930042
456.0,1.2005843889701087,0.0006596197119924204,nan,0,0,cann_gated_cue,1.2016513908757722,0.001067001905663556,0.7961706623930042
458.0,1.2026131597448657,0.0007660266633674189,nan,0,0,dead_reckoning,1.2296539253913545,0.02704076564648883,
458.0,1.2026131597448657,0.0007660266633674189,nan,0,0,cann_no_cue,1.2296539251023886,0.027040765357522645,0.7961706623882564
458.0,1.2026131597448657,0.0007660266633674189,nan,0,0,cann_sparse_cue,1.2029706302997334,0.0003574705548676782,0.7961706623882563
458.0,1.2026131597448657,0.0007660266633674189,nan,0,0,cann_gated_cue,1.202970630299733,0.0003574705548672341,0.7961706623882561
460.0,1.2046202349356703,0.0008844165166232195,1.2033912374074747,1,1,dead_reckoning,1.2311859787180892,0.026565743782418938,
460.0,1.2046202349356703,0.0008844165166232195,1.2033912374074747,1,1,cann_no_cue,1.2311859784290862,0.026565743493415894,0.7961706623930571
460.0,1.2046202349356703,0.0008844165166232195,1.2033912374074747,1,1,cann_sparse_cue,1.2035671358416788,-0.0010530990939914275,0.8542898096309564
460.0,1.2046202349356703,0.0008844165166232195,1.2033912374074747,1,1,cann_gated_cue,1.2035671358416788,-0.0010530990939914275,0.8542898096309564
462.0,1.2066057677313187,0.0008737427416279565,nan,0,0,dead_reckoning,1.2329548117513358,0.026349044020017143,
462.0,1.2066057677313187,0.0008737427416279565,nan,0,0,cann_no_cue,1.2329548114622746,0.026349043730955923,0.796170662399241
462.0,1.2066057677313187,0.0008737427416279565,nan,0,0,cann_sparse_cue,1.2053332693490304,-0.0012724983822884894,0.7961706623992412
462.0,1.2066057677313187,0.0008737427416279565,nan,0,0,cann_gated_cue,1.2053332693490304,-0.0012724983822884894,0.7961706623992412
464.0,1.2085699491132886,0.0010681653634121966,nan,0,0,dead_reckoning,1.2347022972345916,0.02613234812130294,
464.0,1.2085699491132886,0.0010681653634121966,nan,0,0,cann_no_cue,1.2347022969454742,0.026132347832185765,0.7961706623986469
464.0,1.2085699491132886,0.0010681653634121966,nan,0,0,cann_sparse_cue,1.2070807548322302,-0.0014891942810582037,0.796170662398647
464.0,1.2085699491132886,0.0010681653634121966,nan,0,0,cann_gated_cue,1.2070807548322302,-0.0014891942810582037,0.796170662398647
466.0,1.2105130075206927,0.000988634804207351,nan,0,0,dead_reckoning,1.236838627961416,0.02632562044072362,
466.0,1.2105130075206927,0.000988634804207351,nan,0,0,cann_no_cue,1.2368386276721968,0.026325620151504303,0.7961706624105953
466.0,1.2105130075206927,0.000988634804207351,nan,0,0,cann_sparse_cue,1.2092170855589526,-0.0012959219617401097,0.7961706624105952
466.0,1.2105130075206927,0.000988634804207351,nan,0,0,cann_gated_cue,1.2092170855589528,-0.0012959219617396656,0.7961706624105951
468.0,1.2124352084495185,0.0007160830391486922,nan,0,0,dead_reckoning,1.2388158975698307,0.02638068912031244,
468.0,1.2124352084495185,0.0007160830391486922,nan,0,0,cann_no_cue,1.2388158972805292,0.026380688831010524,0.7961706624054183
468.0,1.2124352084495185,0.0007160830391486922,nan,0,0,cann_sparse_cue,1.2111943551672852,-0.001240853282233445,0.7961706624054185
468.0,1.2124352084495185,0.0007160830391486922,nan,0,0,cann_gated_cue,1.2111943551672855,-0.001240853282233001,0.7961706624054185
470.0,1.2143368539868584,0.001023763757943337,nan,0,0,dead_reckoning,1.2402480636481283,0.02591120966126992,
470.0,1.2143368539868584,0.001023763757943337,nan,0,0,cann_no_cue,1.240248063358795,0.025911209371936472,0.7961706623907145
470.0,1.2143368539868584,0.001023763757943337,nan,0,0,cann_sparse_cue,1.2126265212455514,-0.0017103327413070524,0.7961706623907144
470.0,1.2143368539868584,0.001023763757943337,nan,0,0,cann_gated_cue,1.2126265212455516,-0.0017103327413066083,0.7961706623907145
472.0,1.2162182822809462,0.001234932085577169,nan,0,0,dead_reckoning,1.242295591164015,0.026077308883068806,
472.0,1.2162182822809462,0.001234932085577169,nan,0,0,cann_no_cue,1.2422955908745923,0.026077308593646098,0.796170662407656
472.0,1.2162182822809462,0.001234932085577169,nan,0,0,cann_sparse_cue,1.2146740487613488,-0.0015442335195974266,0.796170662407656
472.0,1.2162182822809462,0.001234932085577169,nan,0,0,cann_gated_cue,1.214674048761349,-0.0015442335195974266,0.7961706624076559
474.0,1.2180798669479302,0.0011108536958091917,nan,0,0,dead_reckoning,1.2447654553351692,0.026685588387239,
474.0,1.2180798669479302,0.0011108536958091917,nan,0,0,cann_no_cue,1.2447654550455884,0.026685588097658197,0.7961706624227504
474.0,1.2180798669479302,0.0011108536958091917,nan,0,0,cann_sparse_cue,1.217143912932345,-0.0009359540155853274,0.7961706624227504
474.0,1.2180798669479302,0.0011108536958091917,nan,0,0,cann_gated_cue,1.2171439129323451,-0.0009359540155848833,0.7961706624227504
476.0,1.2199220164164237,0.0010619518511005618,nan,0,0,dead_reckoning,1.2469871627267877,0.027065146310364163,
476.0,1.2199220164164237,0.0010619518511005618,nan,0,0,cann_no_cue,1.2469871624370896,0.02706514602066612,0.7961706624135392
476.0,1.2199220164164237,0.0010619518511005618,nan,0,0,cann_sparse_cue,1.2193656203238465,-0.0005563960925769607,0.796170662413539
476.0,1.2199220164164237,0.0010619518511005618,nan,0,0,cann_gated_cue,1.2193656203238468,-0.0005563960925769607,0.796170662413539
478.0,1.2217451732109823,0.0008776747982193171,nan,0,0,dead_reckoning,1.2491110664289888,0.027365893218006754,
478.0,1.2217451732109823,0.0008776747982193171,nan,0,0,cann_no_cue,1.249111066139189,0.02736589292820657,0.7961706624101765
478.0,1.2217451732109823,0.0008776747982193171,nan,0,0,cann_sparse_cue,1.2214895240259462,-0.0002556491850360665,0.7961706624101764
478.0,1.2217451732109823,0.0008776747982193171,nan,0,0,cann_gated_cue,1.2214895240259462,-0.0002556491850360665,0.7961706624101764
480.0,1.2235498131757652,0.0010372974777111438,1.2236619294163884,1,1,dead_reckoning,1.2508664160254275,0.02731660284966253,
480.0,1.2235498131757652,0.0010372974777111438,1.2236619294163884,1,1,cann_no_cue,1.25086641573557,0.027316602559804615,0.7961706623988648
480.0,1.2235498131757652,0.0010372974777111438,1.2236619294163884,1,1,cann_sparse_cue,1.223863102000375,0.000313288824609792,0.8542898088353101
480.0,1.2235498131757652,0.0010372974777111438,1.2236619294163884,1,1,cann_gated_cue,1.223863102000375,0.000313288824609792,0.8542898088353101
482.0,1.2253364446397434,0.000687384110666986,nan,0,0,dead_reckoning,1.2529410109808499,0.02760456634110664,
482.0,1.2253364446397434,0.000687384110666986,nan,0,0,cann_no_cue,1.2529410106908987,0.027604566051155466,0.7961706624085386
482.0,1.2253364446397434,0.000687384110666986,nan,0,0,cann_sparse_cue,1.2259345561632,0.0005981115234563461,0.7961706624085386
482.0,1.2253364446397434,0.000687384110666986,nan,0,0,cann_gated_cue,1.2259345561632,0.0005981115234563461,0.7961706624085386
484.0,1.2271056075249174,0.0009796341346374052,nan,0,0,dead_reckoning,1.2543157792021837,0.02721017167726636,
484.0,1.2271056075249174,0.0009796341346374052,nan,0,0,cann_no_cue,1.2543157789122044,0.027210171387286763,0.7961706623894396
484.0,1.2271056075249174,0.0009796341346374052,nan,0,0,cann_sparse_cue,1.2273093243845057,0.00020371685958853192,0.7961706623894398
484.0,1.2271056075249174,0.0009796341346374052,nan,0,0,cann_gated_cue,1.2273093243845057,0.00020371685958853192,0.79617066238944
486.0,1.2288578723991106,0.0008172538980937384,nan,0,0,dead_reckoning,1.2562750474714586,0.027417175072347977,
486.0,1.2288578723991106,0.0008172538980937384,nan,0,0,cann_no_cue,1.256275047181401,0.027417174782290665,0.796170662404858
486.0,1.2288578723991106,0.0008172538980937384,nan,0,0,cann_sparse_cue,1.2292685926537024,0.0004107202545915456,0.7961706624048579
486.0,1.2288578723991106,0.0008172538980937384,nan,0,0,cann_gated_cue,1.2292685926537024,0.0004107202545915456,0.7961706624048578
488.0,1.230593839475,0.001030973542958034,nan,0,0,dead_reckoning,1.257909555267646,0.027315715792646245,
488.0,1.230593839475,0.001030973542958034,nan,0,0,cann_no_cue,1.2579095549775419,0.02731571550254186,0.7961706623956238
488.0,1.230593839475,0.001030973542958034,nan,0,0,cann_sparse_cue,1.2309031004498432,0.00030926097484318404,0.7961706623956238
488.0,1.230593839475,0.001030973542958034,nan,0,0,cann_gated_cue,1.2309031004498432,0.00030926097484318404,0.7961706623956238
490.0,1.2323141375571391,0.0009044460515314941,nan,0,0,dead_reckoning,1.259971502353562,0.02765736479642289,
490.0,1.2323141375571391,0.0009044460515314941,nan,0,0,cann_no_cue,1.2599715020633662,0.027657364506227022,0.7961706624081246
490.0,1.2323141375571391,0.0009044460515314941,nan,0,0,cann_sparse_cue,1.2329650475356675,0.0006509099785283468,0.7961706624081247
490.0,1.2323141375571391,0.0009044460515314941,nan,0,0,cann_gated_cue,1.2329650475356675,0.0006509099785283468,0.7961706624081247
492.0,1.2340194229388202,0.000618126340312026,nan,0,0,dead_reckoning,1.261780394456625,0.027760971517804656,
492.0,1.2340194229388202,0.000618126340312026,nan,0,0,cann_no_cue,1.2617803941663663,0.027760971227546172,0.7961706624003746
492.0,1.2340194229388202,0.000618126340312026,nan,0,0,cann_sparse_cue,1.2347739396386677,0.0007545166998474961,0.7961706624003748
492.0,1.2340194229388202,0.000618126340312026,nan,0,0,cann_gated_cue,1.2347739396386677,0.0007545166998474961,0.7961706624003748
494.0,1.2357103782507137,0.0008269290194623982,nan,0,0,dead_reckoning,1.2630166471372493,0.027306268886535534,
494.0,1.2357103782507137,0.0008269290194623982,nan,0,0,cann_no_cue,1.26301664684697,0.027306268596256178,0.7961706623865785
494.0,1.2357103782507137,0.0008269290194623982,nan,0,0,cann_sparse_cue,1.2360101923192715,0.00029981406855750237,0.7961706623865781
494.0,1.2357103782507137,0.0008269290194623982,nan,0,0,cann_gated_cue,1.2360101923192715,0.00029981406855750237,0.7961706623865781
496.0,1.237387711263302,0.0010090129726408872,nan,0,0,dead_reckoning,1.264670505176174,0.027282793912871917,
496.0,1.237387711263302,0.0010090129726408872,nan,0,0,cann_no_cue,1.264670504885848,0.02728279362254593,0.7961706623961274
496.0,1.237387711263302,0.0010090129726408872,nan,0,0,cann_sparse_cue,1.2376640503581493,0.0002763390948472555,0.7961706623961272
496.0,1.237387711263302,0.0010090129726408872,nan,0,0,cann_gated_cue,1.237664050358149,0.0002763390948468114,0.7961706623961273
498.0,1.2390521536452095,0.0005948402248278348,nan,0,0,dead_reckoning,1.266688531121456,0.027636377476246476,
498.0,1.2390521536452095,0.0005948402248278348,nan,0,0,cann_no_cue,1.2666885308310438,0.027636377185834338,0.7961706624067069
498.0,1.2390521536452095,0.0005948402248278348,nan,0,0,cann_sparse_cue,1.239682076303345,0.0006299226581356621,0.7961706624067066
498.0,1.2390521536452095,0.0005948402248278348,nan,0,0,cann_gated_cue,1.239682076303345,0.0006299226581356621,0.7961706624067066
500.0,1.2407044596796064,0.0006869835235097613,1.2414790779944245,1,1,dead_reckoning,1.2678782115711114,0.02717375189150495,
500.0,1.2407044596796064,0.0006869835235097613,1.2414790779944245,1,1,cann_no_cue,1.267878211280681,0.027173751601074603,0.7961706623856843
500.0,1.2407044596796064,0.0006869835235097613,1.2414790779944245,1,1,cann_sparse_cue,1.2416153521111353,0.0009108924315288647,0.8542898106699006
500.0,1.2407044596796064,0.0006869835235097613,1.2414790779944245,1,1,cann_gated_cue,1.2416153521111353,0.0009108924315288647,0.8542898106699006
502.0,1.242345404940941,0.0006448355489144706,nan,0,0,dead_reckoning,1.269252178618131,0.026906773677190188,
502.0,1.242345404940941,0.0006448355489144706,nan,0,0,cann_no_cue,1.2692521783276736,0.026906773386732752,0.7961706623894225
502.0,1.242345404940941,0.0006448355489144706,nan,0,0,cann_sparse_cue,1.2429872242030073,0.000641819262066079,0.7961706623894225
502.0,1.242345404940941,0.0006448355489144706,nan,0,0,cann_gated_cue,1.2429872242030073,0.000641819262066079,0.7961706623894227
504.0,1.2439757849343178,0.0005142924892879092,nan,0,0,dead_reckoning,1.27054184971596,0.02656606478164214,
504.0,1.2439757849343178,0.0005142924892879092,nan,0,0,cann_no_cue,1.27054184942548,0.0265660644911625,0.7961706623876459
504.0,1.2439757849343178,0.0005142924892879092,nan,0,0,cann_sparse_cue,1.2442768953008139,0.000301110366495827,0.7961706623876459
504.0,1.2439757849343178,0.0005142924892879092,nan,0,0,cann_gated_cue,1.2442768953008139,0.000301110366495827,0.7961706623876458
506.0,1.2455964136999116,0.0009349589947122983,nan,0,0,dead_reckoning,1.2715704346945358,0.025974020994624425,
506.0,1.2455964136999116,0.0009349589947122983,nan,0,0,cann_no_cue,1.2715704344040444,0.025974020704132794,0.7961706623828573
506.0,1.2455964136999116,0.0009349589947122983,nan,0,0,cann_sparse_cue,1.2453054802793784,-0.00029093342053343463,0.7961706623828569
506.0,1.2455964136999116,0.0009349589947122983,nan,0,0,cann_gated_cue,1.2453054802793786,-0.00029093342053299054,0.7961706623828572
508.0,1.247208122384864,0.0009953122054785417,nan,0,0,dead_reckoning,1.2734403526839604,0.026232230299096493,
508.0,1.247208122384864,0.0009953122054785417,nan,0,0,cann_no_cue,1.2734403523934015,0.026232230008537805,0.7961706624021512
508.0,1.247208122384864,0.0009953122054785417,nan,0,0,cann_sparse_cue,1.2471753982687355,-3.2724116128424185e-05,0.796170662402151
508.0,1.247208122384864,0.0009953122054785417,nan,0,0,cann_gated_cue,1.2471753982687355,-3.2724116128424185e-05,0.796170662402151
510.0,1.2488117577851687,0.0009002080507526164,nan,0,0,dead_reckoning,1.2754309770949175,0.026619219309748754,
510.0,1.2488117577851687,0.0009002080507526164,nan,0,0,cann_no_cue,1.2754309768042755,0.02661921901910702,0.7961706624058377
510.0,1.2488117577851687,0.0009002080507526164,nan,0,0,cann_sparse_cue,1.2491660226796095,0.00035426489444079223,0.7961706624058377
510.0,1.2488117577851687,0.0009002080507526164,nan,0,0,cann_gated_cue,1.2491660226796095,0.00035426489444079223,0.7961706624058377
512.0,1.250408180860105,0.0007954480772326464,nan,0,0,dead_reckoning,1.2772313931964228,0.02682321233631768,
512.0,1.250408180860105,0.0007954480772326464,nan,0,0,cann_no_cue,1.2772313929057189,0.026823212045613776,0.7961706624001326
512.0,1.250408180860105,0.0007954480772326464,nan,0,0,cann_sparse_cue,1.2509664387810528,0.0005582579209475469,0.7961706624001326
512.0,1.250408180860105,0.0007954480772326464,nan,0,0,cann_gated_cue,1.2509664387810526,0.0005582579209475469,0.7961706624001326
514.0,1.251998265221821,0.0007416836637681304,nan,0,0,dead_reckoning,1.278822289350888,0.026824024129067148,
514.0,1.251998265221821,0.0007416836637681304,nan,0,0,cann_no_cue,1.2788222890601413,0.026824023838320166,0.7961706623945108
514.0,1.251998265221821,0.0007416836637681304,nan,0,0,cann_sparse_cue,1.2525573349354755,0.000559069713654381,0.7961706623945111
514.0,1.251998265221821,0.0007416836637681304,nan,0,0,cann_gated_cue,1.2525573349354755,0.000559069713654381,0.796170662394511
516.0,1.2535828956027215,0.0007924617199819478,nan,0,0,dead_reckoning,1.2803056566784243,0.026722761075702817,
516.0,1.2535828956027215,0.0007924617199819478,nan,0,0,cann_no_cue,1.2803056563876432,0.02672276078492164,0.7961706623918955
516.0,1.2535828956027215,0.0007924617199819478,nan,0,0,cann_sparse_cue,1.2540407022629774,0.00045780666025585504,0.7961706623918954
516.0,1.2535828956027215,0.0007924617199819478,nan,0,0,cann_gated_cue,1.2540407022629774,0.00045780666025585504,0.7961706623918956
518.0,1.2551629663033472,0.0006200418329329986,nan,0,0,dead_reckoning,1.2818905801183882,0.02672761381504074,
518.0,1.2551629663033472,0.0006200418329329986,nan,0,0,cann_no_cue,1.2818905798275655,0.026727613524218263,0.796170662394361
518.0,1.2551629663033472,0.0006200418329329986,nan,0,0,cann_sparse_cue,1.2556256257028995,0.0004626593995524786,0.796170662394361
518.0,1.2551629663033472,0.0006200418329329986,nan,0,0,cann_gated_cue,1.2556256257028995,0.0004626593995524786,0.796170662394361
520.0,1.2567393796234678,0.0008980957216940377,1.2565267554809185,1,1,dead_reckoning,1.283130663784254,0.026391284160786288,
520.0,1.2567393796234678,0.0008980957216940377,1.2565267554809185,1,1,cann_no_cue,1.283130663493411,0.02639128386994294,0.7961706623866533
520.0,1.2567393796234678,0.0008980957216940377,1.2565267554809185,1,1,cann_sparse_cue,1.256669011839446,-7.036778402191857e-05,0.8542898105290412
520.0,1.2567393796234678,0.0008980957216940377,1.2565267554809185,1,1,cann_gated_cue,1.256669011839446,-7.036778402191857e-05,0.8542898105290412
522.0,1.2583130442791404,0.0009267050989400568,nan,0,0,dead_reckoning,1.2849268552276423,0.026613810948501904,
522.0,1.2583130442791404,0.0009267050989400568,nan,0,0,cann_no_cue,1.284926854936739,0.026613810657598602,0.7961706624000127
522.0,1.2583130442791404,0.0009267050989400568,nan,0,0,cann_sparse_cue,1.258462640344885,0.00014959606574471707,0.7961706624000126
522.0,1.2583130442791404,0.0009267050989400568,nan,0,0,cann_gated_cue,1.258462640344885,0.00014959606574471707,0.7961706624000128
524.0,1.259884873808514,0.0008978427043534367,nan,0,0,dead_reckoning,1.2867802654255223,0.02689539161700827,
524.0,1.259884873808514,0.0008978427043534367,nan,0,0,cann_no_cue,1.286780265134552,0.02689539132603791,0.7961706624016648
524.0,1.259884873808514,0.0008978427043534367,nan,0,0,cann_sparse_cue,1.2603160505426982,0.00043117673418446856,0.7961706624016648
524.0,1.259884873808514,0.0008978427043534367,nan,0,0,cann_gated_cue,1.260316050542698,0.00043117673418402447,0.7961706624016646
526.0,1.261455784969173,0.000637326309384974,nan,0,0,dead_reckoning,1.2885759508342294,0.02712016586505639,
526.0,1.261455784969173,0.000637326309384974,nan,0,0,cann_no_cue,1.2885759505431975,0.027120165574024746,0.796170662399998
526.0,1.261455784969173,0.000637326309384974,nan,0,0,cann_sparse_cue,1.2621117359513438,0.0006559509821708609,0.796170662399998
526.0,1.261455784969173,0.000637326309384974,nan,0,0,cann_gated_cue,1.2621117359513438,0.0006559509821708609,0.7961706623999981
528.0,1.263026696129832,0.0007443326846541679,nan,0,0,dead_reckoning,1.289850603452999,0.026823907323167084,
528.0,1.263026696129832,0.0007443326846541679,nan,0,0,cann_no_cue,1.2898506031619452,0.026823907032113237,0.7961706623873412
528.0,1.263026696129832,0.0007443326846541679,nan,0,0,cann_sparse_cue,1.2633863885700916,0.00035969244025935154,0.7961706623873414
528.0,1.263026696129832,0.0007443326846541679,nan,0,0,cann_gated_cue,1.2633863885700916,0.00035969244025935154,0.7961706623873414
530.0,1.2645985256592056,0.0006959129778451554,nan,0,0,dead_reckoning,1.2913392688223075,0.026740743163101932,
530.0,1.2645985256592056,0.0006959129778451554,nan,0,0,cann_no_cue,1.2913392685312193,0.02674074287201389,0.7961706623920202
530.0,1.2645985256592056,0.0006959129778451554,nan,0,0,cann_sparse_cue,1.2648750539393654,0.0002765282801595603,0.7961706623920202
530.0,1.2645985256592056,0.0006959129778451554,nan,0,0,cann_gated_cue,1.2648750539393654,0.0002765282801595603,0.7961706623920202
532.0,1.2661721903148782,0.0010385249057393903,nan,0,0,dead_reckoning,1.2927310947779977,0.026558904463119593,
532.0,1.2661721903148782,0.0010385249057393903,nan,0,0,cann_no_cue,1.2927310944868815,0.026558904172003572,0.796170662389813
532.0,1.2661721903148782,0.0010385249057393903,nan,0,0,cann_sparse_cue,1.2662668798950276,9.468958014924311e-05,0.7961706623898133
532.0,1.2661721903148782,0.0010385249057393903,nan,0,0,cann_gated_cue,1.2662668798950274,9.468958014924311e-05,0.7961706623898133
534.0,1.2677486036349987,0.0007592804762889586,nan,0,0,dead_reckoning,1.2948081445894766,0.027059540954478045,
534.0,1.2677486036349987,0.0007592804762889586,nan,0,0,cann_no_cue,1.294808144298267,0.027059540663268322,0.796170662408619
534.0,1.2677486036349987,0.0007592804762889586,nan,0,0,cann_sparse_cue,1.2683439297064132,0.000595326071414437,0.796170662408619
534.0,1.2677486036349987,0.0007592804762889586,nan,0,0,cann_gated_cue,1.2683439297064127,0.000595326071413993,0.796170662408619
536.0,1.2693286743356245,0.00040615073596685693,nan,0,0,dead_reckoning,1.2963267055420546,0.026998031206430184,
536.0,1.2693286743356245,0.00040615073596685693,nan,0,0,cann_no_cue,1.2963267052508072,0.026998030915182714,0.7961706623927314
536.0,1.2693286743356245,0.00040615073596685693,nan,0,0,cann_sparse_cue,1.2698624906589533,0.0005338163233288284,0.7961706623927313
536.0,1.2693286743356245,0.00040615073596685693,nan,0,0,cann_gated_cue,1.269862490658953,0.0005338163233288284,0.7961706623927313
538.0,1.270913304716525,0.0008023975258217872,nan,0,0,dead_reckoning,1.2971390070139883,0.026225702297463016,
538.0,1.270913304716525,0.0008023975258217872,nan,0,0,cann_no_cue,1.297139006722735,0.026225702006209772,0.796170662379707
538.0,1.270913304716525,0.0008023975258217872,nan,0,0,cann_sparse_cue,1.2706747921308816,-0.00023851258564366873,0.7961706623797071
538.0,1.270913304716525,0.0008023975258217872,nan,0,0,cann_gated_cue,1.270674792130881,-0.00023851258564411282,0.796170662379707
540.0,1.272503389078241,0.0010614421494776261,1.2731407373057249,1,1,dead_reckoning,1.298743802065632,0.026240412987390993,
540.0,1.272503389078241,0.0010614421494776261,1.2731407373057249,1,1,cann_no_cue,1.298743801774336,0.026240412696095117,0.7961706623948621
540.0,1.272503389078241,0.0010614421494776261,1.2731407373057249,1,1,cann_sparse_cue,1.273324552482607,0.0008211634043657767,0.854289809395835
540.0,1.272503389078241,0.0010614421494776261,1.2731407373057249,1,1,cann_gated_cue,1.273324552482607,0.0008211634043657767,0.854289809395835
542.0,1.2740998121531772,0.000857761363315655,nan,0,0,dead_reckoning,1.300866686364587,0.026766874211409775,
542.0,1.2740998121531772,0.000857761363315655,nan,0,0,cann_no_cue,1.3008666860731912,0.026766873920013978,0.7961706624101421
542.0,1.2740998121531772,0.000857761363315655,nan,0,0,cann_sparse_cue,1.2754443309720624,0.0013445188188851986,0.7961706624101423
542.0,1.2740998121531772,0.000857761363315655,nan,0,0,cann_gated_cue,1.2754443309720624,0.0013445188188851986,0.7961706624101426
544.0,1.275703447553482,0.0008835785974544608,nan,0,0,dead_reckoning,1.3025822090912185,0.026878761537736384,
544.0,1.275703447553482,0.0008835785974544608,nan,0,0,cann_no_cue,1.3025822087997687,0.02687876124628641,0.796170662397771
544.0,1.275703447553482,0.0008835785974544608,nan,0,0,cann_sparse_cue,1.2771598536986397,0.0014564061451576293,0.796170662397771
544.0,1.275703447553482,0.0008835785974544608,nan,0,0,cann_gated_cue,1.2771598536986397,0.0014564061451576293,0.796170662397771
546.0,1.2773151562384344,0.0007561378219806306,nan,0,0,dead_reckoning,1.3043493662861274,0.02703421004769302,
546.0,1.2773151562384344,0.0007561378219806306,nan,0,0,cann_no_cue,1.3043493659946195,0.027034209756185312,0.7961706623991939
546.0,1.2773151562384344,0.0007561378219806306,nan,0,0,cann_sparse_cue,1.2789270108934907,0.0016118546550565327,0.7961706623991939
546.0,1.2773151562384344,0.0007561378219806306,nan,0,0,cann_gated_cue,1.2789270108934907,0.0016118546550565327,0.7961706623991939
548.0,1.2789357850040282,0.00040719826885124097,nan,0,0,dead_reckoning,1.3058616419300888,0.026925856926060643,
548.0,1.2789357850040282,0.00040719826885124097,nan,0,0,cann_no_cue,1.305861641638544,0.026925856634515632,0.7961706623925808
548.0,1.2789357850040282,0.00040719826885124097,nan,0,0,cann_sparse_cue,1.280439286537415,0.0015035015333868529,0.7961706623925806
548.0,1.2789357850040282,0.00040719826885124097,nan,0,0,cann_gated_cue,1.2804392865374152,0.0015035015333868529,0.7961706623925808
550.0,1.280566164997405,0.0004370008379333544,nan,0,0,dead_reckoning,1.3066760384677911,0.02610987347038618,
550.0,1.280566164997405,0.0004370008379333544,nan,0,0,cann_no_cue,1.3066760381762406,0.02610987317883584,0.7961706623797342
550.0,1.280566164997405,0.0004370008379333544,nan,0,0,cann_sparse_cue,1.281253683075112,0.0006875180777070611,0.796170662379734
550.0,1.280566164997405,0.0004370008379333544,nan,0,0,cann_gated_cue,1.281253683075112,0.0006875180777070611,0.796170662379734
552.0,1.2822071102587396,0.0005454228833469956,nan,0,0,dead_reckoning,1.3075500401436577,0.025342929884918153,
552.0,1.2822071102587396,0.0005454228833469956,nan,0,0,cann_no_cue,1.307550039852101,0.025342929593361596,0.7961706623805302
552.0,1.2822071102587396,0.0005454228833469956,nan,0,0,cann_sparse_cue,1.282127684750972,-7.942550776762758e-05,0.7961706623805302
552.0,1.2822071102587396,0.0005454228833469956,nan,0,0,cann_gated_cue,1.2821276847509722,-7.942550776718349e-05,0.7961706623805301
554.0,1.2838594162931365,0.00074661696909601,nan,0,0,dead_reckoning,1.3086408859103518,0.02478146961721528,
554.0,1.2838594162931365,0.00074661696909601,nan,0,0,cann_no_cue,1.3086408856187817,0.024781469325644956,0.7961706623839011
554.0,1.2838594162931365,0.00074661696909601,nan,0,0,cann_sparse_cue,1.2832185305176527,-0.0006408857754838237,0.7961706623839013
554.0,1.2838594162931365,0.00074661696909601,nan,0,0,cann_gated_cue,1.2832185305176529,-0.0006408857754838237,0.7961706623839013
556.0,1.285523858675044,0.0008205193807704532,nan,0,0,dead_reckoning,1.3101341198485437,0.024610261173499737,
556.0,1.285523858675044,0.0008205193807704532,nan,0,0,cann_no_cue,1.3101341195569391,0.02461026088189522,0.7961706623921279
556.0,1.285523858675044,0.0008205193807704532,nan,0,0,cann_sparse_cue,1.2847117644558104,-0.0008120942192335612,0.796170662392128
556.0,1.285523858675044,0.0008205193807704532,nan,0,0,cann_gated_cue,1.2847117644558104,-0.0008120942192335612,0.7961706623921281
558.0,1.2872011916876323,0.0008966459046258842,nan,0,0,dead_reckoning,1.3117751586100845,0.024573966922452506,
558.0,1.2872011916876323,0.0008966459046258842,nan,0,0,cann_no_cue,1.3117751583184338,0.024573966630801358,0.7961706623957931
558.0,1.2872011916876323,0.0008966459046258842,nan,0,0,cann_sparse_cue,1.286352803217305,-0.0008483884703274214,0.7961706623957935
558.0,1.2872011916876323,0.0008966459046258842,nan,0,0,cann_gated_cue,1.286352803217305,-0.0008483884703274214,0.7961706623957933
560.0,1.2888921469995258,0.0007282869367440525,1.2895212019069158,1,1,dead_reckoning,1.3135684504193366,0.02467630341981053,
560.0,1.2888921469995258,0.0007282869367440525,1.2895212019069158,1,1,cann_no_cue,1.3135684501276252,0.02467630312809943,0.7961706623999303
560.0,1.2888921469995258,0.0007282869367440525,1.2895212019069158,1,1,cann_sparse_cue,1.2897265190922829,0.0008343720927568299,0.8542898086961047
560.0,1.2888921469995258,0.0007282869367440525,1.2895212019069158,1,1,cann_gated_cue,1.2897265190922829,0.0008343720927568299,0.8542898086961048
562.0,1.2905974323812068,0.0009600089115177398,nan,0,0,dead_reckoning,1.3150250242928245,0.024427591911617696,
562.0,1.2905974323812068,0.0009600089115177398,nan,0,0,cann_no_cue,1.3150250240010806,0.024427591619873734,0.7961706623912724
562.0,1.2905974323812068,0.0009600089115177398,nan,0,0,cann_sparse_cue,1.2911805738801874,0.0005831414989803108,0.7961706623912725
562.0,1.2905974323812068,0.0009600089115177398,nan,0,0,cann_gated_cue,1.2911805738801874,0.0005831414989803108,0.7961706623912725
564.0,1.292317730463346,0.0007506122461179935,nan,0,0,dead_reckoning,1.3169450421158602,0.024627311652514194,
564.0,1.292317730463346,0.0007506122461179935,nan,0,0,cann_no_cue,1.3169450418240423,0.02462731136069607,0.7961706624036531
564.0,1.292317730463346,0.0007506122461179935,nan,0,0,cann_sparse_cue,1.293100591703149,0.0007828612398030899,0.7961706624036532
564.0,1.292317730463346,0.0007506122461179935,nan,0,0,cann_gated_cue,1.2931005917031488,0.0007828612398030899,0.7961706624036531
566.0,1.2940536975392354,0.0006870289792553118,nan,0,0,dead_reckoning,1.318446266608096,0.02439256906886067,
566.0,1.2940536975392354,0.0006870289792553118,nan,0,0,cann_no_cue,1.318446266316242,0.024392568777006574,0.796170662392317
566.0,1.2940536975392354,0.0006870289792553118,nan,0,0,cann_sparse_cue,1.2946018161953488,0.0005481186561135942,0.796170662392317
566.0,1.2940536975392354,0.0006870289792553118,nan,0,0,cann_gated_cue,1.2946018161953485,0.0005481186561131501,0.7961706623923173
568.0,1.2958059624134286,0.0009625878934867207,nan,0,0,dead_reckoning,1.3198203245666067,0.02401436215317787,
568.0,1.2958059624134286,0.0009625878934867207,nan,0,0,cann_no_cue,1.3198203242747255,0.024014361861296685,0.7961706623894244
568.0,1.2958059624134286,0.0009625878934867207,nan,0,0,cann_sparse_cue,1.2959758741538323,0.00016991174040370538,0.7961706623894246
568.0,1.2958059624134286,0.0009625878934867207,nan,0,0,cann_gated_cue,1.295975874153832,0.00016991174040370538,0.7961706623894246
570.0,1.2975751252986025,0.0006652460264265979,nan,0,0,dead_reckoning,1.3217455003535803,0.02417037505497799,
570.0,1.2975751252986025,0.0006652460264265979,nan,0,0,cann_no_cue,1.3217455000616247,0.024170374763022195,0.7961706624038102
570.0,1.2975751252986025,0.0006652460264265979,nan,0,0,cann_sparse_cue,1.297901049940731,0.00032592464212832795,0.7961706624038102
570.0,1.2975751252986025,0.0006652460264265979,nan,0,0,cann_gated_cue,1.297901049940731,0.00032592464212832795,0.7961706624038102
572.0,1.2993617567625808,0.0003585197029609515,nan,0,0,dead_reckoning,1.3230759924064333,0.023714235643852444,
572.0,1.2993617567625808,0.0003585197029609515,nan,0,0,cann_no_cue,1.3230759921144524,0.023714235351871338,0.7961706623884921
572.0,1.2993617567625808,0.0003585197029609515,nan,0,0,cann_sparse_cue,1.299231541993559,-0.00013021476902164153,0.7961706623884919
572.0,1.2993617567625808,0.0003585197029609515,nan,0,0,cann_gated_cue,1.2992315419935587,-0.00013021476902208562,0.7961706623884921
574.0,1.3011663967273637,0.0006557641106596529,nan,0,0,dead_reckoning,1.3237930318123552,0.02262663508499152,
574.0,1.3011663967273637,0.0006557641106596529,nan,0,0,cann_no_cue,1.3237930315203705,0.02262663479300686,0.7961706623785543
574.0,1.3011663967273637,0.0006557641106596529,nan,0,0,cann_sparse_cue,1.299948581399477,-0.0012178153278865622,0.7961706623785544
574.0,1.3011663967273637,0.0006557641106596529,nan,0,0,cann_gated_cue,1.299948581399477,-0.0012178153278865622,0.7961706623785543
576.0,1.3029895535219223,0.0008598195804151471,nan,0,0,dead_reckoning,1.3251045600336746,0.022115006511752355,
576.0,1.3029895535219223,0.0008598195804151471,nan,0,0,cann_no_cue,1.3251045597416669,0.022115006219744604,0.7961706623880956
576.0,1.3029895535219223,0.0008598195804151471,nan,0,0,cann_sparse_cue,1.3012601096207734,-0.0017294439011488194,0.7961706623880959
576.0,1.3029895535219223,0.0008598195804151471,nan,0,0,cann_gated_cue,1.3012601096207732,-0.0017294439011488194,0.7961706623880958
578.0,1.3048317029904157,0.0003143970928868834,nan,0,0,dead_reckoning,1.326824199194505,0.021992496204089385,
578.0,1.3048317029904157,0.0003143970928868834,nan,0,0,cann_no_cue,1.3268241989024443,0.021992495912028787,0.7961706623978831
578.0,1.3048317029904157,0.0003143970928868834,nan,0,0,cann_sparse_cue,1.3029797487815507,-0.0018519542088650809,0.796170662397883
578.0,1.3048317029904157,0.0003143970928868834,nan,0,0,cann_gated_cue,1.3029797487815507,-0.0018519542088650809,0.7961706623978829
580.0,1.3066932876573998,0.0007952574389437861,1.2198169278016429,1,0,dead_reckoning,1.3274529933802786,0.020759705722878774,
580.0,1.3066932876573998,0.0007952574389437861,1.2198169278016429,1,0,cann_no_cue,1.3274529930882153,0.02075970543081551,0.7961706623776146
580.0,1.3066932876573998,0.0007952574389437861,1.2198169278016429,1,0,cann_sparse_cue,1.2199070519344504,-0.08678623572294963,0.8542898114659979
580.0,1.3066932876573998,0.0007952574389437861,1.2198169278016429,1,0,cann_gated_cue,1.3036085429673214,-0.003084744690078356,0.7961706623776147
582.0,1.3085747159514876,0.0008146812049525826,nan,0,0,dead_reckoning,1.3290435082581662,0.02046879230667864,
582.0,1.3085747159514876,0.0008146812049525826,nan,0,0,cann_no_cue,1.3290435079660616,0.020468792014574078,0.7961706623945013
582.0,1.3085747159514876,0.0008146812049525826,nan,0,0,cann_sparse_cue,1.2214954623095993,-0.08707925364188807,0.7961706623945017
582.0,1.3085747159514876,0.0008146812049525826,nan,0,0,cann_gated_cue,1.3051990578451678,-0.00337565810631979,0.7961706623945014
584.0,1.3104763614888275,0.0006346673522034136,nan,0,0,dead_reckoning,1.3306728706680713,0.020196509179243982,
584.0,1.3104763614888275,0.0006346673522034136,nan,0,0,cann_no_cue,1.3306728703759214,0.020196508887093678,0.7961706623954912
584.0,1.3104763614888275,0.0006346673522034136,nan,0,0,cann_sparse_cue,1.2231248247194588,-0.08735153676936847,0.796170662395491
584.0,1.3104763614888275,0.0006346673522034136,nan,0,0,cann_gated_cue,1.3068284202550273,-0.0036479412338001893,0.7961706623954913
586.0,1.3123985624176533,0.0006391747469987434,nan,0,0,dead_reckoning,1.3319422053724783,0.019543642954825025,
586.0,1.3123985624176533,0.0006391747469987434,nan,0,0,cann_no_cue,1.3319422050803065,0.019543642662653404,0.7961706623872343
586.0,1.3123985624176533,0.0006391747469987434,nan,0,0,cann_sparse_cue,1.224394159423844,-0.08800440299380918,0.7961706623872341
586.0,1.3123985624176533,0.0006391747469987434,nan,0,0,cann_gated_cue,1.3080977549594126,-0.004300807458240463,0.7961706623872342
588.0,1.3143416208250573,0.000828431630091766,nan,0,0,dead_reckoning,1.3332205548664757,0.018878934041418383,
588.0,1.3143416208250573,0.000828431630091766,nan,0,0,cann_no_cue,1.3332205545742823,0.018878933749225002,0.796170662387416
588.0,1.3143416208250573,0.000828431630091766,nan,0,0,cann_sparse_cue,1.2256725089178202,-0.08866911190723714,0.7961706623874161
588.0,1.3143416208250573,0.000828431630091766,nan,0,0,cann_gated_cue,1.3093761044533883,-0.00496551637166931,0.7961706623874159
590.0,1.3163058022070273,0.0008256330015288472,nan,0,0,dead_reckoning,1.3348774181266592,0.018571615919631856,
590.0,1.3163058022070273,0.0008256330015288472,nan,0,0,cann_no_cue,1.3348774178344185,0.018571615627391402,0.7961706623962063
590.0,1.3163058022070273,0.0008256330015288472,nan,0,0,cann_sparse_cue,1.2273293721779563,-0.08897643002907074,0.796170662396206
590.0,1.3163058022070273,0.0008256330015288472,nan,0,0,cann_gated_cue,1.3110329677135244,-0.005272834493502909,0.7961706623962062
592.0,1.3182913350026757,0.001147923152236351,nan,0,0,dead_reckoning,1.3365286841297168,0.018237349127041114,
592.0,1.3182913350026757,0.001147923152236351,nan,0,0,cann_no_cue,1.3365286838374288,0.018237348834753142,0.7961706623960596
592.0,1.3182913350026757,0.001147923152236351,nan,0,0,cann_sparse_cue,1.228980638180967,-0.089310696821709,0.7961706623960595
592.0,1.3182913350026757,0.001147923152236351,nan,0,0,cann_gated_cue,1.3126842337165345,-0.0056071012861411695,0.7961706623960595
594.0,1.3202984101934803,0.0010075974656422405,nan,0,0,dead_reckoning,1.3388245304341897,0.01852612024070943,
594.0,1.3202984101934803,0.0010075974656422405,nan,0,0,cann_no_cue,1.3388245301417752,0.018526119948294895,0.7961706624161888
594.0,1.3202984101934803,0.0010075974656422405,nan,0,0,cann_sparse_cue,1.2312764844853135,-0.0890219257081668,0.7961706624161887
594.0,1.3202984101934803,0.0010075974656422405,nan,0,0,cann_gated_cue,1.314980080020881,-0.005318330172599417,0.7961706624161892
596.0,1.3223271809682373,0.0006859757806131951,nan,0,0,dead_reckoning,1.340839725365474,0.01851254439723693,
596.0,1.3223271809682373,0.0006859757806131951,nan,0,0,cann_no_cue,1.3408397250729722,0.018512544104734907,0.7961706624066166
596.0,1.3223271809682373,0.0006859757806131951,nan,0,0,cann_sparse_cue,1.2332916794165105,-0.08903550155172679,0.7961706624066164
596.0,1.3223271809682373,0.0006859757806131951,nan,0,0,cann_gated_cue,1.3169952749520781,-0.00533190601615896,0.7961706624066165
598.0,1.3243777624543172,0.0008221372884731517,nan,0,0,dead_reckoning,1.3422116769267003,0.01783391447238314,
598.0,1.3243777624543172,0.0008221372884731517,nan,0,0,cann_no_cue,1.3422116766341707,0.017833914179853583,0.7961706623893785
598.0,1.3243777624543172,0.0008221372884731517,nan,0,0,cann_sparse_cue,1.234663630977709,-0.08971413147660812,0.7961706623893786
598.0,1.3243777624543172,0.0008221372884731517,nan,0,0,cann_gated_cue,1.3183672265132766,-0.006010535941040729,0.7961706623893787
600.0,1.3264502315156905,0.0011024092902975548,1.3279479404342192,1,1,dead_reckoning,1.3438559515036466,0.017405719987956036,
600.0,1.3264502315156905,0.0011024092902975548,1.3279479404342192,1,1,cann_no_cue,1.3438559512110706,0.01740571969537985,0.7961706623958773
600.0,1.3264502315156905,0.0011024092902975548,1.3279479404342192,1,1,cann_sparse_cue,1.3281167382650971,0.0016665067494066044,0.8542898099831098
600.0,1.3264502315156905,0.0011024092902975548,1.3279479404342192,1,1,cann_gated_cue,1.3281347629054603,0.001684531389769539,0.8542898093153053
