time_s,truth_phase_rad,measured_rate_rad_s,phase_hint_rad,hint_available,hint_accepted,mode,decoded_phase_rad,truth_error_rad,bump_concentration
0.0,0.6981317007977318,0.0012462749410143159,nan,0,0,dead_reckoning,0.6981317007977318,0.0,
0.0,0.6981317007977318,0.0012462749410143159,nan,0,0,cann_no_cue,0.698131700797732,0.0,0.7961740796645929
0.0,0.6981317007977318,0.0012462749410143159,nan,0,0,cann_sparse_cue,0.698131700797732,0.0,0.7961740796645929
0.0,0.6981317007977318,0.0012462749410143159,nan,0,0,cann_gated_cue,0.698131700797732,0.0,0.7961740796645929
2.0,0.700226095900125,0.0012428442724221915,nan,0,0,dead_reckoning,0.7006242506797604,0.0003981547796354512,
2.0,0.700226095900125,0.0012428442724221915,nan,0,0,cann_no_cue,0.7006242503929675,0.0003981544928426395,0.7961706624236412
2.0,0.700226095900125,0.0012428442724221915,nan,0,0,cann_sparse_cue,0.7006242503929675,0.0003981544928426395,0.7961706624236412
2.0,0.700226095900125,0.0012428442724221915,nan,0,0,cann_gated_cue,0.7006242503929675,0.0003981544928426395,0.7961706624236412
4.0,0.7023424170435382,0.0005011146054953821,nan,0,0,dead_reckoning,0.7031099392246049,0.0007675221810665711,
4.0,0.7023424170435382,0.0005011146054953821,nan,0,0,cann_no_cue,0.7031099389376493,0.0007675218941112227,0.7961706624233708
4.0,0.7023424170435382,0.0005011146054953821,nan,0,0,cann_sparse_cue,0.7031099389376493,0.0007675218941112227,0.7961706624233708
4.0,0.7023424170435382,0.0005011146054953821,nan,0,0,cann_gated_cue,0.7031099389376493,0.0007675218941112227,0.7961706624233708
6.0,0.7044806257622449,0.0012164124945780025,nan,0,0,dead_reckoning,0.7041121684355955,-0.0003684573266493629,
6.0,0.7044806257622449,0.0012164124945780025,nan,0,0,cann_no_cue,0.7041121681486283,-0.0003684576136167017,0.7961706623824337
6.0,0.7044806257622449,0.0012164124945780025,nan,0,0,cann_sparse_cue,0.7041121681486283,-0.0003684576136167017,0.7961706623824337
6.0,0.7044806257622449,0.0012164124945780025,nan,0,0,cann_gated_cue,0.7041121681486283,-0.0003684576136167017,0.7961706623824337
8.0,0.7066406451922741,0.0011746864170356515,nan,0,0,dead_reckoning,0.7065449934247515,-9.565176752257543e-05,
8.0,0.7066406451922741,0.0011746864170356515,nan,0,0,cann_no_cue,0.7065449931376355,-9.565205463868409e-05,0.7961706624213135
8.0,0.7066406451922741,0.0011746864170356515,nan,0,0,cann_sparse_cue,0.7065449931376355,-9.565205463868409e-05,0.7961706624213135
8.0,0.7066406451922741,0.0011746864170356515,nan,0,0,cann_gated_cue,0.7065449931376355,-9.565205463868409e-05,0.7961706624213135
10.0,0.7088223602062559,0.0011660194049435712,nan,0,0,dead_reckoning,0.7088943662588229,7.200605256674208e-05,
10.0,0.7088223602062559,0.0011660194049435712,nan,0,0,cann_no_cue,0.7088943659715696,7.200576531385394e-05,0.7961706624181563
10.0,0.7088223602062559,0.0011660194049435712,nan,0,0,cann_sparse_cue,0.7088943659715696,7.200576531385394e-05,0.7961706624181563
10.0,0.7088223602062559,0.0011660194049435712,nan,0,0,cann_gated_cue,0.7088943659715696,7.200576531385394e-05,0.7961706624181563
12.0,0.7110256176153938,0.0010987400170206156,nan,0,0,dead_reckoning,0.71122640506871,0.00020078745331630898,
12.0,0.7110256176153938,0.0010987400170206156,nan,0,0,cann_no_cue,0.7112264047813223,0.00020078716592841772,0.7961706624175141
12.0,0.7110256176153938,0.0010987400170206156,nan,0,0,cann_sparse_cue,0.7112264047813223,0.00020078716592841772,0.7961706624175141
12.0,0.7110256176153938,0.0010987400170206156,nan,0,0,cann_gated_cue,0.7112264047813223,0.00020078716592841772,0.7961706624175141
14.0,0.7132502264382102,0.0012336964363205574,nan,0,0,dead_reckoning,0.7134238851027512,0.00017365866454088774,
14.0,0.7132502264382102,0.0012336964363205574,nan,0,0,cann_no_cue,0.7134238848152511,0.000173658377041086,0.7961706624126919
14.0,0.7132502264382102,0.0012336964363205574,nan,0,0,cann_sparse_cue,0.7134238848152511,0.000173658377041086,0.7961706624126919
14.0,0.7132502264382102,0.0012336964363205574,nan,0,0,cann_gated_cue,0.7134238848152511,0.000173658377041086,0.7961706624126919
16.0,0.7154959582355925,0.001302916206080288,nan,0,0,dead_reckoning,0.7158912779753923,0.00039531973979967105,
16.0,0.7154959582355925,0.001302916206080288,nan,0,0,cann_no_cue,0.7158912776877345,0.00039531945214221764,0.7961706624226536
16.0,0.7154959582355925,0.001302916206080288,nan,0,0,cann_sparse_cue,0.7158912776877345,0.00039531945214221764,0.7961706624226536
16.0,0.7154959582355925,0.001302916206080288,nan,0,0,cann_gated_cue,0.7158912776877345,0.00039531945214221764,0.7961706624226536
18.0,0.7177625475115532,0.0011889793268848163,nan,0,0,dead_reckoning,0.7184971103875529,0.0007345628759996004,
18.0,0.7177625475115532,0.0011889793268848163,nan,0,0,cann_no_cue,0.7184971100997083,0.0007345625881551854,0.7961706624282106
18.0,0.7177625475115532,0.0011889793268848163,nan,0,0,cann_sparse_cue,0.7184971100997083,0.0007345625881551854,0.7961706624282106
18.0,0.7177625475115532,0.0011889793268848163,nan,0,0,cann_gated_cue,0.7184971100997083,0.0007345625881551854,0.7961706624282106
20.0,0.7200496921789997,0.0011611855331890302,0.7198479094844825,1,1,dead_reckoning,0.7208750690413226,0.0008253768623229796,
20.0,0.7200496921789997,0.0011611855331890302,0.7198479094844825,1,1,cann_no_cue,0.7208750687533347,0.0008253765743351238,0.7961706624192255
20.0,0.7200496921789997,0.0011611855331890302,0.7198479094844825,1,1,cann_sparse_cue,0.7200016255171425,-4.806666185697139e-05,0.8894553656699125
20.0,0.7200496921789997,0.0011611855331890302,0.7198479094844825,1,1,cann_gated_cue,0.7200016255171425,-4.806666185697139e-05,0.8894553656699125
22.0,0.7223570540896984,0.0014668092012678335,nan,0,0,dead_reckoning,0.7231974401077006,0.0008403860180021816,
22.0,0.7223570540896984,0.0014668092012678335,nan,0,0,cann_no_cue,0.7231974398195806,0.0008403857298819872,0.796170662417158
22.0,0.7223570540896984,0.0014668092012678335,nan,0,0,cann_sparse_cue,0.7223196100546286,-3.7444035069889026e-05,0.7961706624171583
22.0,0.7223570540896984,0.0014668092012678335,nan,0,0,cann_gated_cue,0.7223196100546286,-3.7444035069889026e-05,0.7961706624171583
24.0,0.7246842596275007,0.001057493716453404,nan,0,0,dead_reckoning,0.7261310585102363,0.0014467988827355782,
24.0,0.7246842596275007,0.001057493716453404,nan,0,0,cann_no_cue,0.7261310582218514,0.0014467985943507067,0.7961706624425764
24.0,0.7246842596275007,0.001057493716453404,nan,0,0,cann_sparse_cue,0.7252532284568998,0.0005689688293992745,0.7961706624425762
24.0,0.7246842596275007,0.001057493716453404,nan,0,0,cann_gated_cue,0.7252532284568998,0.0005689688293992745,0.7961706624425762
26.0,0.7270309003637936,0.001438628935101081,nan,0,0,dead_reckoning,0.7282460459431431,0.0012151455793496524,
26.0,0.7270309003637936,0.001438628935101081,nan,0,0,cann_no_cue,0.7282460456546556,0.0012151452908621962,0.7961706624098775
26.0,0.7270309003637936,0.001438628935101081,nan,0,0,cann_sparse_cue,0.7273682158897039,0.00033731552591032,0.7961706624098773
26.0,0.7270309003637936,0.001438628935101081,nan,0,0,cann_gated_cue,0.7273682158897039,0.00033731552591032,0.7961706624098773
28.0,0.7293965337740214,0.0012928004614210008,nan,0,0,dead_reckoning,0.7311233038133452,0.001726770039323977,
28.0,0.7293965337740214,0.0012928004614210008,nan,0,0,cann_no_cue,0.7311233035246085,0.001726769750587387,0.7961706624399854
28.0,0.7293965337740214,0.0012928004614210008,nan,0,0,cann_sparse_cue,0.730245473759657,0.0008489399856355107,0.7961706624399851
28.0,0.7293965337740214,0.0012928004614210008,nan,0,0,cann_gated_cue,0.730245473759657,0.0008489399856355107,0.7961706624399851
30.0,0.7317806840140249,0.0011269524336952614,nan,0,0,dead_reckoning,0.7337089047361873,0.001928220722162699,
30.0,0.7317806840140249,0.0011269524336952614,nan,0,0,cann_no_cue,0.7337089044472662,0.0019282204332413677,0.7961706624273798
30.0,0.7317806840140249,0.0011269524336952614,nan,0,0,cann_sparse_cue,0.7328310746823147,0.0010503906682899355,0.7961706624273795
30.0,0.7317806840140249,0.0011269524336952614,nan,0,0,cann_gated_cue,0.7328310746823147,0.0010503906682899355,0.7961706624273795
32.0,0.7341828427548331,0.00122276639715945,nan,0,0,dead_reckoning,0.7359628096035777,0.0017799668487445963,
32.0,0.7341828427548331,0.00122276639715945,nan,0,0,cann_no_cue,0.7359628093145348,0.0017799665597015846,0.7961706624146794
32.0,0.7341828427548331,0.00122276639715945,nan,0,0,cann_sparse_cue,0.7350849795495832,0.0009021367947501524,0.7961706624146789
32.0,0.7341828427548331,0.00122276639715945,nan,0,0,cann_gated_cue,0.7350849795495832,0.0009021367947501524,0.7961706624146789
34.0,0.7366024700744457,0.0011196961892641702,nan,0,0,dead_reckoning,0.7384083423978967,0.0018058723234508633,
34.0,0.7366024700744457,0.0011196961892641702,nan,0,0,cann_no_cue,0.7384083421086997,0.0018058720342537526,0.796170662421804
34.0,0.7366024700744457,0.0011196961892641702,nan,0,0,cann_sparse_cue,0.7375305123437481,0.0009280422693023205,0.796170662421804
34.0,0.7366024700744457,0.0011196961892641702,nan,0,0,cann_gated_cue,0.7375305123437481,0.0009280422693023205,0.796170662421804
36.0,0.7390389954050388,0.0014082672773835902,nan,0,0,dead_reckoning,0.7406477347764251,0.0016087393713863918,
36.0,0.7390389954050388,0.0014082672773835902,nan,0,0,cann_no_cue,0.7406477344871089,0.0016087390820702652,0.7961706624141632
36.0,0.7390389954050388,0.0014082672773835902,nan,0,0,cann_sparse_cue,0.7397699047221572,0.0007309093171183889,0.7961706624141633
36.0,0.7390389954050388,0.0014082672773835902,nan,0,0,cann_gated_cue,0.7397699047221572,0.0007309093171183889,0.7961706624141633
38.0,0.7414918185339356,0.001364147506763373,nan,0,0,dead_reckoning,0.7434642693311923,0.0019724507972567196,
38.0,0.7414918185339356,0.001364147506763373,nan,0,0,cann_no_cue,0.7434642690416419,0.001972450507706114,0.79617066243725
38.0,0.7414918185339356,0.001364147506763373,nan,0,0,cann_sparse_cue,0.7425864392766904,0.0010946207427546817,0.7961706624372497
38.0,0.7414918185339356,0.001364147506763373,nan,0,0,cann_gated_cue,0.7425864392766904,0.0010946207427546817,0.7961706624372497
40.0,0.743960310656583,0.0012131197635365622,0.7459478048003122,1,1,dead_reckoning,0.7461925643447189,0.0022322536881360655,
40.0,0.743960310656583,0.0012131197635365622,0.7459478048003122,1,1,cann_no_cue,0.7461925640549533,0.0022322533983700765,0.7961706624333785
40.0,0.743960310656583,0.0012131197635365622,0.7459478048003122,1,1,cann_sparse_cue,0.7461241664413215,0.0021638557847385442,0.8894553647810843
40.0,0.743960310656583,0.0012131197635365622,0.7459478048003122,1,1,cann_gated_cue,0.7461241664413215,0.0021638557847385442,0.8894553647810843
42.0,0.7464438154796883,0.0011318362766095129,nan,0,0,dead_reckoning,0.7486188038717921,0.002174988392103838,
42.0,0.7464438154796883,0.0011318362766095129,nan,0,0,cann_no_cue,0.7486188035818736,0.0021749881021850825,0.7961706624210604
42.0,0.7464438154796883,0.0011318362766095129,nan,0,0,cann_sparse_cue,0.7485457836062052,0.002101968126516862,0.7961706624210607
42.0,0.7464438154796883,0.0011318362766095129,nan,0,0,cann_gated_cue,0.7485457836062052,0.002101968126516862,0.7961706624210607
44.0,0.7489416503725812,0.0013803964447324487,nan,0,0,dead_reckoning,0.7508824764250112,0.0019408260524298449,
44.0,0.7489416503725812,0.0013803964447324487,nan,0,0,cann_no_cue,0.7508824761349697,0.0019408257623885206,0.7961706624150281
44.0,0.7489416503725812,0.0013803964447324487,nan,0,0,cann_sparse_cue,0.7508094561593014,0.0018678057867203002,0.7961706624150282
44.0,0.7489416503725812,0.0013803964447324487,nan,0,0,cann_gated_cue,0.7508094561593014,0.0018678057867203002,0.7961706624150282
46.0,0.7514531075647792,0.0015030129205259996,nan,0,0,dead_reckoning,0.753643269314476,0.002190161749696884,
46.0,0.7514531075647792,0.0015030129205259996,nan,0,0,cann_no_cue,0.753643269024214,0.0021901614594348473,0.79617066243479
46.0,0.7514531075647792,0.0015030129205259996,nan,0,0,cann_sparse_cue,0.7535702490485457,0.002117141483766627,0.7961706624347902
46.0,0.7514531075647792,0.0015030129205259996,nan,0,0,cann_gated_cue,0.7535702490485457,0.002117141483766627,0.7961706624347902
48.0,0.7539774553876584,0.0013265776063404768,nan,0,0,dead_reckoning,0.756649295155528,0.002671839767869777,
48.0,0.7539774553876584,0.0013265776063404768,nan,0,0,cann_no_cue,0.7566492948649792,0.0026718394773208587,0.7961706624459791
48.0,0.7539774553876584,0.0013265776063404768,nan,0,0,cann_sparse_cue,0.7565762748893109,0.0025988195016526383,0.7961706624459789
48.0,0.7539774553876584,0.0013265776063404768,nan,0,0,cann_gated_cue,0.7565762748893109,0.0025988195016526383,0.7961706624459789
50.0,0.7565139395580479,0.001425606564816494,nan,0,0,dead_reckoning,0.759302450368209,0.002788510810161071,
50.0,0.7565139395580479,0.001425606564816494,nan,0,0,cann_no_cue,0.7593024500774603,0.0027885105194123128,0.7961706624301795
50.0,0.7565139395580479,0.001425606564816494,nan,0,0,cann_sparse_cue,0.7592294301017927,0.0027154905437445365,0.7961706624301796
50.0,0.7565139395580479,0.001425606564816494,nan,0,0,cann_gated_cue,0.7592294301017927,0.0027154905437445365,0.7961706624301796
52.0,0.7590617845014996,0.0012885734832558287,nan,0,0,dead_reckoning,0.762153663497842,0.0030918789963423343,
52.0,0.7590617845014996,0.0012885734832558287,nan,0,0,cann_no_cue,0.7621536632068491,0.003091878705349327,0.7961706624388049
52.0,0.7590617845014996,0.0012885734832558287,nan,0,0,cann_sparse_cue,0.762080643231181,0.0030188587296811065,0.7961706624388049
52.0,0.7590617845014996,0.0012885734832558287,nan,0,0,cann_gated_cue,0.762080643231181,0.0030188587296811065,0.7961706624388049
54.0,0.7616201947129091,0.0013663211358123147,nan,0,0,dead_reckoning,0.7647308104643536,0.0031106157514444455,
54.0,0.7616201947129091,0.0013663211358123147,nan,0,0,cann_no_cue,0.7647308101731782,0.0031106154602689173,0.7961706624270343
54.0,0.7616201947129091,0.0013663211358123147,nan,0,0,cann_sparse_cue,0.7646577901975102,0.003037595484601141,0.7961706624270339
54.0,0.7616201947129091,0.0013663211358123147,nan,0,0,cann_gated_cue,0.7646577901975102,0.003037595484601141,0.7961706624270339
56.0,0.7641883561521018,0.0013058900860784543,nan,0,0,dead_reckoning,0.7674634527359783,0.003275096583876369,
56.0,0.7641883561521018,0.0013058900860784543,nan,0,0,cann_no_cue,0.7674634524445876,0.0032750962924859017,0.7961706624335666
56.0,0.7641883561521018,0.0013058900860784543,nan,0,0,cann_sparse_cue,0.7673904324689196,0.0032020763168176813,0.7961706624335665
56.0,0.7641883561521018,0.0013058900860784543,nan,0,0,cann_gated_cue,0.7673904324689196,0.0032020763168176813,0.7961706624335665
58.0,0.766765437671936,0.0014131722236193178,nan,0,0,dead_reckoning,0.7700752329081352,0.003309795236199342,
58.0,0.766765437671936,0.0014131722236193178,nan,0,0,cann_no_cue,0.7700752326165552,0.0033097949446192487,0.7961706624284558
58.0,0.766765437671936,0.0014131722236193178,nan,0,0,cann_sparse_cue,0.7700022126408874,0.0032367749689514724,0.796170662428456
58.0,0.766765437671936,0.0014131722236193178,nan,0,0,cann_gated_cue,0.7700022126408874,0.0032367749689514724,0.796170662428456
60.0,0.7693505924764173,0.0010969693207594786,0.7695927921319523,1,1,dead_reckoning,0.7729015773553738,0.0035509848789563314,
60.0,0.7693505924764173,0.0010969693207594786,0.7695927921319523,1,1,cann_no_cue,0.7729015770635559,0.0035509845871386503,0.7961706624376876
60.0,0.7693505924764173,0.0010969693207594786,0.7695927921319523,1,1,cann_sparse_cue,0.7697754936589307,0.0004249011825132598,0.8894553645103578
60.0,0.7693505924764173,0.0010969693207594786,0.7695927921319523,1,1,cann_gated_cue,0.7697754936589307,0.0004249011825132598,0.8894553645103578
62.0,0.7719429596062675,0.0014750435439728217,nan,0,0,dead_reckoning,0.7750955159968927,0.003152556390625172,
62.0,0.7719429596062675,0.0014750435439728217,nan,0,0,cann_no_cue,0.7750955157049612,0.003152556098693804,0.7961706624125691
62.0,0.7719429596062675,0.0014750435439728217,nan,0,0,cann_sparse_cue,0.7719651941194197,2.223451315241931e-05,0.7961706624125694
62.0,0.7719429596062675,0.0014750435439728217,nan,0,0,cann_gated_cue,0.7719651941194197,2.223451315241931e-05,0.7961706624125694
64.0,0.774541665449338,0.0013244212692811053,nan,0,0,dead_reckoning,0.7780456030848384,0.003503937635500165,
64.0,0.774541665449338,0.0013244212692811053,nan,0,0,cann_no_cue,0.7780456027926387,0.003503937343300567,0.7961706624433428
64.0,0.774541665449338,0.0013244212692811053,nan,0,0,cann_sparse_cue,0.7749152812070967,0.00037361575775873845,0.7961706624433432
64.0,0.774541665449338,0.0013244212692811053,nan,0,0,cann_gated_cue,0.7749152812070967,0.00037361575775873845,0.7961706624433432
66.0,0.777145825273224,0.0014320907171006224,nan,0,0,dead_reckoning,0.7806944456234006,0.00354862035017689,
66.0,0.777145825273224,0.0014320907171006224,nan,0,0,cann_no_cue,0.7806944453310026,0.003548620057778784,0.7961706624299988
66.0,0.777145825273224,0.0014320907171006224,nan,0,0,cann_sparse_cue,0.7775641237454606,0.0004182984722365113,0.7961706624299985
66.0,0.777145825273224,0.0014320907171006224,nan,0,0,cann_gated_cue,0.7775641237454606,0.0004182984722365113,0.7961706624299985
68.0,0.7797545447773845,0.0013129948428989935,nan,0,0,dead_reckoning,0.7835586270576018,0.0038040822802174468,
68.0,0.7797545447773845,0.0013129948428989935,nan,0,0,cann_no_cue,0.7835586267649561,0.0038040819875715393,0.7961706624393913
68.0,0.7797545447773845,0.0013129948428989935,nan,0,0,cann_sparse_cue,0.7804283051794143,0.0006737604020297105,0.7961706624393913
68.0,0.7797545447773845,0.0013129948428989935,nan,0,0,cann_gated_cue,0.7804283051794143,0.0006737604020297105,0.7961706624393913
70.0,0.7823669216620504,0.001431432383030501,nan,0,0,dead_reckoning,0.7861846167433998,0.003817695081349548,
70.0,0.7823669216620504,0.001431432383030501,nan,0,0,cann_no_cue,0.7861846164505613,0.003817694788510906,0.7961706624290449
70.0,0.7823669216620504,0.001431432383030501,nan,0,0,cann_sparse_cue,0.7830542948650194,0.0006873732029690771,0.796170662429045
70.0,0.7823669216620504,0.001431432383030501,nan,0,0,cann_gated_cue,0.7830542948650194,0.0006873732029690771,0.796170662429045
72.0,0.7849820472111642,0.0011860111981542051,nan,0,0,dead_reckoning,0.7890474815094608,0.004065434298296644,
72.0,0.7849820472111642,0.0011860111981542051,nan,0,0,cann_no_cue,0.7890474812163748,0.004065434005210644,0.7961706624393314
72.0,0.7849820472111642,0.0011860111981542051,nan,0,0,cann_sparse_cue,0.785917159630833,0.0009351124196688154,0.7961706624393314
72.0,0.7849820472111642,0.0011860111981542051,nan,0,0,cann_gated_cue,0.785917159630833,0.0009351124196688154,0.7961706624393314
74.0,0.7875990078865768,0.0015805746618554588,nan,0,0,dead_reckoning,0.7914195039057692,0.003820496019192543,
74.0,0.7875990078865768,0.0015805746618554588,nan,0,0,cann_no_cue,0.7914195036125403,0.0038204957259635464,0.7961706624190023
74.0,0.7875990078865768,0.0015805746618554588,nan,0,0,cann_sparse_cue,0.7882891820269983,0.0006901741404217177,0.7961706624190023
74.0,0.7875990078865768,0.0015805746618554588,nan,0,0,cann_gated_cue,0.7882891820269983,0.0006901741404217177,0.7961706624190023
76.0,0.7902168869307042,0.0010795735672418907,nan,0,0,dead_reckoning,0.7945806532294801,0.004363766298776106,
76.0,0.7902168869307042,0.0010795735672418907,nan,0,0,cann_no_cue,0.7945806529359207,0.004363766005216263,0.7961706624535477
76.0,0.7902168869307042,0.0010795735672418907,nan,0,0,cann_sparse_cue,0.7914503313503787,0.0012334444196744343,0.796170662453548
76.0,0.7902168869307042,0.0010795735672418907,nan,0,0,cann_gated_cue,0.7914503313503787,0.0012334444196744343,0.796170662453548
78.0,0.7928347659748316,0.0012024299901531729,nan,0,0,dead_reckoning,0.7967398003639639,0.003905034389132034,
78.0,0.7928347659748316,0.0012024299901531729,nan,0,0,cann_no_cue,0.7967398000702947,0.0039050340954629448,0.7961706624113707
78.0,0.7928347659748316,0.0012024299901531729,nan,0,0,cann_sparse_cue,0.7936094784847527,0.0007747125099211161,0.7961706624113705
78.0,0.7928347659748316,0.0012024299901531729,nan,0,0,cann_gated_cue,0.7936094784847527,0.0007747125099211161,0.7961706624113705
80.0,0.7954517266502443,0.0014178098827364817,0.7961174989287473,1,1,dead_reckoning,0.7991446603442702,0.0036929336940261237,
80.0,0.7954517266502443,0.0014178098827364817,0.7961174989287473,1,1,cann_no_cue,0.7991446600504551,0.0036929334002109293,0.7961706624202434
80.0,0.7954517266502443,0.0014178098827364817,0.7961174989287473,1,1,cann_sparse_cue,0.7962729533881756,0.0008212267379312799,0.8894553656060096
80.0,0.7954517266502443,0.0014178098827364817,0.7961174989287473,1,1,cann_gated_cue,0.7962729533881756,0.0008212267379312799,0.8894553656060096
82.0,0.798066852199358,0.0016380917452847581,nan,0,0,dead_reckoning,0.8019802801097432,0.003913427910385181,
82.0,0.798066852199358,0.0016380917452847581,nan,0,0,cann_no_cue,0.8019802798156889,0.0039134276163306225,0.7961706624381031
82.0,0.798066852199358,0.0016380917452847581,nan,0,0,cann_sparse_cue,0.799103298224053,0.0010364460246949925,0.7961706624381035
82.0,0.798066852199358,0.0016380917452847581,nan,0,0,cann_gated_cue,0.799103298224053,0.0010364460246949925,0.7961706624381035
84.0,0.8006792290840239,0.0014361350722086482,nan,0,0,dead_reckoning,0.8052564636003128,0.004577234516288886,
84.0,0.8006792290840239,0.0014361350722086482,nan,0,0,cann_no_cue,0.805256463305888,0.004577234221863957,0.7961706624594067
84.0,0.8006792290840239,0.0014361350722086482,nan,0,0,cann_sparse_cue,0.8023794817142524,0.0017002526302283272,0.7961706624594068
84.0,0.8006792290840239,0.0014361350722086482,nan,0,0,cann_gated_cue,0.8023794817142524,0.0017002526302283272,0.7961706624594068
86.0,0.8032879485881844,0.0013459018194842975,nan,0,0,dead_reckoning,0.80812873374473,0.004840785156545735,
86.0,0.8032879485881844,0.0013459018194842975,nan,0,0,cann_no_cue,0.808128733450052,0.004840784861867675,0.7961706624397582
86.0,0.8032879485881844,0.0013459018194842975,nan,0,0,cann_sparse_cue,0.8052517518584161,0.001963803270231601,0.7961706624397582
86.0,0.8032879485881844,0.0013459018194842975,nan,0,0,cann_gated_cue,0.8052517518584161,0.001963803270231601,0.7961706624397582
88.0,0.8058921084120704,0.001139023360482682,nan,0,0,dead_reckoning,0.8108205373836986,0.004928428971628485,
88.0,0.8058921084120704,0.001139023360482682,nan,0,0,cann_no_cue,0.8108205370888132,0.004928428676742591,0.7961706624318138
88.0,0.8058921084120704,0.001139023360482682,nan,0,0,cann_sparse_cue,0.8079435554971776,0.002051447085107405,0.7961706624318138
88.0,0.8058921084120704,0.001139023360482682,nan,0,0,cann_gated_cue,0.8079435554971776,0.002051447085107405,0.7961706624318138
90.0,0.8084908142551409,0.0013496453880173136,nan,0,0,dead_reckoning,0.813098584104664,0.004607769849522825,
90.0,0.8084908142551409,0.0013496453880173136,nan,0,0,cann_no_cue,0.8130985838096522,0.004607769554511254,0.7961706624155449
90.0,0.8084908142551409,0.0013496453880173136,nan,0,0,cann_sparse_cue,0.8102216022180164,0.001730787962875624,0.7961706624155449
90.0,0.8084908142551409,0.0013496453880173136,nan,0,0,cann_gated_cue,0.8102216022180164,0.001730787962875624,0.7961706624155449
92.0,0.811083181384991,0.0013831516806818336,nan,0,0,dead_reckoning,0.8157978748806987,0.004714693495707856,
92.0,0.811083181384991,0.0013831516806818336,nan,0,0,cann_no_cue,0.8157978745854806,0.0047146932004897835,0.796170662432133
92.0,0.811083181384991,0.0013831516806818336,nan,0,0,cann_sparse_cue,0.8129208929938445,0.0018377116088537093,0.7961706624321332
92.0,0.811083181384991,0.0013831516806818336,nan,0,0,cann_gated_cue,0.8129208929938445,0.0018377116088537093,0.7961706624321332
94.0,0.8136683361894725,0.0016873210090816758,nan,0,0,dead_reckoning,0.8185641782420623,0.0048958420525897495,
94.0,0.8136683361894725,0.0016873210090816758,nan,0,0,cann_no_cue,0.8185641779466203,0.004895841757147856,0.796170662435031
94.0,0.8136683361894725,0.0016873210090816758,nan,0,0,cann_sparse_cue,0.8156871963549845,0.002018860165511782,0.796170662435031
94.0,0.8136683361894725,0.0016873210090816758,nan,0,0,cann_gated_cue,0.8156871963549845,0.002018860165511782,0.796170662435031
96.0,0.8162454177093067,0.0015052762490778433,nan,0,0,dead_reckoning,0.8219388202602257,0.005693402550918769,
96.0,0.8162454177093067,0.0015052762490778433,nan,0,0,cann_no_cue,0.8219388199643801,0.005693402255073643,0.7961706624645877
96.0,0.8162454177093067,0.0015052762490778433,nan,0,0,cann_sparse_cue,0.8190618383727444,0.002816420663437569,0.7961706624645876
96.0,0.8162454177093067,0.0015052762490778433,nan,0,0,cann_gated_cue,0.8190618383727444,0.002816420663437569,0.7961706624645876
98.0,0.8188135791484993,0.0011314343059209205,nan,0,0,dead_reckoning,0.8249493727583813,0.006135793609882256,
98.0,0.8188135791484993,0.0011314343059209205,nan,0,0,cann_no_cue,0.8249493724622446,0.0061357933137453635,0.7961706624461944
98.0,0.8188135791484993,0.0011314343059209205,nan,0,0,cann_sparse_cue,0.8220723908706085,0.0032588117221092894,0.7961706624461945
98.0,0.8188135791484993,0.0011314343059209205,nan,0,0,cann_gated_cue,0.8220723908706085,0.0032588117221092894,0.7961706624461945
100.0,0.8213719893599087,0.0017485326300073873,0.821557621135998,1,1,dead_reckoning,0.8272122413702232,0.005840252010314462,
100.0,0.8213719893599087,0.0017485326300073873,0.821557621135998,1,1,cann_no_cue,0.8272122410739613,0.005840251714052336,0.7961706624149997
100.0,0.8213719893599087,0.0017485326300073873,0.821557621135998,1,1,cann_sparse_cue,0.8217038983507863,0.0003319089908773165,0.8894553659352628
100.0,0.8213719893599087,0.0017485326300073873,0.821557621135998,1,1,cann_gated_cue,0.8217038983507863,0.0003319089908773165,0.8894553659352628
102.0,0.8239198343033605,0.0013142054210466905,nan,0,0,dead_reckoning,0.830709306630238,0.006789472326877544,
102.0,0.8239198343033605,0.0013142054210466905,nan,0,0,cann_no_cue,0.8307093063335299,0.006789472030169552,0.7961706624712434
102.0,0.8239198343033605,0.0013142054210466905,nan,0,0,cann_sparse_cue,0.8251945724625017,0.0012747381591413642,0.7961706624712437
102.0,0.8239198343033605,0.0013142054210466905,nan,0,0,cann_gated_cue,0.8251945724625017,0.0012747381591413642,0.7961706624712437
104.0,0.82645631847375,0.001223562811751402,nan,0,0,dead_reckoning,0.8333377174723313,0.006881398998581201,
104.0,0.82645631847375,0.001223562811751402,nan,0,0,cann_no_cue,0.8333377171754266,0.006881398701676478,0.7961706624291456
104.0,0.82645631847375,0.001223562811751402,nan,0,0,cann_sparse_cue,0.8278229833043985,0.0013666648306482898,0.7961706624291455
104.0,0.82645631847375,0.001223562811751402,nan,0,0,cann_gated_cue,0.8278229833043985,0.0013666648306482898,0.7961706624291455
106.0,0.8289806662966291,0.0016312579971750445,nan,0,0,dead_reckoning,0.8357848430958341,0.006804176799204864,
106.0,0.8289806662966291,0.0016312579971750445,nan,0,0,cann_no_cue,0.835784842798774,0.00680417650214471,0.7961706624218656
106.0,0.8289806662966291,0.0016312579971750445,nan,0,0,cann_sparse_cue,0.8302701089277461,0.001289442631116966,0.7961706624218657
106.0,0.8289806662966291,0.0016312579971750445,nan,0,0,cann_gated_cue,0.8302701089277461,0.001289442631116966,0.7961706624218657
108.0,0.8314921234888273,0.0013519976739959838,nan,0,0,dead_reckoning,0.8390473590901842,0.007555235601357069,
108.0,0.8314921234888273,0.0013519976739959838,nan,0,0,cann_no_cue,0.8390473587927607,0.0075552353039336495,0.7961706624586997
108.0,0.8314921234888273,0.0013519976739959838,nan,0,0,cann_sparse_cue,0.8335326249217327,0.0020405014329054616,0.7961706624586998
108.0,0.8314921234888273,0.0013519976739959838,nan,0,0,cann_gated_cue,0.8335326249217327,0.0020405014329054616,0.7961706624586998
110.0,0.8339899583817201,0.0012913433416077964,nan,0,0,dead_reckoning,0.8417513544381762,0.0077613960564559825,
110.0,0.8339899583817201,0.0012913433416077964,nan,0,0,cann_no_cue,0.8417513541405406,0.007761395758820733,0.7961706624323344
110.0,0.8339899583817201,0.0012913433416077964,nan,0,0,cann_sparse_cue,0.8362366202695125,0.002246661887792545,0.7961706624323343
110.0,0.8339899583817201,0.0012913433416077964,nan,0,0,cann_gated_cue,0.8362366202695125,0.002246661887792545,0.7961706624323343
112.0,0.8364734632048254,0.0013882682382772677,nan,0,0,dead_reckoning,0.8443340411213918,0.007860577916566136,
112.0,0.8364734632048254,0.0013882682382772677,nan,0,0,cann_no_cue,0.8443340408235734,0.007860577618747921,0.7961706624272605
112.0,0.8364734632048254,0.0013882682382772677,nan,0,0,cann_sparse_cue,0.8388193069525454,0.0023458437477197336,0.7961706624272605
112.0,0.8364734632048254,0.0013882682382772677,nan,0,0,cann_gated_cue,0.8388193069525454,0.0023458437477197336,0.7961706624272605
114.0,0.8389419553274728,0.001493145333448213,nan,0,0,dead_reckoning,0.8471105775979464,0.008168622270473769,
114.0,0.8389419553274728,0.001493145333448213,nan,0,0,cann_no_cue,0.8471105772999027,0.008168621972429957,0.7961706624354797
114.0,0.8389419553274728,0.001493145333448213,nan,0,0,cann_sparse_cue,0.8415958434288741,0.002653888101401325,0.7961706624354798
114.0,0.8389419553274728,0.001493145333448213,nan,0,0,cann_gated_cue,0.8415958434288741,0.002653888101401325,0.7961706624354798
116.0,0.8413947784563696,0.0015050599557791156,nan,0,0,dead_reckoning,0.8500968682648428,0.00870208980847309,
116.0,0.8413947784563696,0.0015050599557791156,nan,0,0,cann_no_cue,0.8500968679665177,0.00870208951014817,0.7961706624450434
116.0,0.8413947784563696,0.0015050599557791156,nan,0,0,cann_sparse_cue,0.8445821340954895,0.003187355639119982,0.7961706624450433
116.0,0.8413947784563696,0.0015050599557791156,nan,0,0,cann_gated_cue,0.8445821340954895,0.003187355639119982,0.7961706624450433
118.0,0.8438313037869627,0.001079956460233402,nan,0,0,dead_reckoning,0.853106988176401,0.009275684389438155,
118.0,0.8438313037869627,0.001079956460233402,nan,0,0,cann_no_cue,0.8531069878777873,0.009275684090824576,0.7961706624461737
118.0,0.8438313037869627,0.001079956460233402,nan,0,0,cann_sparse_cue,0.8475922540067589,0.0037609502197959443,0.7961706624461741
118.0,0.8438313037869627,0.001079956460233402,nan,0,0,cann_gated_cue,0.8475922540067589,0.0037609502197959443,0.7961706624461741
120.0,0.8462509311065752,0.0016578866068469923,0.8469342119457248,1,1,dead_reckoning,0.8552669010968678,0.009015969990292305,
120.0,0.8462509311065752,0.0016578866068469923,0.8469342119457248,1,1,cann_no_cue,0.855266900798145,0.009015969691569925,0.7961706624113967
120.0,0.8462509311065752,0.0016578866068469923,0.8469342119457248,1,1,cann_sparse_cue,0.8470738339366332,0.0008229028300581476,0.8894553661615189
120.0,0.8462509311065752,0.0016578866068469923,0.8469342119457248,1,1,cann_gated_cue,0.8470738339366332,0.0008229028300581476,0.8894553661615189
122.0,0.8486530898473835,0.0014595652922629759,nan,0,0,dead_reckoning,0.8585826743105618,0.009929584463178376,
122.0,0.8486530898473835,0.0014595652922629759,nan,0,0,cann_no_cue,0.8585826740114589,0.009929584164075411,0.7961706624614715
122.0,0.8486530898473835,0.0014595652922629759,nan,0,0,cann_sparse_cue,0.8503835449939368,0.0017304551465531226,0.7961706624614717
122.0,0.8486530898473835,0.0014595652922629759,nan,0,0,cann_gated_cue,0.8503835449939368,0.0017304551465531226,0.7961706624614717
124.0,0.8510372400873869,0.00122745173725417,nan,0,0,dead_reckoning,0.8615018048950878,0.01046456480770086,
124.0,0.8510372400873869,0.00122745173725417,nan,0,0,cann_no_cue,0.8615018045957191,0.01046456450833233,0.7961706624419056
124.0,0.8510372400873869,0.00122745173725417,nan,0,0,cann_sparse_cue,0.8533026755781972,0.0022654354908100416,0.7961706624419055
124.0,0.8510372400873869,0.00122745173725417,nan,0,0,cann_gated_cue,0.8533026755781972,0.0022654354908100416,0.7961706624419055
126.0,0.8534028734976148,0.001138807290788928,nan,0,0,dead_reckoning,0.863956708369596,0.010553834871981138,
126.0,0.8534028734976148,0.001138807290788928,nan,0,0,cann_no_cue,0.8639567080700691,0.010553834572454512,0.7961706624221673
126.0,0.8534028734976148,0.001138807290788928,nan,0,0,cann_sparse_cue,0.8557575790525471,0.0023547055549322238,0.7961706624221672
126.0,0.8534028734976148,0.001138807290788928,nan,0,0,cann_gated_cue,0.8557575790525471,0.0023547055549322238,0.7961706624221672
128.0,0.8557495142339075,0.0011044721866936564,nan,0,0,dead_reckoning,0.8662343229511739,0.010484808717266425,
128.0,0.8557495142339075,0.0011044721866936564,nan,0,0,cann_no_cue,0.8662343226515218,0.010484808417614122,0.7961706624155289
128.0,0.8557495142339075,0.0011044721866936564,nan,0,0,cann_sparse_cue,0.8580351936339998,0.0022856794000922775,0.7961706624155291
128.0,0.8557495142339075,0.0011044721866936564,nan,0,0,cann_gated_cue,0.8580351936339998,0.0022856794000922775,0.7961706624155291
130.0,0.85807671977171,0.0012839320940193943,nan,0,0,dead_reckoning,0.8684432673245612,0.01036654755285138,
130.0,0.85807671977171,0.0012839320940193943,nan,0,0,cann_no_cue,0.868443267024795,0.010366547253084946,0.796170662413092
130.0,0.85807671977171,0.0012839320940193943,nan,0,0,cann_sparse_cue,0.8602441380072734,0.002167418235563545,0.7961706624130918
130.0,0.85807671977171,0.0012839320940193943,nan,0,0,cann_gated_cue,0.8602441380072734,0.002167418235563545,0.7961706624130918
132.0,0.8603840816824087,0.0011470065651929082,nan,0,0,dead_reckoning,0.8710111315126,0.01062704983019147,
132.0,0.8603840816824087,0.0011470065651929082,nan,0,0,cann_no_cue,0.8710111312126563,0.010627049530247845,0.7961706624266562
132.0,0.8603840816824087,0.0011470065651929082,nan,0,0,cann_sparse_cue,0.8628120021951345,0.0024279205127260006,0.7961706624266561
132.0,0.8603840816824087,0.0011470065651929082,nan,0,0,cann_gated_cue,0.8628120021951345,0.0024279205127260006,0.7961706624266561
134.0,0.8626712263498552,0.0011228513686166498,nan,0,0,dead_reckoning,0.8733051446429858,0.010633918293130762,
134.0,0.8626712263498552,0.0011228513686166498,nan,0,0,cann_no_cue,0.873305144342914,0.010633917993058795,0.7961706624161223
134.0,0.8626712263498552,0.0011228513686166498,nan,0,0,cann_sparse_cue,0.8651060153253922,0.00243478897553695,0.7961706624161223
134.0,0.8626712263498552,0.0011228513686166498,nan,0,0,cann_gated_cue,0.8651060153253922,0.00243478897553695,0.7961706624161223
136.0,0.8649378156258158,0.0013906354926752004,nan,0,0,dead_reckoning,0.8755508473802192,0.010613031754403313,
136.0,0.8649378156258158,0.0013906354926752004,nan,0,0,cann_no_cue,0.8755508470800275,0.010613031454211885,0.7961706624143869
136.0,0.8649378156258158,0.0013906354926752004,nan,0,0,cann_sparse_cue,0.867351718062506,0.002413902436690041,0.796170662414387
136.0,0.8649378156258158,0.0013906354926752004,nan,0,0,cann_gated_cue,0.867351718062506,0.002413902436690041,0.796170662414387
138.0,0.8671835474231981,0.0012912346987972898,nan,0,0,dead_reckoning,0.8783321183655695,0.011148570942371094,
138.0,0.8671835474231981,0.0012912346987972898,nan,0,0,cann_no_cue,0.8783321180651527,0.011148570641954514,0.7961706624356879
138.0,0.8671835474231981,0.0012912346987972898,nan,0,0,cann_sparse_cue,0.8701329890476311,0.0029494416244331134,0.7961706624356879
138.0,0.8671835474231981,0.0012912346987972898,nan,0,0,cann_gated_cue,0.8701329890476311,0.0029494416244331134,0.7961706624356879
140.0,0.8694081562460145,0.001148321154011148,0.955502552890892,1,0,dead_reckoning,0.8809145877631641,0.011506431517149807,
140.0,0.8694081562460145,0.001148321154011148,0.955502552890892,1,0,cann_no_cue,0.8809145874625641,0.011506431216549373,0.7961706624272518
140.0,0.8694081562460145,0.001148321154011148,0.955502552890892,1,0,cann_sparse_cue,0.9556694500169279,0.0862612937709133,0.8894553651680677
140.0,0.8694081562460145,0.001148321154011148,0.955502552890892,1,0,cann_gated_cue,0.8727154584450425,0.0033073021990279727,0.7961706624272513
142.0,0.8716114136551525,0.0013379410550505599,nan,0,0,dead_reckoning,0.8832112300711864,0.011599816416033804,
142.0,0.8716114136551525,0.0013379410550505599,nan,0,0,cann_no_cue,0.8832112297704576,0.011599816115305028,0.7961706624162179
142.0,0.8716114136551525,0.0013379410550505599,nan,0,0,cann_sparse_cue,0.9579617170025473,0.08635030334739469,0.7961706624162179
142.0,0.8716114136551525,0.0013379410550505599,nan,0,0,cann_gated_cue,0.8750121007529357,0.003400687097783184,0.7961706624162179
144.0,0.8737931286691343,0.0014425515668577858,nan,0,0,dead_reckoning,0.8858871121812875,0.012093983512153184,
144.0,0.8737931286691343,0.0014425515668577858,nan,0,0,cann_no_cue,0.8858871118803576,0.012093983211223236,0.7961706624311378
144.0,0.8737931286691343,0.0014425515668577858,nan,0,0,cann_sparse_cue,0.9606375991124476,0.08684447044331334,0.7961706624311379
144.0,0.8737931286691343,0.0014425515668577858,nan,0,0,cann_gated_cue,0.8776879828628357,0.0038948541937013914,0.7961706624311378
146.0,0.8759531480991635,0.0009989176558886275,nan,0,0,dead_reckoning,0.8887722153150031,0.012819067215839475,
146.0,0.8759531480991635,0.0009989176558886275,nan,0,0,cann_no_cue,0.88877221501382,0.012819066914656396,0.7961706624403428
146.0,0.8759531480991635,0.0009989176558886275,nan,0,0,cann_sparse_cue,0.9635227022459099,0.0875695541467465,0.7961706624403431
146.0,0.8759531480991635,0.0009989176558886275,nan,0,0,cann_gated_cue,0.880573085996298,0.004619937897134552,0.796170662440343
148.0,0.8780913568178702,0.0010826996397936472,nan,0,0,dead_reckoning,0.8907700506267803,0.012678693808910069,
148.0,0.8780913568178702,0.0010826996397936472,nan,0,0,cann_no_cue,0.8907700503255106,0.012678693507640393,0.7961706624060655
148.0,0.8780913568178702,0.0010826996397936472,nan,0,0,cann_sparse_cue,0.9655205375576001,0.08742918073973005,0.7961706624060652
148.0,0.8780913568178702,0.0010826996397936472,nan,0,0,cann_gated_cue,0.8825709213079885,0.004479564490118548,0.7961706624060653
150.0,0.8802076779612834,0.0013350311078939828,nan,0,0,dead_reckoning,0.8929354499063675,0.012727771945084232,
150.0,0.8802076779612834,0.0013350311078939828,nan,0,0,cann_no_cue,0.8929354496049913,0.012727771643707975,0.7961706624115846
150.0,0.8802076779612834,0.0013350311078939828,nan,0,0,cann_sparse_cue,0.967685936837081,0.08747825887579763,0.7961706624115845
150.0,0.8802076779612834,0.0013350311078939828,nan,0,0,cann_gated_cue,0.8847363205874692,0.004528642626185686,0.7961706624115846
152.0,0.8823020730636766,0.0012817626829595156,nan,0,0,dead_reckoning,0.8956055121221556,0.013303439058478972,
152.0,0.8823020730636766,0.0012817626829595156,nan,0,0,cann_no_cue,0.89560551182058,0.013303438756903319,0.7961706624308916
152.0,0.8823020730636766,0.0012817626829595156,nan,0,0,cann_sparse_cue,0.9703559990526696,0.08805392598899298,0.7961706624308915
152.0,0.8823020730636766,0.0012817626829595156,nan,0,0,cann_gated_cue,0.8874063828030578,0.00510430973938103,0.7961706624308915
154.0,0.8843745421250497,0.0011895224183572492,nan,0,0,dead_reckoning,0.8981690374880746,0.013794495363025128,
154.0,0.8843745421250497,0.0011895224183572492,nan,0,0,cann_no_cue,0.8981690371863206,0.01379449506127095,0.7961706624264803
154.0,0.8843745421250497,0.0011895224183572492,nan,0,0,cann_sparse_cue,0.97291952441841,0.08854498229336016,0.79617066242648
154.0,0.8843745421250497,0.0011895224183572492,nan,0,0,cann_gated_cue,0.8899699081687984,0.005595366043748662,0.7961706624264799
156.0,0.8864251236111295,0.0013421735782173142,nan,0,0,dead_reckoning,0.9005480823247891,0.01412295871365954,
156.0,0.8864251236111295,0.0013421735782173142,nan,0,0,cann_no_cue,0.900548082022892,0.01412295841176281,0.7961706624192659
156.0,0.8864251236111295,0.0013421735782173142,nan,0,0,cann_sparse_cue,0.9752985692549817,0.08887344564385202,0.7961706624192659
156.0,0.8864251236111295,0.0013421735782173142,nan,0,0,cann_gated_cue,0.8923489530053703,0.005923829394240965,0.7961706624192662
158.0,0.8884538943858866,0.0009484011240158004,nan,0,0,dead_reckoning,0.9032324294812237,0.014778535095337109,
158.0,0.8884538943858866,0.0009484011240158004,nan,0,0,cann_no_cue,0.9032324291791234,0.014778534793236986,0.7961706624314967
158.0,0.8884538943858866,0.0009484011240158004,nan,0,0,cann_sparse_cue,0.977982916411213,0.0895290220253262,0.7961706624314966
158.0,0.8884538943858866,0.0009484011240158004,nan,0,0,cann_gated_cue,0.8950333001616015,0.006579405775714697,0.7961706624314968
160.0,0.8904609695766912,0.0008703310817492521,0.8900852770092358,1,1,dead_reckoning,0.9051292317292553,0.014668262152564004,
160.0,0.8904609695766912,0.0008703310817492521,0.8900852770092358,1,1,cann_no_cue,0.905129231427081,0.014668261850389719,0.7961706624029522
160.0,0.8904609695766912,0.0008703310817492521,0.8900852770092358,1,1,cann_sparse_cue,0.8902079313678077,-0.0002530382088834493,0.8894553666901839
160.0,0.8904609695766912,0.0008703310817492521,0.8900852770092358,1,1,cann_gated_cue,0.8902078929152444,-0.00025307666144680496,0.8894553666917997
162.0,0.8924465023723397,0.0009634537782390433,nan,0,0,dead_reckoning,0.9068698938927537,0.014423391520414164,
162.0,0.8924465023723397,0.0009634537782390433,nan,0,0,cann_no_cue,0.9068698935905244,0.014423391218184811,0.7961706623984584
162.0,0.8924465023723397,0.0009634537782390433,nan,0,0,cann_sparse_cue,0.8919452870081539,-0.000501215364185903,0.796170662398459
162.0,0.8924465023723397,0.0009634537782390433,nan,0,0,cann_gated_cue,0.8919452486784829,-0.0005012536938568957,0.796170662398459
164.0,0.8944106837543097,0.001123650478126649,nan,0,0,dead_reckoning,0.9087968014492319,0.014386117694922262,
164.0,0.8944106837543097,0.001123650478126649,nan,0,0,cann_no_cue,0.9087968011469277,0.014386117392618303,0.7961706624038628
164.0,0.8944106837543097,0.001123650478126649,nan,0,0,cann_sparse_cue,0.8938721945645575,-0.0005384891897524113,0.7961706624038629
164.0,0.8944106837543097,0.001123650478126649,nan,0,0,cann_gated_cue,0.8938721562348864,-0.000538527519423404,0.7961706624038629
166.0,0.8963537421617138,0.0009475039230643813,nan,0,0,dead_reckoning,0.9110441024054852,0.014690360243771572,
166.0,0.8963537421617138,0.0009475039230643813,nan,0,0,cann_no_cue,0.9110441021030621,0.014690359941348152,0.7961706624144439
166.0,0.8963537421617138,0.0009475039230643813,nan,0,0,cann_sparse_cue,0.896119495520692,-0.0002342466410216737,0.7961706624144441
166.0,0.8963537421617138,0.0009475039230643813,nan,0,0,cann_gated_cue,0.896119457191021,-0.0002342849706926664,0.7961706624144441
168.0,0.8982759430905396,0.0009848266559384254,nan,0,0,dead_reckoning,0.912939110251614,0.014663167161074409,
168.0,0.8982759430905396,0.0009848266559384254,nan,0,0,cann_no_cue,0.9129391099491186,0.014663166858579046,0.7961706624028986
168.0,0.8982759430905396,0.0009848266559384254,nan,0,0,cann_sparse_cue,0.8980145033667483,-0.0002614397237912236,0.7961706624028982
168.0,0.8982759430905396,0.0009848266559384254,nan,0,0,cann_gated_cue,0.8980144650370777,-0.0002614780534617722,0.7961706624028981
170.0,0.9001775886278793,0.0008926960709030374,nan,0,0,dead_reckoning,0.9149087635634908,0.014731174935611602,
170.0,0.9001775886278793,0.0008926960709030374,nan,0,0,cann_no_cue,0.9149087632609156,0.014731174633036304,0.7961706624051806
170.0,0.9001775886278793,0.0008926960709030374,nan,0,0,cann_sparse_cue,0.8999841566785451,-0.00019343194933441055,0.7961706624051805
170.0,0.9001775886278793,0.0008926960709030374,nan,0,0,cann_gated_cue,0.8999841183488744,-0.00019347027900495917,0.7961706624051808
172.0,0.9020590169219671,0.00094752751302488,nan,0,0,dead_reckoning,0.9166941557052969,0.014635138783329893,
172.0,0.9020590169219671,0.00094752751302488,nan,0,0,cann_no_cue,0.9166941554026615,0.014635138480694643,0.7961706623997064
172.0,0.9020590169219671,0.00094752751302488,nan,0,0,cann_sparse_cue,0.9017695488202911,-0.0002894681016760714,0.7961706623997064
172.0,0.9020590169219671,0.00094752751302488,nan,0,0,cann_gated_cue,0.9017695104906206,-0.00028950643134662,0.7961706623997064
174.0,0.9039206015889512,0.0008771174117212938,nan,0,0,dead_reckoning,0.9185892107313466,0.014668609142395539,
174.0,0.9039206015889512,0.0008771174117212938,nan,0,0,cann_no_cue,0.9185892104286403,0.014668608839689234,0.7961706624028997
174.0,0.9039206015889512,0.0008771174117212938,nan,0,0,cann_sparse_cue,0.9036646038462697,-0.0002559977426814797,0.7961706624028996
174.0,0.9039206015889512,0.0008771174117212938,nan,0,0,cann_gated_cue,0.9036645655165991,-0.0002560360723520283,0.7961706624028996
176.0,0.9057627510574447,0.0011033993399827908,nan,0,0,dead_reckoning,0.9203434455547892,0.01458069449734456,
176.0,0.9057627510574447,0.0011033993399827908,nan,0,0,cann_no_cue,0.9203434452520262,0.014580694194581412,0.7961706623988338
176.0,0.9057627510574447,0.0011033993399827908,nan,0,0,cann_sparse_cue,0.9054188386696557,-0.00034391238778930244,0.796170662398834
176.0,0.9057627510574447,0.0011033993399827908,nan,0,0,cann_gated_cue,0.905418800339985,-0.00034395071745985106,0.7961706623988339
178.0,0.9075859078520033,0.0011770789773611287,nan,0,0,dead_reckoning,0.9225502442347548,0.014964336382751409,
178.0,0.9075859078520033,0.0011770789773611287,nan,0,0,cann_no_cue,0.9225502439318797,0.01496433607987635,0.7961706624130168
178.0,0.9075859078520033,0.0011770789773611287,nan,0,0,cann_sparse_cue,0.9076256373495092,3.9729497506080236e-05,0.7961706624130165
178.0,0.9075859078520033,0.0011770789773611287,nan,0,0,cann_gated_cue,0.9076255990198386,3.9691167835087526e-05,0.7961706624130166
180.0,0.9093905478167863,0.0009440677284870055,0.9096186194547247,1,1,dead_reckoning,0.924904402189477,0.015513854372690705,
180.0,0.9093905478167863,0.0009440677284870055,0.9096186194547247,1,1,cann_no_cue,0.9249044018864648,0.015513854069678423,0.7961706624183341
180.0,0.9093905478167863,0.0009440677284870055,0.9096186194547247,1,1,cann_sparse_cue,0.9097707966584387,0.0003802488416524419,0.8894553657258911
180.0,0.9093905478167863,0.0009440677284870055,0.9096186194547247,1,1,cann_gated_cue,0.9097707966584206,0.0003802488416342342,0.8894553657258917
182.0,0.9111771792807644,0.0009907844928205374,nan,0,0,dead_reckoning,0.9267925376464511,0.015615358365686838,
182.0,0.9111771792807644,0.0009907844928205374,nan,0,0,cann_no_cue,0.9267925373433671,0.015615358062602613,0.7961706624026925
182.0,0.9111771792807644,0.0009907844928205374,nan,0,0,cann_sparse_cue,0.911655297392115,0.0004781181113506783,0.7961706624026927
182.0,0.9111771792807644,0.0009907844928205374,nan,0,0,cann_gated_cue,0.9116552973920973,0.0004781181113329147,0.7961706624026927
184.0,0.9129463421659383,0.000914964415217175,nan,0,0,dead_reckoning,0.9287741066320921,0.01582776446615375,
184.0,0.9129463421659383,0.000914964415217175,nan,0,0,cann_no_cue,0.9287741063289267,0.015827764162988256,0.7961706624055532
184.0,0.9129463421659383,0.000914964415217175,nan,0,0,cann_sparse_cue,0.9136368663776745,0.0006905242117363208,0.7961706624055532
184.0,0.9129463421659383,0.000914964415217175,nan,0,0,cann_gated_cue,0.913636866377657,0.0006905242117185573,0.7961706624055531
186.0,0.9146986070401315,0.0010973149190728886,nan,0,0,dead_reckoning,0.9306040354625265,0.01590542842239495,
186.0,0.9146986070401315,0.0010973149190728886,nan,0,0,cann_no_cue,0.9306040351592968,0.015905428119165066,0.7961706624009801
186.0,0.9146986070401315,0.0010973149190728886,nan,0,0,cann_sparse_cue,0.9154667952080444,0.0007681881679131308,0.7961706624009804
186.0,0.9146986070401315,0.0010973149190728886,nan,0,0,cann_gated_cue,0.9154667952080269,0.0007681881678953673,0.7961706624009804
188.0,0.9164345741160211,0.001013535879093037,nan,0,0,dead_reckoning,0.9327986653006722,0.01636409118465121,
188.0,0.9164345741160211,0.001013535879093037,nan,0,0,cann_no_cue,0.9327986649973321,0.016364090881310744,0.7961706624125929
188.0,0.9164345741160211,0.001013535879093037,nan,0,0,cann_sparse_cue,0.91766142504608,0.0012268509300588093,0.7961706624125929
188.0,0.9164345741160211,0.001013535879093037,nan,0,0,cann_gated_cue,0.9176614250460622,0.0012268509300410457,0.7961706624125929
190.0,0.91815487219816,0.0012738109908616252,nan,0,0,dead_reckoning,0.9348257370588583,0.01667086486069813,
190.0,0.91815487219816,0.0012738109908616252,nan,0,0,cann_no_cue,0.9348257367554302,0.016670864557270182,0.7961706624069964
190.0,0.91815487219816,0.0012738109908616252,nan,0,0,cann_sparse_cue,0.9196884968041781,0.0015336246060178027,0.7961706624069963
190.0,0.91815487219816,0.0012738109908616252,nan,0,0,cann_gated_cue,0.9196884968041602,0.0015336246060000391,0.7961706624069965
192.0,0.9198601575798411,0.0007980119795645316,nan,0,0,dead_reckoning,0.9373733590405816,0.017513201460740646,
192.0,0.9198601575798411,0.0007980119795645316,nan,0,0,cann_no_cue,0.9373733587369807,0.017513201157139502,0.7961706624258372
192.0,0.9198601575798411,0.0007980119795645316,nan,0,0,cann_sparse_cue,0.9222361187857284,0.0023759612058871227,0.796170662425837
192.0,0.9198601575798411,0.0007980119795645316,nan,0,0,cann_gated_cue,0.9222361187857108,0.002375961205869803,0.7961706624258371
194.0,0.9215511128917346,0.0010427749060469354,nan,0,0,dead_reckoning,0.9389693829997107,0.01741827010797614,
194.0,0.9215511128917346,0.0010427749060469354,nan,0,0,cann_no_cue,0.9389693826960652,0.01741826980433059,0.7961706623946402
194.0,0.9215511128917346,0.0010427749060469354,nan,0,0,cann_sparse_cue,0.9238321427448131,0.002281029853078209,0.7961706623946402
194.0,0.9215511128917346,0.0010427749060469354,nan,0,0,cann_gated_cue,0.9238321427447957,0.0022810298530613338,0.7961706623946405
196.0,0.923228445904323,0.0010439311066697857,nan,0,0,dead_reckoning,0.9410549328118045,0.017826486907481787,
196.0,0.923228445904323,0.0010439311066697857,nan,0,0,cann_no_cue,0.9410549325080648,0.017826486603741643,0.796170662408899
196.0,0.923228445904323,0.0010439311066697857,nan,0,0,cann_sparse_cue,0.9259176925568127,0.0026892466524897074,0.796170662408899
196.0,0.923228445904323,0.0010439311066697857,nan,0,0,cann_gated_cue,0.9259176925567952,0.002689246652472388,0.7961706624088992
198.0,0.9248928882862302,0.000890544481934731,nan,0,0,dead_reckoning,0.9431427950251441,0.018249906738914135,
198.0,0.9248928882862302,0.000890544481934731,nan,0,0,cann_no_cue,0.9431427947213088,0.01824990643507851,0.7961706624089753
198.0,0.9248928882862302,0.000890544481934731,nan,0,0,cann_sparse_cue,0.9280055547700565,0.003112666483826132,0.7961706624089755
198.0,0.9248928882862302,0.000890544481934731,nan,0,0,cann_gated_cue,0.9280055547700391,0.0031126664838088125,0.7961706624089753
200.0,0.9265451943206271,0.0010521002032974121,nan,0,0,dead_reckoning,0.9449238839890135,0.018378689668386627,
200.0,0.9265451943206271,0.0010521002032974121,nan,0,0,cann_no_cue,0.9449238836851184,0.018378689364491052,0.7961706623995849
200.0,0.9265451943206271,0.0010521002032974121,nan,0,0,cann_sparse_cue,0.929786643733866,0.003241449413239117,0.796170662399585
200.0,0.9265451943206271,0.0010521002032974121,nan,0,0,cann_gated_cue,0.9297866437338489,0.0032414494132217975,0.7961706623995852
202.0,0.9281861395819617,0.0006987878398290823,nan,0,0,dead_reckoning,0.9470280843956084,0.01884194481364654,
202.0,0.9281861395819617,0.0006987878398290823,nan,0,0,cann_no_cue,0.9470280840916162,0.018841944509654596,0.7961706624095173
202.0,0.9281861395819617,0.0006987878398290823,nan,0,0,cann_sparse_cue,0.9318908441403639,0.0037047045584022165,0.7961706624095174
202.0,0.9281861395819617,0.0006987878398290823,nan,0,0,cann_gated_cue,0.9318908441403465,0.003704704558384897,0.7961706624095173
204.0,0.9298165195753387,0.0013139716364367268,nan,0,0,dead_reckoning,0.9484256600752665,0.01860914049992779,
204.0,0.9298165195753387,0.0013139716364367268,nan,0,0,cann_no_cue,0.948425659771245,0.018609140195906093,0.7961706623899399
204.0,0.9298165195753387,0.0013139716364367268,nan,0,0,cann_sparse_cue,0.9332884198199927,0.003471900244654158,0.7961706623899402
204.0,0.9298165195753387,0.0013139716364367268,nan,0,0,cann_gated_cue,0.9332884198199753,0.0034719002446363945,0.7961706623899402
206.0,0.9314371483409325,0.0007001761196194068,nan,0,0,dead_reckoning,0.95105360334814,0.019616455007207545,
206.0,0.9314371483409325,0.0007001761196194068,nan,0,0,cann_no_cue,0.9510536030439305,0.019616454702998,0.7961706624291262
206.0,0.9314371483409325,0.0007001761196194068,nan,0,0,cann_sparse_cue,0.9359163630926784,0.004479214751746063,0.796170662429126
206.0,0.9314371483409325,0.0007001761196194068,nan,0,0,cann_gated_cue,0.9359163630926609,0.0044792147517283,0.7961706624291262
208.0,0.9330488570258847,0.0010952168778195388,nan,0,0,dead_reckoning,0.9524539555873788,0.019405098561493972,
208.0,0.9330488570258847,0.0010952168778195388,nan,0,0,cann_no_cue,0.9524539552831387,0.019405098257253783,0.7961706623900016
208.0,0.9330488570258847,0.0010952168778195388,nan,0,0,cann_sparse_cue,0.9373167153318868,0.004267858306001848,0.7961706623900017
208.0,0.9330488570258847,0.0010952168778195388,nan,0,0,cann_gated_cue,0.9373167153318692,0.004267858305984529,0.7961706623900018
210.0,0.9346524924261896,0.0007290805310985683,nan,0,0,dead_reckoning,0.9546443893430179,0.01999189691682801,
210.0,0.9346524924261896,0.0007290805310985683,nan,0,0,cann_no_cue,0.9546443890386691,0.019991896612479465,0.7961706624124473
210.0,0.9346524924261896,0.0007290805310985683,nan,0,0,cann_sparse_cue,0.9395071490874172,0.00485465666122753,0.7961706624124473
210.0,0.9346524924261896,0.0007290805310985683,nan,0,0,cann_gated_cue,0.9395071490873995,0.004854656661209766,0.7961706624124475
212.0,0.9362489155011259,0.0011189308904062092,nan,0,0,dead_reckoning,0.956102550405215,0.0198536349040892,
212.0,0.9362489155011259,0.0011189308904062092,nan,0,0,cann_no_cue,0.956102550100833,0.019853634599707348,0.796170662391309
212.0,0.9362489155011259,0.0011189308904062092,nan,0,0,cann_sparse_cue,0.9409653101495808,0.004716394648454969,0.7961706623913087
212.0,0.9362489155011259,0.0011189308904062092,nan,0,0,cann_gated_cue,0.9409653101495633,0.0047163946484376496,0.7961706623913088
214.0,0.9378389998628417,0.000851246858952414,nan,0,0,dead_reckoning,0.9583404121860275,0.020501412323185697,
214.0,0.9378389998628417,0.000851246858952414,nan,0,0,cann_no_cue,0.9583404118815294,0.020501412018687937,0.7961706624141089
214.0,0.9378389998628417,0.000851246858952414,nan,0,0,cann_sparse_cue,0.943203171930277,0.005364172067435113,0.7961706624141089
214.0,0.9378389998628417,0.000851246858952414,nan,0,0,cann_gated_cue,0.9432031719302597,0.005364172067418238,0.7961706624141088
216.0,0.9394236302437422,0.0009326648643716337,nan,0,0,dead_reckoning,0.9600429059039323,0.020619275660190173,
216.0,0.9394236302437422,0.0009326648643716337,nan,0,0,cann_no_cue,0.9600429055993814,0.02061927535563912,0.7961706623974186
216.0,0.9394236302437422,0.0009326648643716337,nan,0,0,cann_sparse_cue,0.9449056656481293,0.005482035404387187,0.7961706623974186
216.0,0.9394236302437422,0.0009326648643716337,nan,0,0,cann_gated_cue,0.9449056656481117,0.005482035404369423,0.7961706623974187
218.0,0.941003700944368,0.0009144037300966916,nan,0,0,dead_reckoning,0.9619082356326756,0.020904534688307663,
218.0,0.941003700944368,0.0009144037300966916,nan,0,0,cann_no_cue,0.961908235328057,0.02090453438368911,0.7961706624020153
218.0,0.941003700944368,0.0009144037300966916,nan,0,0,cann_sparse_cue,0.946770995376805,0.0057672944324371755,0.7961706624020155
218.0,0.941003700944368,0.0009144037300966916,nan,0,0,cann_gated_cue,0.9467709953767874,0.005767294432419412,0.7961706624020154
220.0,0.9425801142644885,0.0010929622063437824,nan,0,0,dead_reckoning,0.9637370430928689,0.021156928828380384,
220.0,0.9425801142644885,0.0010929622063437824,nan,0,0,cann_no_cue,0.9637370427881865,0.021156928523697882,0.796170662400948
220.0,0.9425801142644885,0.0010929622063437824,nan,0,0,cann_sparse_cue,0.9485998028369341,0.006019688572445503,0.7961706624009478
220.0,0.9425801142644885,0.0010929622063437824,nan,0,0,cann_gated_cue,0.9485998028369167,0.0060196885724281834,0.7961706624009479
222.0,0.9441537789201612,0.0008443491478850572,nan,0,0,dead_reckoning,0.9659229675055565,0.021769188585395227,
222.0,0.9441537789201612,0.0008443491478850572,nan,0,0,cann_no_cue,0.9659229672007651,0.021769188280603924,0.7961706624122913
222.0,0.9441537789201612,0.0008443491478850572,nan,0,0,cann_sparse_cue,0.9507857272495127,0.006631948329351545,0.7961706624122913
222.0,0.9441537789201612,0.0008443491478850572,nan,0,0,cann_gated_cue,0.9507857272494951,0.006631948329333781,0.7961706624122912
224.0,0.9457256084495349,0.00038176562472918706,nan,0,0,dead_reckoning,0.9676116658013265,0.02188605735179161,
224.0,0.9457256084495349,0.00038176562472918706,nan,0,0,cann_no_cue,0.967611665496484,0.021886057046949237,0.7961706623970488
224.0,0.9457256084495349,0.00038176562472918706,nan,0,0,cann_sparse_cue,0.9524744255452317,0.006748817095696857,0.7961706623970487
224.0,0.9457256084495349,0.00038176562472918706,nan,0,0,cann_gated_cue,0.9524744255452139,0.006748817095679094,0.7961706623970488
226.0,0.9472965196101939,0.0007679793383914112,nan,0,0,dead_reckoning,0.968375197050785,0.021078677440590887,
226.0,0.9472965196101939,0.0007679793383914112,nan,0,0,cann_no_cue,0.968375196745938,0.021078677135744073,0.7961706623790991
226.0,0.9472965196101939,0.0007679793383914112,nan,0,0,cann_sparse_cue,0.9532379567946857,0.0059414371844916936,0.7961706623790992
226.0,0.9472965196101939,0.0007679793383914112,nan,0,0,cann_gated_cue,0.9532379567946678,0.00594143718447393,0.796170662379099
228.0,0.9488674307708528,0.0009365844610170428,nan,0,0,dead_reckoning,0.9699111557275677,0.021043724956714804,
228.0,0.9488674307708528,0.0009365844610170428,nan,0,0,cann_no_cue,0.9699111554226841,0.021043724651831575,0.796170662393152
228.0,0.9488674307708528,0.0009365844610170428,nan,0,0,cann_sparse_cue,0.9547739154714318,0.005906484700578751,0.7961706623931517
228.0,0.9488674307708528,0.0009365844610170428,nan,0,0,cann_gated_cue,0.954773915471414,0.005906484700560988,0.7961706623931519
230.0,0.9504392603002265,0.0008248182507391501,nan,0,0,dead_reckoning,0.9717843246496018,0.02134506434937533,
230.0,0.9504392603002265,0.0008248182507391501,nan,0,0,cann_no_cue,0.97178432434465,0.021345064044423268,0.7961706624022471
230.0,0.9504392603002265,0.0008248182507391501,nan,0,0,cann_sparse_cue,0.956647084393398,0.0062078240931713324,0.7961706624022475
230.0,0.9504392603002265,0.0008248182507391501,nan,0,0,cann_gated_cue,0.9566470843933802,0.006207824093153569,0.7961706624022473
232.0,0.9520129249558993,0.0010444426020351308,nan,0,0,dead_reckoning,0.9734339611510802,0.021421036195180765,
232.0,0.9520129249558993,0.0010444426020351308,nan,0,0,cann_no_cue,0.9734339608460812,0.021421035890182072,0.7961706623960172
232.0,0.9520129249558993,0.0010444426020351308,nan,0,0,cann_sparse_cue,0.9582967208948291,0.006283795938929693,0.7961706623960171
232.0,0.9520129249558993,0.0010444426020351308,nan,0,0,cann_gated_cue,0.9582967208948111,0.006283795938911929,0.796170662396017
234.0,0.9535893382760197,0.0010927045864313248,nan,0,0,dead_reckoning,0.9755228463551504,0.021933508079130526,
234.0,0.9535893382760197,0.0010927045864313248,nan,0,0,cann_no_cue,0.9755228460500567,0.021933507774036798,0.7961706624090094
234.0,0.9535893382760197,0.0010927045864313248,nan,0,0,cann_sparse_cue,0.9603856060988045,0.006796267822784863,0.7961706624090092
234.0,0.9535893382760197,0.0010927045864313248,nan,0,0,cann_gated_cue,0.9603856060987865,0.006796267822767099,0.7961706624090091
236.0,0.9551694089766456,0.0008961505068497881,nan,0,0,dead_reckoning,0.977708255528013,0.02253884655136762,
236.0,0.9551694089766456,0.0008961505068497881,nan,0,0,cann_no_cue,0.9777082552228096,0.022538846246163757,0.7961706624122735
236.0,0.9551694089766456,0.0008961505068497881,nan,0,0,cann_sparse_cue,0.9625710152715575,0.007401606294911822,0.7961706624122735
236.0,0.9551694089766456,0.0008961505068497881,nan,0,0,cann_gated_cue,0.9625710152715398,0.007401606294894059,0.7961706624122735
238.0,0.956754039357546,0.000670426768984243,nan,0,0,dead_reckoning,0.9795005565417126,0.02274651718416676,
238.0,0.956754039357546,0.000670426768984243,nan,0,0,cann_no_cue,0.9795005562364479,0.022746516878902057,0.7961706623999019
238.0,0.956754039357546,0.000670426768984243,nan,0,0,cann_sparse_cue,0.9643633162851959,0.0076092769276501215,0.796170662399902
238.0,0.956754039357546,0.000670426768984243,nan,0,0,cann_gated_cue,0.9643633162851778,0.007609276927631914,0.7961706623999019
240.0,0.9583441237192618,0.0011790586374747995,nan,0,0,dead_reckoning,0.9808414100796812,0.022497286360419366,
240.0,0.9583441237192618,0.0011790586374747995,nan,0,0,cann_no_cue,0.9808414097743913,0.02249728605512935,0.7961706623887109
240.0,0.9583441237192618,0.0011790586374747995,nan,0,0,cann_sparse_cue,0.9657041698231392,0.007360046103877416,0.796170662388711
240.0,0.9583441237192618,0.0011790586374747995,nan,0,0,cann_gated_cue,0.9657041698231214,0.007360046103859652,0.7961706623887114
242.0,0.9599405467941982,0.0011342777353701484,nan,0,0,dead_reckoning,0.9831995273546308,0.02325898056043263,
242.0,0.9599405467941982,0.0011342777353701484,nan,0,0,cann_no_cue,0.9831995270492051,0.023258980255007167,0.7961706624184819
242.0,0.9599405467941982,0.0011342777353701484,nan,0,0,cann_sparse_cue,0.9680622870979534,0.008121740303755232,0.7961706624184819
242.0,0.9599405467941982,0.0011342777353701484,nan,0,0,cann_gated_cue,0.9680622870979351,0.008121740303737024,0.7961706624184819
244.0,0.961544182194503,0.000897440348941347,nan,0,0,dead_reckoning,0.985468082825371,0.023923900630868022,
244.0,0.961544182194503,0.000897440348941347,nan,0,0,cann_no_cue,0.9854680825198221,0.023923900325319103,0.7961706624152035
244.0,0.961544182194503,0.000897440348941347,nan,0,0,cann_sparse_cue,0.97033084256857,0.008786660374067168,0.7961706624152034
244.0,0.961544182194503,0.000897440348941347,nan,0,0,cann_gated_cue,0.970330842568552,0.00878666037404896,0.7961706624152034
246.0,0.9631558908794553,0.0013150415153914865,nan,0,0,dead_reckoning,0.9872629635232537,0.02410707264379841,
246.0,0.9631558908794553,0.0013150415153914865,nan,0,0,cann_no_cue,0.9872629632176431,0.024107072338187763,0.7961706623999751
246.0,0.9631558908794553,0.0013150415153914865,nan,0,0,cann_sparse_cue,0.9721257232663912,0.008969832386935828,0.7961706623999751
246.0,0.9631558908794553,0.0013150415153914865,nan,0,0,cann_gated_cue,0.9721257232663731,0.008969832386918064,0.7961706623999752
248.0,0.9647765196450491,0.0008903944760196318,nan,0,0,dead_reckoning,0.9898930465540368,0.02511652690898769,
248.0,0.9647765196450491,0.0008903944760196318,nan,0,0,cann_no_cue,0.9898930462482369,0.02511652660318786,0.7961706624292152
248.0,0.9647765196450491,0.0008903944760196318,nan,0,0,cann_sparse_cue,0.9747558062969849,0.009979286651935926,0.7961706624292151
248.0,0.9647765196450491,0.0008903944760196318,nan,0,0,cann_gated_cue,0.9747558062969666,0.009979286651917718,0.7961706624292151
250.0,0.9664068996384259,0.0007543037962882983,nan,0,0,dead_reckoning,0.9916738355060759,0.025266935867650275,
250.0,0.9664068996384259,0.0007543037962882983,nan,0,0,cann_no_cue,0.9916738352002146,0.025266935561788717,0.7961706623995765
250.0,0.9664068996384259,0.0007543037962882983,nan,0,0,cann_sparse_cue,0.9765365952489629,0.010129695610537226,0.7961706623995766
250.0,0.9664068996384259,0.0007543037962882983,nan,0,0,cann_gated_cue,0.9765365952489445,0.010129695610518574,0.7961706623995767
252.0,0.9680478448997605,0.0009242205507628459,nan,0,0,dead_reckoning,0.9931824430986526,0.02513459819889219,
252.0,0.9680478448997605,0.0009242205507628459,nan,0,0,cann_no_cue,0.9931824427927554,0.025134597892995103,0.7961706623924931
252.0,0.9680478448997605,0.0009242205507628459,nan,0,0,cann_sparse_cue,0.9780452028415034,0.009997357941743168,0.7961706623924931
252.0,0.9680478448997605,0.0009242205507628459,nan,0,0,cann_gated_cue,0.9780452028414851,0.009997357941724516,0.7961706623924929
254.0,0.9697001509341574,0.0011468871037784638,nan,0,0,dead_reckoning,0.9950308842001783,0.025330733266020644,
254.0,0.9697001509341574,0.0011468871037784638,nan,0,0,cann_no_cue,0.9950308838942159,0.025330732960058278,0.7961706624015191
254.0,0.9697001509341574,0.0011468871037784638,nan,0,0,cann_sparse_cue,0.9798936439429636,0.010193493008806342,0.796170662401519
254.0,0.9697001509341574,0.0011468871037784638,nan,0,0,cann_gated_cue,0.9798936439429454,0.010193493008788135,0.796170662401519
256.0,0.9713645933160646,0.0007987917911198158,nan,0,0,dead_reckoning,0.9973246584077352,0.025960065091670703,
256.0,0.9713645933160646,0.0007987917911198158,nan,0,0,cann_no_cue,0.9973246581016465,0.02596006478558177,0.7961706624161136
256.0,0.9713645933160646,0.0007987917911198158,nan,0,0,cann_sparse_cue,0.9821874181503946,0.010822824834329836,0.7961706624161137
256.0,0.9713645933160646,0.0007987917911198158,nan,0,0,cann_gated_cue,0.9821874181503764,0.010822824834311628,0.7961706624161136
258.0,0.9730419263286529,0.0013046887855817182,nan,0,0,dead_reckoning,0.9989222419899748,0.025880315661321873,
258.0,0.9730419263286529,0.0013046887855817182,nan,0,0,cann_no_cue,0.9989222416838422,0.02588031535518942,0.7961706623946798
258.0,0.9730419263286529,0.0013046887855817182,nan,0,0,cann_sparse_cue,0.9837850017325901,0.010743075403937041,0.7961706623946795
258.0,0.9730419263286529,0.0013046887855817182,nan,0,0,cann_gated_cue,0.9837850017325721,0.010743075403919278,0.7961706623946797
260.0,0.9747328816405465,0.0008096786441837006,nan,0,0,dead_reckoning,1.0015316195611383,0.02679873792059162,
260.0,0.9747328816405465,0.0008096786441837006,nan,0,0,cann_no_cue,1.0015316192548214,0.02679873761427487,0.7961706624283567
260.0,0.9747328816405465,0.0008096786441837006,nan,0,0,cann_sparse_cue,0.9863943793035689,0.011661497663022491,0.7961706624283568
260.0,0.9747328816405465,0.0008096786441837006,nan,0,0,cann_gated_cue,0.9863943793035509,0.011661497663004283,0.7961706624283565
262.0,0.9764381670222275,0.0011415614996697564,nan,0,0,dead_reckoning,1.0031509768495057,0.026712809827277972,
262.0,0.9764381670222275,0.0011415614996697564,nan,0,0,cann_no_cue,1.0031509765431423,0.026712809520915037,0.7961706623952338
262.0,0.9764381670222275,0.0011415614996697564,nan,0,0,cann_sparse_cue,0.9880137365918897,0.011575569569662214,0.7961706623952338
262.0,0.9764381670222275,0.0011415614996697564,nan,0,0,cann_gated_cue,0.9880137365918719,0.01157556956964445,0.796170662395234
264.0,0.9781584651043665,0.0010796150928071599,nan,0,0,dead_reckoning,1.0054340998488454,0.027275634744478694,
264.0,0.9781584651043665,0.0010796150928071599,nan,0,0,cann_no_cue,1.005434099542358,0.027275634437991414,0.7961706624157281
264.0,0.9781584651043665,0.0010796150928071599,nan,0,0,cann_sparse_cue,0.9902968595911054,0.01213839448673859,0.7961706624157278
264.0,0.9781584651043665,0.0010796150928071599,nan,0,0,cann_gated_cue,0.9902968595910877,0.012138394486721271,0.7961706624157281
266.0,0.9798944321802561,0.0009723777115704291,nan,0,0,dead_reckoning,1.0075933300344595,0.02769889785420343,
266.0,0.9798944321802561,0.0009723777115704291,nan,0,0,cann_no_cue,1.0075933297278659,0.02769889754760957,0.7961706624113735
266.0,0.9798944321802561,0.0009723777115704291,nan,0,0,cann_sparse_cue,0.9924560897766134,0.01256165759635719,0.7961706624113734
266.0,0.9798944321802561,0.0009723777115704291,nan,0,0,cann_gated_cue,0.9924560897765954,0.012561657596339426,0.7961706624113734
268.0,0.9816466970544494,0.0011962346375969895,nan,0,0,dead_reckoning,1.0095380854576004,0.027891388403150863,
268.0,0.9816466970544494,0.0011962346375969895,nan,0,0,cann_no_cue,1.009538085150929,0.02789138809647973,0.7961706624044097
268.0,0.9816466970544494,0.0011962346375969895,nan,0,0,cann_sparse_cue,0.9944008451996764,0.012754148145226907,0.7961706624044096
268.0,0.9816466970544494,0.0011962346375969895,nan,0,0,cann_gated_cue,0.9944008451996585,0.012754148145209143,0.7961706624044096
270.0,0.9834158599396232,0.0007597591557178718,nan,0,0,dead_reckoning,1.0119305547327944,0.028514694793170925,
270.0,0.9834158599396232,0.0007597591557178718,nan,0,0,cann_no_cue,1.0119305544259798,0.028514694486356795,0.7961706624197727
270.0,0.9834158599396232,0.0007597591557178718,nan,0,0,cann_sparse_cue,0.9967933144747272,0.013377454535103972,0.7961706624197729
270.0,0.9834158599396232,0.0007597591557178718,nan,0,0,cann_gated_cue,0.9967933144747094,0.013377454535086208,0.7961706624197729
272.0,0.9852024914036014,0.001274390982731069,nan,0,0,dead_reckoning,1.0134500730442302,0.028247581640628905,
272.0,0.9852024914036014,0.001274390982731069,nan,0,0,cann_no_cue,1.0134500727373776,0.02824758133377614,0.7961706623927544
272.0,0.9852024914036014,0.001274390982731069,nan,0,0,cann_sparse_cue,0.9983128327861248,0.013110341382523316,0.7961706623927545
272.0,0.9852024914036014,0.001274390982731069,nan,0,0,cann_gated_cue,0.9983128327861074,0.013110341382505997,0.7961706623927544
274.0,0.9870071313683844,0.0010412712973691186,nan,0,0,dead_reckoning,1.0159988550096923,0.028991723641308198,
274.0,0.9870071313683844,0.0010412712973691186,nan,0,0,cann_no_cue,1.0159988547026677,0.02899172333428357,0.7961706624258835
274.0,0.9870071313683844,0.0010412712973691186,nan,0,0,cann_sparse_cue,1.0008616147514156,0.013854483383031191,0.7961706624258841
274.0,0.9870071313683844,0.0010412712973691186,nan,0,0,cann_gated_cue,1.0008616147513978,0.013854483383013427,0.7961706624258839
276.0,0.9888302881629429,0.0009555333740126868,nan,0,0,dead_reckoning,1.0180813976044305,0.029251109441487344,
276.0,0.9888302881629429,0.0009555333740126868,nan,0,0,cann_no_cue,1.0180813972973097,0.029251109134366793,0.7961706624088
276.0,0.9888302881629429,0.0009555333740126868,nan,0,0,cann_sparse_cue,1.0029441573460571,0.01411386918311397,0.7961706624087997
276.0,0.9888302881629429,0.0009555333740126868,nan,0,0,cann_gated_cue,1.0029441573460396,0.01411386918309665,0.7961706624088001
278.0,0.9906724376314364,0.0011967447643829853,nan,0,0,dead_reckoning,1.0199924643524558,0.02932002672101941,
278.0,0.9906724376314364,0.0011967447643829853,nan,0,0,cann_no_cue,1.0199924640452616,0.02932002641382514,0.7961706624033819
278.0,0.9906724376314364,0.0011967447643829853,nan,0,0,cann_sparse_cue,1.0048552240940092,0.01418278646257276,0.7961706624033817
278.0,0.9906724376314364,0.0011967447643829853,nan,0,0,cann_gated_cue,1.0048552240939914,0.014182786462554997,0.7961706624033817
280.0,0.9925340222984205,0.001262574861706489,nan,0,0,dead_reckoning,1.0223859538812219,0.029851931582801416,
280.0,0.9925340222984205,0.001262574861706489,nan,0,0,cann_no_cue,1.0223859535738842,0.029851931275463706,0.7961706624198116
280.0,0.9925340222984205,0.001262574861706489,nan,0,0,cann_sparse_cue,1.0072487136226318,0.014714691324211326,0.7961706624198116
280.0,0.9925340222984205,0.001262574861706489,nan,0,0,cann_gated_cue,1.0072487136226143,0.014714691324194007,0.7961706624198116
282.0,0.9944154505925082,0.0012241428191774825,nan,0,0,dead_reckoning,1.024911103604635,0.030495653012126755,
282.0,0.9944154505925082,0.0012241428191774825,nan,0,0,cann_no_cue,1.0249111032971276,0.030495652704619403,0.7961706624249352
282.0,0.9944154505925082,0.0012241428191774825,nan,0,0,cann_sparse_cue,1.0097738633458753,0.015358412753367023,0.7961706624249352
282.0,0.9944154505925082,0.0012241428191774825,nan,0,0,cann_gated_cue,1.0097738633458575,0.01535841275334926,0.7961706624249351
284.0,0.996317096129848,0.0014508776951767939,nan,0,0,dead_reckoning,1.02735938924299,0.031042293113141994,
284.0,0.996317096129848,0.0014508776951767939,nan,0,0,cann_no_cue,1.0273593889353272,0.03104229280547921,0.7961706624219107
284.0,0.996317096129848,0.0014508776951767939,nan,0,0,cann_sparse_cue,1.0122221489840748,0.01590505285422683,0.7961706624219107
284.0,0.996317096129848,0.0014508776951767939,nan,0,0,cann_gated_cue,1.012222148984057,0.015905052854209067,0.7961706624219107
286.0,0.9982392970586738,0.0013028389617536725,nan,0,0,dead_reckoning,1.0302611446333434,0.032021847574669415,
286.0,0.9982392970586738,0.0013028389617536725,nan,0,0,cann_no_cue,1.0302611443254244,0.03202184726675039,0.7961706624411052
286.0,0.9982392970586738,0.0013028389617536725,nan,0,0,cann_sparse_cue,1.015123904374172,0.016884607315498457,0.7961706624411051
286.0,0.9982392970586738,0.0013028389617536725,nan,0,0,cann_gated_cue,1.015123904374154,0.01688460731548025,0.7961706624411053
288.0,1.000182355466078,0.0013503691327016853,nan,0,0,dead_reckoning,1.032866822556851,0.032684467090772884,
288.0,1.000182355466078,0.0013503691327016853,nan,0,0,cann_no_cue,1.032866822248743,0.03268446678266468,0.796170662428204
288.0,1.000182355466078,0.0013503691327016853,nan,0,0,cann_sparse_cue,1.017729582297491,0.017547226831412743,0.7961706624282042
288.0,1.000182355466078,0.0013503691327016853,nan,0,0,cann_gated_cue,1.017729582297473,0.01754722683139498,0.7961706624282041
290.0,1.002146536848048,0.0010410348516235082,nan,0,0,dead_reckoning,1.035567560822254,0.03342102397420632,
290.0,1.002146536848048,0.0010410348516235082,nan,0,0,cann_no_cue,1.0355675605139383,0.03342102366589028,0.7961706624321951
290.0,1.002146536848048,0.0010410348516235082,nan,0,0,cann_sparse_cue,1.0204303205626861,0.018283783714638346,0.7961706624321953
290.0,1.002146536848048,0.0010410348516235082,nan,0,0,cann_gated_cue,1.0204303205626681,0.01828378371462014,0.7961706624321949
292.0,1.0041320696436964,0.001155234495534211,nan,0,0,dead_reckoning,1.0376496305255012,0.0335175608818048,
292.0,1.0041320696436964,0.001155234495534211,nan,0,0,cann_no_cue,1.0376496302170881,0.03351756057339195,0.7961706624087842
292.0,1.0041320696436964,0.001155234495534211,nan,0,0,cann_sparse_cue,1.0225123902658362,0.01838032062214001,0.7961706624087843
292.0,1.0041320696436964,0.001155234495534211,nan,0,0,cann_gated_cue,1.022512390265818,0.01838032062212136,0.7961706624087843
294.0,1.006139144834501,0.0012452117164858004,nan,0,0,dead_reckoning,1.0399600995165696,0.033820954682068916,
294.0,1.006139144834501,0.0012452117164858004,nan,0,0,cann_no_cue,1.0399600992080273,0.03382095437352639,0.796170662416722
294.0,1.006139144834501,0.0012452117164858004,nan,0,0,cann_sparse_cue,1.0248228592567752,0.018683714422274456,0.7961706624167217
294.0,1.006139144834501,0.0012452117164858004,nan,0,0,cann_gated_cue,1.0248228592567572,0.018683714422256248,0.7961706624167221
296.0,1.008167915609258,0.0011507938190608957,nan,0,0,dead_reckoning,1.042450522949541,0.0342826073402831,
296.0,1.008167915609258,0.0011507938190608957,nan,0,0,cann_no_cue,1.0424505226408363,0.03428260703157804,0.796170662423557
296.0,1.008167915609258,0.0011507938190608957,nan,0,0,cann_sparse_cue,1.0273132826895843,0.019145367080326103,0.7961706624235572
296.0,1.008167915609258,0.0011507938190608957,nan,0,0,cann_gated_cue,1.0273132826895661,0.01914536708030834,0.7961706624235569
298.0,1.0102184970953378,0.0012228117569857636,nan,0,0,dead_reckoning,1.044752110587663,0.03453361349232509,
298.0,1.0102184970953378,0.0012228117569857636,nan,0,0,cann_no_cue,1.0447521102788284,0.03453361318349035,0.7961706624163978
298.0,1.0102184970953378,0.0012228117569857636,nan,0,0,cann_sparse_cue,1.0296148703275767,0.01939637323223886,0.7961706624163974
298.0,1.0102184970953378,0.0012228117569857636,nan,0,0,cann_gated_cue,1.0296148703275585,0.019396373232220654,0.7961706624163976
300.0,1.012290966156711,0.0012540733027565966,nan,0,0,dead_reckoning,1.0471977341016345,0.034906767944923534,
300.0,1.012290966156711,0.0012540733027565966,nan,0,0,cann_no_cue,1.0471977337926461,0.03490676763593514,0.7961706624218077
300.0,1.012290966156711,0.0012540733027565966,nan,0,0,cann_sparse_cue,1.0320604938413942,0.019769527684683208,0.7961706624218076
300.0,1.012290966156711,0.0012540733027565966,nan,0,0,cann_gated_cue,1.032060493841376,0.019769527684665,0.7961706624218075
302.0,1.0143853612591043,0.0013384274516769405,nan,0,0,dead_reckoning,1.0497058807071478,0.035320519448043264,
302.0,1.0143853612591043,0.0013384274516769405,nan,0,0,cann_no_cue,1.0497058803979928,0.035320519138888784,0.796170662424258
302.0,1.0143853612591043,0.0013384274516769405,nan,0,0,cann_sparse_cue,1.0345686404467407,0.020183279187636405,0.7961706624242579
302.0,1.0143853612591043,0.0013384274516769405,nan,0,0,cann_gated_cue,1.0345686404467227,0.020183279187618197,0.796170662424258
304.0,1.0165016824025175,0.0011800946709628415,nan,0,0,dead_reckoning,1.0523827356105016,0.03588105320798407,
304.0,1.0165016824025175,0.0011800946709628415,nan,0,0,cann_no_cue,1.0523827353011446,0.035881052898627086,0.7961706624311788
304.0,1.0165016824025175,0.0011800946709628415,nan,0,0,cann_sparse_cue,1.0372454953498924,0.020743812947374707,0.796170662431179
304.0,1.0165016824025175,0.0011800946709628415,nan,0,0,cann_gated_cue,1.0372454953498744,0.020743812947356943,0.7961706624311787
306.0,1.018639891121224,0.0011451619367611448,nan,0,0,dead_reckoning,1.0547429249524272,0.03610303383120339,
306.0,1.018639891121224,0.0011451619367611448,nan,0,0,cann_no_cue,1.05474292464293,0.036103033521706074,0.7961706624185593
306.0,1.018639891121224,0.0011451619367611448,nan,0,0,cann_sparse_cue,1.039605684691678,0.02096579357045414,0.7961706624185592
306.0,1.018639891121224,0.0011451619367611448,nan,0,0,cann_gated_cue,1.0396056846916597,0.020965793570435487,0.7961706624185592
308.0,1.0207999105512533,0.0010724359222303737,nan,0,0,dead_reckoning,1.0570332488259495,0.036233338274696436,
308.0,1.0207999105512533,0.0010724359222303737,nan,0,0,cann_no_cue,1.0570332485163252,0.03623333796507211,0.7961706624159884
308.0,1.0207999105512533,0.0010724359222303737,nan,0,0,cann_sparse_cue,1.0418960085650733,0.021096098013820175,0.7961706624159886
308.0,1.0207999105512533,0.0010724359222303737,nan,0,0,cann_gated_cue,1.041896008565055,0.021096098013801523,0.7961706624159886
310.0,1.022981625565235,0.0010648062128938921,nan,0,0,dead_reckoning,1.0591781206704103,0.036196495105174975,
310.0,1.022981625565235,0.0010648062128938921,nan,0,0,cann_no_cue,1.0591781203606814,0.03619649479544629,0.7961706624108844
310.0,1.022981625565235,0.0010648062128938921,nan,0,0,cann_sparse_cue,1.0440408804094297,0.021059254844194797,0.7961706624108845
310.0,1.022981625565235,0.0010648062128938921,nan,0,0,cann_gated_cue,1.0440408804094115,0.021059254844176145,0.7961706624108849
312.0,1.025184882974373,0.001437234256543215,nan,0,0,dead_reckoning,1.0613077330961982,0.036122850121825145,
312.0,1.025184882974373,0.001437234256543215,nan,0,0,cann_no_cue,1.0613077327863671,0.03612284981199387,0.7961706624103685
312.0,1.025184882974373,0.001437234256543215,nan,0,0,cann_sparse_cue,1.0461704928351154,0.020985609860742382,0.7961706624103685
312.0,1.025184882974373,0.001437234256543215,nan,0,0,cann_gated_cue,1.0461704928350977,0.02098560986072462,0.7961706624103688
314.0,1.0274094917971894,0.0012278889893592992,nan,0,0,dead_reckoning,1.0641822016092846,0.03677270981209535,
314.0,1.0274094917971894,0.0012278889893592992,nan,0,0,cann_no_cue,1.0641822012992055,0.036772709502016276,0.7961706624398582
314.0,1.0274094917971894,0.0012278889893592992,nan,0,0,cann_sparse_cue,1.0490449613479536,0.02163546955076434,0.7961706624398582
314.0,1.0274094917971894,0.0012278889893592992,nan,0,0,cann_gated_cue,1.0490449613479358,0.021635469550746578,0.7961706624398581
316.0,1.0296552235945717,0.0013845638667804086,nan,0,0,dead_reckoning,1.0666379795880032,0.03698275599343148,
316.0,1.0296552235945717,0.0013845638667804086,nan,0,0,cann_no_cue,1.0666379792777658,0.03698275568319431,0.7961706624222015
316.0,1.0296552235945717,0.0013845638667804086,nan,0,0,cann_sparse_cue,1.051500739326514,0.021845515731942378,0.7961706624222015
316.0,1.0296552235945717,0.0013845638667804086,nan,0,0,cann_gated_cue,1.051500739326496,0.02184551573192417,0.7961706624222012
318.0,1.0319218128705323,0.001019222186261743,nan,0,0,dead_reckoning,1.069407107321564,0.03748529445103177,
318.0,1.0319218128705323,0.001019222186261743,nan,0,0,cann_no_cue,1.0694071070111033,0.03748529414057078,0.7961706624351548
318.0,1.0319218128705323,0.001019222186261743,nan,0,0,cann_sparse_cue,1.0542698670598512,0.022348054189318844,0.7961706624351547
318.0,1.0319218128705323,0.001019222186261743,nan,0,0,cann_gated_cue,1.0542698670598336,0.02234805418930108,0.7961706624351547
320.0,1.034208957537979,0.0009200220662841081,nan,0,0,dead_reckoning,1.0714455516940875,0.03723659415610836,
320.0,1.034208957537979,0.0009200220662841081,nan,0,0,cann_no_cue,1.0714455513835353,0.03723659384555633,0.7961706624073619
320.0,1.034208957537979,0.0009200220662841081,nan,0,0,cann_sparse_cue,1.056308311432283,0.022099353894303952,0.7961706624073621
320.0,1.034208957537979,0.0009200220662841081,nan,0,0,cann_gated_cue,1.0563083114322656,0.022099353894286633,0.7961706624073621
322.0,1.0365163194486775,0.0010836480333786757,nan,0,0,dead_reckoning,1.0732855958266556,0.03676927637797789,
322.0,1.0365163194486775,0.0010836480333786757,nan,0,0,cann_no_cue,1.0732855955160376,0.036769276067360135,0.796170662401274
322.0,1.0365163194486775,0.0010836480333786757,nan,0,0,cann_sparse_cue,1.0581483555647855,0.021632036116107756,0.7961706624012742
322.0,1.0365163194486775,0.0010836480333786757,nan,0,0,cann_gated_cue,1.058148355564768,0.021632036116090436,0.796170662401274
324.0,1.03884352498648,0.0014739743467943286,nan,0,0,dead_reckoning,1.075452891893413,0.03660936690693273,
324.0,1.03884352498648,0.0014739743467943286,nan,0,0,cann_no_cue,1.0754528915826884,0.03660936659620839,0.7961706624116496
324.0,1.03884352498648,0.0014739743467943286,nan,0,0,cann_sparse_cue,1.0603156516314363,0.021472126644956013,0.7961706624116497
324.0,1.03884352498648,0.0014739743467943286,nan,0,0,cann_gated_cue,1.060315651631419,0.021472126644939138,0.7961706624116498
326.0,1.0411901657227727,0.0014685954189502647,nan,0,0,dead_reckoning,1.0784008405870016,0.03721067486422891,
326.0,1.0411901657227727,0.0014685954189502647,nan,0,0,cann_no_cue,1.0784008402760092,0.037210674553236345,0.7961706624432432
326.0,1.0411901657227727,0.0014685954189502647,nan,0,0,cann_sparse_cue,1.063263600324757,0.02207343460198441,0.7961706624432431
326.0,1.0411901657227727,0.0014685954189502647,nan,0,0,cann_gated_cue,1.0632636003247395,0.022073434601966646,0.7961706624432431
328.0,1.0435557991330007,0.0013583579233936386,nan,0,0,dead_reckoning,1.0813380314249021,0.03778223229190125,
328.0,1.0435557991330007,0.0013583579233936386,nan,0,0,cann_no_cue,1.0813380311136411,0.03778223198064046,0.796170662442742
328.0,1.0435557991330007,0.0013583579233936386,nan,0,0,cann_sparse_cue,1.066200791162389,0.022644992029388078,0.7961706624427424
328.0,1.0435557991330007,0.0013583579233936386,nan,0,0,cann_gated_cue,1.0662007911623717,0.022644992029371203,0.7961706624427423
330.0,1.045939949373004,0.0011691595571670117,nan,0,0,dead_reckoning,1.0840547472716895,0.03811479789868555,
330.0,1.045939949373004,0.0011691595571670117,nan,0,0,cann_no_cue,1.0840547469602149,0.0381147975872107,0.7961706624328798
330.0,1.045939949373004,0.0011691595571670117,nan,0,0,cann_sparse_cue,1.0689175070089627,0.022977557635958767,0.7961706624328798
330.0,1.045939949373004,0.0011691595571670117,nan,0,0,cann_gated_cue,1.0689175070089452,0.022977557635941004,0.7961706624328797
332.0,1.0483421081138122,0.0012954971808897518,nan,0,0,dead_reckoning,1.0863930663860235,0.038050958272211055,
332.0,1.0483421081138122,0.0012954971808897518,nan,0,0,cann_no_cue,1.0863930660744126,0.03805095796060032,0.7961706624177464
332.0,1.0483421081138122,0.0012954971808897518,nan,0,0,cann_sparse_cue,1.0712558261231604,0.02291371800934794,0.796170662417746
332.0,1.0483421081138122,0.0012954971808897518,nan,0,0,cann_gated_cue,1.0712558261231426,0.022913718009330175,0.7961706624177461
334.0,1.0507617354334249,0.00126746555684328,nan,0,0,dead_reckoning,1.088984060747803,0.0382223253143783,
334.0,1.0507617354334249,0.00126746555684328,nan,0,0,cann_no_cue,1.088984060436009,0.03822232500258416,0.7961706624276007
334.0,1.0507617354334249,0.00126746555684328,nan,0,0,cann_sparse_cue,1.0738468204847569,0.02308508505133222,0.7961706624276005
334.0,1.0507617354334249,0.00126746555684328,nan,0,0,cann_gated_cue,1.0738468204847391,0.023085085051314458,0.7961706624276003
336.0,1.053198260764018,0.001275506405923678,nan,0,0,dead_reckoning,1.0915189918614896,0.03832073109747158,
336.0,1.053198260764018,0.001275506405923678,nan,0,0,cann_no_cue,1.091518991549523,0.038320730785504686,0.7961706624253269
336.0,1.053198260764018,0.001275506405923678,nan,0,0,cann_sparse_cue,1.0763817515982708,0.02318349083425275,0.7961706624253266
336.0,1.053198260764018,0.001275506405923678,nan,0,0,cann_gated_cue,1.0763817515982532,0.023183490834234988,0.7961706624253269
338.0,1.0556510838929147,0.0009106876235564969,nan,0,0,dead_reckoning,1.094070004673337,0.038418920780422194,
338.0,1.0556510838929147,0.0009106876235564969,nan,0,0,cann_no_cue,1.0940700043611944,0.03841892046827944,0.7961706624259739
338.0,1.0556510838929147,0.0009106876235564969,nan,0,0,cann_sparse_cue,1.0789327644099425,0.023281680517027503,0.7961706624259739
338.0,1.0556510838929147,0.0009106876235564969,nan,0,0,cann_gated_cue,1.0789327644099251,0.023281680517010628,0.7961706624259737
340.0,1.0581195760155622,0.001211116234517107,nan,0,0,dead_reckoning,1.09589137992045,0.03777180390488777,
340.0,1.0581195760155622,0.001211116234517107,nan,0,0,cann_no_cue,1.0958913796082421,0.03777180359267973,0.7961706624007332
340.0,1.0581195760155622,0.001211116234517107,nan,0,0,cann_sparse_cue,1.0807541396569902,0.022634563641427796,0.7961706624007332
340.0,1.0581195760155622,0.001211116234517107,nan,0,0,cann_gated_cue,1.0807541396569729,0.02263456364141092,0.7961706624007332
342.0,1.0606030808386675,0.0013350727511617735,nan,0,0,dead_reckoning,1.098313612389484,0.037710531550816384,
342.0,1.0606030808386675,0.0013350727511617735,nan,0,0,cann_no_cue,1.098313612077128,0.037710531238460465,0.7961706624209065
342.0,1.0606030808386675,0.0013350727511617735,nan,0,0,cann_sparse_cue,1.0831763721258763,0.022573291287208974,0.7961706624209068
342.0,1.0606030808386675,0.0013350727511617735,nan,0,0,cann_gated_cue,1.0831763721258592,0.022573291287191655,0.7961706624209068
344.0,1.0631009157315603,0.0016442558369159095,nan,0,0,dead_reckoning,1.1009837578918078,0.03788284216024751,
344.0,1.0631009157315603,0.0016442558369159095,nan,0,0,cann_no_cue,1.1009837575792512,0.03788284184769086,0.7961706624308951
344.0,1.0631009157315603,0.0016442558369159095,nan,0,0,cann_sparse_cue,1.0858465176279992,0.022745601896438927,0.7961706624308948
344.0,1.0631009157315603,0.0016442558369159095,nan,0,0,cann_gated_cue,1.085846517627982,0.022745601896421608,0.796170662430895
346.0,1.0656123729237585,0.0014159207231899194,nan,0,0,dead_reckoning,1.1042722695656395,0.03865989664188074,
346.0,1.0656123729237585,0.0014159207231899194,nan,0,0,cann_no_cue,1.1042722692527096,0.03865989632895106,0.7961706624600473
346.0,1.0656123729237585,0.0014159207231899194,nan,0,0,cann_sparse_cue,1.0891350293014577,0.023522656377699125,0.7961706624600471
346.0,1.0656123729237585,0.0014159207231899194,nan,0,0,cann_gated_cue,1.0891350293014406,0.023522656377681805,0.7961706624600471
348.0,1.0681367207466377,0.0016414621014327296,nan,0,0,dead_reckoning,1.1071041110120192,0.03896739026538132,
348.0,1.0681367207466377,0.0016414621014327296,nan,0,0,cann_no_cue,1.1071041106988462,0.03896738995220872,0.7961706624379341
348.0,1.0681367207466377,0.0016414621014327296,nan,0,0,cann_sparse_cue,1.0919668707475942,0.023830150000956785,0.7961706624379338
348.0,1.0681367207466377,0.0016414621014327296,nan,0,0,cann_gated_cue,1.091966870747577,0.02383015000093902,0.7961706624379339
350.0,1.070673204917027,0.001333175232918639,nan,0,0,dead_reckoning,1.1103870352148848,0.03971383029785791,
350.0,1.070673204917027,0.001333175232918639,nan,0,0,cann_no_cue,1.110387034901339,0.03971382998431183,0.7961706624597565
350.0,1.070673204917027,0.001333175232918639,nan,0,0,cann_sparse_cue,1.0952497949500872,0.02457659003306034,0.7961706624597564
350.0,1.070673204917027,0.001333175232918639,nan,0,0,cann_gated_cue,1.0952497949500697,0.024576590033042578,0.7961706624597567
352.0,1.0732210498604788,0.0013557943063080547,nan,0,0,dead_reckoning,1.113053385680722,0.03983233582024326,
352.0,1.0732210498604788,0.0013557943063080547,nan,0,0,cann_no_cue,1.1130533853669724,0.039832335506493344,0.7961706624307348
352.0,1.0732210498604788,0.0013557943063080547,nan,0,0,cann_sparse_cue,1.0979161454157205,0.02469509555524141,0.7961706624307349
352.0,1.0732210498604788,0.0013557943063080547,nan,0,0,cann_gated_cue,1.0979161454157031,0.024695095555224533,0.7961706624307348
354.0,1.0757794600718884,0.000729273893458572,nan,0,0,dead_reckoning,1.1157649742933382,0.039985514221450025,
354.0,1.0757794600718884,0.000729273893458572,nan,0,0,cann_no_cue,1.1157649739793776,0.03998551390748917,0.7961706624326595
354.0,1.0757794600718884,0.000729273893458572,nan,0,0,cann_sparse_cue,1.1006277340281259,0.024848273956237676,0.7961706624326598
354.0,1.0757794600718884,0.000729273893458572,nan,0,0,cann_gated_cue,1.1006277340281083,0.024848273956219913,0.7961706624326599
356.0,1.078347621511081,0.0014856258152857,nan,0,0,dead_reckoning,1.1172235220802553,0.03887590056917434,
356.0,1.078347621511081,0.0014856258152857,nan,0,0,cann_no_cue,1.11722352176626,0.03887590025517884,0.796170662391318
356.0,1.078347621511081,0.0014856258152857,nan,0,0,cann_sparse_cue,1.1020862818150081,0.023738660303926906,0.796170662391318
356.0,1.078347621511081,0.0014856258152857,nan,0,0,cann_gated_cue,1.1020862818149906,0.023738660303909587,0.796170662391318
358.0,1.080924703030915,0.001503097808152551,nan,0,0,dead_reckoning,1.1201947737108267,0.03927007067991184,
358.0,1.080924703030915,0.001503097808152551,nan,0,0,cann_no_cue,1.1201947733965596,0.03927007036564456,0.7961706624443347
358.0,1.080924703030915,0.001503097808152551,nan,0,0,cann_sparse_cue,1.1050575334453074,0.02413283041439218,0.7961706624443343
358.0,1.080924703030915,0.001503097808152551,nan,0,0,cann_gated_cue,1.1050575334452901,0.024132830414375306,0.7961706624443343
360.0,1.0835098578353966,0.001718042161707534,nan,0,0,dead_reckoning,1.1232009693271319,0.03969111149173532,
360.0,1.0835098578353966,0.001718042161707534,nan,0,0,cann_no_cue,1.1232009690125766,0.03969111117717983,0.7961706624459871
360.0,1.0835098578353966,0.001718042161707534,nan,0,0,cann_sparse_cue,1.1080637290613247,0.024553871225927892,0.796170662445987
360.0,1.0835098578353966,0.001718042161707534,nan,0,0,cann_gated_cue,1.1080637290613073,0.024553871225911017,0.796170662445987
362.0,1.0861022249652468,0.0013232735133147202,nan,0,0,dead_reckoning,1.1266370536505468,0.040534828685300006,
362.0,1.0861022249652468,0.0013232735133147202,nan,0,0,cann_no_cue,1.1266370533355643,0.0405348283703173,0.7961706624678984
362.0,1.0861022249652468,0.0013232735133147202,nan,0,0,cann_sparse_cue,1.1114998133843124,0.025397588419065364,0.7961706624678985
362.0,1.0861022249652468,0.0013232735133147202,nan,0,0,cann_gated_cue,1.111499813384295,0.02539758841904849,0.7961706624678985
364.0,1.0887009308083173,0.0014304160668180198,nan,0,0,dead_reckoning,1.1292836006771763,0.04058266986885872,
364.0,1.0887009308083173,0.0014304160668180198,nan,0,0,cann_no_cue,1.129283600361993,0.04058266955367573,0.7961706624299026
364.0,1.0887009308083173,0.0014304160668180198,nan,0,0,cann_sparse_cue,1.1141463604107413,0.02544542960242424,0.7961706624299022
364.0,1.0887009308083173,0.0014304160668180198,nan,0,0,cann_gated_cue,1.1141463604107238,0.025445429602406477,0.7961706624299024
366.0,1.091305090632203,0.001292136114004475,nan,0,0,dead_reckoning,1.1321444328108123,0.04083934217860907,
366.0,1.091305090632203,0.001292136114004475,nan,0,0,cann_no_cue,1.132144432495382,0.040839341863178724,0.7961706624392394
366.0,1.091305090632203,0.001292136114004475,nan,0,0,cann_sparse_cue,1.1170071925441303,0.025702101911927233,0.7961706624392395
366.0,1.091305090632203,0.001292136114004475,nan,0,0,cann_gated_cue,1.117007192544113,0.025702101911909914,0.7961706624392394
368.0,1.0939138101363637,0.0012096504591997514,nan,0,0,dead_reckoning,1.1347287050388213,0.0408148949024576,
368.0,1.0939138101363637,0.0012096504591997514,nan,0,0,cann_no_cue,1.134728704723207,0.0408148945868434,0.7961706624273249
368.0,1.0939138101363637,0.0012096504591997514,nan,0,0,cann_sparse_cue,1.1195914647719551,0.025677654635591463,0.7961706624273249
368.0,1.0939138101363637,0.0012096504591997514,nan,0,0,cann_gated_cue,1.1195914647719378,0.025677654635574143,0.796170662427325
370.0,1.0965261870210297,0.001294425776063198,nan,0,0,dead_reckoning,1.1371480059572208,0.0406218189361911,
370.0,1.0965261870210297,0.001294425776063198,nan,0,0,cann_no_cue,1.1371480056414562,0.04062181862042635,0.7961706624207944
370.0,1.0965261870210297,0.001294425776063198,nan,0,0,cann_sparse_cue,1.1220107656902043,0.025484578669174418,0.7961706624207944
370.0,1.0965261870210297,0.001294425776063198,nan,0,0,cann_gated_cue,1.122010765690187,0.025484578669157543,0.7961706624207944
372.0,1.0991413125701432,0.0013572379071565511,nan,0,0,dead_reckoning,1.1397368575093472,0.0405955449392037,
372.0,1.0991413125701432,0.0013572379071565511,nan,0,0,cann_no_cue,1.1397368571933995,0.04059554462325643,0.7961706624275127
372.0,1.0991413125701432,0.0013572379071565511,nan,0,0,cann_sparse_cue,1.1245996172421477,0.025458304672004495,0.7961706624275128
372.0,1.0991413125701432,0.0013572379071565511,nan,0,0,cann_gated_cue,1.1245996172421304,0.025458304671987175,0.7961706624275126
374.0,1.1017582732455558,0.0016613360076620605,nan,0,0,dead_reckoning,1.1424513333236603,0.04069306007810436,
374.0,1.1017582732455558,0.0016613360076620605,nan,0,0,cann_no_cue,1.1424513330075012,0.040693059761945705,0.7961706624327836
374.0,1.1017582732455558,0.0016613360076620605,nan,0,0,cann_sparse_cue,1.1273140930562495,0.02555581981069377,0.7961706624327836
374.0,1.1017582732455558,0.0016613360076620605,nan,0,0,cann_gated_cue,1.1273140930562324,0.025555819810676894,0.7961706624327836
376.0,1.1043761522896833,0.0014268884119044106,nan,0,0,dead_reckoning,1.1457740053389844,0.041397853049301325,
376.0,1.1043761522896833,0.0014268884119044106,nan,0,0,cann_no_cue,1.1457740050224399,0.04139785273275631,0.7961706624618338
376.0,1.1043761522896833,0.0014268884119044106,nan,0,0,cann_sparse_cue,1.1306367650711882,0.026260612781504822,0.796170662461834
376.0,1.1043761522896833,0.0014268884119044106,nan,0,0,cann_gated_cue,1.1306367650711713,0.026260612781487946,0.7961706624618338
378.0,1.106994031333811,0.0012857255697987916,nan,0,0,dead_reckoning,1.1486277821627933,0.04163375082898213,
378.0,1.106994031333811,0.0012857255697987916,nan,0,0,cann_no_cue,1.1486277818459996,0.04163375051218843,0.7961706624389204
378.0,1.106994031333811,0.0012857255697987916,nan,0,0,cann_sparse_cue,1.133490541894748,0.02649651056093738,0.7961706624389205
378.0,1.106994031333811,0.0012857255697987916,nan,0,0,cann_gated_cue,1.133490541894731,0.02649651056092006,0.7961706624389203
380.0,1.1096109920092234,0.0014379485219558096,nan,0,0,dead_reckoning,1.1511992333023908,0.04158824129316763,
380.0,1.1096109920092234,0.0014379485219558096,nan,0,0,cann_no_cue,1.1511992329854157,0.04158824097619229,0.7961706624268019
380.0,1.1096109920092234,0.0014379485219558096,nan,0,0,cann_sparse_cue,1.1360619930341642,0.0264510010249408,0.7961706624268021
380.0,1.1096109920092234,0.0014379485219558096,nan,0,0,cann_gated_cue,1.1360619930341471,0.026451001024923926,0.7961706624268021
382.0,1.112226117558337,0.0014433294309558254,nan,0,0,dead_reckoning,1.1540751303463024,0.04184901278796538,
382.0,1.112226117558337,0.0014433294309558254,nan,0,0,cann_no_cue,1.1540751300290768,0.04184901247074002,0.7961706624399233
382.0,1.112226117558337,0.0014433294309558254,nan,0,0,cann_sparse_cue,1.1389378900778253,0.026711772519488086,0.7961706624399233
382.0,1.112226117558337,0.0014433294309558254,nan,0,0,cann_gated_cue,1.1389378900778082,0.02671177251947121,0.7961706624399232
384.0,1.114838494443003,0.0012908677966795156,nan,0,0,dead_reckoning,1.156961789208214,0.04212329476521104,
384.0,1.114838494443003,0.0012908677966795156,nan,0,0,cann_no_cue,1.1569617888907338,0.042123294447730775,0.7961706624404138
384.0,1.114838494443003,0.0012908677966795156,nan,0,0,cann_sparse_cue,1.141824548939482,0.026986054496479284,0.7961706624404138
384.0,1.114838494443003,0.0012908677966795156,nan,0,0,cann_gated_cue,1.1418245489394647,0.02698605449646152,0.7961706624404138
386.0,1.1174472139471634,0.0016058948156175978,nan,0,0,dead_reckoning,1.159543524801573,0.04209631085440968,
386.0,1.1174472139471634,0.0016058948156175978,nan,0,0,cann_no_cue,1.159543524483909,0.04209631053674556,0.7961706624272215
386.0,1.1174472139471634,0.0016058948156175978,nan,0,0,cann_sparse_cue,1.1444062845326575,0.02695907058549407,0.7961706624272213
386.0,1.1174472139471634,0.0016058948156175978,nan,0,0,cann_gated_cue,1.1444062845326402,0.026959070585476752,0.7961706624272213
388.0,1.1200513737710494,0.001072659203180117,nan,0,0,dead_reckoning,1.1627553144328082,0.042703940661758644,
388.0,1.1200513737710494,0.001072659203180117,nan,0,0,cann_no_cue,1.1627553141147962,0.042703940343746805,0.7961706624561012
388.0,1.1200513737710494,0.001072659203180117,nan,0,0,cann_sparse_cue,1.1476180741635449,0.027566700392495314,0.7961706624561014
388.0,1.1200513737710494,0.001072659203180117,nan,0,0,cann_gated_cue,1.1476180741635276,0.027566700392478438,0.7961706624561015
390.0,1.12265007961412,0.0013699103054425625,nan,0,0,dead_reckoning,1.1649006328391684,0.04225055322504856,
390.0,1.12265007961412,0.0013699103054425625,nan,0,0,cann_no_cue,1.164900632521048,0.04225055290692836,0.7961706624108998
390.0,1.12265007961412,0.0013699103054425625,nan,0,0,cann_sparse_cue,1.1497633925697968,0.02711331295567687,0.7961706624108998
390.0,1.12265007961412,0.0013699103054425625,nan,0,0,cann_gated_cue,1.1497633925697794,0.027113312955659552,0.7961706624108997
392.0,1.1252424467439701,0.0015133187923076358,nan,0,0,dead_reckoning,1.1676404534500535,0.04239800670608318,
392.0,1.1252424467439701,0.0015133187923076358,nan,0,0,cann_no_cue,1.1676404531317177,0.0423980063877476,0.7961706624338774
392.0,1.1252424467439701,0.0015133187923076358,nan,0,0,cann_sparse_cue,1.1525032131804664,0.027260766436496553,0.7961706624338772
392.0,1.1252424467439701,0.0015133187923076358,nan,0,0,cann_gated_cue,1.152503213180449,0.02726076643647879,0.7961706624338774
394.0,1.1278276015484514,0.0011567145601296671,nan,0,0,dead_reckoning,1.170667091034669,0.04283948948621763,
394.0,1.1278276015484514,0.0011567145601296671,nan,0,0,cann_no_cue,1.1706670907160406,0.04283948916758895,0.7961706624469629
394.0,1.1278276015484514,0.0011567145601296671,nan,0,0,cann_sparse_cue,1.1555298507647893,0.027702249216337904,0.7961706624469627
394.0,1.1278276015484514,0.0011567145601296671,nan,0,0,cann_gated_cue,1.1555298507647718,0.02770224921632014,0.7961706624469627
396.0,1.1304046830682857,0.0014465727897431874,nan,0,0,dead_reckoning,1.1729805201549284,0.04257583708664292,
396.0,1.1304046830682857,0.0014465727897431874,nan,0,0,cann_no_cue,1.172980519836166,0.042575836767880126,0.7961706624168302
396.0,1.1304046830682857,0.0014465727897431874,nan,0,0,cann_sparse_cue,1.1578432798849148,0.02743859681662908,0.7961706624168301
396.0,1.1304046830682857,0.0014465727897431874,nan,0,0,cann_gated_cue,1.1578432798848977,0.027438596816612204,0.7961706624168304
398.0,1.1329728445074783,0.0016071933838309985,nan,0,0,dead_reckoning,1.1758736657344147,0.042900821226936614,
398.0,1.1329728445074783,0.0016071933838309985,nan,0,0,cann_no_cue,1.1758736654153983,0.0429008209079198,0.7961706624407104
398.0,1.1329728445074783,0.0016071933838309985,nan,0,0,cann_sparse_cue,1.1607364254641472,0.027763580956668754,0.7961706624407104
398.0,1.1329728445074783,0.0016071933838309985,nan,0,0,cann_gated_cue,1.1607364254641301,0.02776358095665188,0.7961706624407107
400.0,1.1355312547188878,0.0014521633508710217,nan,0,0,dead_reckoning,1.1790880525020766,0.04355679778318855,
400.0,1.1355312547188878,0.0014521633508710217,nan,0,0,cann_no_cue,1.1790880521827098,0.043556797463821795,0.7961706624562334
400.0,1.1355312547188878,0.0014521633508710217,nan,0,0,cann_sparse_cue,1.1639508122314588,0.028419557512570748,0.7961706624562334
400.0,1.1355312547188878,0.0014521633508710217,nan,0,0,cann_gated_cue,1.1639508122314415,0.028419557512553872,0.7961706624562335
402.0,1.1380790996623396,0.0010692856729480134,nan,0,0,dead_reckoning,1.1819923792038187,0.04391327954147917,
402.0,1.1380790996623396,0.0010692856729480134,nan,0,0,cann_no_cue,1.1819923788841902,0.04391327922185084,0.7961706624412235
402.0,1.1380790996623396,0.0010692856729480134,nan,0,0,cann_sparse_cue,1.1668551389329394,0.028776039270599796,0.7961706624412231
402.0,1.1380790996623396,0.0010692856729480134,nan,0,0,cann_gated_cue,1.166855138932922,0.028776039270582476,0.7961706624412233
404.0,1.140615583832729,0.001223188171098627,nan,0,0,dead_reckoning,1.1841309505497146,0.04351536671698586,
404.0,1.140615583832729,0.001223188171098627,nan,0,0,cann_no_cue,1.1841309502299802,0.0435153663972514,0.796170662410671
404.0,1.140615583832729,0.001223188171098627,nan,0,0,cann_sparse_cue,1.1689937102787293,0.02837812644600035,0.7961706624106711
404.0,1.140615583832729,0.001223188171098627,nan,0,0,cann_gated_cue,1.168993710278712,0.028378126445983032,0.7961706624106711
406.0,1.1431399316556081,0.0015625148416099773,nan,0,0,dead_reckoning,1.186577326891912,0.04343739523630408,
406.0,1.1431399316556081,0.0015625148416099773,nan,0,0,cann_no_cue,1.1865773265720234,0.04343739491641507,0.7961706624218368
406.0,1.1431399316556081,0.0015625148416099773,nan,0,0,cann_sparse_cue,1.1714400866207728,0.028300154965164914,0.7961706624218368
406.0,1.1431399316556081,0.0015625148416099773,nan,0,0,cann_gated_cue,1.1714400866207555,0.02830015496514715,0.7961706624218367
408.0,1.1456513888478062,0.001396675033842788,nan,0,0,dead_reckoning,1.189702356575132,0.04405096772732575,
408.0,1.1456513888478062,0.001396675033842788,nan,0,0,cann_no_cue,1.1897023562549234,0.04405096740711745,0.7961706624517515
408.0,1.1456513888478062,0.001396675033842788,nan,0,0,cann_sparse_cue,1.1745651163036728,0.0289137274558664,0.7961706624517516
408.0,1.1456513888478062,0.001396675033842788,nan,0,0,cann_gated_cue,1.1745651163036555,0.028913727455849525,0.7961706624517518
410.0,1.148149223740699,0.0013333683153157242,nan,0,0,dead_reckoning,1.1924957066428175,0.04434648290211829,
410.0,1.148149223740699,0.0013333683153157242,nan,0,0,cann_no_cue,1.192495706322376,0.04434648258167684,0.7961706624362206
410.0,1.148149223740699,0.0013333683153157242,nan,0,0,cann_sparse_cue,1.1773584663711254,0.02920924263042668,0.7961706624362207
410.0,1.148149223740699,0.0013333683153157242,nan,0,0,cann_gated_cue,1.1773584663711083,0.02920924263040936,0.7961706624362208
412.0,1.1506327285638045,0.0014053930384752354,nan,0,0,dead_reckoning,1.195162443273449,0.044529714709644175,
412.0,1.1506327285638045,0.0014053930384752354,nan,0,0,cann_no_cue,1.195162442952806,0.04452971438900155,0.7961706624307512
412.0,1.1506327285638045,0.0014053930384752354,nan,0,0,cann_sparse_cue,1.1800252030015552,0.02939247443775095,0.7961706624307512
412.0,1.1506327285638045,0.0014053930384752354,nan,0,0,cann_gated_cue,1.1800252030015383,0.029392474437734073,0.7961706624307512
414.0,1.1531012206864517,0.001440020098767837,nan,0,0,dead_reckoning,1.1979732293503993,0.04487200866394758,
414.0,1.1531012206864517,0.001440020098767837,nan,0,0,cann_no_cue,1.1979732290295217,0.044872008343070036,0.7961706624369936
414.0,1.1531012206864517,0.001440020098767837,nan,0,0,cann_sparse_cue,1.1828359890782711,0.029734768391819433,0.7961706624369937
414.0,1.1531012206864517,0.001440020098767837,nan,0,0,cann_gated_cue,1.1828359890782543,0.029734768391802557,0.7961706624369936
416.0,1.1555540438153487,0.001180044784108151,nan,0,0,dead_reckoning,1.200853269547935,0.04529922573258638,
416.0,1.1555540438153487,0.001180044784108151,nan,0,0,cann_no_cue,1.2008532692268044,0.0452992254114557,0.796170662440112
416.0,1.1555540438153487,0.001180044784108151,nan,0,0,cann_sparse_cue,1.185716029275554,0.030161985460205543,0.796170662440112
416.0,1.1555540438153487,0.001180044784108151,nan,0,0,cann_gated_cue,1.1857160292755369,0.030161985460188223,0.796170662440112
418.0,1.1579905691459418,0.0012513642186184263,nan,0,0,dead_reckoning,1.2032133591161513,0.045222789970209565,
418.0,1.1579905691459418,0.0012513642186184263,nan,0,0,cann_no_cue,1.2032133587948795,0.04522278964893767,0.7961706624185554
418.0,1.1579905691459418,0.0012513642186184263,nan,0,0,cann_sparse_cue,1.188076118843629,0.030085549697687064,0.7961706624185555
418.0,1.1579905691459418,0.0012513642186184263,nan,0,0,cann_gated_cue,1.1880761188436122,0.03008554969767019,0.7961706624185554
420.0,1.1604101964655542,0.0013189274817330511,1.1603945610939725,1,1,dead_reckoning,1.2057160875533883,0.045305891087834116,
420.0,1.1604101964655542,0.0013189274817330511,1.1603945610939725,1,1,cann_no_cue,1.2057160872319508,0.04530589076639657,0.7961706624240432
420.0,1.1604101964655542,0.0013189274817330511,1.1603945610939725,1,1,cann_sparse_cue,1.1605563559828211,0.00014615951726693055,0.8894553653665813
420.0,1.1604101964655542,0.0013189274817330511,1.1603945610939725,1,1,cann_gated_cue,1.1605563559828211,0.00014615951726693055,0.8894553653665813
422.0,1.1628123552063627,0.001201446755542149,nan,0,0,dead_reckoning,1.2083539425168544,0.04554158731049185,
422.0,1.1628123552063627,0.001201446755542149,nan,0,0,cann_no_cue,1.208353942195223,0.04554158698886024,0.7961706624295389
422.0,1.1628123552063627,0.001201446755542149,nan,0,0,cann_sparse_cue,1.1631892607024459,0.0003769054960831575,0.7961706624295393
422.0,1.1628123552063627,0.001201446755542149,nan,0,0,cann_gated_cue,1.1631892607024459,0.0003769054960831575,0.7961706624295394
424.0,1.165196505446366,0.0012599491763574573,nan,0,0,dead_reckoning,1.2107568360279386,0.04556033058157283,
424.0,1.165196505446366,0.0012599491763574573,nan,0,0,cann_no_cue,1.2107568357061596,0.04556033025979378,0.7961706624201682
424.0,1.165196505446366,0.0012599491763574573,nan,0,0,cann_sparse_cue,1.1655921542133827,0.0003956487670166986,0.7961706624201685
424.0,1.165196505446366,0.0012599491763574573,nan,0,0,cann_gated_cue,1.1655921542133827,0.0003956487670166986,0.7961706624201685
426.0,1.167562138856594,0.001503130480547113,nan,0,0,dead_reckoning,1.2132767343806536,0.045714595524059654,
426.0,1.167562138856594,0.001503130480547113,nan,0,0,cann_no_cue,1.2132767340587054,0.04571459520211141,0.7961706624247256
426.0,1.167562138856594,0.001503130480547113,nan,0,0,cann_sparse_cue,1.1681120525659283,0.0005499137093343265,0.7961706624247256
426.0,1.167562138856594,0.001503130480547113,nan,0,0,cann_gated_cue,1.1681120525659283,0.0005499137093343265,0.7961706624247257
428.0,1.1699087795928866,0.0010970099725640032,nan,0,0,dead_reckoning,1.2162829953417478,0.046374215748861136,
428.0,1.1699087795928866,0.0010970099725640032,nan,0,0,cann_no_cue,1.216282995019514,0.04637421542662734,0.7961706624459902
428.0,1.1699087795928866,0.0010970099725640032,nan,0,0,cann_sparse_cue,1.171118313526737,0.0012095339338502598,0.7961706624459901
428.0,1.1699087795928866,0.0010970099725640032,nan,0,0,cann_gated_cue,1.171118313526737,0.0012095339338502598,0.7961706624459902
430.0,1.1722359851306892,0.0015950638500696367,nan,0,0,dead_reckoning,1.2184770152868758,0.046241030156186635,
430.0,1.1722359851306892,0.0015950638500696367,nan,0,0,cann_no_cue,1.2184770149645272,0.04624102983383782,0.7961706624125717
430.0,1.1722359851306892,0.0015950638500696367,nan,0,0,cann_sparse_cue,1.1733123334717501,0.001076348341061184,0.7961706624125717
430.0,1.1722359851306892,0.0015950638500696367,nan,0,0,cann_gated_cue,1.1733123334717503,0.001076348341061184,0.7961706624125717
432.0,1.1745433470413877,0.0015766610224462836,nan,0,0,dead_reckoning,1.2216671429870152,0.047123795945627656,
432.0,1.1745433470413877,0.0015766610224462836,nan,0,0,cann_no_cue,1.2216671426643273,0.04712379562293956,0.7961706624550043
432.0,1.1745433470413877,0.0015766610224462836,nan,0,0,cann_sparse_cue,1.1765024611715504,0.001959114130162476,0.7961706624550042
432.0,1.1745433470413877,0.0015766610224462836,nan,0,0,cann_gated_cue,1.1765024611715507,0.00195911413016292,0.7961706624550041
434.0,1.1768304917088344,0.0009365538827910136,nan,0,0,dead_reckoning,1.2248204650319077,0.04798997332307309,
434.0,1.1768304917088344,0.0009365538827910136,nan,0,0,cann_no_cue,1.224820464708887,0.047989973000052366,0.7961706624531569
434.0,1.1768304917088344,0.0009365538827910136,nan,0,0,cann_sparse_cue,1.17965578321611,0.002825291507275729,0.7961706624531568
434.0,1.1768304917088344,0.0009365538827910136,nan,0,0,cann_gated_cue,1.1796557832161103,0.002825291507275729,0.7961706624531569
436.0,1.179097080984795,0.0011962806205901596,nan,0,0,dead_reckoning,1.2266935727974897,0.047596491812694985,
436.0,1.179097080984795,0.0011962806205901596,nan,0,0,cann_no_cue,1.2266935724743955,0.047596491489600545,0.7961706624022454
436.0,1.179097080984795,0.0011962806205901596,nan,0,0,cann_sparse_cue,1.1815288909816186,0.002431809996823908,0.7961706624022452
436.0,1.179097080984795,0.0011962806205901596,nan,0,0,cann_gated_cue,1.181528890981619,0.002431809996823908,0.7961706624022453
438.0,1.1813428127821772,0.0012852787962332338,nan,0,0,dead_reckoning,1.22908613403867,0.047743321256493054,
438.0,1.1813428127821772,0.0012852787962332338,nan,0,0,cann_no_cue,1.2290861337154324,0.04774332093325517,0.7961706624197765
438.0,1.1813428127821772,0.0012852787962332338,nan,0,0,cann_sparse_cue,1.1839214522226558,0.002578639440478536,0.7961706624197765
438.0,1.1813428127821772,0.0012852787962332338,nan,0,0,cann_gated_cue,1.1839214522226562,0.0025786394404789803,0.7961706624197765
440.0,1.1835674216049936,0.0010816132539823952,1.1833998759133706,1,1,dead_reckoning,1.2316566916311364,0.04808927002614283,
440.0,1.1835674216049936,0.0010816132539823952,1.1833998759133706,1,1,cann_no_cue,1.2316566913077196,0.04808926970272598,0.796170662426766
440.0,1.1835674216049936,0.0010816132539823952,1.1833998759133706,1,1,cann_sparse_cue,1.1835660428475538,-1.3787574397738922e-06,0.8894553651962906
440.0,1.1835674216049936,0.0010816132539823952,1.1833998759133706,1,1,cann_gated_cue,1.1835660428475538,-1.3787574397738922e-06,0.8894553651962906
442.0,1.1857706790141316,0.0010643408455871415,nan,0,0,dead_reckoning,1.2338199181391012,0.04804923912496939,
442.0,1.1857706790141316,0.0010643408455871415,nan,0,0,cann_no_cue,1.2338199178155758,0.04804923880144418,0.7961706624115101
442.0,1.1857706790141316,0.0010643408455871415,nan,0,0,cann_sparse_cue,1.1857251256398826,-4.555337424871908e-05,0.7961706624115104
442.0,1.1857706790141316,0.0010643408455871415,nan,0,0,cann_gated_cue,1.1857251256398826,-4.555337424871908e-05,0.7961706624115104
444.0,1.1879523940281134,0.0011381973050495103,nan,0,0,dead_reckoning,1.2359485998302757,0.04799620580216235,
444.0,1.1879523940281134,0.0011381973050495103,nan,0,0,cann_no_cue,1.235948599506648,0.04799620547853456,0.7961706624103373
444.0,1.1879523940281134,0.0011381973050495103,nan,0,0,cann_sparse_cue,1.1878538073309552,-9.858669715789858e-05,0.7961706624103373
444.0,1.1879523940281134,0.0011381973050495103,nan,0,0,cann_gated_cue,1.1878538073309552,-9.858669715789858e-05,0.7961706624103373
446.0,1.1901124134581424,0.0013010868871422975,nan,0,0,dead_reckoning,1.2382249944403747,0.048112580982232256,
446.0,1.1901124134581424,0.0013010868871422975,nan,0,0,cann_no_cue,1.2382249941166226,0.04811258065848012,0.7961706624154853
446.0,1.1901124134581424,0.0013010868871422975,nan,0,0,cann_sparse_cue,1.19013020194093,1.7788482787661763e-05,0.7961706624154851
446.0,1.1901124134581424,0.0013010868871422975,nan,0,0,cann_gated_cue,1.19013020194093,1.7788482787661763e-05,0.7961706624154852
448.0,1.1922506221768492,0.001069419285114043,nan,0,0,dead_reckoning,1.2408271682146592,0.04857654603781025,
448.0,1.1922506221768492,0.001069419285114043,nan,0,0,cann_no_cue,1.240827167890722,0.04857654571387293,0.7961706624280597
448.0,1.1922506221768492,0.001069419285114043,nan,0,0,cann_sparse_cue,1.1927323757150292,0.00048175353818002975,0.7961706624280598
448.0,1.1922506221768492,0.001069419285114043,nan,0,0,cann_gated_cue,1.1927323757150292,0.00048175353818002975,0.7961706624280599
450.0,1.1943669433202624,0.0014732349621228184,nan,0,0,dead_reckoning,1.2429660067848873,0.04859906346462495,
450.0,1.1943669433202624,0.0014732349621228184,nan,0,0,cann_no_cue,1.2429660064608448,0.04859906314058238,0.7961706624106801
450.0,1.1943669433202624,0.0014732349621228184,nan,0,0,cann_sparse_cue,1.1948712142851525,0.0005042709648899191,0.7961706624106799
450.0,1.1943669433202624,0.0014732349621228184,nan,0,0,cann_gated_cue,1.1948712142851527,0.0005042709648903632,0.7961706624106799
452.0,1.1964613384226557,0.001199012113846615,nan,0,0,dead_reckoning,1.245912476709133,0.04945113828647729,
452.0,1.1964613384226557,0.001199012113846615,nan,0,0,cann_no_cue,1.2459124763848228,0.04945113796216738,0.7961706624431739
452.0,1.1964613384226557,0.001199012113846615,nan,0,0,cann_sparse_cue,1.1978176842091306,0.0013563457864749218,0.7961706624431741
452.0,1.1964613384226557,0.001199012113846615,nan,0,0,cann_gated_cue,1.197817684209131,0.0013563457864753659,0.7961706624431741
454.0,1.1985338074840288,0.00111880352570467,nan,0,0,dead_reckoning,1.2483105009368263,0.04977669345279745,
454.0,1.1985338074840288,0.00111880352570467,nan,0,0,cann_no_cue,1.2483105006123674,0.04977669312833832,0.7961706624199835
454.0,1.1985338074840288,0.00111880352570467,nan,0,0,cann_sparse_cue,1.2002157084366756,0.0016819009526467532,0.7961706624199835
454.0,1.1985338074840288,0.00111880352570467,nan,0,0,cann_gated_cue,1.2002157084366756,0.0016819009526467532,0.7961706624199836
456.0,1.2005843889701087,0.0013764133553635775,nan,0,0,dead_reckoning,1.2505481079882355,0.049963719018126795,
456.0,1.2005843889701087,0.0013764133553635775,nan,0,0,cann_no_cue,1.2505481076636578,0.0499637186935491,0.7961706624141001
456.0,1.2005843889701087,0.0013764133553635775,nan,0,0,cann_sparse_cue,1.202453315487966,0.0018689265178570835,0.7961706624141002
456.0,1.2005843889701087,0.0013764133553635775,nan,0,0,cann_gated_cue,1.202453315487966,0.0018689265178570835,0.7961706624141002
458.0,1.2026131597448657,0.0012169684831941179,nan,0,0,dead_reckoning,1.2533009346989625,0.05068777495409682,
458.0,1.2026131597448657,0.0012169684831941179,nan,0,0,cann_no_cue,1.253300934374166,0.050687774629300186,0.7961706624344427
458.0,1.2026131597448657,0.0012169684831941179,nan,0,0,cann_sparse_cue,1.205206142198474,0.0025929824536081725,0.7961706624344425
458.0,1.2026131597448657,0.0012169684831941179,nan,0,0,cann_gated_cue,1.205206142198474,0.0025929824536081725,0.7961706624344427
460.0,1.2046202349356703,0.001157887887389515,1.204039148435581,1,1,dead_reckoning,1.255734871665351,0.05111463672968064,
460.0,1.2046202349356703,0.001157887887389515,1.204039148435581,1,1,cann_no_cue,1.2557348713404,0.05111463640472991,0.7961706624213561
460.0,1.2046202349356703,0.001157887887389515,1.204039148435581,1,1,cann_sparse_cue,1.204196484200494,-0.00042375073517630923,0.889455365536007
460.0,1.2046202349356703,0.001157887887389515,1.204039148435581,1,1,cann_gated_cue,1.204196484200494,-0.00042375073517630923,0.8894553655360072
462.0,1.2066057677313187,0.0010176923549935389,nan,0,0,dead_reckoning,1.2580506474401298,0.051444879708811175,
462.0,1.2066057677313187,0.0010176923549935389,nan,0,0,cann_no_cue,1.258050647115047,0.05144487938372855,0.7961706624169161
462.0,1.2066057677313187,0.0010176923549935389,nan,0,0,cann_sparse_cue,1.2065078757058414,-9.789202547727527e-05,0.7961706624169164
462.0,1.2066057677313187,0.0010176923549935389,nan,0,0,cann_gated_cue,1.2065078757058412,-9.789202547771936e-05,0.7961706624169163
464.0,1.2085699491132886,0.0013874715292009957,nan,0,0,dead_reckoning,1.260086032150117,0.05151608303682842,
464.0,1.2085699491132886,0.0013874715292009957,nan,0,0,cann_no_cue,1.260086031824944,0.05151608271165564,0.7961706624072633
464.0,1.2085699491132886,0.0013874715292009957,nan,0,0,cann_sparse_cue,1.2085432604157387,-2.6688697549737128e-05,0.7961706624072635
464.0,1.2085699491132886,0.0013874715292009957,nan,0,0,cann_gated_cue,1.2085432604157385,-2.6688697550181217e-05,0.7961706624072635
466.0,1.2105130075206927,0.0012099847238988505,nan,0,0,dead_reckoning,1.2628609752085191,0.05234796768782646,
466.0,1.2105130075206927,0.0012099847238988505,nan,0,0,cann_no_cue,1.2628609748831225,0.05234796736242986,0.7961706624354098
466.0,1.2105130075206927,0.0012099847238988505,nan,0,0,cann_sparse_cue,1.2113182034739172,0.0008051959532244801,0.7961706624354097
466.0,1.2105130075206927,0.0012099847238988505,nan,0,0,cann_gated_cue,1.211318203473917,0.000805195953224036,0.7961706624354098
468.0,1.2124352084495185,0.0010163144843240639,nan,0,0,dead_reckoning,1.2652809446563167,0.05284573620679822,
468.0,1.2124352084495185,0.0010163144843240639,nan,0,0,cann_no_cue,1.2652809443307687,0.05284573588125019,0.7961706624208201
468.0,1.2124352084495185,0.0010163144843240639,nan,0,0,cann_sparse_cue,1.213738172921563,0.0013029644720443656,0.7961706624208199
468.0,1.2124352084495185,0.0010163144843240639,nan,0,0,cann_gated_cue,1.213738172921563,0.0013029644720443656,0.7961706624208199
470.0,1.2143368539868584,0.0007606012355318088,nan,0,0,dead_reckoning,1.2673135736249648,0.05297671963810657,
470.0,1.2143368539868584,0.0007606012355318088,nan,0,0,cann_no_cue,1.2673135732993268,0.05297671931246839,0.7961706624071749
470.0,1.2143368539868584,0.0007606012355318088,nan,0,0,cann_sparse_cue,1.2157708018901212,0.001433947903263011,0.7961706624071748
470.0,1.2143368539868584,0.0007606012355318088,nan,0,0,cann_gated_cue,1.2157708018901212,0.001433947903263011,0.7961706624071746
472.0,1.2162182822809462,0.0010823146034055911,nan,0,0,dead_reckoning,1.2688347760960283,0.052616493815082155,
472.0,1.2162182822809462,0.0010823146034055911,nan,0,0,cann_no_cue,1.2688347757703526,0.052616493489406224,0.796170662392795
472.0,1.2162182822809462,0.0010823146034055911,nan,0,0,cann_sparse_cue,1.2172920043611473,0.0010737220802008451,0.7961706623927949
472.0,1.2162182822809462,0.0010823146034055911,nan,0,0,cann_gated_cue,1.2172920043611473,0.0010737220802008451,0.7961706623927949
474.0,1.2180798669479302,0.0008031262749915424,nan,0,0,dead_reckoning,1.2709994053028395,0.05291953835490926,
474.0,1.2180798669479302,0.0008031262749915424,nan,0,0,cann_no_cue,1.270999404977058,0.05291953802912808,0.7961706624115583
474.0,1.2180798669479302,0.0008031262749915424,nan,0,0,cann_sparse_cue,1.219456633567853,0.001376766619922698,0.7961706624115582
474.0,1.2180798669479302,0.0008031262749915424,nan,0,0,cann_gated_cue,1.2194566335678527,0.001376766619922698,0.7961706624115582
476.0,1.2199220164164237,0.0006784266302168015,nan,0,0,dead_reckoning,1.2726056578528224,0.0526836414363987,
476.0,1.2199220164164237,0.0006784266302168015,nan,0,0,cann_no_cue,1.2726056575269964,0.052683641110572665,0.7961706623948996
476.0,1.2199220164164237,0.0006784266302168015,nan,0,0,cann_sparse_cue,1.2210628861177912,0.0011408697013672864,0.7961706623948995
476.0,1.2199220164164237,0.0006784266302168015,nan,0,0,cann_gated_cue,1.221062886117791,0.0011408697013672864,0.7961706623948993
478.0,1.2217451732109823,0.0009142972510758857,nan,0,0,dead_reckoning,1.2739625111132562,0.0522173379022739,
478.0,1.2217451732109823,0.0009142972510758857,nan,0,0,cann_no_cue,1.2739625107874037,0.05221733757642166,0.7961706623890527
478.0,1.2217451732109823,0.0009142972510758857,nan,0,0,cann_sparse_cue,1.2224197393781986,0.0006745661672162839,0.7961706623890529
478.0,1.2217451732109823,0.0009142972510758857,nan,0,0,cann_gated_cue,1.2224197393781984,0.0006745661672162839,0.7961706623890527
480.0,1.2235498131757652,0.0010095423747264079,1.2233243313820799,1,1,dead_reckoning,1.2757911056154079,0.052241292439642706,
480.0,1.2235498131757652,0.0010095423747264079,1.2233243313820799,1,1,cann_no_cue,1.2757911052894917,0.05224129211372652,0.7961706624009417
480.0,1.2235498131757652,0.0010095423747264079,1.2233243313820799,1,1,cann_sparse_cue,1.2234425354722003,-0.00010727770356488975,0.8894553668181735
480.0,1.2235498131757652,0.0010095423747264079,1.2233243313820799,1,1,cann_gated_cue,1.2234425354722003,-0.00010727770356488975,0.8894553668181735
482.0,1.2253364446397434,0.0011738108865655243,nan,0,0,dead_reckoning,1.2778101903648607,0.052473745725117205,
482.0,1.2253364446397434,0.0011738108865655243,nan,0,0,cann_no_cue,1.2778101900388579,0.052473745399114424,0.7961706624067404
482.0,1.2253364446397434,0.0011738108865655243,nan,0,0,cann_sparse_cue,1.225457845352911,0.00012140071316757428,0.7961706624067408
482.0,1.2253364446397434,0.0011738108865655243,nan,0,0,cann_gated_cue,1.225457845352911,0.00012140071316757428,0.7961706624067408
484.0,1.2271056075249174,0.0009950425094934683,nan,0,0,dead_reckoning,1.2801578121379917,0.05305220461307414,
484.0,1.2271056075249174,0.0009950425094934683,nan,0,0,cann_no_cue,1.280157811811853,0.05305220428693591,0.7961706624180911
484.0,1.2271056075249174,0.0009950425094934683,nan,0,0,cann_sparse_cue,1.227805467125906,0.0006998596009886171,0.7961706624180909
484.0,1.2271056075249174,0.0009950425094934683,nan,0,0,cann_gated_cue,1.2278054671259062,0.0006998596009886171,0.7961706624180909
486.0,1.2288578723991106,0.0010758595992127159,nan,0,0,dead_reckoning,1.2821478971569786,0.05329002475786826,
486.0,1.2288578723991106,0.0010758595992127159,nan,0,0,cann_no_cue,1.2821478968307556,0.05329002443164477,0.7961706624058207
486.0,1.2288578723991106,0.0010758595992127159,nan,0,0,cann_sparse_cue,1.229795552144809,0.000937679745698361,0.7961706624058209
486.0,1.2288578723991106,0.0010758595992127159,nan,0,0,cann_gated_cue,1.229795552144809,0.000937679745698361,0.7961706624058209
488.0,1.230593839475,0.0007220828605469009,nan,0,0,dead_reckoning,1.284299616355404,0.0537057768804039,
488.0,1.230593839475,0.0007220828605469009,nan,0,0,cann_no_cue,1.284299616029076,0.053705776554076046,0.7961706624111172
488.0,1.230593839475,0.0007220828605469009,nan,0,0,cann_sparse_cue,1.2319472713431294,0.0013534318681296398,0.7961706624111173
488.0,1.230593839475,0.0007220828605469009,nan,0,0,cann_gated_cue,1.2319472713431294,0.0013534318681296398,0.7961706624111173
490.0,1.2323141375571391,0.0009255842448314836,nan,0,0,dead_reckoning,1.2857437820764979,0.05342964451935872,
490.0,1.2323141375571391,0.0009255842448314836,nan,0,0,cann_no_cue,1.2857437817501371,0.053429644192998005,0.7961706623909874
490.0,1.2323141375571391,0.0009255842448314836,nan,0,0,cann_sparse_cue,1.2333914370641903,0.0010772995070511548,0.7961706623909875
490.0,1.2323141375571391,0.0009255842448314836,nan,0,0,cann_gated_cue,1.2333914370641903,0.0010772995070511548,0.7961706623909877
492.0,1.2340194229388202,0.000942145013387685,nan,0,0,dead_reckoning,1.2875949505661608,0.053575527627340414,
492.0,1.2340194229388202,0.000942145013387685,nan,0,0,cann_no_cue,1.287594950239734,0.05357552730091353,0.796170662401599
492.0,1.2340194229388202,0.000942145013387685,nan,0,0,cann_sparse_cue,1.2352426055537873,0.001223182614967122,0.7961706624015988
492.0,1.2340194229388202,0.000942145013387685,nan,0,0,cann_gated_cue,1.2352426055537873,0.001223182614967122,0.7961706624015988
494.0,1.2357103782507137,0.001076745382292491,nan,0,0,dead_reckoning,1.2894792405929363,0.053768862342222334,
494.0,1.2357103782507137,0.001076745382292491,nan,0,0,cann_no_cue,1.2894792402664388,0.05376886201572528,0.7961706624025776
494.0,1.2357103782507137,0.001076745382292491,nan,0,0,cann_sparse_cue,1.2371268955804924,0.001416517329778877,0.7961706624025777
494.0,1.2357103782507137,0.001076745382292491,nan,0,0,cann_gated_cue,1.2371268955804924,0.001416517329778877,0.7961706624025779
496.0,1.237387711263302,0.0009384643597491817,nan,0,0,dead_reckoning,1.291632731357521,0.054245020094219054,
496.0,1.237387711263302,0.0009384643597491817,nan,0,0,cann_no_cue,1.2916327310309188,0.05424501976761675,0.7961706624111776
496.0,1.237387711263302,0.0009384643597491817,nan,0,0,cann_sparse_cue,1.2392803863449724,0.0018926750816703475,0.7961706624111776
496.0,1.237387711263302,0.0009384643597491817,nan,0,0,cann_gated_cue,1.2392803863449724,0.0018926750816703475,0.7961706624111777
498.0,1.2390521536452095,0.0010464494160512313,nan,0,0,dead_reckoning,1.2935096600770195,0.05445750643181002,
498.0,1.2390521536452095,0.0010464494160512313,nan,0,0,cann_no_cue,1.2935096597503466,0.05445750610513711,0.7961706624023588
498.0,1.2390521536452095,0.0010464494160512313,nan,0,0,cann_sparse_cue,1.2411573150644002,0.002105161419190704,0.7961706624023588
498.0,1.2390521536452095,0.0010464494160512313,nan,0,0,cann_gated_cue,1.2411573150644004,0.0021051614191911483,0.7961706624023588
500.0,1.2407044596796064,0.0008134281433844061,1.2400288446251724,1,1,dead_reckoning,1.295602558909122,0.05489809922951583,
500.0,1.2407044596796064,0.0008134281433844061,1.2400288446251724,1,1,cann_no_cue,1.2956025585823527,0.054898098902746106,0.7961706624091419
500.0,1.2407044596796064,0.0008134281433844061,1.2400288446251724,1,1,cann_sparse_cue,1.2401641348908474,-0.0005403247887589835,0.8894553663031218
500.0,1.2407044596796064,0.0008134281433844061,1.2400288446251724,1,1,cann_gated_cue,1.2401641348908474,-0.0005403247887589835,0.8894553663031218
502.0,1.242345404940941,0.0009584280852851788,nan,0,0,dead_reckoning,1.2972294151958907,0.05488401025494971,
502.0,1.242345404940941,0.0009584280852851788,nan,0,0,cann_no_cue,1.2972294148690753,0.05488400992813425,0.7961706623954263
502.0,1.242345404940941,0.0009584280852851788,nan,0,0,cann_sparse_cue,1.2417878489382828,-0.0005575560026582771,0.7961706623954268
502.0,1.242345404940941,0.0009584280852851788,nan,0,0,cann_gated_cue,1.2417878489382828,-0.0005575560026582771,0.7961706623954267
504.0,1.2439757849343178,0.0009687493512826402,nan,0,0,dead_reckoning,1.2991462713664612,0.055170486432143395,
504.0,1.2439757849343178,0.0009687493512826402,nan,0,0,cann_no_cue,1.2991462710395718,0.05517048610525421,0.7961706624035574
504.0,1.2439757849343178,0.0009687493512826402,nan,0,0,cann_sparse_cue,1.2437047051087795,-0.0002710798255383118,0.7961706624035572
504.0,1.2439757849343178,0.0009687493512826402,nan,0,0,cann_gated_cue,1.2437047051087795,-0.0002710798255383118,0.7961706624035573
506.0,1.2455964136999116,0.0006692047717304448,nan,0,0,dead_reckoning,1.3010837700690265,0.05548735636911495,
506.0,1.2455964136999116,0.0006692047717304448,nan,0,0,cann_no_cue,1.3010837697420603,0.05548735604214894,0.7961706624041869
506.0,1.2455964136999116,0.0006692047717304448,nan,0,0,cann_sparse_cue,1.245642203811268,4.579011135641409e-05,0.7961706624041868
506.0,1.2455964136999116,0.0006692047717304448,nan,0,0,cann_gated_cue,1.2456422038112678,4.579011135597e-05,0.7961706624041868
508.0,1.247208122384864,0.0009179049273747606,nan,0,0,dead_reckoning,1.3024221796124875,0.05521405722762385,
508.0,1.247208122384864,0.0009179049273747606,nan,0,0,cann_no_cue,1.3024221792854953,0.05521405690063119,0.7961706623886592
508.0,1.247208122384864,0.0009179049273747606,nan,0,0,cann_sparse_cue,1.246980613354703,-0.00022750903016088841,0.7961706623886594
508.0,1.247208122384864,0.0009179049273747606,nan,0,0,cann_gated_cue,1.2469806133547028,-0.00022750903016088841,0.7961706623886594
510.0,1.2488117577851687,0.0008319573094417641,nan,0,0,dead_reckoning,1.3042579894672368,0.05544623168206808,
510.0,1.2488117577851687,0.0008319573094417641,nan,0,0,cann_no_cue,1.3042579891401804,0.05544623135501148,0.7961706624011509
510.0,1.2488117577851687,0.0008319573094417641,nan,0,0,cann_sparse_cue,1.2488164232093881,4.665424219396641e-06,0.796170662401151
510.0,1.2488117577851687,0.0008319573094417641,nan,0,0,cann_gated_cue,1.2488164232093881,4.665424219396641e-06,0.796170662401151
512.0,1.250408180860105,0.000549079659523084,nan,0,0,dead_reckoning,1.3059219040861203,0.05551372322601544,
512.0,1.250408180860105,0.000549079659523084,nan,0,0,cann_no_cue,1.3059219037590153,0.05551372289890999,0.7961706623963913
512.0,1.250408180860105,0.000549079659523084,nan,0,0,cann_sparse_cue,1.250480337828223,7.215696811790906e-05,0.7961706623963913
512.0,1.250408180860105,0.000549079659523084,nan,0,0,cann_gated_cue,1.2504803378282228,7.215696811790906e-05,0.7961706623963914
514.0,1.251998265221821,0.0010467580900487537,nan,0,0,dead_reckoning,1.3070200634051665,0.05502179818334563,
514.0,1.251998265221821,0.0010467580900487537,nan,0,0,cann_no_cue,1.307020063078047,0.055021797856226407,0.7961706623840277
514.0,1.251998265221821,0.0010467580900487537,nan,0,0,cann_sparse_cue,1.251578497147255,-0.000419768074565674,0.7961706623840279
514.0,1.251998265221821,0.0010467580900487537,nan,0,0,cann_gated_cue,1.2515784971472546,-0.0004197680745665622,0.7961706623840278
516.0,1.2535828956027215,0.0008099474370745294,nan,0,0,dead_reckoning,1.3091135795852642,0.05553068398254268,
516.0,1.2535828956027215,0.0008099474370745294,nan,0,0,cann_no_cue,1.3091135792580497,0.055530683655327984,0.7961706624091626
516.0,1.2535828956027215,0.0008099474370745294,nan,0,0,cann_sparse_cue,1.2536720133272574,8.911772453590316e-05,0.7961706624091623
516.0,1.2535828956027215,0.0008099474370745294,nan,0,0,cann_gated_cue,1.2536720133272572,8.911772453590316e-05,0.7961706624091623
518.0,1.2551629663033472,0.0007340850379568477,nan,0,0,dead_reckoning,1.310733474459413,0.05557050815606601,
518.0,1.2551629663033472,0.0007340850379568477,nan,0,0,cann_no_cue,1.310733474132153,0.055570507828806015,0.7961706623952476
518.0,1.2551629663033472,0.0007340850379568477,nan,0,0,cann_sparse_cue,1.255291908201361,0.00012894189801393452,0.7961706623952476
518.0,1.2551629663033472,0.0007340850379568477,nan,0,0,cann_gated_cue,1.2552919082013607,0.00012894189801349043,0.7961706623952476
520.0,1.2567393796234678,0.0008121506302656825,1.2546259316213275,1,1,dead_reckoning,1.3122016445353268,0.055462264911859016,
520.0,1.2567393796234678,0.0008121506302656825,1.2546259316213275,1,1,cann_no_cue,1.3122016442080335,0.05546226458456571,0.7961706623915407
520.0,1.2567393796234678,0.0008121506302656825,1.2546259316213275,1,1,cann_sparse_cue,1.2547208377840364,-0.00201854183943162,0.8894553674085679
520.0,1.2567393796234678,0.0008121506302656825,1.2546259316213275,1,1,cann_gated_cue,1.2547208377840364,-0.00201854183943162,0.8894553674085679
522.0,1.2583130442791404,0.0008989711467189996,nan,0,0,dead_reckoning,1.313825945795858,0.055512901516717506,
522.0,1.2583130442791404,0.0008989711467189996,nan,0,0,cann_no_cue,1.31382594546852,0.05551290118937935,0.7961706623953607
522.0,1.2583130442791404,0.0008989711467189996,nan,0,0,cann_sparse_cue,1.2563421027276658,-0.001970941551474592,0.7961706623953612
522.0,1.2583130442791404,0.0008989711467189996,nan,0,0,cann_gated_cue,1.2563421027276658,-0.001970941551474592,0.7961706623953612
524.0,1.259884873808514,0.0011323097640258165,nan,0,0,dead_reckoning,1.3156238880892963,0.05573901428078232,
524.0,1.259884873808514,0.0011323097640258165,nan,0,0,cann_no_cue,1.315623887761897,0.05573901395338332,0.7961706624000623
524.0,1.259884873808514,0.0011323097640258165,nan,0,0,cann_sparse_cue,1.258140045021043,-0.0017448287874710644,0.7961706624000622
524.0,1.259884873808514,0.0011323097640258165,nan,0,0,cann_gated_cue,1.2581400450210427,-0.0017448287874710644,0.7961706624000622
526.0,1.261455784969173,0.000838460463136135,nan,0,0,dead_reckoning,1.3178885076173479,0.056432722648175115,
526.0,1.261455784969173,0.000838460463136135,nan,0,0,cann_no_cue,1.317888507289827,0.056432722320653994,0.7961706624150624
526.0,1.261455784969173,0.000838460463136135,nan,0,0,cann_sparse_cue,1.2604046645489726,-0.001051120420200391,0.7961706624150621
526.0,1.261455784969173,0.000838460463136135,nan,0,0,cann_gated_cue,1.2604046645489726,-0.001051120420200391,0.7961706624150623
528.0,1.263026696129832,0.0009503021099114103,nan,0,0,dead_reckoning,1.31956542854362,0.05653873241378804,
528.0,1.263026696129832,0.0009503021099114103,nan,0,0,cann_no_cue,1.3195654282160485,0.05653873208621629,0.7961706623967351
528.0,1.263026696129832,0.0009503021099114103,nan,0,0,cann_sparse_cue,1.2620815854751941,-0.0009451106546380927,0.7961706623967354
528.0,1.263026696129832,0.0009503021099114103,nan,0,0,cann_gated_cue,1.2620815854751941,-0.0009451106546380927,0.7961706623967352
530.0,1.2645985256592056,0.0011122940565402662,nan,0,0,dead_reckoning,1.321466032763443,0.05686750710423727,
530.0,1.2645985256592056,0.0011122940565402662,nan,0,0,cann_no_cue,1.3214660324357992,0.05686750677659358,0.7961706624030661
530.0,1.2645985256592056,0.0011122940565402662,nan,0,0,cann_sparse_cue,1.2639821896949446,-0.0006163359642608057,0.7961706624030664
530.0,1.2645985256592056,0.0011122940565402662,nan,0,0,cann_gated_cue,1.2639821896949446,-0.0006163359642608057,0.7961706624030663
532.0,1.2661721903148782,0.0009640420074146635,nan,0,0,dead_reckoning,1.3236906208765236,0.057518430561645406,
532.0,1.2661721903148782,0.0009640420074146635,nan,0,0,cann_no_cue,1.3236906205487642,0.05751843023388581,0.7961706624136403
532.0,1.2661721903148782,0.0009640420074146635,nan,0,0,cann_sparse_cue,1.2662067778079098,3.458749303142383e-05,0.7961706624136404
532.0,1.2661721903148782,0.0009640420074146635,nan,0,0,cann_gated_cue,1.2662067778079096,3.458749303142383e-05,0.7961706624136404
534.0,1.2677486036349987,0.0010583311109140436,nan,0,0,dead_reckoning,1.3256187048913528,0.057870101256353834,
534.0,1.2677486036349987,0.0010583311109140436,nan,0,0,cann_no_cue,1.3256187045635168,0.0578701009285183,0.7961706624038984
534.0,1.2677486036349987,0.0010583311109140436,nan,0,0,cann_sparse_cue,1.2681348618226624,0.0003862581876639126,0.7961706624038988
534.0,1.2677486036349987,0.0010583311109140436,nan,0,0,cann_gated_cue,1.2681348618226622,0.00038625818766346853,0.7961706624038986
536.0,1.2693286743356245,0.000783952111726799,nan,0,0,dead_reckoning,1.3277353671131809,0.05840669277755639,
536.0,1.2693286743356245,0.000783952111726799,nan,0,0,cann_no_cue,1.3277353667852452,0.058406692449620934,0.7961706624099333
536.0,1.2693286743356245,0.000783952111726799,nan,0,0,cann_sparse_cue,1.2702515240443908,0.0009228497087665488,0.7961706624099334
536.0,1.2693286743356245,0.000783952111726799,nan,0,0,cann_gated_cue,1.2702515240443906,0.0009228497087661047,0.7961706624099335
538.0,1.270913304716525,0.0010003347547524514,nan,0,0,dead_reckoning,1.3293032713366346,0.05838996662010931,
538.0,1.270913304716525,0.0010003347547524514,nan,0,0,cann_no_cue,1.3293032710086572,0.05838996629213211,0.7961706623939364
538.0,1.270913304716525,0.0010003347547524514,nan,0,0,cann_sparse_cue,1.271819428267803,0.0009061235512781707,0.7961706623939363
538.0,1.270913304716525,0.0010003347547524514,nan,0,0,cann_gated_cue,1.2718194282678028,0.0009061235512777266,0.7961706623939363
540.0,1.272503389078241,0.0008724160409249376,1.2714609838157094,1,1,dead_reckoning,1.3313039408461396,0.05880055176789867,
540.0,1.272503389078241,0.0008724160409249376,1.2714609838157094,1,1,cann_no_cue,1.3313039405180784,0.058800551439837534,0.796170662406155
540.0,1.272503389078241,0.0008724160409249376,1.2714609838157094,1,1,cann_sparse_cue,1.2715903118112228,-0.0009130772670182807,0.889455366490738
540.0,1.272503389078241,0.0008724160409249376,1.2714609838157094,1,1,cann_gated_cue,1.2715903118112228,-0.0009130772670182807,0.889455366490738
542.0,1.2740998121531772,0.0010788011957620814,nan,0,0,dead_reckoning,1.3330487729279894,0.058948960774812154,
542.0,1.2740998121531772,0.0010788011957620814,nan,0,0,cann_no_cue,1.3330487725998719,0.05894896044669462,0.7961706623985736
542.0,1.2740998121531772,0.0010788011957620814,nan,0,0,cann_sparse_cue,1.273331813438411,-0.0007679987147661826,0.7961706623985738
542.0,1.2740998121531772,0.0010788011957620814,nan,0,0,cann_gated_cue,1.273331813438411,-0.0007679987147661826,0.7961706623985738
544.0,1.275703447553482,0.0007163059858476941,nan,0,0,dead_reckoning,1.3352063753195136,0.05950292776603128,
544.0,1.275703447553482,0.0007163059858476941,nan,0,0,cann_no_cue,1.335206374991291,0.05950292743780894,0.796170662411318
544.0,1.275703447553482,0.0007163059858476941,nan,0,0,cann_sparse_cue,1.2754894158298298,-0.00021403172365230816,0.7961706624113177
544.0,1.275703447553482,0.0007163059858476941,nan,0,0,cann_gated_cue,1.27548941582983,-0.00021403172365186407,0.796170662411318
546.0,1.2773151562384344,0.0007532596084159638,nan,0,0,dead_reckoning,1.336638987291209,0.05932383105277461,
546.0,1.2773151562384344,0.0007532596084159638,nan,0,0,cann_no_cue,1.3366389869629542,0.059323830724519855,0.7961706623907245
546.0,1.2773151562384344,0.0007532596084159638,nan,0,0,cann_sparse_cue,1.2769220278014932,-0.00039312843694094823,0.7961706623907246
546.0,1.2773151562384344,0.0007532596084159638,nan,0,0,cann_gated_cue,1.2769220278014932,-0.00039312843694094823,0.7961706623907246
548.0,1.2789357850040282,0.0011108131496724402,nan,0,0,dead_reckoning,1.338145506508041,0.059209721504013046,
548.0,1.2789357850040282,0.0011108131496724402,nan,0,0,cann_no_cue,1.3381455061797505,0.05920972117572232,0.7961706623924433
548.0,1.2789357850040282,0.0011108131496724402,nan,0,0,cann_sparse_cue,1.2784285470182892,-0.0005072379857389286,0.7961706623924433
548.0,1.2789357850040282,0.0011108131496724402,nan,0,0,cann_gated_cue,1.2784285470182892,-0.0005072379857389286,0.7961706623924429
550.0,1.280566164997405,0.0008603301639350748,nan,0,0,dead_reckoning,1.3403671328073858,0.059800967809980676,
550.0,1.280566164997405,0.0008603301639350748,nan,0,0,cann_no_cue,1.3403671324789812,0.05980096748157626,0.7961706624135361
550.0,1.280566164997405,0.0008603301639350748,nan,0,0,cann_sparse_cue,1.28065017331752,8.400832011501436e-05,0.7961706624135361
550.0,1.280566164997405,0.0008603301639350748,nan,0,0,cann_gated_cue,1.28065017331752,8.400832011501436e-05,0.7961706624135358
552.0,1.2822071102587396,0.0008377546430808459,nan,0,0,dead_reckoning,1.342087793135256,0.05988068287651638,
552.0,1.2822071102587396,0.0008377546430808459,nan,0,0,cann_no_cue,1.3420877928067962,0.059880682548056896,0.7961706623979107
552.0,1.2822071102587396,0.0008377546430808459,nan,0,0,cann_sparse_cue,1.2823708336453352,0.0001637233865956489,0.796170662397911
552.0,1.2822071102587396,0.0008377546430808459,nan,0,0,cann_gated_cue,1.2823708336453352,0.0001637233865956489,0.796170662397911
554.0,1.2838594162931365,0.0009163376464522752,nan,0,0,dead_reckoning,1.3437633024214177,0.059903886128281236,
554.0,1.2838594162931365,0.0009163376464522752,nan,0,0,cann_no_cue,1.3437633020929083,0.05990388579977157,0.7961706623966976
554.0,1.2838594162931365,0.0009163376464522752,nan,0,0,cann_sparse_cue,1.2840463429314473,0.00018692663831076928,0.7961706623966975
554.0,1.2838594162931365,0.0009163376464522752,nan,0,0,cann_gated_cue,1.2840463429314473,0.00018692663831076928,0.7961706623966975
556.0,1.285523858675044,0.0007825527904383898,nan,0,0,dead_reckoning,1.3455959777143223,0.06007211903927834,
556.0,1.285523858675044,0.0007825527904383898,nan,0,0,cann_no_cue,1.3455959773857482,0.06007211871070428,0.79617066240106
556.0,1.285523858675044,0.0007825527904383898,nan,0,0,cann_sparse_cue,1.2858790182242872,0.0003551595492430337,0.7961706624010599
556.0,1.285523858675044,0.0007825527904383898,nan,0,0,cann_gated_cue,1.2858790182242874,0.0003551595492434778,0.7961706624010599
558.0,1.2872011916876323,0.0011491931950314345,nan,0,0,dead_reckoning,1.347161083295199,0.05995989160756654,
558.0,1.2872011916876323,0.0011491931950314345,nan,0,0,cann_no_cue,1.3471610829665843,0.05995989127895207,0.7961706623938671
558.0,1.2872011916876323,0.0011491931950314345,nan,0,0,cann_sparse_cue,1.2874441238051233,0.00024293211749082388,0.796170662393867
558.0,1.2872011916876323,0.0011491931950314345,nan,0,0,cann_gated_cue,1.2874441238051233,0.00024293211749082388,0.7961706623938669
560.0,1.2888921469995258,0.0007081003567956165,1.289307232493533,1,1,dead_reckoning,1.3494594696852618,0.060567322685735725,
560.0,1.2888921469995258,0.0007081003567956165,1.289307232493533,1,1,cann_no_cue,1.3494594693565205,0.06056732235699469,0.7961706624162811
560.0,1.2888921469995258,0.0007081003567956165,1.289307232493533,1,1,cann_sparse_cue,1.2894558045565179,0.0005636575569920588,0.8894553658548199
560.0,1.2888921469995258,0.0007081003567956165,1.289307232493533,1,1,cann_gated_cue,1.2894558045565179,0.0005636575569920588,0.8894553658548197
562.0,1.2905974323812068,0.0009054933407514534,nan,0,0,dead_reckoning,1.3508756703988531,0.06027823801764631,
562.0,1.2905974323812068,0.0009054933407514534,nan,0,0,cann_no_cue,1.3508756700700801,0.060278237688873304,0.7961706623903547
562.0,1.2905974323812068,0.0009054933407514534,nan,0,0,cann_sparse_cue,1.2908691924804447,0.00027176009923790545,0.7961706623903553
562.0,1.2905974323812068,0.0009054933407514534,nan,0,0,cann_gated_cue,1.2908691924804447,0.00027176009923790545,0.796170662390355
564.0,1.292317730463346,0.0009990775292763423,nan,0,0,dead_reckoning,1.352686657080356,0.06036892661701021,
564.0,1.292317730463346,0.0009990775292763423,nan,0,0,cann_no_cue,1.3526866567515212,0.06036892628817547,0.7961706624004349
564.0,1.292317730463346,0.0009990775292763423,nan,0,0,cann_sparse_cue,1.2926801791618856,0.00036244869853963024,0.7961706624004347
564.0,1.292317730463346,0.0009990775292763423,nan,0,0,cann_gated_cue,1.2926801791618858,0.00036244869853963024,0.7961706624004347
566.0,1.2940536975392354,0.0009258282448495679,nan,0,0,dead_reckoning,1.3546848121389088,0.06063111459967363,
566.0,1.2940536975392354,0.0009258282448495679,nan,0,0,cann_no_cue,1.35468481180999,0.060631114270754516,0.7961706624060754
566.0,1.2940536975392354,0.0009258282448495679,nan,0,0,cann_sparse_cue,1.2946783342203543,0.0006246366811186732,0.7961706624060754
566.0,1.2940536975392354,0.0009258282448495679,nan,0,0,cann_gated_cue,1.2946783342203545,0.0006246366811191173,0.7961706624060753
568.0,1.2958059624134286,0.0007979872148909121,nan,0,0,dead_reckoning,1.3565364686286077,0.06073050621517906,
568.0,1.2958059624134286,0.0007979872148909121,nan,0,0,cann_no_cue,1.3565364682996217,0.06073050588619289,0.796170662401613
568.0,1.2958059624134286,0.0007979872148909121,nan,0,0,cann_sparse_cue,1.296529990709986,0.0007240282965574885,0.7961706624016132
568.0,1.2958059624134286,0.0007979872148909121,nan,0,0,cann_gated_cue,1.2965299907099863,0.0007240282965579325,0.7961706624016132
570.0,1.2975751252986025,0.0007957555585587909,nan,0,0,dead_reckoning,1.3581324430583896,0.06055731775978712,
570.0,1.2975751252986025,0.0007957555585587909,nan,0,0,cann_no_cue,1.3581324427293602,0.06055731743075743,0.7961706623946389
570.0,1.2975751252986025,0.0007957555585587909,nan,0,0,cann_sparse_cue,1.2981259651397248,0.0005508398411224746,0.7961706623946391
570.0,1.2975751252986025,0.0007957555585587909,nan,0,0,cann_gated_cue,1.298125965139725,0.0005508398411224746,0.7961706623946391
572.0,1.2993617567625808,0.001025282867525846,nan,0,0,dead_reckoning,1.3597239541755073,0.06036219741292648,
572.0,1.2993617567625808,0.001025282867525846,nan,0,0,cann_no_cue,1.3597239538464354,0.060362197083854596,0.7961706623945266
572.0,1.2993617567625808,0.001025282867525846,nan,0,0,cann_sparse_cue,1.2997174762568,0.0003557194942191977,0.7961706623945265
572.0,1.2993617567625808,0.001025282867525846,nan,0,0,cann_gated_cue,1.2997174762568002,0.0003557194942196418,0.7961706623945265
574.0,1.3011663967273637,0.0007754933938448328,nan,0,0,dead_reckoning,1.3617745199105589,0.06060812318319542,
574.0,1.3011663967273637,0.0007754933938448328,nan,0,0,cann_no_cue,1.361774519581397,0.060608122854033386,0.796170662407754
574.0,1.3011663967273637,0.0007754933938448328,nan,0,0,cann_sparse_cue,1.3017680419917617,0.0006016452643979875,0.7961706624077541
574.0,1.3011663967273637,0.0007754933938448328,nan,0,0,cann_gated_cue,1.3017680419917617,0.0006016452643979875,0.7961706624077541
576.0,1.3029895535219223,0.001074472449161484,nan,0,0,dead_reckoning,1.3633255066982484,0.06033595317632612,
576.0,1.3029895535219223,0.001074472449161484,nan,0,0,cann_no_cue,1.3633255063690466,0.06033595284712412,0.796170662393519
576.0,1.3029895535219223,0.001074472449161484,nan,0,0,cann_sparse_cue,1.3033190287794112,0.0003294752574891646,0.7961706623935191
576.0,1.3029895535219223,0.001074472449161484,nan,0,0,cann_gated_cue,1.3033190287794112,0.0003294752574891646,0.7961706623935191
578.0,1.3048317029904157,0.0007090003804599574,nan,0,0,dead_reckoning,1.3654744515965715,0.060642748606155816,
578.0,1.3048317029904157,0.0007090003804599574,nan,0,0,cann_no_cue,1.365474451267266,0.060642748276850345,0.7961706624110232
578.0,1.3048317029904157,0.0007090003804599574,nan,0,0,cann_sparse_cue,1.3054679736776305,0.000636270687214946,0.7961706624110232
578.0,1.3048317029904157,0.0007090003804599574,nan,0,0,cann_gated_cue,1.3054679736776307,0.000636270687214946,0.7961706624110232
580.0,1.3066932876573998,0.0008822950748758131,1.220785631909518,1,0,dead_reckoning,1.3668924523574915,0.06019916470009168,
580.0,1.3066932876573998,0.0008822950748758131,1.220785631909518,1,0,cann_no_cue,1.366892452028155,0.06019916437075512,0.7961706623903951
580.0,1.3066932876573998,0.0008822950748758131,1.220785631909518,1,0,cann_sparse_cue,1.2208773339587227,-0.08581595369867712,0.889455367479293
580.0,1.3066932876573998,0.0008822950748758131,1.220785631909518,1,0,cann_gated_cue,1.3068859744385193,0.00019268678111927784,0.7961706623903951
582.0,1.3085747159514876,0.0009885227331771574,nan,0,0,dead_reckoning,1.3686570425072428,0.060082326555755294,
582.0,1.3085747159514876,0.0009885227331771574,nan,0,0,cann_no_cue,1.368657042177849,0.06008232622636145,0.7961706623991222
582.0,1.3085747159514876,0.0009885227331771574,nan,0,0,cann_sparse_cue,1.2226386541831562,-0.08593606176833113,0.7961706623991225
582.0,1.3085747159514876,0.0009885227331771574,nan,0,0,cann_gated_cue,1.3086505645882136,7.584863672605024e-05,0.7961706623991224
584.0,1.3104763614888275,0.0007770807443363948,nan,0,0,dead_reckoning,1.3706340879735972,0.06015772648476947,
584.0,1.3104763614888275,0.0007770807443363948,nan,0,0,cann_no_cue,1.370634087644122,0.060157726155294355,0.7961706624054115
584.0,1.3104763614888275,0.0007770807443363948,nan,0,0,cann_sparse_cue,1.2246156996494293,-0.08586066183939822,0.7961706624054112
584.0,1.3104763614888275,0.0007770807443363948,nan,0,0,cann_gated_cue,1.3106276100544867,0.00015124856565940092,0.7961706624054115
586.0,1.3123985624176533,0.0011235725580883236,nan,0,0,dead_reckoning,1.3721882494622701,0.05978968704461707,
586.0,1.3123985624176533,0.0011235725580883236,nan,0,0,cann_no_cue,1.3721882491327548,0.05978968671510154,0.796170662393597
586.0,1.3123985624176533,0.0011235725580883236,nan,0,0,cann_sparse_cue,1.2261698611380618,-0.08622870127959148,0.7961706623935969
586.0,1.3123985624176533,0.0011235725580883236,nan,0,0,cann_gated_cue,1.3121817715431194,-0.00021679087453385648,0.7961706623935968
588.0,1.3143416208250573,0.0010123672374380006,nan,0,0,dead_reckoning,1.3744353945784469,0.060093773753389534,
588.0,1.3143416208250573,0.0010123672374380006,nan,0,0,cann_no_cue,1.374435394248813,0.06009377342375544,0.7961706624144386
588.0,1.3143416208250573,0.0010123672374380006,nan,0,0,cann_sparse_cue,1.2284170062541204,-0.0859246145709367,0.7961706624144385
588.0,1.3143416208250573,0.0010123672374380006,nan,0,0,cann_gated_cue,1.3144289166591778,8.729583412048214e-05,0.7961706624144383
590.0,1.3163058022070273,0.0008482259039404493,nan,0,0,dead_reckoning,1.376460129053323,0.060154326846295625,
590.0,1.3163058022070273,0.0008482259039404493,nan,0,0,cann_no_cue,1.3764601287236005,0.06015432651657315,0.7961706624069214
590.0,1.3163058022070273,0.0008482259039404493,nan,0,0,cann_sparse_cue,1.230441740728908,-0.08586406147811942,0.7961706624069215
590.0,1.3163058022070273,0.0008482259039404493,nan,0,0,cann_gated_cue,1.3164536511339653,0.00014784892693775475,0.7961706624069215
592.0,1.3182913350026757,0.0007732904119332687,nan,0,0,dead_reckoning,1.3781565808612037,0.05986524585852804,
592.0,1.3182913350026757,0.0007732904119332687,nan,0,0,cann_no_cue,1.3781565805314293,0.05986524552875361,0.7961706623972566
592.0,1.3182913350026757,0.0007732904119332687,nan,0,0,cann_sparse_cue,1.232138192536737,-0.08615314246593897,0.7961706623972562
592.0,1.3182913350026757,0.0007732904119332687,nan,0,0,cann_gated_cue,1.3181501029417941,-0.00014123206088179074,0.7961706623972562
594.0,1.3202984101934803,0.0007774746569083037,nan,0,0,dead_reckoning,1.3797031616850703,0.05940475149159008,
594.0,1.3202984101934803,0.0007774746569083037,nan,0,0,cann_no_cue,1.3797031613552566,0.059404751161776126,0.7961706623934109
594.0,1.3202984101934803,0.0007774746569083037,nan,0,0,cann_sparse_cue,1.2336847733605645,-0.08661363683291601,0.7961706623934108
594.0,1.3202984101934803,0.0007774746569083037,nan,0,0,cann_gated_cue,1.3196966837656217,-0.0006017264278588286,0.7961706623934109
596.0,1.3223271809682373,0.001064309232373335,nan,0,0,dead_reckoning,1.3812581109988868,0.05893093003064953,
596.0,1.3223271809682373,0.001064309232373335,nan,0,0,cann_no_cue,1.3812581106690338,0.0589309297007965,0.7961706623936163
596.0,1.3223271809682373,0.001064309232373335,nan,0,0,cann_sparse_cue,1.2352397226743417,-0.08708745829389564,0.7961706623936162
596.0,1.3223271809682373,0.001064309232373335,nan,0,0,cann_gated_cue,1.3212516330793986,-0.0010755478888384573,0.7961706623936163
598.0,1.3243777624543172,0.0008685525876784383,nan,0,0,dead_reckoning,1.3833867294636335,0.05900896700931657,
598.0,1.3243777624543172,0.0008685525876784383,nan,0,0,cann_no_cue,1.3833867291336797,0.05900896667936273,0.7961706624103349
598.0,1.3243777624543172,0.0008685525876784383,nan,0,0,cann_sparse_cue,1.2373683411389877,-0.0870094213153294,0.7961706624103352
598.0,1.3243777624543172,0.0008685525876784383,nan,0,0,cann_gated_cue,1.3233802515440447,-0.0009975109102722257,0.7961706624103349
600.0,1.3264502315156905,0.0008491440533364699,1.3280328787776146,1,1,dead_reckoning,1.3851238346389905,0.058673603123299944,
600.0,1.3264502315156905,0.0008491440533364699,1.3280328787776146,1,1,cann_no_cue,1.3851238343089805,0.0586736027932897,0.7961706623983607
600.0,1.3264502315156905,0.0008491440533364699,1.3280328787776146,1,1,cann_sparse_cue,1.3281451271794713,0.0016948956637810042,0.8894553669818706
600.0,1.3264502315156905,0.0008491440533364699,1.3280328787776146,1,1,cann_gated_cue,1.3281451670526823,0.0016949355369915153,0.8894553669803367
