time_s,truth_phase_rad,measured_rate_rad_s,phase_hint_rad,hint_available,hint_accepted,mode,decoded_phase_rad,truth_error_rad,bump_concentration
0.0,0.6981317007977318,0.0012462749410143159,nan,0,0,dead_reckoning,0.6981317007977318,0.0,
0.0,0.6981317007977318,0.0012462749410143159,nan,0,0,cann_no_cue,0.698131700797732,0.0,0.7961740796645929
0.0,0.6981317007977318,0.0012462749410143159,nan,0,0,cann_sparse_cue,0.698131700797732,0.0,0.7961740796645929
0.0,0.6981317007977318,0.0012462749410143159,nan,0,0,cann_gated_cue,0.698131700797732,0.0,0.7961740796645929
2.0,0.700226095900125,0.0012428442724221915,nan,0,0,dead_reckoning,0.7006242506797604,0.0003981547796354512,
2.0,0.700226095900125,0.0012428442724221915,nan,0,0,cann_no_cue,0.7006242503929675,0.0003981544928426395,0.7961706624236412
2.0,0.700226095900125,0.0012428442724221915,nan,0,0,cann_sparse_cue,0.7006242503929675,0.0003981544928426395,0.7961706624236412
2.0,0.700226095900125,0.0012428442724221915,nan,0,0,cann_gated_cue,0.7006242503929675,0.0003981544928426395,0.7961706624236412
4.0,0.7023424170435382,0.0005011146054953821,nan,0,0,dead_reckoning,0.7031099392246049,0.0007675221810665711,
4.0,0.7023424170435382,0.0005011146054953821,nan,0,0,cann_no_cue,0.7031099389376493,0.0007675218941112227,0.7961706624233708
4.0,0.7023424170435382,0.0005011146054953821,nan,0,0,cann_sparse_cue,0.7031099389376493,0.0007675218941112227,0.7961706624233708
4.0,0.7023424170435382,0.0005011146054953821,nan,0,0,cann_gated_cue,0.7031099389376493,0.0007675218941112227,0.7961706624233708
6.0,0.7044806257622449,0.0012164124945780025,nan,0,0,dead_reckoning,0.7041121684355955,-0.0003684573266493629,
6.0,0.7044806257622449,0.0012164124945780025,nan,0,0,cann_no_cue,0.7041121681486283,-0.0003684576136167017,0.7961706623824337
6.0,0.7044806257622449,0.0012164124945780025,nan,0,0,cann_sparse_cue,0.7041121681486283,-0.0003684576136167017,0.7961706623824337
6.0,0.7044806257622449,0.0012164124945780025,nan,0,0,cann_gated_cue,0.7041121681486283,-0.0003684576136167017,0.7961706623824337
8.0,0.7066406451922741,0.0011746864170356515,nan,0,0,dead_reckoning,0.7065449934247515,-9.565176752257543e-05,
8.0,0.7066406451922741,0.0011746864170356515,nan,0,0,cann_no_cue,0.7065449931376355,-9.565205463868409e-05,0.7961706624213135
8.0,0.7066406451922741,0.0011746864170356515,nan,0,0,cann_sparse_cue,0.7065449931376355,-9.565205463868409e-05,0.7961706624213135
8.0,0.7066406451922741,0.0011746864170356515,nan,0,0,cann_gated_cue,0.7065449931376355,-9.565205463868409e-05,0.7961706624213135
10.0,0.7088223602062559,0.0011660194049435712,nan,0,0,dead_reckoning,0.7088943662588229,7.200605256674208e-05,
10.0,0.7088223602062559,0.0011660194049435712,nan,0,0,cann_no_cue,0.7088943659715696,7.200576531385394e-05,0.7961706624181563
10.0,0.7088223602062559,0.0011660194049435712,nan,0,0,cann_sparse_cue,0.7088943659715696,7.200576531385394e-05,0.7961706624181563
10.0,0.7088223602062559,0.0011660194049435712,nan,0,0,cann_gated_cue,0.7088943659715696,7.200576531385394e-05,0.7961706624181563
12.0,0.7110256176153938,0.0010987400170206156,nan,0,0,dead_reckoning,0.71122640506871,0.00020078745331630898,
12.0,0.7110256176153938,0.0010987400170206156,nan,0,0,cann_no_cue,0.7112264047813223,0.00020078716592841772,0.7961706624175141
12.0,0.7110256176153938,0.0010987400170206156,nan,0,0,cann_sparse_cue,0.7112264047813223,0.00020078716592841772,0.7961706624175141
12.0,0.7110256176153938,0.0010987400170206156,nan,0,0,cann_gated_cue,0.7112264047813223,0.00020078716592841772,0.7961706624175141
14.0,0.7132502264382102,0.0012336964363205574,nan,0,0,dead_reckoning,0.7134238851027512,0.00017365866454088774,
14.0,0.7132502264382102,0.0012336964363205574,nan,0,0,cann_no_cue,0.7134238848152511,0.000173658377041086,0.7961706624126919
14.0,0.7132502264382102,0.0012336964363205574,nan,0,0,cann_sparse_cue,0.7134238848152511,0.000173658377041086,0.7961706624126919
14.0,0.7132502264382102,0.0012336964363205574,nan,0,0,cann_gated_cue,0.7134238848152511,0.000173658377041086,0.7961706624126919
16.0,0.7154959582355925,0.001302916206080288,nan,0,0,dead_reckoning,0.7158912779753923,0.00039531973979967105,
16.0,0.7154959582355925,0.001302916206080288,nan,0,0,cann_no_cue,0.7158912776877345,0.00039531945214221764,0.7961706624226536
16.0,0.7154959582355925,0.001302916206080288,nan,0,0,cann_sparse_cue,0.7158912776877345,0.00039531945214221764,0.7961706624226536
16.0,0.7154959582355925,0.001302916206080288,nan,0,0,cann_gated_cue,0.7158912776877345,0.00039531945214221764,0.7961706624226536
18.0,0.7177625475115532,0.0011889793268848163,nan,0,0,dead_reckoning,0.7184971103875529,0.0007345628759996004,
18.0,0.7177625475115532,0.0011889793268848163,nan,0,0,cann_no_cue,0.7184971100997083,0.0007345625881551854,0.7961706624282106
18.0,0.7177625475115532,0.0011889793268848163,nan,0,0,cann_sparse_cue,0.7184971100997083,0.0007345625881551854,0.7961706624282106
18.0,0.7177625475115532,0.0011889793268848163,nan,0,0,cann_gated_cue,0.7184971100997083,0.0007345625881551854,0.7961706624282106
20.0,0.7200496921789997,0.0011611855331890302,0.7198479094844825,1,1,dead_reckoning,0.7208750690413226,0.0008253768623229796,
20.0,0.7200496921789997,0.0011611855331890302,0.7198479094844825,1,1,cann_no_cue,0.7208750687533347,0.0008253765743351238,0.7961706624192255
20.0,0.7200496921789997,0.0011611855331890302,0.7198479094844825,1,1,cann_sparse_cue,0.7204244574105704,0.0003747652315704286,0.8236435793525465
20.0,0.7200496921789997,0.0011611855331890302,0.7198479094844825,1,1,cann_gated_cue,0.7204244574105704,0.0003747652315704286,0.8236435793525465
22.0,0.7223570540896984,0.0014668092012678335,nan,0,0,dead_reckoning,0.7231974401077006,0.0008403860180021816,
22.0,0.7223570540896984,0.0014668092012678335,nan,0,0,cann_no_cue,0.7231974398195806,0.0008403857298819872,0.796170662417158
22.0,0.7223570540896984,0.0014668092012678335,nan,0,0,cann_sparse_cue,0.7227434563758697,0.00038640228617126127,0.7961706624171583
22.0,0.7223570540896984,0.0014668092012678335,nan,0,0,cann_gated_cue,0.7227434563758697,0.00038640228617126127,0.7961706624171583
24.0,0.7246842596275007,0.001057493716453404,nan,0,0,dead_reckoning,0.7261310585102363,0.0014467988827355782,
24.0,0.7246842596275007,0.001057493716453404,nan,0,0,cann_no_cue,0.7261310582218514,0.0014467985943507067,0.7961706624425764
24.0,0.7246842596275007,0.001057493716453404,nan,0,0,cann_sparse_cue,0.7256770747781407,0.0009928151506399807,0.7961706624425764
24.0,0.7246842596275007,0.001057493716453404,nan,0,0,cann_gated_cue,0.7256770747781407,0.0009928151506399807,0.7961706624425764
26.0,0.7270309003637936,0.001438628935101081,nan,0,0,dead_reckoning,0.7282460459431431,0.0012151455793496524,
26.0,0.7270309003637936,0.001438628935101081,nan,0,0,cann_no_cue,0.7282460456546556,0.0012151452908621962,0.7961706624098775
26.0,0.7270309003637936,0.001438628935101081,nan,0,0,cann_sparse_cue,0.7277920622109446,0.0007611618471510262,0.7961706624098773
26.0,0.7270309003637936,0.001438628935101081,nan,0,0,cann_gated_cue,0.7277920622109446,0.0007611618471510262,0.7961706624098773
28.0,0.7293965337740214,0.0012928004614210008,nan,0,0,dead_reckoning,0.7311233038133452,0.001726770039323977,
28.0,0.7293965337740214,0.0012928004614210008,nan,0,0,cann_no_cue,0.7311233035246085,0.001726769750587387,0.7961706624399854
28.0,0.7293965337740214,0.0012928004614210008,nan,0,0,cann_sparse_cue,0.7306693200808979,0.001272786306876661,0.7961706624399854
28.0,0.7293965337740214,0.0012928004614210008,nan,0,0,cann_gated_cue,0.7306693200808979,0.001272786306876661,0.7961706624399854
30.0,0.7317806840140249,0.0011269524336952614,nan,0,0,dead_reckoning,0.7337089047361873,0.001928220722162699,
30.0,0.7317806840140249,0.0011269524336952614,nan,0,0,cann_no_cue,0.7337089044472662,0.0019282204332413677,0.7961706624273798
30.0,0.7317806840140249,0.0011269524336952614,nan,0,0,cann_sparse_cue,0.7332549210035557,0.0014742369895310858,0.7961706624273798
30.0,0.7317806840140249,0.0011269524336952614,nan,0,0,cann_gated_cue,0.7332549210035557,0.0014742369895310858,0.7961706624273798
32.0,0.7341828427548331,0.00122276639715945,nan,0,0,dead_reckoning,0.7359628096035777,0.0017799668487445963,
32.0,0.7341828427548331,0.00122276639715945,nan,0,0,cann_no_cue,0.7359628093145348,0.0017799665597015846,0.7961706624146794
32.0,0.7341828427548331,0.00122276639715945,nan,0,0,cann_sparse_cue,0.7355088258708242,0.0013259831159908586,0.796170662414679
32.0,0.7341828427548331,0.00122276639715945,nan,0,0,cann_gated_cue,0.7355088258708242,0.0013259831159908586,0.796170662414679
34.0,0.7366024700744457,0.0011196961892641702,nan,0,0,dead_reckoning,0.7384083423978967,0.0018058723234508633,
34.0,0.7366024700744457,0.0011196961892641702,nan,0,0,cann_no_cue,0.7384083421086997,0.0018058720342537526,0.796170662421804
34.0,0.7366024700744457,0.0011196961892641702,nan,0,0,cann_sparse_cue,0.7379543586649893,0.0013518885905434708,0.7961706624218041
34.0,0.7366024700744457,0.0011196961892641702,nan,0,0,cann_gated_cue,0.7379543586649893,0.0013518885905434708,0.7961706624218041
36.0,0.7390389954050388,0.0014082672773835902,nan,0,0,dead_reckoning,0.7406477347764251,0.0016087393713863918,
36.0,0.7390389954050388,0.0014082672773835902,nan,0,0,cann_no_cue,0.7406477344871089,0.0016087390820702652,0.7961706624141632
36.0,0.7390389954050388,0.0014082672773835902,nan,0,0,cann_sparse_cue,0.740193751043398,0.0011547556383590951,0.7961706624141631
36.0,0.7390389954050388,0.0014082672773835902,nan,0,0,cann_gated_cue,0.740193751043398,0.0011547556383590951,0.7961706624141631
38.0,0.7414918185339356,0.001364147506763373,nan,0,0,dead_reckoning,0.7434642693311923,0.0019724507972567196,
38.0,0.7414918185339356,0.001364147506763373,nan,0,0,cann_no_cue,0.7434642690416419,0.001972450507706114,0.79617066243725
38.0,0.7414918185339356,0.001364147506763373,nan,0,0,cann_sparse_cue,0.7430102855979311,0.0015184670639953879,0.7961706624372497
38.0,0.7414918185339356,0.001364147506763373,nan,0,0,cann_gated_cue,0.7430102855979311,0.0015184670639953879,0.7961706624372497
40.0,0.743960310656583,0.0012131197635365622,0.7459478048003122,1,1,dead_reckoning,0.7461925643447189,0.0022322536881360655,
40.0,0.743960310656583,0.0012131197635365622,0.7459478048003122,1,1,cann_no_cue,0.7461925640549533,0.0022322533983700765,0.7961706624333785
40.0,0.743960310656583,0.0012131197635365622,0.7459478048003122,1,1,cann_sparse_cue,0.7465775653027983,0.0026172546462150947,0.8236435767800376
40.0,0.743960310656583,0.0012131197635365622,0.7459478048003122,1,1,cann_gated_cue,0.7465775653027983,0.0026172546462150947,0.8236435767800376
42.0,0.7464438154796883,0.0011318362766095129,nan,0,0,dead_reckoning,0.7486188038717921,0.002174988392103838,
42.0,0.7464438154796883,0.0011318362766095129,nan,0,0,cann_no_cue,0.7486188035818736,0.0021749881021850825,0.7961706624210604
42.0,0.7464438154796883,0.0011318362766095129,nan,0,0,cann_sparse_cue,0.7490001821372108,0.0025563666575223465,0.7961706624210605
42.0,0.7464438154796883,0.0011318362766095129,nan,0,0,cann_gated_cue,0.7490001821372108,0.0025563666575223465,0.7961706624210605
44.0,0.7489416503725812,0.0013803964447324487,nan,0,0,dead_reckoning,0.7508824764250112,0.0019408260524298449,
44.0,0.7489416503725812,0.0013803964447324487,nan,0,0,cann_no_cue,0.7508824761349697,0.0019408257623885206,0.7961706624150281
44.0,0.7489416503725812,0.0013803964447324487,nan,0,0,cann_sparse_cue,0.7512638546903068,0.0023222043177257845,0.7961706624150285
44.0,0.7489416503725812,0.0013803964447324487,nan,0,0,cann_gated_cue,0.7512638546903068,0.0023222043177257845,0.7961706624150285
46.0,0.7514531075647792,0.0015030129205259996,nan,0,0,dead_reckoning,0.753643269314476,0.002190161749696884,
46.0,0.7514531075647792,0.0015030129205259996,nan,0,0,cann_no_cue,0.753643269024214,0.0021901614594348473,0.79617066243479
46.0,0.7514531075647792,0.0015030129205259996,nan,0,0,cann_sparse_cue,0.7540246475795511,0.0025715400147721112,0.7961706624347902
46.0,0.7514531075647792,0.0015030129205259996,nan,0,0,cann_gated_cue,0.7540246475795511,0.0025715400147721112,0.7961706624347902
48.0,0.7539774553876584,0.0013265776063404768,nan,0,0,dead_reckoning,0.756649295155528,0.002671839767869777,
48.0,0.7539774553876584,0.0013265776063404768,nan,0,0,cann_no_cue,0.7566492948649792,0.0026718394773208587,0.7961706624459791
48.0,0.7539774553876584,0.0013265776063404768,nan,0,0,cann_sparse_cue,0.7570306734203164,0.0030532180326581226,0.7961706624459788
48.0,0.7539774553876584,0.0013265776063404768,nan,0,0,cann_gated_cue,0.7570306734203164,0.0030532180326581226,0.7961706624459788
50.0,0.7565139395580479,0.001425606564816494,nan,0,0,dead_reckoning,0.759302450368209,0.002788510810161071,
50.0,0.7565139395580479,0.001425606564816494,nan,0,0,cann_no_cue,0.7593024500774603,0.0027885105194123128,0.7961706624301795
50.0,0.7565139395580479,0.001425606564816494,nan,0,0,cann_sparse_cue,0.759683828632798,0.003169889074750021,0.7961706624301795
50.0,0.7565139395580479,0.001425606564816494,nan,0,0,cann_gated_cue,0.759683828632798,0.003169889074750021,0.7961706624301795
52.0,0.7590617845014996,0.0012885734832558287,nan,0,0,dead_reckoning,0.762153663497842,0.0030918789963423343,
52.0,0.7590617845014996,0.0012885734832558287,nan,0,0,cann_no_cue,0.7621536632068491,0.003091878705349327,0.7961706624388049
52.0,0.7590617845014996,0.0012885734832558287,nan,0,0,cann_sparse_cue,0.7625350417621866,0.003473257260687035,0.7961706624388047
52.0,0.7590617845014996,0.0012885734832558287,nan,0,0,cann_gated_cue,0.7625350417621866,0.003473257260687035,0.7961706624388047
54.0,0.7616201947129091,0.0013663211358123147,nan,0,0,dead_reckoning,0.7647308104643536,0.0031106157514444455,
54.0,0.7616201947129091,0.0013663211358123147,nan,0,0,cann_no_cue,0.7647308101731782,0.0031106154602689173,0.7961706624270343
54.0,0.7616201947129091,0.0013663211358123147,nan,0,0,cann_sparse_cue,0.765112188728516,0.0034919940156070695,0.796170662427034
54.0,0.7616201947129091,0.0013663211358123147,nan,0,0,cann_gated_cue,0.765112188728516,0.0034919940156070695,0.796170662427034
56.0,0.7641883561521018,0.0013058900860784543,nan,0,0,dead_reckoning,0.7674634527359783,0.003275096583876369,
56.0,0.7641883561521018,0.0013058900860784543,nan,0,0,cann_no_cue,0.7674634524445876,0.0032750962924859017,0.7961706624335666
56.0,0.7641883561521018,0.0013058900860784543,nan,0,0,cann_sparse_cue,0.7678448309999254,0.0036564748478236098,0.7961706624335666
56.0,0.7641883561521018,0.0013058900860784543,nan,0,0,cann_gated_cue,0.7678448309999254,0.0036564748478236098,0.7961706624335666
58.0,0.766765437671936,0.0014131722236193178,nan,0,0,dead_reckoning,0.7700752329081352,0.003309795236199342,
58.0,0.766765437671936,0.0014131722236193178,nan,0,0,cann_no_cue,0.7700752326165552,0.0033097949446192487,0.7961706624284558
58.0,0.766765437671936,0.0014131722236193178,nan,0,0,cann_sparse_cue,0.7704566111718935,0.003691173499957401,0.796170662428456
58.0,0.766765437671936,0.0014131722236193178,nan,0,0,cann_gated_cue,0.7704566111718935,0.003691173499957401,0.796170662428456
60.0,0.7693505924764173,0.0010969693207594786,0.7695927921319523,1,1,dead_reckoning,0.7729015773553738,0.0035509848789563314,
60.0,0.7693505924764173,0.0010969693207594786,0.7695927921319523,1,1,cann_no_cue,0.7729015770635559,0.0035509845871386503,0.7961706624376876
60.0,0.7693505924764173,0.0010969693207594786,0.7695927921319523,1,1,cann_sparse_cue,0.7703345113023051,0.0009839188258879972,0.8236435692981469
60.0,0.7693505924764173,0.0010969693207594786,0.7695927921319523,1,1,cann_gated_cue,0.7703345113023051,0.0009839188258879972,0.8236435692981469
62.0,0.7719429596062675,0.0014750435439728217,nan,0,0,dead_reckoning,0.7750955159968927,0.003152556390625172,
62.0,0.7719429596062675,0.0014750435439728217,nan,0,0,cann_no_cue,0.7750955157049612,0.003152556098693804,0.7961706624125691
62.0,0.7719429596062675,0.0014750435439728217,nan,0,0,cann_sparse_cue,0.7725244819371221,0.0005815223308545114,0.796170662412569
62.0,0.7719429596062675,0.0014750435439728217,nan,0,0,cann_gated_cue,0.7725244819371221,0.0005815223308545114,0.796170662412569
64.0,0.774541665449338,0.0013244212692811053,nan,0,0,dead_reckoning,0.7780456030848384,0.003503937635500165,
64.0,0.774541665449338,0.0013244212692811053,nan,0,0,cann_no_cue,0.7780456027926387,0.003503937343300567,0.7961706624433428
64.0,0.774541665449338,0.0013244212692811053,nan,0,0,cann_sparse_cue,0.775474569024799,0.0009329035754612747,0.796170662443343
64.0,0.774541665449338,0.0013244212692811053,nan,0,0,cann_gated_cue,0.775474569024799,0.0009329035754612747,0.796170662443343
66.0,0.777145825273224,0.0014320907171006224,nan,0,0,dead_reckoning,0.7806944456234006,0.00354862035017689,
66.0,0.777145825273224,0.0014320907171006224,nan,0,0,cann_no_cue,0.7806944453310026,0.003548620057778784,0.7961706624299988
66.0,0.777145825273224,0.0014320907171006224,nan,0,0,cann_sparse_cue,0.7781234115631632,0.0009775862899390475,0.7961706624299986
66.0,0.777145825273224,0.0014320907171006224,nan,0,0,cann_gated_cue,0.7781234115631632,0.0009775862899390475,0.7961706624299986
68.0,0.7797545447773845,0.0013129948428989935,nan,0,0,dead_reckoning,0.7835586270576018,0.0038040822802174468,
68.0,0.7797545447773845,0.0013129948428989935,nan,0,0,cann_no_cue,0.7835586267649561,0.0038040819875715393,0.7961706624393913
68.0,0.7797545447773845,0.0013129948428989935,nan,0,0,cann_sparse_cue,0.7809875929971165,0.0012330482197322468,0.7961706624393909
68.0,0.7797545447773845,0.0013129948428989935,nan,0,0,cann_gated_cue,0.7809875929971165,0.0012330482197322468,0.7961706624393909
70.0,0.7823669216620504,0.001431432383030501,nan,0,0,dead_reckoning,0.7861846167433998,0.003817695081349548,
70.0,0.7823669216620504,0.001431432383030501,nan,0,0,cann_no_cue,0.7861846164505613,0.003817694788510906,0.7961706624290449
70.0,0.7823669216620504,0.001431432383030501,nan,0,0,cann_sparse_cue,0.7836135826827217,0.0012466610206711692,0.7961706624290449
70.0,0.7823669216620504,0.001431432383030501,nan,0,0,cann_gated_cue,0.7836135826827217,0.0012466610206711692,0.7961706624290449
72.0,0.7849820472111642,0.0011860111981542051,nan,0,0,dead_reckoning,0.7890474815094608,0.004065434298296644,
72.0,0.7849820472111642,0.0011860111981542051,nan,0,0,cann_no_cue,0.7890474812163748,0.004065434005210644,0.7961706624393314
72.0,0.7849820472111642,0.0011860111981542051,nan,0,0,cann_sparse_cue,0.7864764474485354,0.0014944002373713516,0.7961706624393315
72.0,0.7849820472111642,0.0011860111981542051,nan,0,0,cann_gated_cue,0.7864764474485354,0.0014944002373713516,0.7961706624393315
74.0,0.7875990078865768,0.0015805746618554588,nan,0,0,dead_reckoning,0.7914195039057692,0.003820496019192543,
74.0,0.7875990078865768,0.0015805746618554588,nan,0,0,cann_no_cue,0.7914195036125403,0.0038204957259635464,0.7961706624190023
74.0,0.7875990078865768,0.0015805746618554588,nan,0,0,cann_sparse_cue,0.7888484698447009,0.0012494619581242539,0.7961706624190024
74.0,0.7875990078865768,0.0015805746618554588,nan,0,0,cann_gated_cue,0.7888484698447009,0.0012494619581242539,0.7961706624190024
76.0,0.7902168869307042,0.0010795735672418907,nan,0,0,dead_reckoning,0.7945806532294801,0.004363766298776106,
76.0,0.7902168869307042,0.0010795735672418907,nan,0,0,cann_no_cue,0.7945806529359207,0.004363766005216263,0.7961706624535477
76.0,0.7902168869307042,0.0010795735672418907,nan,0,0,cann_sparse_cue,0.7920096191680814,0.0017927322373774146,0.796170662453548
76.0,0.7902168869307042,0.0010795735672418907,nan,0,0,cann_gated_cue,0.7920096191680814,0.0017927322373774146,0.796170662453548
78.0,0.7928347659748316,0.0012024299901531729,nan,0,0,dead_reckoning,0.7967398003639639,0.003905034389132034,
78.0,0.7928347659748316,0.0012024299901531729,nan,0,0,cann_no_cue,0.7967398000702947,0.0039050340954629448,0.7961706624113707
78.0,0.7928347659748316,0.0012024299901531729,nan,0,0,cann_sparse_cue,0.7941687663024555,0.0013340003276240964,0.7961706624113708
78.0,0.7928347659748316,0.0012024299901531729,nan,0,0,cann_gated_cue,0.7941687663024555,0.0013340003276240964,0.7961706624113708
80.0,0.7954517266502443,0.0014178098827364817,0.7961174989287473,1,1,dead_reckoning,0.7991446603442702,0.0036929336940261237,
80.0,0.7954517266502443,0.0014178098827364817,0.7961174989287473,1,1,cann_no_cue,0.7991446600504551,0.0036929334002109293,0.7961706624202434
80.0,0.7954517266502443,0.0014178098827364817,0.7961174989287473,1,1,cann_sparse_cue,0.7966872476555423,0.0012355210052978904,0.8236435797857649
80.0,0.7954517266502443,0.0014178098827364817,0.7961174989287473,1,1,cann_gated_cue,0.7966872476555423,0.0012355210052978904,0.8236435797857649
82.0,0.798066852199358,0.0016380917452847581,nan,0,0,dead_reckoning,0.8019802801097432,0.003913427910385181,
82.0,0.798066852199358,0.0016380917452847581,nan,0,0,cann_no_cue,0.8019802798156889,0.0039134276163306225,0.7961706624381031
82.0,0.798066852199358,0.0016380917452847581,nan,0,0,cann_sparse_cue,0.7995192771909747,0.0014524249916165743,0.7961706624381034
82.0,0.798066852199358,0.0016380917452847581,nan,0,0,cann_gated_cue,0.7995192771909747,0.0014524249916165743,0.7961706624381034
84.0,0.8006792290840239,0.0014361350722086482,nan,0,0,dead_reckoning,0.8052564636003128,0.004577234516288886,
84.0,0.8006792290840239,0.0014361350722086482,nan,0,0,cann_no_cue,0.805256463305888,0.004577234221863957,0.7961706624594067
84.0,0.8006792290840239,0.0014361350722086482,nan,0,0,cann_sparse_cue,0.8027954606811739,0.002116231597149909,0.7961706624594068
84.0,0.8006792290840239,0.0014361350722086482,nan,0,0,cann_gated_cue,0.8027954606811739,0.002116231597149909,0.7961706624594068
86.0,0.8032879485881844,0.0013459018194842975,nan,0,0,dead_reckoning,0.80812873374473,0.004840785156545735,
86.0,0.8032879485881844,0.0013459018194842975,nan,0,0,cann_no_cue,0.808128733450052,0.004840784861867675,0.7961706624397582
86.0,0.8032879485881844,0.0013459018194842975,nan,0,0,cann_sparse_cue,0.805667730825338,0.002379782237153627,0.796170662439758
86.0,0.8032879485881844,0.0013459018194842975,nan,0,0,cann_gated_cue,0.805667730825338,0.002379782237153627,0.796170662439758
88.0,0.8058921084120704,0.001139023360482682,nan,0,0,dead_reckoning,0.8108205373836986,0.004928428971628485,
88.0,0.8058921084120704,0.001139023360482682,nan,0,0,cann_no_cue,0.8108205370888132,0.004928428676742591,0.7961706624318138
88.0,0.8058921084120704,0.001139023360482682,nan,0,0,cann_sparse_cue,0.8083595344640992,0.002467426052028987,0.7961706624318137
88.0,0.8058921084120704,0.001139023360482682,nan,0,0,cann_gated_cue,0.8083595344640992,0.002467426052028987,0.7961706624318137
90.0,0.8084908142551409,0.0013496453880173136,nan,0,0,dead_reckoning,0.813098584104664,0.004607769849522825,
90.0,0.8084908142551409,0.0013496453880173136,nan,0,0,cann_no_cue,0.8130985838096522,0.004607769554511254,0.7961706624155449
90.0,0.8084908142551409,0.0013496453880173136,nan,0,0,cann_sparse_cue,0.8106375811849386,0.00214676692979765,0.7961706624155447
90.0,0.8084908142551409,0.0013496453880173136,nan,0,0,cann_gated_cue,0.8106375811849386,0.00214676692979765,0.7961706624155447
92.0,0.811083181384991,0.0013831516806818336,nan,0,0,dead_reckoning,0.8157978748806987,0.004714693495707856,
92.0,0.811083181384991,0.0013831516806818336,nan,0,0,cann_no_cue,0.8157978745854806,0.0047146932004897835,0.796170662432133
92.0,0.811083181384991,0.0013831516806818336,nan,0,0,cann_sparse_cue,0.8133368719607668,0.0022536905757757353,0.796170662432133
92.0,0.811083181384991,0.0013831516806818336,nan,0,0,cann_gated_cue,0.8133368719607668,0.0022536905757757353,0.796170662432133
94.0,0.8136683361894725,0.0016873210090816758,nan,0,0,dead_reckoning,0.8185641782420623,0.0048958420525897495,
94.0,0.8136683361894725,0.0016873210090816758,nan,0,0,cann_no_cue,0.8185641779466203,0.004895841757147856,0.796170662435031
94.0,0.8136683361894725,0.0016873210090816758,nan,0,0,cann_sparse_cue,0.8161031753219068,0.002434839132434252,0.7961706624350312
94.0,0.8136683361894725,0.0016873210090816758,nan,0,0,cann_gated_cue,0.8161031753219068,0.002434839132434252,0.7961706624350312
96.0,0.8162454177093067,0.0015052762490778433,nan,0,0,dead_reckoning,0.8219388202602257,0.005693402550918769,
96.0,0.8162454177093067,0.0015052762490778433,nan,0,0,cann_no_cue,0.8219388199643801,0.005693402255073643,0.7961706624645877
96.0,0.8162454177093067,0.0015052762490778433,nan,0,0,cann_sparse_cue,0.8194778173396666,0.003232399630360039,0.7961706624645875
96.0,0.8162454177093067,0.0015052762490778433,nan,0,0,cann_gated_cue,0.8194778173396666,0.003232399630360039,0.7961706624645875
98.0,0.8188135791484993,0.0011314343059209205,nan,0,0,dead_reckoning,0.8249493727583813,0.006135793609882256,
98.0,0.8188135791484993,0.0011314343059209205,nan,0,0,cann_no_cue,0.8249493724622446,0.0061357933137453635,0.7961706624461944
98.0,0.8188135791484993,0.0011314343059209205,nan,0,0,cann_sparse_cue,0.8224883698375307,0.0036747906890313153,0.7961706624461947
98.0,0.8188135791484993,0.0011314343059209205,nan,0,0,cann_gated_cue,0.8224883698375307,0.0036747906890313153,0.7961706624461947
100.0,0.8213719893599087,0.0017485326300073873,0.821557621135998,1,1,dead_reckoning,0.8272122413702232,0.005840252010314462,
100.0,0.8213719893599087,0.0017485326300073873,0.821557621135998,1,1,cann_no_cue,0.8272122410739613,0.005840251714052336,0.7961706624149997
100.0,0.8213719893599087,0.0017485326300073873,0.821557621135998,1,1,cann_sparse_cue,0.8221569346534305,0.0007849452935220214,0.8236435778073226
100.0,0.8213719893599087,0.0017485326300073873,0.821557621135998,1,1,cann_gated_cue,0.8221569346534305,0.0007849452935220214,0.8236435778073226
102.0,0.8239198343033605,0.0013142054210466905,nan,0,0,dead_reckoning,0.830709306630238,0.006789472326877544,
102.0,0.8239198343033605,0.0013142054210466905,nan,0,0,cann_no_cue,0.8307093063335299,0.006789472030169552,0.7961706624712434
102.0,0.8239198343033605,0.0013142054210466905,nan,0,0,cann_sparse_cue,0.8256499602301448,0.0017301259267843427,0.7961706624712434
102.0,0.8239198343033605,0.0013142054210466905,nan,0,0,cann_gated_cue,0.8256499602301448,0.0017301259267843427,0.7961706624712434
104.0,0.82645631847375,0.001223562811751402,nan,0,0,dead_reckoning,0.8333377174723313,0.006881398998581201,
104.0,0.82645631847375,0.001223562811751402,nan,0,0,cann_no_cue,0.8333377171754266,0.006881398701676478,0.7961706624291456
104.0,0.82645631847375,0.001223562811751402,nan,0,0,cann_sparse_cue,0.8282783710720415,0.0018220525982917124,0.7961706624291458
104.0,0.82645631847375,0.001223562811751402,nan,0,0,cann_gated_cue,0.8282783710720415,0.0018220525982917124,0.7961706624291458
106.0,0.8289806662966291,0.0016312579971750445,nan,0,0,dead_reckoning,0.8357848430958341,0.006804176799204864,
106.0,0.8289806662966291,0.0016312579971750445,nan,0,0,cann_no_cue,0.835784842798774,0.00680417650214471,0.7961706624218656
106.0,0.8289806662966291,0.0016312579971750445,nan,0,0,cann_sparse_cue,0.8307254966953891,0.0017448303987599445,0.7961706624218657
106.0,0.8289806662966291,0.0016312579971750445,nan,0,0,cann_gated_cue,0.8307254966953891,0.0017448303987599445,0.7961706624218657
108.0,0.8314921234888273,0.0013519976739959838,nan,0,0,dead_reckoning,0.8390473590901842,0.007555235601357069,
108.0,0.8314921234888273,0.0013519976739959838,nan,0,0,cann_no_cue,0.8390473587927607,0.0075552353039336495,0.7961706624586997
108.0,0.8314921234888273,0.0013519976739959838,nan,0,0,cann_sparse_cue,0.8339880126893755,0.00249588920054844,0.7961706624586993
108.0,0.8314921234888273,0.0013519976739959838,nan,0,0,cann_gated_cue,0.8339880126893755,0.00249588920054844,0.7961706624586993
110.0,0.8339899583817201,0.0012913433416077964,nan,0,0,dead_reckoning,0.8417513544381762,0.0077613960564559825,
110.0,0.8339899583817201,0.0012913433416077964,nan,0,0,cann_no_cue,0.8417513541405406,0.007761395758820733,0.7961706624323344
110.0,0.8339899583817201,0.0012913433416077964,nan,0,0,cann_sparse_cue,0.8366920080371555,0.0027020496554355233,0.7961706624323344
110.0,0.8339899583817201,0.0012913433416077964,nan,0,0,cann_gated_cue,0.8366920080371555,0.0027020496554355233,0.7961706624323344
112.0,0.8364734632048254,0.0013882682382772677,nan,0,0,dead_reckoning,0.8443340411213918,0.007860577916566136,
112.0,0.8364734632048254,0.0013882682382772677,nan,0,0,cann_no_cue,0.8443340408235734,0.007860577618747921,0.7961706624272605
112.0,0.8364734632048254,0.0013882682382772677,nan,0,0,cann_sparse_cue,0.8392746947201883,0.002801231515363156,0.7961706624272604
112.0,0.8364734632048254,0.0013882682382772677,nan,0,0,cann_gated_cue,0.8392746947201883,0.002801231515363156,0.7961706624272604
114.0,0.8389419553274728,0.001493145333448213,nan,0,0,dead_reckoning,0.8471105775979464,0.008168622270473769,
114.0,0.8389419553274728,0.001493145333448213,nan,0,0,cann_no_cue,0.8471105772999027,0.008168621972429957,0.7961706624354797
114.0,0.8389419553274728,0.001493145333448213,nan,0,0,cann_sparse_cue,0.8420512311965171,0.0031092758690443034,0.7961706624354798
114.0,0.8389419553274728,0.001493145333448213,nan,0,0,cann_gated_cue,0.8420512311965171,0.0031092758690443034,0.7961706624354798
116.0,0.8413947784563696,0.0015050599557791156,nan,0,0,dead_reckoning,0.8500968682648428,0.00870208980847309,
116.0,0.8413947784563696,0.0015050599557791156,nan,0,0,cann_no_cue,0.8500968679665177,0.00870208951014817,0.7961706624450434
116.0,0.8413947784563696,0.0015050599557791156,nan,0,0,cann_sparse_cue,0.8450375218631326,0.0036427434067629605,0.7961706624450431
116.0,0.8413947784563696,0.0015050599557791156,nan,0,0,cann_gated_cue,0.8450375218631326,0.0036427434067629605,0.7961706624450431
118.0,0.8438313037869627,0.001079956460233402,nan,0,0,dead_reckoning,0.853106988176401,0.009275684389438155,
118.0,0.8438313037869627,0.001079956460233402,nan,0,0,cann_no_cue,0.8531069878777873,0.009275684090824576,0.7961706624461737
118.0,0.8438313037869627,0.001079956460233402,nan,0,0,cann_sparse_cue,0.8480476417744023,0.004216337987439367,0.7961706624461738
118.0,0.8438313037869627,0.001079956460233402,nan,0,0,cann_gated_cue,0.8480476417744023,0.004216337987439367,0.7961706624461738
120.0,0.8462509311065752,0.0016578866068469923,0.8469342119457248,1,1,dead_reckoning,0.8552669010968678,0.009015969990292305,
120.0,0.8462509311065752,0.0016578866068469923,0.8469342119457248,1,1,cann_no_cue,0.855266900798145,0.009015969691569925,0.7961706624113967
120.0,0.8462509311065752,0.0016578866068469923,0.8469342119457248,1,1,cann_sparse_cue,0.8475114029355649,0.0012604718289894734,0.8236435789411282
120.0,0.8462509311065752,0.0016578866068469923,0.8469342119457248,1,1,cann_gated_cue,0.8475114029355649,0.0012604718289894734,0.8236435789411282
122.0,0.8486530898473835,0.0014595652922629759,nan,0,0,dead_reckoning,0.8585826743105618,0.009929584463178376,
122.0,0.8486530898473835,0.0014595652922629759,nan,0,0,cann_no_cue,0.8585826740114589,0.009929584164075411,0.7961706624614715
122.0,0.8486530898473835,0.0014595652922629759,nan,0,0,cann_sparse_cue,0.8508233096966011,0.002170219849217503,0.7961706624614713
122.0,0.8486530898473835,0.0014595652922629759,nan,0,0,cann_gated_cue,0.8508233096966011,0.002170219849217503,0.7961706624614713
124.0,0.8510372400873869,0.00122745173725417,nan,0,0,dead_reckoning,0.8615018048950878,0.01046456480770086,
124.0,0.8510372400873869,0.00122745173725417,nan,0,0,cann_no_cue,0.8615018045957191,0.01046456450833233,0.7961706624419056
124.0,0.8510372400873869,0.00122745173725417,nan,0,0,cann_sparse_cue,0.8537424402808611,0.0027052001934739778,0.7961706624419057
124.0,0.8510372400873869,0.00122745173725417,nan,0,0,cann_gated_cue,0.8537424402808611,0.0027052001934739778,0.7961706624419057
126.0,0.8534028734976148,0.001138807290788928,nan,0,0,dead_reckoning,0.863956708369596,0.010553834871981138,
126.0,0.8534028734976148,0.001138807290788928,nan,0,0,cann_no_cue,0.8639567080700691,0.010553834572454512,0.7961706624221673
126.0,0.8534028734976148,0.001138807290788928,nan,0,0,cann_sparse_cue,0.8561973437552111,0.00279447025759616,0.7961706624221674
126.0,0.8534028734976148,0.001138807290788928,nan,0,0,cann_gated_cue,0.8561973437552111,0.00279447025759616,0.7961706624221674
128.0,0.8557495142339075,0.0011044721866936564,nan,0,0,dead_reckoning,0.8662343229511739,0.010484808717266425,
128.0,0.8557495142339075,0.0011044721866936564,nan,0,0,cann_no_cue,0.8662343226515218,0.010484808417614122,0.7961706624155289
128.0,0.8557495142339075,0.0011044721866936564,nan,0,0,cann_sparse_cue,0.8584749583366639,0.0027254441027562137,0.7961706624155291
128.0,0.8557495142339075,0.0011044721866936564,nan,0,0,cann_gated_cue,0.8584749583366639,0.0027254441027562137,0.7961706624155291
130.0,0.85807671977171,0.0012839320940193943,nan,0,0,dead_reckoning,0.8684432673245612,0.01036654755285138,
130.0,0.85807671977171,0.0012839320940193943,nan,0,0,cann_no_cue,0.868443267024795,0.010366547253084946,0.796170662413092
130.0,0.85807671977171,0.0012839320940193943,nan,0,0,cann_sparse_cue,0.8606839027099371,0.0026071829382270373,0.7961706624130914
130.0,0.85807671977171,0.0012839320940193943,nan,0,0,cann_gated_cue,0.8606839027099371,0.0026071829382270373,0.7961706624130914
132.0,0.8603840816824087,0.0011470065651929082,nan,0,0,dead_reckoning,0.8710111315126,0.01062704983019147,
132.0,0.8603840816824087,0.0011470065651929082,nan,0,0,cann_no_cue,0.8710111312126563,0.010627049530247845,0.7961706624266562
132.0,0.8603840816824087,0.0011470065651929082,nan,0,0,cann_sparse_cue,0.8632517668977984,0.0028676852153894927,0.7961706624266565
132.0,0.8603840816824087,0.0011470065651929082,nan,0,0,cann_gated_cue,0.8632517668977984,0.0028676852153894927,0.7961706624266565
134.0,0.8626712263498552,0.0011228513686166498,nan,0,0,dead_reckoning,0.8733051446429858,0.010633918293130762,
134.0,0.8626712263498552,0.0011228513686166498,nan,0,0,cann_no_cue,0.873305144342914,0.010633917993058795,0.7961706624161223
134.0,0.8626712263498552,0.0011228513686166498,nan,0,0,cann_sparse_cue,0.8655457800280556,0.002874553678200442,0.7961706624161221
134.0,0.8626712263498552,0.0011228513686166498,nan,0,0,cann_gated_cue,0.8655457800280556,0.002874553678200442,0.7961706624161221
136.0,0.8649378156258158,0.0013906354926752004,nan,0,0,dead_reckoning,0.8755508473802192,0.010613031754403313,
136.0,0.8649378156258158,0.0013906354926752004,nan,0,0,cann_no_cue,0.8755508470800275,0.010613031454211885,0.7961706624143869
136.0,0.8649378156258158,0.0013906354926752004,nan,0,0,cann_sparse_cue,0.8677914827651693,0.002853667139353533,0.7961706624143873
136.0,0.8649378156258158,0.0013906354926752004,nan,0,0,cann_gated_cue,0.8677914827651693,0.002853667139353533,0.7961706624143873
138.0,0.8671835474231981,0.0012912346987972898,nan,0,0,dead_reckoning,0.8783321183655695,0.011148570942371094,
138.0,0.8671835474231981,0.0012912346987972898,nan,0,0,cann_no_cue,0.8783321180651527,0.011148570641954514,0.7961706624356879
138.0,0.8671835474231981,0.0012912346987972898,nan,0,0,cann_sparse_cue,0.8705727537502945,0.0033892063270961614,0.7961706624356878
138.0,0.8671835474231981,0.0012912346987972898,nan,0,0,cann_gated_cue,0.8705727537502945,0.0033892063270961614,0.7961706624356878
140.0,0.8694081562460145,0.001148321154011148,0.955502552890892,1,0,dead_reckoning,0.8809145877631641,0.011506431517149807,
140.0,0.8694081562460145,0.001148321154011148,0.955502552890892,1,0,cann_no_cue,0.8809145874625641,0.011506431216549373,0.7961706624272518
140.0,0.8694081562460145,0.001148321154011148,0.955502552890892,1,0,cann_sparse_cue,0.9542137156960121,0.08480555944999768,0.8236434852261016
140.0,0.8694081562460145,0.001148321154011148,0.955502552890892,1,0,cann_gated_cue,0.8731552231477062,0.003747066901691909,0.7961706624272515
142.0,0.8716114136551525,0.0013379410550505599,nan,0,0,dead_reckoning,0.8832112300711864,0.011599816416033804,
142.0,0.8716114136551525,0.0013379410550505599,nan,0,0,cann_no_cue,0.8832112297704576,0.011599816115305028,0.7961706624162179
142.0,0.8716114136551525,0.0013379410550505599,nan,0,0,cann_sparse_cue,0.9565147226899009,0.08490330903474863,0.7961706624162179
142.0,0.8716114136551525,0.0013379410550505599,nan,0,0,cann_gated_cue,0.8754518654555996,0.00384045180044712,0.7961706624162178
144.0,0.8737931286691343,0.0014425515668577858,nan,0,0,dead_reckoning,0.8858871121812875,0.012093983512153184,
144.0,0.8737931286691343,0.0014425515668577858,nan,0,0,cann_no_cue,0.8858871118803576,0.012093983211223236,0.7961706624311378
144.0,0.8737931286691343,0.0014425515668577858,nan,0,0,cann_sparse_cue,0.9591906047998008,0.0853974761306664,0.7961706624311379
144.0,0.8737931286691343,0.0014425515668577858,nan,0,0,cann_gated_cue,0.8781277475654995,0.004334618896365328,0.7961706624311381
146.0,0.8759531480991635,0.0009989176558886275,nan,0,0,dead_reckoning,0.8887722153150031,0.012819067215839475,
146.0,0.8759531480991635,0.0009989176558886275,nan,0,0,cann_no_cue,0.88877221501382,0.012819066914656396,0.7961706624403428
146.0,0.8759531480991635,0.0009989176558886275,nan,0,0,cann_sparse_cue,0.9620757079332632,0.08612255983409955,0.796170662440343
146.0,0.8759531480991635,0.0009989176558886275,nan,0,0,cann_gated_cue,0.8810128506989618,0.005059702599798488,0.7961706624403428
148.0,0.8780913568178702,0.0010826996397936472,nan,0,0,dead_reckoning,0.8907700506267803,0.012678693808910069,
148.0,0.8780913568178702,0.0010826996397936472,nan,0,0,cann_no_cue,0.8907700503255106,0.012678693507640393,0.7961706624060655
148.0,0.8780913568178702,0.0010826996397936472,nan,0,0,cann_sparse_cue,0.9640735432449534,0.08598218642708311,0.796170662406065
148.0,0.8780913568178702,0.0010826996397936472,nan,0,0,cann_gated_cue,0.8830106860106522,0.00491932919278204,0.7961706624060655
150.0,0.8802076779612834,0.0013350311078939828,nan,0,0,dead_reckoning,0.8929354499063675,0.012727771945084232,
150.0,0.8802076779612834,0.0013350311078939828,nan,0,0,cann_no_cue,0.8929354496049913,0.012727771643707975,0.7961706624115846
150.0,0.8802076779612834,0.0013350311078939828,nan,0,0,cann_sparse_cue,0.9662389425244344,0.08603126456315113,0.7961706624115846
150.0,0.8802076779612834,0.0013350311078939828,nan,0,0,cann_gated_cue,0.8851760852901331,0.004968407328849622,0.7961706624115849
152.0,0.8823020730636766,0.0012817626829595156,nan,0,0,dead_reckoning,0.8956055121221556,0.013303439058478972,
152.0,0.8823020730636766,0.0012817626829595156,nan,0,0,cann_no_cue,0.89560551182058,0.013303438756903319,0.7961706624308916
152.0,0.8823020730636766,0.0012817626829595156,nan,0,0,cann_sparse_cue,0.968909004740023,0.08660693167634648,0.7961706624308919
152.0,0.8823020730636766,0.0012817626829595156,nan,0,0,cann_gated_cue,0.8878461475057217,0.005544074442044966,0.7961706624308916
154.0,0.8843745421250497,0.0011895224183572492,nan,0,0,dead_reckoning,0.8981690374880746,0.013794495363025128,
154.0,0.8843745421250497,0.0011895224183572492,nan,0,0,cann_no_cue,0.8981690371863206,0.01379449506127095,0.7961706624264803
154.0,0.8843745421250497,0.0011895224183572492,nan,0,0,cann_sparse_cue,0.9714725301057636,0.08709798798071411,0.7961706624264803
154.0,0.8843745421250497,0.0011895224183572492,nan,0,0,cann_gated_cue,0.8904096728714621,0.006035130746412598,0.7961706624264802
156.0,0.8864251236111295,0.0013421735782173142,nan,0,0,dead_reckoning,0.9005480823247891,0.01412295871365954,
156.0,0.8864251236111295,0.0013421735782173142,nan,0,0,cann_no_cue,0.900548082022892,0.01412295841176281,0.7961706624192659
156.0,0.8864251236111295,0.0013421735782173142,nan,0,0,cann_sparse_cue,0.9738515749423351,0.08742645133120552,0.7961706624192662
156.0,0.8864251236111295,0.0013421735782173142,nan,0,0,cann_gated_cue,0.8927887177080338,0.006363594096904457,0.7961706624192662
158.0,0.8884538943858866,0.0009484011240158004,nan,0,0,dead_reckoning,0.9032324294812237,0.014778535095337109,
158.0,0.8884538943858866,0.0009484011240158004,nan,0,0,cann_no_cue,0.9032324291791234,0.014778534793236986,0.7961706624314967
158.0,0.8884538943858866,0.0009484011240158004,nan,0,0,cann_sparse_cue,0.9765359220985665,0.08808202771268014,0.7961706624314966
158.0,0.8884538943858866,0.0009484011240158004,nan,0,0,cann_gated_cue,0.8954730648642651,0.0070191704783786335,0.7961706624314965
160.0,0.8904609695766912,0.0008703310817492521,0.8900852770092358,1,1,dead_reckoning,0.9051292317292553,0.014668262152564004,
160.0,0.8904609695766912,0.0008703310817492521,0.8900852770092358,1,1,cann_no_cue,0.905129231427081,0.014668261850389719,0.7961706624029522
160.0,0.8904609695766912,0.0008703310817492521,0.8900852770092358,1,1,cann_sparse_cue,0.8925537378748674,0.002092768298176395,0.8236432602279931
160.0,0.8904609695766912,0.0008703310817492521,0.8900852770092358,1,1,cann_gated_cue,0.8906929877480555,0.00023201817136442315,0.8236435766111041
162.0,0.8924465023723397,0.0009634537782390433,nan,0,0,dead_reckoning,0.9068698938927537,0.014423391520414164,
162.0,0.8924465023723397,0.0009634537782390433,nan,0,0,cann_no_cue,0.9068698935905244,0.014423391218184811,0.7961706623984584
162.0,0.8924465023723397,0.0009634537782390433,nan,0,0,cann_sparse_cue,0.894283459719851,0.0018369573475114365,0.7961706623984588
162.0,0.8924465023723397,0.0009634537782390433,nan,0,0,cann_gated_cue,0.8924304028756672,-1.6099496672694613e-05,0.7961706623984588
164.0,0.8944106837543097,0.001123650478126649,nan,0,0,dead_reckoning,0.9087968014492319,0.014386117694922262,
164.0,0.8944106837543097,0.001123650478126649,nan,0,0,cann_no_cue,0.9087968011469277,0.014386117392618303,0.7961706624038628
164.0,0.8944106837543097,0.001123650478126649,nan,0,0,cann_sparse_cue,0.8962103672762541,0.001799683521944484,0.7961706624038629
164.0,0.8944106837543097,0.001123650478126649,nan,0,0,cann_gated_cue,0.8943573104320707,-5.337332223920299e-05,0.796170662403863
166.0,0.8963537421617138,0.0009475039230643813,nan,0,0,dead_reckoning,0.9110441024054852,0.014690360243771572,
166.0,0.8963537421617138,0.0009475039230643813,nan,0,0,cann_no_cue,0.9110441021030621,0.014690359941348152,0.7961706624144439
166.0,0.8963537421617138,0.0009475039230643813,nan,0,0,cann_sparse_cue,0.8984576682323888,0.0021039260706752216,0.796170662414444
166.0,0.8963537421617138,0.0009475039230643813,nan,0,0,cann_gated_cue,0.8966046113882052,0.00025086922649153465,0.7961706624144439
168.0,0.8982759430905396,0.0009848266559384254,nan,0,0,dead_reckoning,0.912939110251614,0.014663167161074409,
168.0,0.8982759430905396,0.0009848266559384254,nan,0,0,cann_no_cue,0.9129391099491186,0.014663166858579046,0.7961706624028986
168.0,0.8982759430905396,0.0009848266559384254,nan,0,0,cann_sparse_cue,0.900352676078445,0.0020767329879056717,0.7961706624028981
168.0,0.8982759430905396,0.0009848266559384254,nan,0,0,cann_gated_cue,0.8984996192342617,0.00022367614372198474,0.7961706624028984
170.0,0.9001775886278793,0.0008926960709030374,nan,0,0,dead_reckoning,0.9149087635634908,0.014731174935611602,
170.0,0.9001775886278793,0.0008926960709030374,nan,0,0,cann_no_cue,0.9149087632609156,0.014731174633036304,0.7961706624051806
170.0,0.9001775886278793,0.0008926960709030374,nan,0,0,cann_sparse_cue,0.902322329390242,0.002144740762362929,0.796170662405181
170.0,0.9001775886278793,0.0008926960709030374,nan,0,0,cann_gated_cue,0.9004692725460582,0.0002916839181787978,0.7961706624051805
172.0,0.9020590169219671,0.00094752751302488,nan,0,0,dead_reckoning,0.9166941557052969,0.014635138783329893,
172.0,0.9020590169219671,0.00094752751302488,nan,0,0,cann_no_cue,0.9166941554026615,0.014635138480694643,0.7961706623997064
172.0,0.9020590169219671,0.00094752751302488,nan,0,0,cann_sparse_cue,0.904107721531988,0.002048704610020824,0.7961706623997064
172.0,0.9020590169219671,0.00094752751302488,nan,0,0,cann_gated_cue,0.9022546646878047,0.00019564776583758103,0.7961706623997065
174.0,0.9039206015889512,0.0008771174117212938,nan,0,0,dead_reckoning,0.9185892107313466,0.014668609142395539,
174.0,0.9039206015889512,0.0008771174117212938,nan,0,0,cann_no_cue,0.9185892104286403,0.014668608839689234,0.7961706624028997
174.0,0.9039206015889512,0.0008771174117212938,nan,0,0,cann_sparse_cue,0.9060027765579669,0.0020821749690158597,0.7961706624028997
174.0,0.9039206015889512,0.0008771174117212938,nan,0,0,cann_gated_cue,0.9041497197137832,0.00022911812483217275,0.7961706624028996
176.0,0.9057627510574447,0.0011033993399827908,nan,0,0,dead_reckoning,0.9203434455547892,0.01458069449734456,
176.0,0.9057627510574447,0.0011033993399827908,nan,0,0,cann_no_cue,0.9203434452520262,0.014580694194581412,0.7961706623988338
176.0,0.9057627510574447,0.0011033993399827908,nan,0,0,cann_sparse_cue,0.9077570113813528,0.001994260323908037,0.796170662398834
176.0,0.9057627510574447,0.0011033993399827908,nan,0,0,cann_gated_cue,0.9059039545371691,0.00014120347972435,0.7961706623988337
178.0,0.9075859078520033,0.0011770789773611287,nan,0,0,dead_reckoning,0.9225502442347548,0.014964336382751409,
178.0,0.9075859078520033,0.0011770789773611287,nan,0,0,cann_no_cue,0.9225502439318797,0.01496433607987635,0.7961706624130168
178.0,0.9075859078520033,0.0011770789773611287,nan,0,0,cann_sparse_cue,0.9099638100612064,0.0023779022092029756,0.7961706624130168
178.0,0.9075859078520033,0.0011770789773611287,nan,0,0,cann_gated_cue,0.9081107532170228,0.0005248453650192886,0.7961706624130168
180.0,0.9093905478167863,0.0009440677284870055,0.9096186194547247,1,1,dead_reckoning,0.924904402189477,0.015513854372690705,
180.0,0.9093905478167863,0.0009440677284870055,0.9096186194547247,1,1,cann_no_cue,0.9249044018864648,0.015513854069678423,0.7961706624183341
180.0,0.9093905478167863,0.0009440677284870055,0.9096186194547247,1,1,cann_sparse_cue,0.9102278641689032,0.0008373163521167015,0.8236435773671112
180.0,0.9093905478167863,0.0009440677284870055,0.9096186194547247,1,1,cann_gated_cue,0.9101854965419037,0.0007949487251175391,0.8236435798638894
182.0,0.9111771792807644,0.0009907844928205374,nan,0,0,dead_reckoning,0.9267925376464511,0.015615358365686838,
182.0,0.9111771792807644,0.0009907844928205374,nan,0,0,cann_no_cue,0.9267925373433671,0.015615358062602613,0.7961706624026925
182.0,0.9111771792807644,0.0009907844928205374,nan,0,0,cann_sparse_cue,0.9121127006067894,0.000935521326025146,0.7961706624026926
182.0,0.9111771792807644,0.0009907844928205374,nan,0,0,cann_gated_cue,0.9120705081602318,0.0008933288794672478,0.7961706624026927
184.0,0.9129463421659383,0.000914964415217175,nan,0,0,dead_reckoning,0.9287741066320921,0.01582776446615375,
184.0,0.9129463421659383,0.000914964415217175,nan,0,0,cann_no_cue,0.9287741063289267,0.015827764162988256,0.7961706624055532
184.0,0.9129463421659383,0.000914964415217175,nan,0,0,cann_sparse_cue,0.914094269592349,0.0011479274264107886,0.7961706624055533
184.0,0.9129463421659383,0.000914964415217175,nan,0,0,cann_gated_cue,0.9140520771457915,0.0011057349798533345,0.7961706624055532
186.0,0.9146986070401315,0.0010973149190728886,nan,0,0,dead_reckoning,0.9306040354625265,0.01590542842239495,
186.0,0.9146986070401315,0.0010973149190728886,nan,0,0,cann_no_cue,0.9306040351592968,0.015905428119165066,0.7961706624009801
186.0,0.9146986070401315,0.0010973149190728886,nan,0,0,cann_sparse_cue,0.915924198422719,0.0012255913825875986,0.7961706624009804
186.0,0.9146986070401315,0.0010973149190728886,nan,0,0,cann_gated_cue,0.9158820059761614,0.0011833989360301445,0.7961706624009804
188.0,0.9164345741160211,0.001013535879093037,nan,0,0,dead_reckoning,0.9327986653006722,0.01636409118465121,
188.0,0.9164345741160211,0.001013535879093037,nan,0,0,cann_no_cue,0.9327986649973321,0.016364090881310744,0.7961706624125929
188.0,0.9164345741160211,0.001013535879093037,nan,0,0,cann_sparse_cue,0.9181188282607546,0.0016842541447337211,0.7961706624125928
188.0,0.9164345741160211,0.001013535879093037,nan,0,0,cann_gated_cue,0.9180766358141967,0.001642061698175823,0.7961706624125928
190.0,0.91815487219816,0.0012738109908616252,nan,0,0,dead_reckoning,0.9348257370588583,0.01667086486069813,
190.0,0.91815487219816,0.0012738109908616252,nan,0,0,cann_no_cue,0.9348257367554302,0.016670864557270182,0.7961706624069964
190.0,0.91815487219816,0.0012738109908616252,nan,0,0,cann_sparse_cue,0.9201459000188527,0.0019910278206927146,0.7961706624069963
190.0,0.91815487219816,0.0012738109908616252,nan,0,0,cann_gated_cue,0.9201037075722949,0.0019488353741348163,0.7961706624069964
192.0,0.9198601575798411,0.0007980119795645316,nan,0,0,dead_reckoning,0.9373733590405816,0.017513201460740646,
192.0,0.9198601575798411,0.0007980119795645316,nan,0,0,cann_no_cue,0.9373733587369807,0.017513201157139502,0.7961706624258372
192.0,0.9198601575798411,0.0007980119795645316,nan,0,0,cann_sparse_cue,0.9226935220004031,0.0028333644205620345,0.7961706624258371
192.0,0.9198601575798411,0.0007980119795645316,nan,0,0,cann_gated_cue,0.9226513295538454,0.0027911719740041363,0.796170662425837
194.0,0.9215511128917346,0.0010427749060469354,nan,0,0,dead_reckoning,0.9389693829997107,0.01741827010797614,
194.0,0.9215511128917346,0.0010427749060469354,nan,0,0,cann_no_cue,0.9389693826960652,0.01741826980433059,0.7961706623946402
194.0,0.9215511128917346,0.0010427749060469354,nan,0,0,cann_sparse_cue,0.924289545959488,0.002738433067753121,0.7961706623946402
194.0,0.9215511128917346,0.0010427749060469354,nan,0,0,cann_gated_cue,0.9242473535129299,0.002696240621195223,0.7961706623946401
196.0,0.923228445904323,0.0010439311066697857,nan,0,0,dead_reckoning,0.9410549328118045,0.017826486907481787,
196.0,0.923228445904323,0.0010439311066697857,nan,0,0,cann_no_cue,0.9410549325080648,0.017826486603741643,0.796170662408899
196.0,0.923228445904323,0.0010439311066697857,nan,0,0,cann_sparse_cue,0.9263750957714879,0.0031466498671650633,0.7961706624088992
196.0,0.923228445904323,0.0010439311066697857,nan,0,0,cann_gated_cue,0.9263329033249295,0.003104457420606721,0.796170662408899
198.0,0.9248928882862302,0.000890544481934731,nan,0,0,dead_reckoning,0.9431427950251441,0.018249906738914135,
198.0,0.9248928882862302,0.000890544481934731,nan,0,0,cann_no_cue,0.9431427947213088,0.01824990643507851,0.7961706624089753
198.0,0.9248928882862302,0.000890544481934731,nan,0,0,cann_sparse_cue,0.9284629579847316,0.003570069698501488,0.7961706624089755
198.0,0.9248928882862302,0.000890544481934731,nan,0,0,cann_gated_cue,0.9284207655381737,0.0035278772519435897,0.7961706624089755
200.0,0.9265451943206271,0.0010521002032974121,nan,0,0,dead_reckoning,0.9449238839890135,0.018378689668386627,
200.0,0.9265451943206271,0.0010521002032974121,nan,0,0,cann_no_cue,0.9449238836851184,0.018378689364491052,0.7961706623995849
200.0,0.9265451943206271,0.0010521002032974121,nan,0,0,cann_sparse_cue,0.9302440469485413,0.003698852627914029,0.796170662399585
200.0,0.9265451943206271,0.0010521002032974121,nan,0,0,cann_gated_cue,0.9302018545019833,0.0036566601813561306,0.7961706623995851
202.0,0.9281861395819617,0.0006987878398290823,nan,0,0,dead_reckoning,0.9470280843956084,0.01884194481364654,
202.0,0.9281861395819617,0.0006987878398290823,nan,0,0,cann_no_cue,0.9470280840916162,0.018841944509654596,0.7961706624095173
202.0,0.9281861395819617,0.0006987878398290823,nan,0,0,cann_sparse_cue,0.9323482473550389,0.004162107773077128,0.7961706624095173
202.0,0.9281861395819617,0.0006987878398290823,nan,0,0,cann_gated_cue,0.9323060549084812,0.004119915326519674,0.7961706624095172
204.0,0.9298165195753387,0.0013139716364367268,nan,0,0,dead_reckoning,0.9484256600752665,0.01860914049992779,
204.0,0.9298165195753387,0.0013139716364367268,nan,0,0,cann_no_cue,0.948425659771245,0.018609140195906093,0.7961706623899399
204.0,0.9298165195753387,0.0013139716364367268,nan,0,0,cann_sparse_cue,0.9337458230346681,0.003929303459329514,0.7961706623899399
204.0,0.9298165195753387,0.0013139716364367268,nan,0,0,cann_gated_cue,0.9337036305881102,0.0038871110127716157,0.79617066238994
206.0,0.9314371483409325,0.0007001761196194068,nan,0,0,dead_reckoning,0.95105360334814,0.019616455007207545,
206.0,0.9314371483409325,0.0007001761196194068,nan,0,0,cann_no_cue,0.9510536030439305,0.019616454702998,0.7961706624291262
206.0,0.9314371483409325,0.0007001761196194068,nan,0,0,cann_sparse_cue,0.9363737663073538,0.004936617966421419,0.796170662429126
206.0,0.9314371483409325,0.0007001761196194068,nan,0,0,cann_gated_cue,0.9363315738607958,0.004894425519863077,0.7961706624291262
208.0,0.9330488570258847,0.0010952168778195388,nan,0,0,dead_reckoning,0.9524539555873788,0.019405098561493972,
208.0,0.9330488570258847,0.0010952168778195388,nan,0,0,cann_no_cue,0.9524539552831387,0.019405098257253783,0.7961706623900016
208.0,0.9330488570258847,0.0010952168778195388,nan,0,0,cann_sparse_cue,0.9377741185465619,0.004725261520677204,0.7961706623900016
208.0,0.9330488570258847,0.0010952168778195388,nan,0,0,cann_gated_cue,0.9377319261000039,0.004683069074119306,0.7961706623900014
210.0,0.9346524924261896,0.0007290805310985683,nan,0,0,dead_reckoning,0.9546443893430179,0.01999189691682801,
210.0,0.9346524924261896,0.0007290805310985683,nan,0,0,cann_no_cue,0.9546443890386691,0.019991896612479465,0.7961706624124473
210.0,0.9346524924261896,0.0007290805310985683,nan,0,0,cann_sparse_cue,0.9399645523020922,0.005312059875902442,0.7961706624124474
210.0,0.9346524924261896,0.0007290805310985683,nan,0,0,cann_gated_cue,0.9399223598555343,0.0052698674293445436,0.7961706624124475
212.0,0.9362489155011259,0.0011189308904062092,nan,0,0,dead_reckoning,0.956102550405215,0.0198536349040892,
212.0,0.9362489155011259,0.0011189308904062092,nan,0,0,cann_no_cue,0.956102550100833,0.019853634599707348,0.796170662391309
212.0,0.9362489155011259,0.0011189308904062092,nan,0,0,cann_sparse_cue,0.9414227133642559,0.005173797863129881,0.796170662391309
212.0,0.9362489155011259,0.0011189308904062092,nan,0,0,cann_gated_cue,0.9413805209176981,0.005131605416572427,0.7961706623913091
214.0,0.9378389998628417,0.000851246858952414,nan,0,0,dead_reckoning,0.9583404121860275,0.020501412323185697,
214.0,0.9378389998628417,0.000851246858952414,nan,0,0,cann_no_cue,0.9583404118815294,0.020501412018687937,0.7961706624141089
214.0,0.9378389998628417,0.000851246858952414,nan,0,0,cann_sparse_cue,0.9436605751449523,0.005821575282110469,0.7961706624141089
214.0,0.9378389998628417,0.000851246858952414,nan,0,0,cann_gated_cue,0.9436183826983943,0.005779382835552571,0.7961706624141087
216.0,0.9394236302437422,0.0009326648643716337,nan,0,0,dead_reckoning,0.9600429059039323,0.020619275660190173,
216.0,0.9394236302437422,0.0009326648643716337,nan,0,0,cann_no_cue,0.9600429055993814,0.02061927535563912,0.7961706623974186
216.0,0.9394236302437422,0.0009326648643716337,nan,0,0,cann_sparse_cue,0.9453630688628044,0.0059394386190620985,0.7961706623974187
216.0,0.9394236302437422,0.0009326648643716337,nan,0,0,cann_gated_cue,0.9453208764162463,0.0058972461725042,0.7961706623974186
218.0,0.941003700944368,0.0009144037300966916,nan,0,0,dead_reckoning,0.9619082356326756,0.020904534688307663,
218.0,0.941003700944368,0.0009144037300966916,nan,0,0,cann_no_cue,0.961908235328057,0.02090453438368911,0.7961706624020153
218.0,0.941003700944368,0.0009144037300966916,nan,0,0,cann_sparse_cue,0.9472283985914801,0.006224697647112087,0.7961706624020155
218.0,0.941003700944368,0.0009144037300966916,nan,0,0,cann_gated_cue,0.9471862061449218,0.006182505200553745,0.7961706624020153
220.0,0.9425801142644885,0.0010929622063437824,nan,0,0,dead_reckoning,0.9637370430928689,0.021156928828380384,
220.0,0.9425801142644885,0.0010929622063437824,nan,0,0,cann_no_cue,0.9637370427881865,0.021156928523697882,0.796170662400948
220.0,0.9425801142644885,0.0010929622063437824,nan,0,0,cann_sparse_cue,0.9490572060516093,0.006477091787120859,0.7961706624009478
220.0,0.9425801142644885,0.0010929622063437824,nan,0,0,cann_gated_cue,0.9490150136050511,0.0064348993405625166,0.7961706624009477
222.0,0.9441537789201612,0.0008443491478850572,nan,0,0,dead_reckoning,0.9659229675055565,0.021769188585395227,
222.0,0.9441537789201612,0.0008443491478850572,nan,0,0,cann_no_cue,0.9659229672007651,0.021769188280603924,0.7961706624122913
222.0,0.9441537789201612,0.0008443491478850572,nan,0,0,cann_sparse_cue,0.9512431304641877,0.0070893515440264565,0.7961706624122912
222.0,0.9441537789201612,0.0008443491478850572,nan,0,0,cann_gated_cue,0.9512009380176295,0.007047159097468558,0.7961706624122912
224.0,0.9457256084495349,0.00038176562472918706,nan,0,0,dead_reckoning,0.9676116658013265,0.02188605735179161,
224.0,0.9457256084495349,0.00038176562472918706,nan,0,0,cann_no_cue,0.967611665496484,0.021886057046949237,0.7961706623970488
224.0,0.9457256084495349,0.00038176562472918706,nan,0,0,cann_sparse_cue,0.9529318287599066,0.007206220310371769,0.7961706623970487
224.0,0.9457256084495349,0.00038176562472918706,nan,0,0,cann_gated_cue,0.9528896363133483,0.007164027863813427,0.7961706623970488
226.0,0.9472965196101939,0.0007679793383914112,nan,0,0,dead_reckoning,0.968375197050785,0.021078677440590887,
226.0,0.9472965196101939,0.0007679793383914112,nan,0,0,cann_no_cue,0.968375196745938,0.021078677135744073,0.7961706623790991
226.0,0.9472965196101939,0.0007679793383914112,nan,0,0,cann_sparse_cue,0.9536953600093607,0.0063988403991670495,0.7961706623790992
226.0,0.9472965196101939,0.0007679793383914112,nan,0,0,cann_gated_cue,0.9536531675628024,0.006356647952608263,0.796170662379099
228.0,0.9488674307708528,0.0009365844610170428,nan,0,0,dead_reckoning,0.9699111557275677,0.021043724956714804,
228.0,0.9488674307708528,0.0009365844610170428,nan,0,0,cann_no_cue,0.9699111554226841,0.021043724651831575,0.796170662393152
228.0,0.9488674307708528,0.0009365844610170428,nan,0,0,cann_sparse_cue,0.9552313186861068,0.006363887915254107,0.7961706623931518
228.0,0.9488674307708528,0.0009365844610170428,nan,0,0,cann_gated_cue,0.9551891262395485,0.006321695468695765,0.7961706623931516
230.0,0.9504392603002265,0.0008248182507391501,nan,0,0,dead_reckoning,0.9717843246496018,0.02134506434937533,
230.0,0.9504392603002265,0.0008248182507391501,nan,0,0,cann_no_cue,0.97178432434465,0.021345064044423268,0.7961706624022471
230.0,0.9504392603002265,0.0008248182507391501,nan,0,0,cann_sparse_cue,0.9571044876080724,0.0066652273078458,0.7961706624022471
230.0,0.9504392603002265,0.0008248182507391501,nan,0,0,cann_gated_cue,0.9570622951615145,0.006623034861287902,0.7961706624022472
232.0,0.9520129249558993,0.0010444426020351308,nan,0,0,dead_reckoning,0.9734339611510802,0.021421036195180765,
232.0,0.9520129249558993,0.0010444426020351308,nan,0,0,cann_no_cue,0.9734339608460812,0.021421035890182072,0.7961706623960172
232.0,0.9520129249558993,0.0010444426020351308,nan,0,0,cann_sparse_cue,0.9587541241095037,0.0067411991536046045,0.796170662396017
232.0,0.9520129249558993,0.0010444426020351308,nan,0,0,cann_gated_cue,0.9587119316629457,0.006699006707046262,0.796170662396017
234.0,0.9535893382760197,0.0010927045864313248,nan,0,0,dead_reckoning,0.9755228463551504,0.021933508079130526,
234.0,0.9535893382760197,0.0010927045864313248,nan,0,0,cann_no_cue,0.9755228460500567,0.021933507774036798,0.7961706624090094
234.0,0.9535893382760197,0.0010927045864313248,nan,0,0,cann_sparse_cue,0.9608430093134792,0.007253671037459775,0.7961706624090092
234.0,0.9535893382760197,0.0010927045864313248,nan,0,0,cann_gated_cue,0.9608008168669211,0.007211478590901432,0.7961706624090092
236.0,0.9551694089766456,0.0008961505068497881,nan,0,0,dead_reckoning,0.977708255528013,0.02253884655136762,
236.0,0.9551694089766456,0.0008961505068497881,nan,0,0,cann_no_cue,0.9777082552228096,0.022538846246163757,0.7961706624122735
236.0,0.9551694089766456,0.0008961505068497881,nan,0,0,cann_sparse_cue,0.963028418486232,0.00785900950958629,0.7961706624122733
236.0,0.9551694089766456,0.0008961505068497881,nan,0,0,cann_gated_cue,0.962986226039674,0.007816817063028392,0.7961706624122735
238.0,0.956754039357546,0.000670426768984243,nan,0,0,dead_reckoning,0.9795005565417126,0.02274651718416676,
238.0,0.956754039357546,0.000670426768984243,nan,0,0,cann_no_cue,0.9795005562364479,0.022746516878902057,0.7961706623999019
238.0,0.956754039357546,0.000670426768984243,nan,0,0,cann_sparse_cue,0.9648207194998705,0.00806668014232459,0.796170662399902
238.0,0.956754039357546,0.000670426768984243,nan,0,0,cann_gated_cue,0.9647785270533124,0.008024487695766247,0.796170662399902
240.0,0.9583441237192618,0.0011790586374747995,nan,0,0,dead_reckoning,0.9808414100796812,0.022497286360419366,
240.0,0.9583441237192618,0.0011790586374747995,nan,0,0,cann_no_cue,0.9808414097743913,0.02249728605512935,0.7961706623887109
240.0,0.9583441237192618,0.0011790586374747995,nan,0,0,cann_sparse_cue,0.9661615730378137,0.007817449318551883,0.7961706623887111
240.0,0.9583441237192618,0.0011790586374747995,nan,0,0,cann_gated_cue,0.9661193805912557,0.007775256871993985,0.7961706623887111
242.0,0.9599405467941982,0.0011342777353701484,nan,0,0,dead_reckoning,0.9831995273546308,0.02325898056043263,
242.0,0.9599405467941982,0.0011342777353701484,nan,0,0,cann_no_cue,0.9831995270492051,0.023258980255007167,0.7961706624184819
242.0,0.9599405467941982,0.0011342777353701484,nan,0,0,cann_sparse_cue,0.9685196903126279,0.0085791435184297,0.7961706624184819
242.0,0.9599405467941982,0.0011342777353701484,nan,0,0,cann_gated_cue,0.9684774978660696,0.008536951071871357,0.796170662418482
244.0,0.961544182194503,0.000897440348941347,nan,0,0,dead_reckoning,0.985468082825371,0.023923900630868022,
244.0,0.961544182194503,0.000897440348941347,nan,0,0,cann_no_cue,0.9854680825198221,0.023923900325319103,0.7961706624152035
244.0,0.961544182194503,0.000897440348941347,nan,0,0,cann_sparse_cue,0.970788245783245,0.00924406358874208,0.7961706624152034
244.0,0.961544182194503,0.000897440348941347,nan,0,0,cann_gated_cue,0.9707460533366865,0.009201871142183293,0.7961706624152032
246.0,0.9631558908794553,0.0013150415153914865,nan,0,0,dead_reckoning,0.9872629635232537,0.02410707264379841,
246.0,0.9631558908794553,0.0013150415153914865,nan,0,0,cann_no_cue,0.9872629632176431,0.024107072338187763,0.7961706623999751
246.0,0.9631558908794553,0.0013150415153914865,nan,0,0,cann_sparse_cue,0.9725831264810659,0.00942723560161074,0.7961706623999752
246.0,0.9631558908794553,0.0013150415153914865,nan,0,0,cann_gated_cue,0.9725409340345075,0.009385043155051953,0.7961706623999752
248.0,0.9647765196450491,0.0008903944760196318,nan,0,0,dead_reckoning,0.9898930465540368,0.02511652690898769,
248.0,0.9647765196450491,0.0008903944760196318,nan,0,0,cann_no_cue,0.9898930462482369,0.02511652660318786,0.7961706624292152
248.0,0.9647765196450491,0.0008903944760196318,nan,0,0,cann_sparse_cue,0.9752132095116598,0.010436689866610838,0.7961706624292152
248.0,0.9647765196450491,0.0008903944760196318,nan,0,0,cann_gated_cue,0.9751710170651012,0.010394497420052051,0.7961706624292151
250.0,0.9664068996384259,0.0007543037962882983,nan,0,0,dead_reckoning,0.9916738355060759,0.025266935867650275,
250.0,0.9664068996384259,0.0007543037962882983,nan,0,0,cann_no_cue,0.9916738352002146,0.025266935561788717,0.7961706623995765
250.0,0.9664068996384259,0.0007543037962882983,nan,0,0,cann_sparse_cue,0.9769939984636378,0.010587098825212138,0.7961706623995767
250.0,0.9664068996384259,0.0007543037962882983,nan,0,0,cann_gated_cue,0.9769518060170792,0.010544906378653351,0.7961706623995766
252.0,0.9680478448997605,0.0009242205507628459,nan,0,0,dead_reckoning,0.9931824430986526,0.02513459819889219,
252.0,0.9680478448997605,0.0009242205507628459,nan,0,0,cann_no_cue,0.9931824427927554,0.025134597892995103,0.7961706623924931
252.0,0.9680478448997605,0.0009242205507628459,nan,0,0,cann_sparse_cue,0.9785026060561784,0.01045476115641808,0.7961706623924931
252.0,0.9680478448997605,0.0009242205507628459,nan,0,0,cann_gated_cue,0.9784604136096199,0.010412568709859293,0.7961706623924931
254.0,0.9697001509341574,0.0011468871037784638,nan,0,0,dead_reckoning,0.9950308842001783,0.025330733266020644,
254.0,0.9697001509341574,0.0011468871037784638,nan,0,0,cann_no_cue,0.9950308838942159,0.025330732960058278,0.7961706624015191
254.0,0.9697001509341574,0.0011468871037784638,nan,0,0,cann_sparse_cue,0.9803510471576388,0.010650896223481254,0.796170662401519
254.0,0.9697001509341574,0.0011468871037784638,nan,0,0,cann_gated_cue,0.9803088547110801,0.010608703776922468,0.7961706624015192
256.0,0.9713645933160646,0.0007987917911198158,nan,0,0,dead_reckoning,0.9973246584077352,0.025960065091670703,
256.0,0.9713645933160646,0.0007987917911198158,nan,0,0,cann_no_cue,0.9973246581016465,0.02596006478558177,0.7961706624161136
256.0,0.9713645933160646,0.0007987917911198158,nan,0,0,cann_sparse_cue,0.9826448213650697,0.011280228049005192,0.7961706624161139
256.0,0.9713645933160646,0.0007987917911198158,nan,0,0,cann_gated_cue,0.9826026289185109,0.011238035602446406,0.7961706624161137
258.0,0.9730419263286529,0.0013046887855817182,nan,0,0,dead_reckoning,0.9989222419899748,0.025880315661321873,
258.0,0.9730419263286529,0.0013046887855817182,nan,0,0,cann_no_cue,0.9989222416838422,0.02588031535518942,0.7961706623946798
258.0,0.9730419263286529,0.0013046887855817182,nan,0,0,cann_sparse_cue,0.9842424049472654,0.011200478618612397,0.7961706623946797
258.0,0.9730419263286529,0.0013046887855817182,nan,0,0,cann_gated_cue,0.9842002125007068,0.011158286172054055,0.7961706623946797
260.0,0.9747328816405465,0.0008096786441837006,nan,0,0,dead_reckoning,1.0015316195611383,0.02679873792059162,
260.0,0.9747328816405465,0.0008096786441837006,nan,0,0,cann_no_cue,1.0015316192548214,0.02679873761427487,0.7961706624283567
260.0,0.9747328816405465,0.0008096786441837006,nan,0,0,cann_sparse_cue,0.9868517825182442,0.012118900877697847,0.7961706624283567
260.0,0.9747328816405465,0.0008096786441837006,nan,0,0,cann_gated_cue,0.9868095900716859,0.012076708431139505,0.7961706624283571
262.0,0.9764381670222275,0.0011415614996697564,nan,0,0,dead_reckoning,1.0031509768495057,0.026712809827277972,
262.0,0.9764381670222275,0.0011415614996697564,nan,0,0,cann_no_cue,1.0031509765431423,0.026712809520915037,0.7961706623952338
262.0,0.9764381670222275,0.0011415614996697564,nan,0,0,cann_sparse_cue,0.9884711398065651,0.01203297278433757,0.7961706623952338
262.0,0.9764381670222275,0.0011415614996697564,nan,0,0,cann_gated_cue,0.9884289473600066,0.011990780337779228,0.7961706623952335
264.0,0.9781584651043665,0.0010796150928071599,nan,0,0,dead_reckoning,1.0054340998488454,0.027275634744478694,
264.0,0.9781584651043665,0.0010796150928071599,nan,0,0,cann_no_cue,1.005434099542358,0.027275634437991414,0.7961706624157281
264.0,0.9781584651043665,0.0010796150928071599,nan,0,0,cann_sparse_cue,0.990754262805781,0.01259579770141439,0.796170662415728
264.0,0.9781584651043665,0.0010796150928071599,nan,0,0,cann_gated_cue,0.9907120703592227,0.012553605254856048,0.7961706624157282
266.0,0.9798944321802561,0.0009723777115704291,nan,0,0,dead_reckoning,1.0075933300344595,0.02769889785420343,
266.0,0.9798944321802561,0.0009723777115704291,nan,0,0,cann_no_cue,1.0075933297278659,0.02769889754760957,0.7961706624113735
266.0,0.9798944321802561,0.0009723777115704291,nan,0,0,cann_sparse_cue,0.9929134929912891,0.01301906081103299,0.7961706624113735
266.0,0.9798944321802561,0.0009723777115704291,nan,0,0,cann_gated_cue,0.9928713005447305,0.012976868364474647,0.7961706624113736
268.0,0.9816466970544494,0.0011962346375969895,nan,0,0,dead_reckoning,1.0095380854576004,0.027891388403150863,
268.0,0.9816466970544494,0.0011962346375969895,nan,0,0,cann_no_cue,1.009538085150929,0.02789138809647973,0.7961706624044097
268.0,0.9816466970544494,0.0011962346375969895,nan,0,0,cann_sparse_cue,0.994858248414352,0.013211551359902707,0.7961706624044097
268.0,0.9816466970544494,0.0011962346375969895,nan,0,0,cann_gated_cue,0.9948160559677937,0.013169358913344364,0.7961706624044095
270.0,0.9834158599396232,0.0007597591557178718,nan,0,0,dead_reckoning,1.0119305547327944,0.028514694793170925,
270.0,0.9834158599396232,0.0007597591557178718,nan,0,0,cann_no_cue,1.0119305544259798,0.028514694486356795,0.7961706624197727
270.0,0.9834158599396232,0.0007597591557178718,nan,0,0,cann_sparse_cue,0.9972507176894029,0.013834857749779772,0.7961706624197732
270.0,0.9834158599396232,0.0007597591557178718,nan,0,0,cann_gated_cue,0.9972085252428444,0.013792665303220986,0.796170662419773
272.0,0.9852024914036014,0.001274390982731069,nan,0,0,dead_reckoning,1.0134500730442302,0.028247581640628905,
272.0,0.9852024914036014,0.001274390982731069,nan,0,0,cann_no_cue,1.0134500727373776,0.02824758133377614,0.7961706623927544
272.0,0.9852024914036014,0.001274390982731069,nan,0,0,cann_sparse_cue,0.9987702360008005,0.013567744597199116,0.7961706623927544
272.0,0.9852024914036014,0.001274390982731069,nan,0,0,cann_gated_cue,0.9987280435542422,0.013525552150640774,0.7961706623927546
274.0,0.9870071313683844,0.0010412712973691186,nan,0,0,dead_reckoning,1.0159988550096923,0.028991723641308198,
274.0,0.9870071313683844,0.0010412712973691186,nan,0,0,cann_no_cue,1.0159988547026677,0.02899172333428357,0.7961706624258835
274.0,0.9870071313683844,0.0010412712973691186,nan,0,0,cann_sparse_cue,1.001319017966091,0.014311886597706547,0.7961706624258836
274.0,0.9870071313683844,0.0010412712973691186,nan,0,0,cann_gated_cue,1.0012768255195326,0.014269694151148204,0.7961706624258839
276.0,0.9888302881629429,0.0009555333740126868,nan,0,0,dead_reckoning,1.0180813976044305,0.029251109441487344,
276.0,0.9888302881629429,0.0009555333740126868,nan,0,0,cann_no_cue,1.0180813972973097,0.029251109134366793,0.7961706624088
276.0,0.9888302881629429,0.0009555333740126868,nan,0,0,cann_sparse_cue,1.003401560560733,0.01457127239778977,0.7961706624087996
276.0,0.9888302881629429,0.0009555333740126868,nan,0,0,cann_gated_cue,1.0033593681141744,0.014529079951231427,0.7961706624087999
278.0,0.9906724376314364,0.0011967447643829853,nan,0,0,dead_reckoning,1.0199924643524558,0.02932002672101941,
278.0,0.9906724376314364,0.0011967447643829853,nan,0,0,cann_no_cue,1.0199924640452616,0.02932002641382514,0.7961706624033819
278.0,0.9906724376314364,0.0011967447643829853,nan,0,0,cann_sparse_cue,1.0053126273086848,0.014640189677248117,0.7961706624033819
278.0,0.9906724376314364,0.0011967447643829853,nan,0,0,cann_gated_cue,1.005270434862126,0.01459799723068933,0.7961706624033816
280.0,0.9925340222984205,0.001262574861706489,nan,0,0,dead_reckoning,1.0223859538812219,0.029851931582801416,
280.0,0.9925340222984205,0.001262574861706489,nan,0,0,cann_no_cue,1.0223859535738842,0.029851931275463706,0.7961706624198116
280.0,0.9925340222984205,0.001262574861706489,nan,0,0,cann_sparse_cue,1.0077061168373074,0.015172094538886682,0.7961706624198116
280.0,0.9925340222984205,0.001262574861706489,nan,0,0,cann_gated_cue,1.0076639243907486,0.015129902092327896,0.7961706624198118
282.0,0.9944154505925082,0.0012241428191774825,nan,0,0,dead_reckoning,1.024911103604635,0.030495653012126755,
282.0,0.9944154505925082,0.0012241428191774825,nan,0,0,cann_no_cue,1.0249111032971276,0.030495652704619403,0.7961706624249352
282.0,0.9944154505925082,0.0012241428191774825,nan,0,0,cann_sparse_cue,1.010231266560551,0.015815815968042823,0.7961706624249351
282.0,0.9944154505925082,0.0012241428191774825,nan,0,0,cann_gated_cue,1.0101890741139918,0.015773623521483593,0.7961706624249351
284.0,0.996317096129848,0.0014508776951767939,nan,0,0,dead_reckoning,1.02735938924299,0.031042293113141994,
284.0,0.996317096129848,0.0014508776951767939,nan,0,0,cann_no_cue,1.0273593889353272,0.03104229280547921,0.7961706624219107
284.0,0.996317096129848,0.0014508776951767939,nan,0,0,cann_sparse_cue,1.0126795521987504,0.01636245606890263,0.7961706624219106
284.0,0.996317096129848,0.0014508776951767939,nan,0,0,cann_gated_cue,1.0126373597521912,0.016320263622342956,0.7961706624219107
286.0,0.9982392970586738,0.0013028389617536725,nan,0,0,dead_reckoning,1.0302611446333434,0.032021847574669415,
286.0,0.9982392970586738,0.0013028389617536725,nan,0,0,cann_no_cue,1.0302611443254244,0.03202184726675039,0.7961706624411052
286.0,0.9982392970586738,0.0013028389617536725,nan,0,0,cann_sparse_cue,1.0155813075888478,0.017342010530174257,0.7961706624411055
286.0,0.9982392970586738,0.0013028389617536725,nan,0,0,cann_gated_cue,1.0155391151422883,0.017299818083614582,0.7961706624411052
288.0,1.000182355466078,0.0013503691327016853,nan,0,0,dead_reckoning,1.032866822556851,0.032684467090772884,
288.0,1.000182355466078,0.0013503691327016853,nan,0,0,cann_no_cue,1.032866822248743,0.03268446678266468,0.796170662428204
288.0,1.000182355466078,0.0013503691327016853,nan,0,0,cann_sparse_cue,1.0181869855121666,0.018004630046088543,0.7961706624282041
288.0,1.000182355466078,0.0013503691327016853,nan,0,0,cann_gated_cue,1.0181447930656073,0.017962437599529313,0.796170662428204
290.0,1.002146536848048,0.0010410348516235082,nan,0,0,dead_reckoning,1.035567560822254,0.03342102397420632,
290.0,1.002146536848048,0.0010410348516235082,nan,0,0,cann_no_cue,1.0355675605139383,0.03342102366589028,0.7961706624321951
290.0,1.002146536848048,0.0010410348516235082,nan,0,0,cann_sparse_cue,1.0208877237773617,0.018741186929313702,0.796170662432195
290.0,1.002146536848048,0.0010410348516235082,nan,0,0,cann_gated_cue,1.0208455313308027,0.018698994482754472,0.7961706624321948
292.0,1.0041320696436964,0.001155234495534211,nan,0,0,dead_reckoning,1.0376496305255012,0.0335175608818048,
292.0,1.0041320696436964,0.001155234495534211,nan,0,0,cann_no_cue,1.0376496302170881,0.03351756057339195,0.7961706624087842
292.0,1.0041320696436964,0.001155234495534211,nan,0,0,cann_sparse_cue,1.0229697934805115,0.018837723836814924,0.7961706624087843
292.0,1.0041320696436964,0.001155234495534211,nan,0,0,cann_gated_cue,1.0229276010339527,0.018795531390256137,0.7961706624087845
294.0,1.006139144834501,0.0012452117164858004,nan,0,0,dead_reckoning,1.0399600995165696,0.033820954682068916,
294.0,1.006139144834501,0.0012452117164858004,nan,0,0,cann_no_cue,1.0399600992080273,0.03382095437352639,0.796170662416722
294.0,1.006139144834501,0.0012452117164858004,nan,0,0,cann_sparse_cue,1.0252802624714508,0.01914111763694981,0.796170662416722
294.0,1.006139144834501,0.0012452117164858004,nan,0,0,cann_gated_cue,1.0252380700248918,0.01909892519039058,0.7961706624167219
296.0,1.008167915609258,0.0011507938190608957,nan,0,0,dead_reckoning,1.042450522949541,0.0342826073402831,
296.0,1.008167915609258,0.0011507938190608957,nan,0,0,cann_no_cue,1.0424505226408363,0.03428260703157804,0.796170662423557
296.0,1.008167915609258,0.0011507938190608957,nan,0,0,cann_sparse_cue,1.0277706859042597,0.019602770295001903,0.7961706624235572
296.0,1.008167915609258,0.0011507938190608957,nan,0,0,cann_gated_cue,1.027728493457701,0.019560577848443117,0.7961706624235572
298.0,1.0102184970953378,0.0012228117569857636,nan,0,0,dead_reckoning,1.044752110587663,0.03453361349232509,
298.0,1.0102184970953378,0.0012228117569857636,nan,0,0,cann_no_cue,1.0447521102788284,0.03453361318349035,0.7961706624163978
298.0,1.0102184970953378,0.0012228117569857636,nan,0,0,cann_sparse_cue,1.030072273542252,0.019853776446914218,0.7961706624163979
298.0,1.0102184970953378,0.0012228117569857636,nan,0,0,cann_gated_cue,1.0300300810956933,0.01981158400035543,0.7961706624163978
300.0,1.012290966156711,0.0012540733027565966,nan,0,0,dead_reckoning,1.0471977341016345,0.034906767944923534,
300.0,1.012290966156711,0.0012540733027565966,nan,0,0,cann_no_cue,1.0471977337926461,0.03490676763593514,0.7961706624218077
300.0,1.012290966156711,0.0012540733027565966,nan,0,0,cann_sparse_cue,1.0325178970560698,0.020226930899358564,0.7961706624218076
300.0,1.012290966156711,0.0012540733027565966,nan,0,0,cann_gated_cue,1.0324757046095108,0.020184738452799778,0.7961706624218077
302.0,1.0143853612591043,0.0013384274516769405,nan,0,0,dead_reckoning,1.0497058807071478,0.035320519448043264,
302.0,1.0143853612591043,0.0013384274516769405,nan,0,0,cann_no_cue,1.0497058803979928,0.035320519138888784,0.796170662424258
302.0,1.0143853612591043,0.0013384274516769405,nan,0,0,cann_sparse_cue,1.0350260436614165,0.020640682402312205,0.7961706624242582
302.0,1.0143853612591043,0.0013384274516769405,nan,0,0,cann_gated_cue,1.0349838512148575,0.020598489955752974,0.796170662424258
304.0,1.0165016824025175,0.0011800946709628415,nan,0,0,dead_reckoning,1.0523827356105016,0.03588105320798407,
304.0,1.0165016824025175,0.0011800946709628415,nan,0,0,cann_no_cue,1.0523827353011446,0.035881052898627086,0.7961706624311788
304.0,1.0165016824025175,0.0011800946709628415,nan,0,0,cann_sparse_cue,1.0377028985645682,0.021201216162050507,0.7961706624311791
304.0,1.0165016824025175,0.0011800946709628415,nan,0,0,cann_gated_cue,1.037660706118009,0.02115902371549172,0.7961706624311791
306.0,1.018639891121224,0.0011451619367611448,nan,0,0,dead_reckoning,1.0547429249524272,0.03610303383120339,
306.0,1.018639891121224,0.0011451619367611448,nan,0,0,cann_no_cue,1.05474292464293,0.036103033521706074,0.7961706624185593
306.0,1.018639891121224,0.0011451619367611448,nan,0,0,cann_sparse_cue,1.0400630879063537,0.02142319678512994,0.7961706624185593
306.0,1.018639891121224,0.0011451619367611448,nan,0,0,cann_gated_cue,1.0400208954597945,0.021381004338570264,0.7961706624185593
308.0,1.0207999105512533,0.0010724359222303737,nan,0,0,dead_reckoning,1.0570332488259495,0.036233338274696436,
308.0,1.0207999105512533,0.0010724359222303737,nan,0,0,cann_no_cue,1.0570332485163252,0.03623333796507211,0.7961706624159884
308.0,1.0207999105512533,0.0010724359222303737,nan,0,0,cann_sparse_cue,1.042353411779749,0.021553501228495975,0.7961706624159886
308.0,1.0207999105512533,0.0010724359222303737,nan,0,0,cann_gated_cue,1.0423112193331898,0.0215113087819363,0.7961706624159889
310.0,1.022981625565235,0.0010648062128938921,nan,0,0,dead_reckoning,1.0591781206704103,0.036196495105174975,
310.0,1.022981625565235,0.0010648062128938921,nan,0,0,cann_no_cue,1.0591781203606814,0.03619649479544629,0.7961706624108844
310.0,1.022981625565235,0.0010648062128938921,nan,0,0,cann_sparse_cue,1.0444982836241055,0.021516658058870597,0.7961706624108847
310.0,1.022981625565235,0.0010648062128938921,nan,0,0,cann_gated_cue,1.044456091177546,0.021474465612310922,0.7961706624108844
312.0,1.025184882974373,0.001437234256543215,nan,0,0,dead_reckoning,1.0613077330961982,0.036122850121825145,
312.0,1.025184882974373,0.001437234256543215,nan,0,0,cann_no_cue,1.0613077327863671,0.03612284981199387,0.7961706624103685
312.0,1.025184882974373,0.001437234256543215,nan,0,0,cann_sparse_cue,1.0466278960497912,0.021443013075418182,0.7961706624103686
312.0,1.025184882974373,0.001437234256543215,nan,0,0,cann_gated_cue,1.0465857036032324,0.021400820628859396,0.7961706624103685
314.0,1.0274094917971894,0.0012278889893592992,nan,0,0,dead_reckoning,1.0641822016092846,0.03677270981209535,
314.0,1.0274094917971894,0.0012278889893592992,nan,0,0,cann_no_cue,1.0641822012992055,0.036772709502016276,0.7961706624398582
314.0,1.0274094917971894,0.0012278889893592992,nan,0,0,cann_sparse_cue,1.0495023645626296,0.02209287276544014,0.7961706624398582
314.0,1.0274094917971894,0.0012278889893592992,nan,0,0,cann_gated_cue,1.0494601721160706,0.022050680318881355,0.7961706624398583
316.0,1.0296552235945717,0.0013845638667804086,nan,0,0,dead_reckoning,1.0666379795880032,0.03698275599343148,
316.0,1.0296552235945717,0.0013845638667804086,nan,0,0,cann_no_cue,1.0666379792777658,0.03698275568319431,0.7961706624222015
316.0,1.0296552235945717,0.0013845638667804086,nan,0,0,cann_sparse_cue,1.0519581425411897,0.022302918946618178,0.7961706624222014
316.0,1.0296552235945717,0.0013845638667804086,nan,0,0,cann_gated_cue,1.0519159500946307,0.022260726500058947,0.7961706624222012
318.0,1.0319218128705323,0.001019222186261743,nan,0,0,dead_reckoning,1.069407107321564,0.03748529445103177,
318.0,1.0319218128705323,0.001019222186261743,nan,0,0,cann_no_cue,1.0694071070111033,0.03748529414057078,0.7961706624351548
318.0,1.0319218128705323,0.001019222186261743,nan,0,0,cann_sparse_cue,1.054727270274527,0.022805457403994644,0.7961706624351548
318.0,1.0319218128705323,0.001019222186261743,nan,0,0,cann_gated_cue,1.0546850778279682,0.022763264957435858,0.796170662435155
320.0,1.034208957537979,0.0009200220662841081,nan,0,0,dead_reckoning,1.0714455516940875,0.03723659415610836,
320.0,1.034208957537979,0.0009200220662841081,nan,0,0,cann_no_cue,1.0714455513835353,0.03723659384555633,0.7961706624073619
320.0,1.034208957537979,0.0009200220662841081,nan,0,0,cann_sparse_cue,1.0567657146469587,0.022556757108979753,0.7961706624073622
320.0,1.034208957537979,0.0009200220662841081,nan,0,0,cann_gated_cue,1.0567235222003997,0.022514564662420966,0.7961706624073621
322.0,1.0365163194486775,0.0010836480333786757,nan,0,0,dead_reckoning,1.0732855958266556,0.03676927637797789,
322.0,1.0365163194486775,0.0010836480333786757,nan,0,0,cann_no_cue,1.0732855955160376,0.036769276067360135,0.796170662401274
322.0,1.0365163194486775,0.0010836480333786757,nan,0,0,cann_sparse_cue,1.058605758779461,0.022089439330783556,0.796170662401274
322.0,1.0365163194486775,0.0010836480333786757,nan,0,0,cann_gated_cue,1.058563566332902,0.02204724688422477,0.7961706624012742
324.0,1.03884352498648,0.0014739743467943286,nan,0,0,dead_reckoning,1.075452891893413,0.03660936690693273,
324.0,1.03884352498648,0.0014739743467943286,nan,0,0,cann_no_cue,1.0754528915826884,0.03660936659620839,0.7961706624116496
324.0,1.03884352498648,0.0014739743467943286,nan,0,0,cann_sparse_cue,1.0607730548461118,0.021929529859631813,0.7961706624116495
324.0,1.03884352498648,0.0014739743467943286,nan,0,0,cann_gated_cue,1.0607308623995528,0.021887337413073027,0.7961706624116494
326.0,1.0411901657227727,0.0014685954189502647,nan,0,0,dead_reckoning,1.0784008405870016,0.03721067486422891,
326.0,1.0411901657227727,0.0014685954189502647,nan,0,0,cann_no_cue,1.0784008402760092,0.037210674553236345,0.7961706624432432
326.0,1.0411901657227727,0.0014685954189502647,nan,0,0,cann_sparse_cue,1.063721003539433,0.02253083781666021,0.7961706624432432
326.0,1.0411901657227727,0.0014685954189502647,nan,0,0,cann_gated_cue,1.0636788110928737,0.02248864537010098,0.796170662443243
328.0,1.0435557991330007,0.0013583579233936386,nan,0,0,dead_reckoning,1.0813380314249021,0.03778223229190125,
328.0,1.0435557991330007,0.0013583579233936386,nan,0,0,cann_no_cue,1.0813380311136411,0.03778223198064046,0.796170662442742
328.0,1.0435557991330007,0.0013583579233936386,nan,0,0,cann_sparse_cue,1.066658194377065,0.023102395244064322,0.7961706624427424
328.0,1.0435557991330007,0.0013583579233936386,nan,0,0,cann_gated_cue,1.0666160019305058,0.02306020279750509,0.7961706624427423
330.0,1.045939949373004,0.0011691595571670117,nan,0,0,dead_reckoning,1.0840547472716895,0.03811479789868555,
330.0,1.045939949373004,0.0011691595571670117,nan,0,0,cann_no_cue,1.0840547469602149,0.0381147975872107,0.7961706624328798
330.0,1.045939949373004,0.0011691595571670117,nan,0,0,cann_sparse_cue,1.0693749102236387,0.023434960850634567,0.7961706624328798
330.0,1.045939949373004,0.0011691595571670117,nan,0,0,cann_gated_cue,1.0693327177770797,0.02339276840407578,0.7961706624328798
332.0,1.0483421081138122,0.0012954971808897518,nan,0,0,dead_reckoning,1.0863930663860235,0.038050958272211055,
332.0,1.0483421081138122,0.0012954971808897518,nan,0,0,cann_no_cue,1.0863930660744126,0.03805095796060032,0.7961706624177464
332.0,1.0483421081138122,0.0012954971808897518,nan,0,0,cann_sparse_cue,1.0717132293378362,0.02337112122402374,0.7961706624177461
332.0,1.0483421081138122,0.0012954971808897518,nan,0,0,cann_gated_cue,1.0716710368912774,0.023328928777464952,0.796170662417746
334.0,1.0507617354334249,0.00126746555684328,nan,0,0,dead_reckoning,1.088984060747803,0.0382223253143783,
334.0,1.0507617354334249,0.00126746555684328,nan,0,0,cann_no_cue,1.088984060436009,0.03822232500258416,0.7961706624276007
334.0,1.0507617354334249,0.00126746555684328,nan,0,0,cann_sparse_cue,1.0743042236994327,0.02354248826600802,0.7961706624276004
334.0,1.0507617354334249,0.00126746555684328,nan,0,0,cann_gated_cue,1.0742620312528737,0.02350029581944879,0.7961706624276004
336.0,1.053198260764018,0.001275506405923678,nan,0,0,dead_reckoning,1.0915189918614896,0.03832073109747158,
336.0,1.053198260764018,0.001275506405923678,nan,0,0,cann_no_cue,1.091518991549523,0.038320730785504686,0.7961706624253269
336.0,1.053198260764018,0.001275506405923678,nan,0,0,cann_sparse_cue,1.0768391548129468,0.02364089404892855,0.796170662425327
336.0,1.053198260764018,0.001275506405923678,nan,0,0,cann_gated_cue,1.0767969623663878,0.023598701602369765,0.796170662425327
338.0,1.0556510838929147,0.0009106876235564969,nan,0,0,dead_reckoning,1.094070004673337,0.038418920780422194,
338.0,1.0556510838929147,0.0009106876235564969,nan,0,0,cann_no_cue,1.0940700043611944,0.03841892046827944,0.7961706624259739
338.0,1.0556510838929147,0.0009106876235564969,nan,0,0,cann_sparse_cue,1.0793901676246185,0.023739083731703747,0.7961706624259737
338.0,1.0556510838929147,0.0009106876235564969,nan,0,0,cann_gated_cue,1.0793479751780595,0.023696891285144517,0.796170662425974
340.0,1.0581195760155622,0.001211116234517107,nan,0,0,dead_reckoning,1.09589137992045,0.03777180390488777,
340.0,1.0581195760155622,0.001211116234517107,nan,0,0,cann_no_cue,1.0958913796082421,0.03777180359267973,0.7961706624007332
340.0,1.0581195760155622,0.001211116234517107,nan,0,0,cann_sparse_cue,1.0812115428716662,0.02309196685610404,0.7961706624007332
340.0,1.0581195760155622,0.001211116234517107,nan,0,0,cann_gated_cue,1.0811693504251072,0.02304977440954481,0.7961706624007332
342.0,1.0606030808386675,0.0013350727511617735,nan,0,0,dead_reckoning,1.098313612389484,0.037710531550816384,
342.0,1.0606030808386675,0.0013350727511617735,nan,0,0,cann_no_cue,1.098313612077128,0.037710531238460465,0.7961706624209065
342.0,1.0606030808386675,0.0013350727511617735,nan,0,0,cann_sparse_cue,1.0836337753405518,0.02303069450188433,0.7961706624209064
342.0,1.0606030808386675,0.0013350727511617735,nan,0,0,cann_gated_cue,1.083591582893993,0.022988502055325544,0.7961706624209068
344.0,1.0631009157315603,0.0016442558369159095,nan,0,0,dead_reckoning,1.1009837578918078,0.03788284216024751,
344.0,1.0631009157315603,0.0016442558369159095,nan,0,0,cann_no_cue,1.1009837575792512,0.03788284184769086,0.7961706624308951
344.0,1.0631009157315603,0.0016442558369159095,nan,0,0,cann_sparse_cue,1.086303920842675,0.023203005111114727,0.796170662430895
344.0,1.0631009157315603,0.0016442558369159095,nan,0,0,cann_gated_cue,1.086261728396116,0.02316081266455594,0.796170662430895
346.0,1.0656123729237585,0.0014159207231899194,nan,0,0,dead_reckoning,1.1042722695656395,0.03865989664188074,
346.0,1.0656123729237585,0.0014159207231899194,nan,0,0,cann_no_cue,1.1042722692527096,0.03865989632895106,0.7961706624600473
346.0,1.0656123729237585,0.0014159207231899194,nan,0,0,cann_sparse_cue,1.0895924325161335,0.023980059592374925,0.7961706624600472
346.0,1.0656123729237585,0.0014159207231899194,nan,0,0,cann_gated_cue,1.0895502400695745,0.023937867145815694,0.7961706624600469
348.0,1.0681367207466377,0.0016414621014327296,nan,0,0,dead_reckoning,1.1071041110120192,0.03896739026538132,
348.0,1.0681367207466377,0.0016414621014327296,nan,0,0,cann_no_cue,1.1071041106988462,0.03896738995220872,0.7961706624379341
348.0,1.0681367207466377,0.0016414621014327296,nan,0,0,cann_sparse_cue,1.09242427396227,0.024287553215632585,0.7961706624379339
348.0,1.0681367207466377,0.0016414621014327296,nan,0,0,cann_gated_cue,1.0923820815157113,0.024245360769073798,0.7961706624379338
350.0,1.070673204917027,0.001333175232918639,nan,0,0,dead_reckoning,1.1103870352148848,0.03971383029785791,
350.0,1.070673204917027,0.001333175232918639,nan,0,0,cann_no_cue,1.110387034901339,0.03971382998431183,0.7961706624597565
350.0,1.070673204917027,0.001333175232918639,nan,0,0,cann_sparse_cue,1.095707198164763,0.02503399324773614,0.7961706624597565
350.0,1.070673204917027,0.001333175232918639,nan,0,0,cann_gated_cue,1.0956650057182042,0.024991800801177355,0.7961706624597565
352.0,1.0732210498604788,0.0013557943063080547,nan,0,0,dead_reckoning,1.113053385680722,0.03983233582024326,
352.0,1.0732210498604788,0.0013557943063080547,nan,0,0,cann_no_cue,1.1130533853669724,0.039832335506493344,0.7961706624307348
352.0,1.0732210498604788,0.0013557943063080547,nan,0,0,cann_sparse_cue,1.0983735486303965,0.025152498769917653,0.7961706624307349
352.0,1.0732210498604788,0.0013557943063080547,nan,0,0,cann_gated_cue,1.0983313561838375,0.025110306323358422,0.7961706624307348
354.0,1.0757794600718884,0.000729273893458572,nan,0,0,dead_reckoning,1.1157649742933382,0.039985514221450025,
354.0,1.0757794600718884,0.000729273893458572,nan,0,0,cann_no_cue,1.1157649739793776,0.03998551390748917,0.7961706624326595
354.0,1.0757794600718884,0.000729273893458572,nan,0,0,cann_sparse_cue,1.1010851372428017,0.025305677170913476,0.7961706624326597
354.0,1.0757794600718884,0.000729273893458572,nan,0,0,cann_gated_cue,1.1010429447962427,0.025263484724354246,0.7961706624326597
356.0,1.078347621511081,0.0014856258152857,nan,0,0,dead_reckoning,1.1172235220802553,0.03887590056917434,
356.0,1.078347621511081,0.0014856258152857,nan,0,0,cann_no_cue,1.11722352176626,0.03887590025517884,0.796170662391318
356.0,1.078347621511081,0.0014856258152857,nan,0,0,cann_sparse_cue,1.102543685029684,0.024196063518602706,0.7961706623913176
356.0,1.078347621511081,0.0014856258152857,nan,0,0,cann_gated_cue,1.102501492583125,0.02415387107204392,0.796170662391318
358.0,1.080924703030915,0.001503097808152551,nan,0,0,dead_reckoning,1.1201947737108267,0.03927007067991184,
358.0,1.080924703030915,0.001503097808152551,nan,0,0,cann_no_cue,1.1201947733965596,0.03927007036564456,0.7961706624443347
358.0,1.080924703030915,0.001503097808152551,nan,0,0,cann_sparse_cue,1.1055149366599832,0.02459023362906798,0.7961706624443347
358.0,1.080924703030915,0.001503097808152551,nan,0,0,cann_gated_cue,1.1054727442134242,0.024548041182509195,0.7961706624443341
360.0,1.0835098578353966,0.001718042161707534,nan,0,0,dead_reckoning,1.1232009693271319,0.03969111149173532,
360.0,1.0835098578353966,0.001718042161707534,nan,0,0,cann_no_cue,1.1232009690125766,0.03969111117717983,0.7961706624459871
360.0,1.0835098578353966,0.001718042161707534,nan,0,0,cann_sparse_cue,1.1085211322760005,0.025011274440603692,0.796170662445987
360.0,1.0835098578353966,0.001718042161707534,nan,0,0,cann_gated_cue,1.1084789398294415,0.024969081994044906,0.7961706624459871
362.0,1.0861022249652468,0.0013232735133147202,nan,0,0,dead_reckoning,1.1266370536505468,0.040534828685300006,
362.0,1.0861022249652468,0.0013232735133147202,nan,0,0,cann_no_cue,1.1266370533355643,0.0405348283703173,0.7961706624678984
362.0,1.0861022249652468,0.0013232735133147202,nan,0,0,cann_sparse_cue,1.1119572165989884,0.02585499163374161,0.7961706624678984
362.0,1.0861022249652468,0.0013232735133147202,nan,0,0,cann_gated_cue,1.1119150241524292,0.025812799187182378,0.7961706624678986
364.0,1.0887009308083173,0.0014304160668180198,nan,0,0,dead_reckoning,1.1292836006771763,0.04058266986885872,
364.0,1.0887009308083173,0.0014304160668180198,nan,0,0,cann_no_cue,1.129283600361993,0.04058266955367573,0.7961706624299026
364.0,1.0887009308083173,0.0014304160668180198,nan,0,0,cann_sparse_cue,1.1146037636254171,0.02590283281710004,0.7961706624299023
364.0,1.0887009308083173,0.0014304160668180198,nan,0,0,cann_gated_cue,1.1145615711788581,0.02586064037054081,0.7961706624299023
366.0,1.091305090632203,0.001292136114004475,nan,0,0,dead_reckoning,1.1321444328108123,0.04083934217860907,
366.0,1.091305090632203,0.001292136114004475,nan,0,0,cann_no_cue,1.132144432495382,0.040839341863178724,0.7961706624392394
366.0,1.091305090632203,0.001292136114004475,nan,0,0,cann_sparse_cue,1.117464595758806,0.026159505126603033,0.7961706624392394
366.0,1.091305090632203,0.001292136114004475,nan,0,0,cann_gated_cue,1.117422403312247,0.026117312680043803,0.7961706624392393
368.0,1.0939138101363637,0.0012096504591997514,nan,0,0,dead_reckoning,1.1347287050388213,0.0408148949024576,
368.0,1.0939138101363637,0.0012096504591997514,nan,0,0,cann_no_cue,1.134728704723207,0.0408148945868434,0.7961706624273249
368.0,1.0939138101363637,0.0012096504591997514,nan,0,0,cann_sparse_cue,1.1200488679866312,0.026135057850267707,0.796170662427325
368.0,1.0939138101363637,0.0012096504591997514,nan,0,0,cann_gated_cue,1.1200066755400722,0.026092865403708476,0.7961706624273251
370.0,1.0965261870210297,0.001294425776063198,nan,0,0,dead_reckoning,1.1371480059572208,0.0406218189361911,
370.0,1.0965261870210297,0.001294425776063198,nan,0,0,cann_no_cue,1.1371480056414562,0.04062181862042635,0.7961706624207944
370.0,1.0965261870210297,0.001294425776063198,nan,0,0,cann_sparse_cue,1.12246816890488,0.025941981883850218,0.7961706624207946
370.0,1.0965261870210297,0.001294425776063198,nan,0,0,cann_gated_cue,1.1224259764583213,0.02589978943729143,0.7961706624207945
372.0,1.0991413125701432,0.0013572379071565511,nan,0,0,dead_reckoning,1.1397368575093472,0.0405955449392037,
372.0,1.0991413125701432,0.0013572379071565511,nan,0,0,cann_no_cue,1.1397368571933995,0.04059554462325643,0.7961706624275127
372.0,1.0991413125701432,0.0013572379071565511,nan,0,0,cann_sparse_cue,1.1250570204568238,0.025915707886680295,0.7961706624275127
372.0,1.0991413125701432,0.0013572379071565511,nan,0,0,cann_gated_cue,1.1250148280102645,0.02587351544012151,0.7961706624275128
374.0,1.1017582732455558,0.0016613360076620605,nan,0,0,dead_reckoning,1.1424513333236603,0.04069306007810436,
374.0,1.1017582732455558,0.0016613360076620605,nan,0,0,cann_no_cue,1.1424513330075012,0.040693059761945705,0.7961706624327836
374.0,1.1017582732455558,0.0016613360076620605,nan,0,0,cann_sparse_cue,1.1277714962709255,0.02601322302536957,0.7961706624327836
374.0,1.1017582732455558,0.0016613360076620605,nan,0,0,cann_gated_cue,1.1277293038243663,0.025971030578810783,0.7961706624327837
376.0,1.1043761522896833,0.0014268884119044106,nan,0,0,dead_reckoning,1.1457740053389844,0.041397853049301325,
376.0,1.1043761522896833,0.0014268884119044106,nan,0,0,cann_no_cue,1.1457740050224399,0.04139785273275631,0.7961706624618338
376.0,1.1043761522896833,0.0014268884119044106,nan,0,0,cann_sparse_cue,1.131094168285864,0.026718015996180622,0.7961706624618338
376.0,1.1043761522896833,0.0014268884119044106,nan,0,0,cann_gated_cue,1.131051975839305,0.02667582354962139,0.7961706624618338
378.0,1.106994031333811,0.0012857255697987916,nan,0,0,dead_reckoning,1.1486277821627933,0.04163375082898213,
378.0,1.106994031333811,0.0012857255697987916,nan,0,0,cann_no_cue,1.1486277818459996,0.04163375051218843,0.7961706624389204
378.0,1.106994031333811,0.0012857255697987916,nan,0,0,cann_sparse_cue,1.1339479451094239,0.02695391377561318,0.7961706624389205
378.0,1.106994031333811,0.0012857255697987916,nan,0,0,cann_gated_cue,1.1339057526628646,0.026911721329053506,0.7961706624389205
380.0,1.1096109920092234,0.0014379485219558096,nan,0,0,dead_reckoning,1.1511992333023908,0.04158824129316763,
380.0,1.1096109920092234,0.0014379485219558096,nan,0,0,cann_no_cue,1.1511992329854157,0.04158824097619229,0.7961706624268019
380.0,1.1096109920092234,0.0014379485219558096,nan,0,0,cann_sparse_cue,1.13651939624884,0.0269084042396166,0.7961706624268022
380.0,1.1096109920092234,0.0014379485219558096,nan,0,0,cann_gated_cue,1.136477203802281,0.026866211793057815,0.7961706624268021
382.0,1.112226117558337,0.0014433294309558254,nan,0,0,dead_reckoning,1.1540751303463024,0.04184901278796538,
382.0,1.112226117558337,0.0014433294309558254,nan,0,0,cann_no_cue,1.1540751300290768,0.04184901247074002,0.7961706624399233
382.0,1.112226117558337,0.0014433294309558254,nan,0,0,cann_sparse_cue,1.139395293292501,0.027169175734163886,0.7961706624399231
382.0,1.112226117558337,0.0014433294309558254,nan,0,0,cann_gated_cue,1.1393531008459419,0.0271269832876051,0.7961706624399233
384.0,1.114838494443003,0.0012908677966795156,nan,0,0,dead_reckoning,1.156961789208214,0.04212329476521104,
384.0,1.114838494443003,0.0012908677966795156,nan,0,0,cann_no_cue,1.1569617888907338,0.042123294447730775,0.7961706624404138
384.0,1.114838494443003,0.0012908677966795156,nan,0,0,cann_sparse_cue,1.1422819521541578,0.027443457711155084,0.7961706624404138
384.0,1.114838494443003,0.0012908677966795156,nan,0,0,cann_gated_cue,1.1422397597075984,0.02740126526459541,0.7961706624404138
386.0,1.1174472139471634,0.0016058948156175978,nan,0,0,dead_reckoning,1.159543524801573,0.04209631085440968,
386.0,1.1174472139471634,0.0016058948156175978,nan,0,0,cann_no_cue,1.159543524483909,0.04209631053674556,0.7961706624272215
386.0,1.1174472139471634,0.0016058948156175978,nan,0,0,cann_sparse_cue,1.1448636877473335,0.027416473800170316,0.7961706624272216
386.0,1.1174472139471634,0.0016058948156175978,nan,0,0,cann_gated_cue,1.144821495300774,0.02737428135361064,0.7961706624272216
388.0,1.1200513737710494,0.001072659203180117,nan,0,0,dead_reckoning,1.1627553144328082,0.042703940661758644,
388.0,1.1200513737710494,0.001072659203180117,nan,0,0,cann_no_cue,1.1627553141147962,0.042703940343746805,0.7961706624561012
388.0,1.1200513737710494,0.001072659203180117,nan,0,0,cann_sparse_cue,1.1480754773782211,0.028024103607172002,0.7961706624561011
388.0,1.1200513737710494,0.001072659203180117,nan,0,0,cann_gated_cue,1.1480332849316615,0.027981911160612327,0.7961706624561011
390.0,1.12265007961412,0.0013699103054425625,nan,0,0,dead_reckoning,1.1649006328391684,0.04225055322504856,
390.0,1.12265007961412,0.0013699103054425625,nan,0,0,cann_no_cue,1.164900632521048,0.04225055290692836,0.7961706624108998
390.0,1.12265007961412,0.0013699103054425625,nan,0,0,cann_sparse_cue,1.1502207957844728,0.027570716170353116,0.7961706624109
390.0,1.12265007961412,0.0013699103054425625,nan,0,0,cann_gated_cue,1.150178603337913,0.02752852372379344,0.7961706624108998
392.0,1.1252424467439701,0.0015133187923076358,nan,0,0,dead_reckoning,1.1676404534500535,0.04239800670608318,
392.0,1.1252424467439701,0.0015133187923076358,nan,0,0,cann_no_cue,1.1676404531317177,0.0423980063877476,0.7961706624338774
392.0,1.1252424467439701,0.0015133187923076358,nan,0,0,cann_sparse_cue,1.1529606163951425,0.027718169651172353,0.7961706624338771
392.0,1.1252424467439701,0.0015133187923076358,nan,0,0,cann_gated_cue,1.152918423948583,0.02767597720461268,0.7961706624338774
394.0,1.1278276015484514,0.0011567145601296671,nan,0,0,dead_reckoning,1.170667091034669,0.04283948948621763,
394.0,1.1278276015484514,0.0011567145601296671,nan,0,0,cann_no_cue,1.1706670907160406,0.04283948916758895,0.7961706624469629
394.0,1.1278276015484514,0.0011567145601296671,nan,0,0,cann_sparse_cue,1.1559872539794656,0.02815965243101415,0.7961706624469629
394.0,1.1278276015484514,0.0011567145601296671,nan,0,0,cann_gated_cue,1.1559450615329059,0.028117459984454474,0.7961706624469628
396.0,1.1304046830682857,0.0014465727897431874,nan,0,0,dead_reckoning,1.1729805201549284,0.04257583708664292,
396.0,1.1304046830682857,0.0014465727897431874,nan,0,0,cann_no_cue,1.172980519836166,0.042575836767880126,0.7961706624168302
396.0,1.1304046830682857,0.0014465727897431874,nan,0,0,cann_sparse_cue,1.158300683099591,0.027896000031305324,0.7961706624168301
396.0,1.1304046830682857,0.0014465727897431874,nan,0,0,cann_gated_cue,1.1582584906530313,0.02785380758474565,0.7961706624168301
398.0,1.1329728445074783,0.0016071933838309985,nan,0,0,dead_reckoning,1.1758736657344147,0.042900821226936614,
398.0,1.1329728445074783,0.0016071933838309985,nan,0,0,cann_no_cue,1.1758736654153983,0.0429008209079198,0.7961706624407104
398.0,1.1329728445074783,0.0016071933838309985,nan,0,0,cann_sparse_cue,1.1611938286788235,0.028220984171345442,0.7961706624407104
398.0,1.1329728445074783,0.0016071933838309985,nan,0,0,cann_gated_cue,1.1611516362322638,0.028178791724785768,0.7961706624407104
400.0,1.1355312547188878,0.0014521633508710217,nan,0,0,dead_reckoning,1.1790880525020766,0.04355679778318855,
400.0,1.1355312547188878,0.0014521633508710217,nan,0,0,cann_no_cue,1.1790880521827098,0.043556797463821795,0.7961706624562334
400.0,1.1355312547188878,0.0014521633508710217,nan,0,0,cann_sparse_cue,1.164408215446135,0.028876960727247436,0.796170662456233
400.0,1.1355312547188878,0.0014521633508710217,nan,0,0,cann_gated_cue,1.1643660229995756,0.02883476828068776,0.7961706624562334
402.0,1.1380790996623396,0.0010692856729480134,nan,0,0,dead_reckoning,1.1819923792038187,0.04391327954147917,
402.0,1.1380790996623396,0.0010692856729480134,nan,0,0,cann_no_cue,1.1819923788841902,0.04391327922185084,0.7961706624412235
402.0,1.1380790996623396,0.0010692856729480134,nan,0,0,cann_sparse_cue,1.1673125421476156,0.02923344248527604,0.7961706624412233
402.0,1.1380790996623396,0.0010692856729480134,nan,0,0,cann_gated_cue,1.167270349701056,0.029191250038716365,0.7961706624412233
404.0,1.140615583832729,0.001223188171098627,nan,0,0,dead_reckoning,1.1841309505497146,0.04351536671698586,
404.0,1.140615583832729,0.001223188171098627,nan,0,0,cann_no_cue,1.1841309502299802,0.0435153663972514,0.796170662410671
404.0,1.140615583832729,0.001223188171098627,nan,0,0,cann_sparse_cue,1.1694511134934054,0.02883552966067615,0.7961706624106711
404.0,1.140615583832729,0.001223188171098627,nan,0,0,cann_gated_cue,1.169408921046846,0.02879333721411692,0.7961706624106711
406.0,1.1431399316556081,0.0015625148416099773,nan,0,0,dead_reckoning,1.186577326891912,0.04343739523630408,
406.0,1.1431399316556081,0.0015625148416099773,nan,0,0,cann_no_cue,1.1865773265720234,0.04343739491641507,0.7961706624218368
406.0,1.1431399316556081,0.0015625148416099773,nan,0,0,cann_sparse_cue,1.1718974898354488,0.028757558179840714,0.7961706624218365
406.0,1.1431399316556081,0.0015625148416099773,nan,0,0,cann_gated_cue,1.1718552973888892,0.02871536573328104,0.7961706624218365
408.0,1.1456513888478062,0.001396675033842788,nan,0,0,dead_reckoning,1.189702356575132,0.04405096772732575,
408.0,1.1456513888478062,0.001396675033842788,nan,0,0,cann_no_cue,1.1897023562549234,0.04405096740711745,0.7961706624517515
408.0,1.1456513888478062,0.001396675033842788,nan,0,0,cann_sparse_cue,1.1750225195183486,0.0293711306705422,0.7961706624517516
408.0,1.1456513888478062,0.001396675033842788,nan,0,0,cann_gated_cue,1.1749803270717893,0.029328938223983414,0.7961706624517518
410.0,1.148149223740699,0.0013333683153157242,nan,0,0,dead_reckoning,1.1924957066428175,0.04434648290211829,
410.0,1.148149223740699,0.0013333683153157242,nan,0,0,cann_no_cue,1.192495706322376,0.04434648258167684,0.7961706624362206
410.0,1.148149223740699,0.0013333683153157242,nan,0,0,cann_sparse_cue,1.1778158695858014,0.02966664584510248,0.7961706624362208
410.0,1.148149223740699,0.0013333683153157242,nan,0,0,cann_gated_cue,1.177773677139242,0.029624453398542805,0.7961706624362206
412.0,1.1506327285638045,0.0014053930384752354,nan,0,0,dead_reckoning,1.195162443273449,0.044529714709644175,
412.0,1.1506327285638045,0.0014053930384752354,nan,0,0,cann_no_cue,1.195162442952806,0.04452971438900155,0.7961706624307512
412.0,1.1506327285638045,0.0014053930384752354,nan,0,0,cann_sparse_cue,1.1804826062162312,0.02984987765242675,0.7961706624307513
412.0,1.1506327285638045,0.0014053930384752354,nan,0,0,cann_gated_cue,1.180440413769672,0.029807685205867518,0.7961706624307511
414.0,1.1531012206864517,0.001440020098767837,nan,0,0,dead_reckoning,1.1979732293503993,0.04487200866394758,
414.0,1.1531012206864517,0.001440020098767837,nan,0,0,cann_no_cue,1.1979732290295217,0.044872008343070036,0.7961706624369936
414.0,1.1531012206864517,0.001440020098767837,nan,0,0,cann_sparse_cue,1.1832933922929472,0.030192171606495677,0.796170662436994
414.0,1.1531012206864517,0.001440020098767837,nan,0,0,cann_gated_cue,1.1832511998463877,0.030149979159936002,0.796170662436994
416.0,1.1555540438153487,0.001180044784108151,nan,0,0,dead_reckoning,1.200853269547935,0.04529922573258638,
416.0,1.1555540438153487,0.001180044784108151,nan,0,0,cann_no_cue,1.2008532692268044,0.0452992254114557,0.796170662440112
416.0,1.1555540438153487,0.001180044784108151,nan,0,0,cann_sparse_cue,1.18617343249023,0.030619388674881343,0.796170662440112
416.0,1.1555540438153487,0.001180044784108151,nan,0,0,cann_gated_cue,1.1861312400436703,0.030577196228321668,0.7961706624401119
418.0,1.1579905691459418,0.0012513642186184263,nan,0,0,dead_reckoning,1.2032133591161513,0.045222789970209565,
418.0,1.1579905691459418,0.0012513642186184263,nan,0,0,cann_no_cue,1.2032133587948795,0.04522278964893767,0.7961706624185554
418.0,1.1579905691459418,0.0012513642186184263,nan,0,0,cann_sparse_cue,1.1885335220583049,0.030542952912362864,0.7961706624185552
418.0,1.1579905691459418,0.0012513642186184263,nan,0,0,cann_gated_cue,1.1884913296117454,0.030500760465803634,0.7961706624185556
420.0,1.1604101964655542,0.0013189274817330511,1.1603945610939725,1,1,dead_reckoning,1.2057160875533883,0.045305891087834116,
420.0,1.1604101964655542,0.0013189274817330511,1.1603945610939725,1,1,cann_no_cue,1.2057160872319508,0.04530589076639657,0.7961706624240432
420.0,1.1604101964655542,0.0013189274817330511,1.1603945610939725,1,1,cann_sparse_cue,1.1616774893658863,0.0012672929003318956,0.8236435105347735
420.0,1.1604101964655542,0.0013189274817330511,1.1603945610939725,1,1,cann_gated_cue,1.1616765235259305,0.0012663270603763266,0.8236435106683813
422.0,1.1628123552063627,0.001201446755542149,nan,0,0,dead_reckoning,1.2083539425168544,0.04554158731049185,
422.0,1.1628123552063627,0.001201446755542149,nan,0,0,cann_no_cue,1.208353942195223,0.04554158698886024,0.7961706624295389
422.0,1.1628123552063627,0.001201446755542149,nan,0,0,cann_sparse_cue,1.1643089062408158,0.0014965510344531197,0.7961706624295394
422.0,1.1628123552063627,0.001201446755542149,nan,0,0,cann_gated_cue,1.1643079443942366,0.001495589187873847,0.796170662429539
424.0,1.165196505446366,0.0012599491763574573,nan,0,0,dead_reckoning,1.2107568360279386,0.04556033058157283,
424.0,1.165196505446366,0.0012599491763574573,nan,0,0,cann_no_cue,1.2107568357061596,0.04556033025979378,0.7961706624201682
424.0,1.165196505446366,0.0012599491763574573,nan,0,0,cann_sparse_cue,1.1667117997517524,0.0015152943053866608,0.7961706624201685
424.0,1.165196505446366,0.0012599491763574573,nan,0,0,cann_gated_cue,1.166710837905173,0.001514332458806944,0.7961706624201684
426.0,1.167562138856594,0.001503130480547113,nan,0,0,dead_reckoning,1.2132767343806536,0.045714595524059654,
426.0,1.167562138856594,0.001503130480547113,nan,0,0,cann_no_cue,1.2132767340587054,0.04571459520211141,0.7961706624247256
426.0,1.167562138856594,0.001503130480547113,nan,0,0,cann_sparse_cue,1.1692316981042985,0.0016695592477047327,0.7961706624247256
426.0,1.167562138856594,0.001503130480547113,nan,0,0,cann_gated_cue,1.169230736257719,0.001668597401125016,0.7961706624247256
428.0,1.1699087795928866,0.0010970099725640032,nan,0,0,dead_reckoning,1.2162829953417478,0.046374215748861136,
428.0,1.1699087795928866,0.0010970099725640032,nan,0,0,cann_no_cue,1.216282995019514,0.04637421542662734,0.7961706624459902
428.0,1.1699087795928866,0.0010970099725640032,nan,0,0,cann_sparse_cue,1.1722379590651073,0.002329179472220666,0.7961706624459904
428.0,1.1699087795928866,0.0010970099725640032,nan,0,0,cann_gated_cue,1.1722369972185276,0.0023282176256409493,0.7961706624459899
430.0,1.1722359851306892,0.0015950638500696367,nan,0,0,dead_reckoning,1.2184770152868758,0.046241030156186635,
430.0,1.1722359851306892,0.0015950638500696367,nan,0,0,cann_no_cue,1.2184770149645272,0.04624102983383782,0.7961706624125717
430.0,1.1722359851306892,0.0015950638500696367,nan,0,0,cann_sparse_cue,1.1744319790101203,0.002195993879431146,0.7961706624125718
430.0,1.1722359851306892,0.0015950638500696367,nan,0,0,cann_gated_cue,1.174431017163541,0.0021950320328518735,0.796170662412572
432.0,1.1745433470413877,0.0015766610224462836,nan,0,0,dead_reckoning,1.2216671429870152,0.047123795945627656,
432.0,1.1745433470413877,0.0015766610224462836,nan,0,0,cann_no_cue,1.2216671426643273,0.04712379562293956,0.7961706624550043
432.0,1.1745433470413877,0.0015766610224462836,nan,0,0,cann_sparse_cue,1.1776221067099206,0.003078759668532882,0.7961706624550042
432.0,1.1745433470413877,0.0015766610224462836,nan,0,0,cann_gated_cue,1.1776211448633411,0.0030777978219536095,0.7961706624550041
434.0,1.1768304917088344,0.0009365538827910136,nan,0,0,dead_reckoning,1.2248204650319077,0.04798997332307309,
434.0,1.1768304917088344,0.0009365538827910136,nan,0,0,cann_no_cue,1.224820464708887,0.047989973000052366,0.7961706624531569
434.0,1.1768304917088344,0.0009365538827910136,nan,0,0,cann_sparse_cue,1.1807754287544803,0.003944937045646135,0.7961706624531568
434.0,1.1768304917088344,0.0009365538827910136,nan,0,0,cann_gated_cue,1.1807744669079008,0.0039439751990664185,0.7961706624531569
436.0,1.179097080984795,0.0011962806205901596,nan,0,0,dead_reckoning,1.2266935727974897,0.047596491812694985,
436.0,1.179097080984795,0.0011962806205901596,nan,0,0,cann_no_cue,1.2266935724743955,0.047596491489600545,0.7961706624022454
436.0,1.179097080984795,0.0011962806205901596,nan,0,0,cann_sparse_cue,1.182648536519989,0.0035514555351943145,0.7961706624022454
436.0,1.179097080984795,0.0011962806205901596,nan,0,0,cann_gated_cue,1.1826475746734095,0.0035504936886145977,0.7961706624022451
438.0,1.1813428127821772,0.0012852787962332338,nan,0,0,dead_reckoning,1.22908613403867,0.047743321256493054,
438.0,1.1813428127821772,0.0012852787962332338,nan,0,0,cann_no_cue,1.2290861337154324,0.04774332093325517,0.7961706624197765
438.0,1.1813428127821772,0.0012852787962332338,nan,0,0,cann_sparse_cue,1.1850410977610262,0.0036982849788489425,0.7961706624197765
438.0,1.1813428127821772,0.0012852787962332338,nan,0,0,cann_gated_cue,1.1850401359144467,0.0036973231322692257,0.7961706624197765
440.0,1.1835674216049936,0.0010816132539823952,1.1833998759133706,1,1,dead_reckoning,1.2316566916311364,0.04808927002614283,
440.0,1.1835674216049936,0.0010816132539823952,1.1833998759133706,1,1,cann_no_cue,1.2316566913077196,0.04808926970272598,0.796170662426766
440.0,1.1835674216049936,0.0010816132539823952,1.1833998759133706,1,1,cann_sparse_cue,1.1840940304878804,0.0005266088828870252,0.8236435721990196
440.0,1.1835674216049936,0.0010816132539823952,1.1833998759133706,1,1,cann_gated_cue,1.1840940084963967,0.000526586891402836,0.8236435722005666
442.0,1.1857706790141316,0.0010643408455871415,nan,0,0,dead_reckoning,1.2338199181391012,0.04804923912496939,
442.0,1.1857706790141316,0.0010643408455871415,nan,0,0,cann_no_cue,1.2338199178155758,0.04804923880144418,0.7961706624115101
442.0,1.1857706790141316,0.0010643408455871415,nan,0,0,cann_sparse_cue,1.1862534861951832,0.00048280718105164766,0.7961706624115102
442.0,1.1857706790141316,0.0010643408455871415,nan,0,0,cann_gated_cue,1.186253464294629,0.00048278528049738867,0.7961706624115102
444.0,1.1879523940281134,0.0011381973050495103,nan,0,0,dead_reckoning,1.2359485998302757,0.04799620580216235,
444.0,1.1879523940281134,0.0011381973050495103,nan,0,0,cann_no_cue,1.235948599506648,0.04799620547853456,0.7961706624103373
444.0,1.1879523940281134,0.0011381973050495103,nan,0,0,cann_sparse_cue,1.1883821678862554,0.00042977385814202407,0.7961706624103373
444.0,1.1879523940281134,0.0011381973050495103,nan,0,0,cann_gated_cue,1.1883821459857011,0.0004297519575877651,0.7961706624103373
446.0,1.1901124134581424,0.0013010868871422975,nan,0,0,dead_reckoning,1.2382249944403747,0.048112580982232256,
446.0,1.1901124134581424,0.0013010868871422975,nan,0,0,cann_no_cue,1.2382249941166226,0.04811258065848012,0.7961706624154853
446.0,1.1901124134581424,0.0013010868871422975,nan,0,0,cann_sparse_cue,1.1906585624962303,0.0005461490380875844,0.7961706624154853
446.0,1.1901124134581424,0.0013010868871422975,nan,0,0,cann_gated_cue,1.190658540595676,0.0005461271375333254,0.7961706624154853
448.0,1.1922506221768492,0.001069419285114043,nan,0,0,dead_reckoning,1.2408271682146592,0.04857654603781025,
448.0,1.1922506221768492,0.001069419285114043,nan,0,0,cann_no_cue,1.240827167890722,0.04857654571387293,0.7961706624280597
448.0,1.1922506221768492,0.001069419285114043,nan,0,0,cann_sparse_cue,1.1932607362703296,0.0010101140934803965,0.7961706624280596
448.0,1.1922506221768492,0.001069419285114043,nan,0,0,cann_gated_cue,1.1932607143697753,0.0010100921929261375,0.7961706624280597
450.0,1.1943669433202624,0.0014732349621228184,nan,0,0,dead_reckoning,1.2429660067848873,0.04859906346462495,
450.0,1.1943669433202624,0.0014732349621228184,nan,0,0,cann_no_cue,1.2429660064608448,0.04859906314058238,0.7961706624106801
450.0,1.1943669433202624,0.0014732349621228184,nan,0,0,cann_sparse_cue,1.1953995748404525,0.0010326315201902858,0.7961706624106801
450.0,1.1943669433202624,0.0014732349621228184,nan,0,0,cann_gated_cue,1.1953995529398986,0.0010326096196360268,0.7961706624106801
452.0,1.1964613384226557,0.001199012113846615,nan,0,0,dead_reckoning,1.245912476709133,0.04945113828647729,
452.0,1.1964613384226557,0.001199012113846615,nan,0,0,cann_no_cue,1.2459124763848228,0.04945113796216738,0.7961706624431739
452.0,1.1964613384226557,0.001199012113846615,nan,0,0,cann_sparse_cue,1.1983460447644305,0.0018847063417748444,0.7961706624431741
452.0,1.1964613384226557,0.001199012113846615,nan,0,0,cann_gated_cue,1.1983460228638767,0.0018846844412210295,0.7961706624431742
454.0,1.1985338074840288,0.00111880352570467,nan,0,0,dead_reckoning,1.2483105009368263,0.04977669345279745,
454.0,1.1985338074840288,0.00111880352570467,nan,0,0,cann_no_cue,1.2483105006123674,0.04977669312833832,0.7961706624199835
454.0,1.1985338074840288,0.00111880352570467,nan,0,0,cann_sparse_cue,1.2007440689919755,0.002210261507946676,0.7961706624199837
454.0,1.1985338074840288,0.00111880352570467,nan,0,0,cann_gated_cue,1.2007440470914217,0.002210239607392861,0.7961706624199836
456.0,1.2005843889701087,0.0013764133553635775,nan,0,0,dead_reckoning,1.2505481079882355,0.049963719018126795,
456.0,1.2005843889701087,0.0013764133553635775,nan,0,0,cann_no_cue,1.2505481076636578,0.0499637186935491,0.7961706624141001
456.0,1.2005843889701087,0.0013764133553635775,nan,0,0,cann_sparse_cue,1.202981676043266,0.0023972870731574503,0.7961706624141002
456.0,1.2005843889701087,0.0013764133553635775,nan,0,0,cann_gated_cue,1.2029816541427119,0.0023972651726031913,0.7961706624141002
458.0,1.2026131597448657,0.0012169684831941179,nan,0,0,dead_reckoning,1.2533009346989625,0.05068777495409682,
458.0,1.2026131597448657,0.0012169684831941179,nan,0,0,cann_no_cue,1.253300934374166,0.050687774629300186,0.7961706624344427
458.0,1.2026131597448657,0.0012169684831941179,nan,0,0,cann_sparse_cue,1.205734502753774,0.0031213430089085392,0.7961706624344426
458.0,1.2026131597448657,0.0012169684831941179,nan,0,0,cann_gated_cue,1.2057344808532202,0.0031213211083542802,0.7961706624344423
460.0,1.2046202349356703,0.001157887887389515,1.204039148435581,1,1,dead_reckoning,1.255734871665351,0.05111463672968064,
460.0,1.2046202349356703,0.001157887887389515,1.204039148435581,1,1,cann_no_cue,1.2557348713404,0.05111463640472991,0.7961706624213561
460.0,1.2046202349356703,0.001157887887389515,1.204039148435581,1,1,cann_sparse_cue,1.2046996419063922,7.940697072195135e-05,0.8236435742305973
460.0,1.2046202349356703,0.001157887887389515,1.204039148435581,1,1,cann_gated_cue,1.204699641405662,7.940646999182732e-05,0.8236435742306312
462.0,1.2066057677313187,0.0010176923549935389,nan,0,0,dead_reckoning,1.2580506474401298,0.051444879708811175,
462.0,1.2066057677313187,0.0010176923549935389,nan,0,0,cann_no_cue,1.258050647115047,0.05144487938372855,0.7961706624169161
462.0,1.2066057677313187,0.0010176923549935389,nan,0,0,cann_sparse_cue,1.207011704795029,0.0004059370637103932,0.7961706624169163
462.0,1.2066057677313187,0.0010176923549935389,nan,0,0,cann_gated_cue,1.2070117042963693,0.00040593656505061304,0.7961706624169161
464.0,1.2085699491132886,0.0013874715292009957,nan,0,0,dead_reckoning,1.260086032150117,0.05151608303682842,
464.0,1.2085699491132886,0.0013874715292009957,nan,0,0,cann_no_cue,1.260086031824944,0.05151608271165564,0.7961706624072633
464.0,1.2085699491132886,0.0013874715292009957,nan,0,0,cann_sparse_cue,1.2090470895049263,0.0004771403916379313,0.7961706624072636
464.0,1.2085699491132886,0.0013874715292009957,nan,0,0,cann_gated_cue,1.2090470890062666,0.0004771398929781512,0.7961706624072634
466.0,1.2105130075206927,0.0012099847238988505,nan,0,0,dead_reckoning,1.2628609752085191,0.05234796768782646,
466.0,1.2105130075206927,0.0012099847238988505,nan,0,0,cann_no_cue,1.2628609748831225,0.05234796736242986,0.7961706624354098
466.0,1.2105130075206927,0.0012099847238988505,nan,0,0,cann_sparse_cue,1.211822032563105,0.0013090250424125927,0.7961706624354098
466.0,1.2105130075206927,0.0012099847238988505,nan,0,0,cann_gated_cue,1.211822032064445,0.0013090245437523684,0.7961706624354099
468.0,1.2124352084495185,0.0010163144843240639,nan,0,0,dead_reckoning,1.2652809446563167,0.05284573620679822,
468.0,1.2124352084495185,0.0010163144843240639,nan,0,0,cann_no_cue,1.2652809443307687,0.05284573588125019,0.7961706624208201
468.0,1.2124352084495185,0.0010163144843240639,nan,0,0,cann_sparse_cue,1.2142420020107512,0.0018067935612329222,0.7961706624208198
468.0,1.2124352084495185,0.0010163144843240639,nan,0,0,cann_gated_cue,1.2142420015120914,0.001806793062573142,0.7961706624208201
470.0,1.2143368539868584,0.0007606012355318088,nan,0,0,dead_reckoning,1.2673135736249648,0.05297671963810657,
470.0,1.2143368539868584,0.0007606012355318088,nan,0,0,cann_no_cue,1.2673135732993268,0.05297671931246839,0.7961706624071749
470.0,1.2143368539868584,0.0007606012355318088,nan,0,0,cann_sparse_cue,1.2162746309793095,0.0019377769924511234,0.796170662407175
470.0,1.2143368539868584,0.0007606012355318088,nan,0,0,cann_gated_cue,1.2162746304806498,0.0019377764937913433,0.7961706624071749
472.0,1.2162182822809462,0.0010823146034055911,nan,0,0,dead_reckoning,1.2688347760960283,0.052616493815082155,
472.0,1.2162182822809462,0.0010823146034055911,nan,0,0,cann_no_cue,1.2688347757703526,0.052616493489406224,0.796170662392795
472.0,1.2162182822809462,0.0010823146034055911,nan,0,0,cann_sparse_cue,1.2177958334503354,0.0015775511693894018,0.7961706623927949
472.0,1.2162182822809462,0.0010823146034055911,nan,0,0,cann_gated_cue,1.2177958329516754,0.0015775506707291775,0.7961706623927949
474.0,1.2180798669479302,0.0008031262749915424,nan,0,0,dead_reckoning,1.2709994053028395,0.05291953835490926,
474.0,1.2180798669479302,0.0008031262749915424,nan,0,0,cann_no_cue,1.270999404977058,0.05291953802912808,0.7961706624115583
474.0,1.2180798669479302,0.0008031262749915424,nan,0,0,cann_sparse_cue,1.219960462657041,0.0018805957091108105,0.7961706624115582
474.0,1.2180798669479302,0.0008031262749915424,nan,0,0,cann_gated_cue,1.219960462158381,0.0018805952104505863,0.7961706624115584
476.0,1.2199220164164237,0.0006784266302168015,nan,0,0,dead_reckoning,1.2726056578528224,0.0526836414363987,
476.0,1.2199220164164237,0.0006784266302168015,nan,0,0,cann_no_cue,1.2726056575269964,0.052683641110572665,0.7961706623948996
476.0,1.2199220164164237,0.0006784266302168015,nan,0,0,cann_sparse_cue,1.2215667152069796,0.001644698790555843,0.7961706623948996
476.0,1.2199220164164237,0.0006784266302168015,nan,0,0,cann_gated_cue,1.2215667147083198,0.0016446982918960629,0.7961706623948995
478.0,1.2217451732109823,0.0009142972510758857,nan,0,0,dead_reckoning,1.2739625111132562,0.0522173379022739,
478.0,1.2217451732109823,0.0009142972510758857,nan,0,0,cann_no_cue,1.2739625107874037,0.05221733757642166,0.7961706623890527
478.0,1.2217451732109823,0.0009142972510758857,nan,0,0,cann_sparse_cue,1.2229235684673867,0.0011783952564043965,0.7961706623890527
478.0,1.2217451732109823,0.0009142972510758857,nan,0,0,cann_gated_cue,1.2229235679687267,0.0011783947577441722,0.7961706623890525
480.0,1.2235498131757652,0.0010095423747264079,1.2233243313820799,1,1,dead_reckoning,1.2757911056154079,0.052241292439642706,
480.0,1.2235498131757652,0.0010095423747264079,1.2233243313820799,1,1,cann_no_cue,1.2757911052894917,0.05224129211372652,0.7961706624009417
480.0,1.2235498131757652,0.0010095423747264079,1.2233243313820799,1,1,cann_sparse_cue,1.2237822695010967,0.00023245632533175353,0.8236435846482311
480.0,1.2235498131757652,0.0010095423747264079,1.2233243313820799,1,1,cann_gated_cue,1.2237822694896954,0.00023245631393020716,0.8236435846482313
482.0,1.2253364446397434,0.0011738108865655243,nan,0,0,dead_reckoning,1.2778101903648607,0.052473745725117205,
482.0,1.2253364446397434,0.0011738108865655243,nan,0,0,cann_no_cue,1.2778101900388579,0.052473745399114424,0.7961706624067404
482.0,1.2253364446397434,0.0011738108865655243,nan,0,0,cann_sparse_cue,1.225798588287342,0.0004621436475984453,0.7961706624067406
482.0,1.2253364446397434,0.0011738108865655243,nan,0,0,cann_gated_cue,1.2257985882759879,0.00046214363624441646,0.7961706624067405
484.0,1.2271056075249174,0.0009950425094934683,nan,0,0,dead_reckoning,1.2801578121379917,0.05305220461307414,
484.0,1.2271056075249174,0.0009950425094934683,nan,0,0,cann_no_cue,1.280157811811853,0.05305220428693591,0.7961706624180911
484.0,1.2271056075249174,0.0009950425094934683,nan,0,0,cann_sparse_cue,1.228146210060337,0.001040602535419488,0.796170662418091
484.0,1.2271056075249174,0.0009950425094934683,nan,0,0,cann_gated_cue,1.2281462100489828,0.0010406025240654593,0.7961706624180909
486.0,1.2288578723991106,0.0010758595992127159,nan,0,0,dead_reckoning,1.2821478971569786,0.05329002475786826,
486.0,1.2288578723991106,0.0010758595992127159,nan,0,0,cann_no_cue,1.2821478968307556,0.05329002443164477,0.7961706624058207
486.0,1.2288578723991106,0.0010758595992127159,nan,0,0,cann_sparse_cue,1.2301362950792398,0.001278422680129232,0.7961706624058207
486.0,1.2288578723991106,0.0010758595992127159,nan,0,0,cann_gated_cue,1.2301362950678854,0.001278422668774759,0.796170662405821
488.0,1.230593839475,0.0007220828605469009,nan,0,0,dead_reckoning,1.284299616355404,0.0537057768804039,
488.0,1.230593839475,0.0007220828605469009,nan,0,0,cann_no_cue,1.284299616029076,0.053705776554076046,0.7961706624111172
488.0,1.230593839475,0.0007220828605469009,nan,0,0,cann_sparse_cue,1.2322880142775603,0.0016941748025605108,0.7961706624111172
488.0,1.230593839475,0.0007220828605469009,nan,0,0,cann_gated_cue,1.2322880142662058,0.0016941747912060379,0.7961706624111176
490.0,1.2323141375571391,0.0009255842448314836,nan,0,0,dead_reckoning,1.2857437820764979,0.05342964451935872,
490.0,1.2323141375571391,0.0009255842448314836,nan,0,0,cann_no_cue,1.2857437817501371,0.053429644192998005,0.7961706623909874
490.0,1.2323141375571391,0.0009255842448314836,nan,0,0,cann_sparse_cue,1.2337321799986216,0.00141804244148247,0.7961706623909874
490.0,1.2323141375571391,0.0009255842448314836,nan,0,0,cann_gated_cue,1.2337321799872667,0.001418042430127553,0.7961706623909875
492.0,1.2340194229388202,0.000942145013387685,nan,0,0,dead_reckoning,1.2875949505661608,0.053575527627340414,
492.0,1.2340194229388202,0.000942145013387685,nan,0,0,cann_no_cue,1.287594950239734,0.05357552730091353,0.796170662401599
492.0,1.2340194229388202,0.000942145013387685,nan,0,0,cann_sparse_cue,1.2355833484882184,0.0015639255493979931,0.7961706624015991
492.0,1.2340194229388202,0.000942145013387685,nan,0,0,cann_gated_cue,1.2355833484768635,0.0015639255380435202,0.7961706624015991
494.0,1.2357103782507137,0.001076745382292491,nan,0,0,dead_reckoning,1.2894792405929363,0.053768862342222334,
494.0,1.2357103782507137,0.001076745382292491,nan,0,0,cann_no_cue,1.2894792402664388,0.05376886201572528,0.7961706624025776
494.0,1.2357103782507137,0.001076745382292491,nan,0,0,cann_sparse_cue,1.237467638514923,0.0017572602642093038,0.7961706624025777
494.0,1.2357103782507137,0.001076745382292491,nan,0,0,cann_gated_cue,1.2374676385035686,0.001757260252854831,0.7961706624025777
496.0,1.237387711263302,0.0009384643597491817,nan,0,0,dead_reckoning,1.291632731357521,0.054245020094219054,
496.0,1.237387711263302,0.0009384643597491817,nan,0,0,cann_no_cue,1.2916327310309188,0.05424501976761675,0.7961706624111776
496.0,1.237387711263302,0.0009384643597491817,nan,0,0,cann_sparse_cue,1.239621129279403,0.0022334180161012185,0.7961706624111774
496.0,1.237387711263302,0.0009384643597491817,nan,0,0,cann_gated_cue,1.2396211292680486,0.0022334180047467456,0.7961706624111776
498.0,1.2390521536452095,0.0010464494160512313,nan,0,0,dead_reckoning,1.2935096600770195,0.05445750643181002,
498.0,1.2390521536452095,0.0010464494160512313,nan,0,0,cann_no_cue,1.2935096597503466,0.05445750610513711,0.7961706624023588
498.0,1.2390521536452095,0.0010464494160512313,nan,0,0,cann_sparse_cue,1.241498057998831,0.002445904353621575,0.7961706624023587
498.0,1.2390521536452095,0.0010464494160512313,nan,0,0,cann_gated_cue,1.2414980579874766,0.0024459043422671023,0.7961706624023587
500.0,1.2407044596796064,0.0008134281433844061,1.2400288446251724,1,1,dead_reckoning,1.295602558909122,0.05489809922951583,
500.0,1.2407044596796064,0.0008134281433844061,1.2400288446251724,1,1,cann_no_cue,1.2956025585823527,0.054898098902746106,0.7961706624091419
500.0,1.2407044596796064,0.0008134281433844061,1.2400288446251724,1,1,cann_sparse_cue,1.2405970518855882,-0.0001074077940179663,0.8236435793465093
500.0,1.2407044596796064,0.0008134281433844061,1.2400288446251724,1,1,cann_gated_cue,1.2405970518853286,-0.00010740779427775848,0.8236435793465094
502.0,1.242345404940941,0.0009584280852851788,nan,0,0,dead_reckoning,1.2972294151958907,0.05488401025494971,
502.0,1.242345404940941,0.0009584280852851788,nan,0,0,cann_no_cue,1.2972294148690753,0.05488400992813425,0.7961706623954263
502.0,1.242345404940941,0.0009584280852851788,nan,0,0,cann_sparse_cue,1.2422208903608356,-0.0001245145801052061,0.7961706623954266
502.0,1.242345404940941,0.0009584280852851788,nan,0,0,cann_gated_cue,1.2422208903605771,-0.00012451458036366603,0.7961706623954266
504.0,1.2439757849343178,0.0009687493512826402,nan,0,0,dead_reckoning,1.2991462713664612,0.055170486432143395,
504.0,1.2439757849343178,0.0009687493512826402,nan,0,0,cann_no_cue,1.2991462710395718,0.05517048610525421,0.7961706624035574
504.0,1.2439757849343178,0.0009687493512826402,nan,0,0,cann_sparse_cue,1.2441377465313321,0.00016196159701431512,0.7961706624035572
504.0,1.2439757849343178,0.0009687493512826402,nan,0,0,cann_gated_cue,1.2441377465310741,0.00016196159675629929,0.7961706624035573
506.0,1.2455964136999116,0.0006692047717304448,nan,0,0,dead_reckoning,1.3010837700690265,0.05548735636911495,
506.0,1.2455964136999116,0.0006692047717304448,nan,0,0,cann_no_cue,1.3010837697420603,0.05548735604214894,0.7961706624041869
506.0,1.2455964136999116,0.0006692047717304448,nan,0,0,cann_sparse_cue,1.2460752452338208,0.0004788315339094851,0.7961706624041867
506.0,1.2455964136999116,0.0006692047717304448,nan,0,0,cann_gated_cue,1.2460752452335626,0.00047883153365102515,0.7961706624041868
508.0,1.247208122384864,0.0009179049273747606,nan,0,0,dead_reckoning,1.3024221796124875,0.05521405722762385,
508.0,1.247208122384864,0.0009179049273747606,nan,0,0,cann_no_cue,1.3024221792854953,0.05521405690063119,0.7961706623886592
508.0,1.247208122384864,0.0009179049273747606,nan,0,0,cann_sparse_cue,1.2474136547772556,0.00020553239239173848,0.7961706623886595
508.0,1.247208122384864,0.0009179049273747606,nan,0,0,cann_gated_cue,1.2474136547769976,0.00020553239213372265,0.7961706623886596
510.0,1.2488117577851687,0.0008319573094417641,nan,0,0,dead_reckoning,1.3042579894672368,0.05544623168206808,
510.0,1.2488117577851687,0.0008319573094417641,nan,0,0,cann_no_cue,1.3042579891401804,0.05544623135501148,0.7961706624011509
510.0,1.2488117577851687,0.0008319573094417641,nan,0,0,cann_sparse_cue,1.249249464631941,0.00043770684677202354,0.7961706624011509
510.0,1.2488117577851687,0.0008319573094417641,nan,0,0,cann_gated_cue,1.249249464631683,0.0004377068465144518,0.7961706624011508
512.0,1.250408180860105,0.000549079659523084,nan,0,0,dead_reckoning,1.3059219040861203,0.05551372322601544,
512.0,1.250408180860105,0.000549079659523084,nan,0,0,cann_no_cue,1.3059219037590153,0.05551372289890999,0.7961706623963913
512.0,1.250408180860105,0.000549079659523084,nan,0,0,cann_sparse_cue,1.2509133792507756,0.000505198390670536,0.7961706623963912
512.0,1.250408180860105,0.000549079659523084,nan,0,0,cann_gated_cue,1.2509133792505176,0.0005051983904125201,0.7961706623963914
514.0,1.251998265221821,0.0010467580900487537,nan,0,0,dead_reckoning,1.3070200634051665,0.05502179818334563,
514.0,1.251998265221821,0.0010467580900487537,nan,0,0,cann_no_cue,1.307020063078047,0.055021797856226407,0.7961706623840277
514.0,1.251998265221821,0.0010467580900487537,nan,0,0,cann_sparse_cue,1.2520115385698074,1.327334798650881e-05,0.7961706623840278
514.0,1.251998265221821,0.0010467580900487537,nan,0,0,cann_gated_cue,1.2520115385695496,1.3273347728492979e-05,0.7961706623840278
516.0,1.2535828956027215,0.0008099474370745294,nan,0,0,dead_reckoning,1.3091135795852642,0.05553068398254268,
516.0,1.2535828956027215,0.0008099474370745294,nan,0,0,cann_no_cue,1.3091135792580497,0.055530683655327984,0.7961706624091626
516.0,1.2535828956027215,0.0008099474370745294,nan,0,0,cann_sparse_cue,1.2541050547498096,0.000522159147088086,0.7961706624091626
516.0,1.2535828956027215,0.0008099474370745294,nan,0,0,cann_gated_cue,1.2541050547495523,0.0005221591468309583,0.7961706624091627
518.0,1.2551629663033472,0.0007340850379568477,nan,0,0,dead_reckoning,1.310733474459413,0.05557050815606601,
518.0,1.2551629663033472,0.0007340850379568477,nan,0,0,cann_no_cue,1.310733474132153,0.055570507828806015,0.7961706623952476
518.0,1.2551629663033472,0.0007340850379568477,nan,0,0,cann_sparse_cue,1.255724949623913,0.0005619833205656732,0.7961706623952476
518.0,1.2551629663033472,0.0007340850379568477,nan,0,0,cann_gated_cue,1.2557249496236553,0.0005619833203081015,0.7961706623952475
520.0,1.2567393796234678,0.0008121506302656825,1.2546259316213275,1,1,dead_reckoning,1.3122016445353268,0.055462264911859016,
520.0,1.2567393796234678,0.0008121506302656825,1.2546259316213275,1,1,cann_no_cue,1.3122016442080335,0.05546226458456571,0.7961706623915407
520.0,1.2567393796234678,0.0008121506302656825,1.2546259316213275,1,1,cann_sparse_cue,1.255026092383311,-0.0017132872401566246,0.8236435866846693
520.0,1.2567393796234678,0.0008121506302656825,1.2546259316213275,1,1,cann_gated_cue,1.2550260923833052,-0.0017132872401628418,0.8236435866846695
522.0,1.2583130442791404,0.0008989711467189996,nan,0,0,dead_reckoning,1.313825945795858,0.055512901516717506,
522.0,1.2583130442791404,0.0008989711467189996,nan,0,0,cann_no_cue,1.31382594546852,0.05551290118937935,0.7961706623953607
522.0,1.2583130442791404,0.0008989711467189996,nan,0,0,cann_sparse_cue,1.2566480370087887,-0.0016650072703514596,0.7961706623953607
522.0,1.2583130442791404,0.0008989711467189996,nan,0,0,cann_gated_cue,1.256648037008783,-0.0016650072703576768,0.7961706623953609
524.0,1.259884873808514,0.0011323097640258165,nan,0,0,dead_reckoning,1.3156238880892963,0.05573901428078232,
524.0,1.259884873808514,0.0011323097640258165,nan,0,0,cann_no_cue,1.315623887761897,0.05573901395338332,0.7961706624000623
524.0,1.259884873808514,0.0011323097640258165,nan,0,0,cann_sparse_cue,1.2584459793021658,-0.001438894506348376,0.7961706624000624
524.0,1.259884873808514,0.0011323097640258165,nan,0,0,cann_gated_cue,1.2584459793021598,-0.0014388945063541492,0.7961706624000623
526.0,1.261455784969173,0.000838460463136135,nan,0,0,dead_reckoning,1.3178885076173479,0.056432722648175115,
526.0,1.261455784969173,0.000838460463136135,nan,0,0,cann_no_cue,1.317888507289827,0.056432722320653994,0.7961706624150624
526.0,1.261455784969173,0.000838460463136135,nan,0,0,cann_sparse_cue,1.2607105988300955,-0.0007451861390777026,0.7961706624150622
526.0,1.261455784969173,0.000838460463136135,nan,0,0,cann_gated_cue,1.26071059883009,-0.0007451861390830317,0.7961706624150623
528.0,1.263026696129832,0.0009503021099114103,nan,0,0,dead_reckoning,1.31956542854362,0.05653873241378804,
528.0,1.263026696129832,0.0009503021099114103,nan,0,0,cann_no_cue,1.3195654282160485,0.05653873208621629,0.7961706623967351
528.0,1.263026696129832,0.0009503021099114103,nan,0,0,cann_sparse_cue,1.262387519756317,-0.0006391763735149603,0.7961706623967351
528.0,1.263026696129832,0.0009503021099114103,nan,0,0,cann_gated_cue,1.2623875197563112,-0.0006391763735207334,0.796170662396735
530.0,1.2645985256592056,0.0011122940565402662,nan,0,0,dead_reckoning,1.321466032763443,0.05686750710423727,
530.0,1.2645985256592056,0.0011122940565402662,nan,0,0,cann_no_cue,1.3214660324357992,0.05686750677659358,0.7961706624030661
530.0,1.2645985256592056,0.0011122940565402662,nan,0,0,cann_sparse_cue,1.2642881239760677,-0.00031040168313811733,0.7961706624030663
530.0,1.2645985256592056,0.0011122940565402662,nan,0,0,cann_gated_cue,1.2642881239760622,-0.0003104016831434464,0.7961706624030664
532.0,1.2661721903148782,0.0009640420074146635,nan,0,0,dead_reckoning,1.3236906208765236,0.057518430561645406,
532.0,1.2661721903148782,0.0009640420074146635,nan,0,0,cann_no_cue,1.3236906205487642,0.05751843023388581,0.7961706624136403
532.0,1.2661721903148782,0.0009640420074146635,nan,0,0,cann_sparse_cue,1.2665127120890327,0.0003405217741545563,0.7961706624136402
532.0,1.2661721903148782,0.0009640420074146635,nan,0,0,cann_gated_cue,1.266512712089027,0.00034052177414878315,0.7961706624136404
534.0,1.2677486036349987,0.0010583311109140436,nan,0,0,dead_reckoning,1.3256187048913528,0.057870101256353834,
534.0,1.2677486036349987,0.0010583311109140436,nan,0,0,cann_no_cue,1.3256187045635168,0.0578701009285183,0.7961706624038984
534.0,1.2677486036349987,0.0010583311109140436,nan,0,0,cann_sparse_cue,1.2684407961037856,0.000692192468786601,0.7961706624038986
534.0,1.2677486036349987,0.0010583311109140436,nan,0,0,cann_gated_cue,1.26844079610378,0.0006921924687812719,0.7961706624038988
536.0,1.2693286743356245,0.000783952111726799,nan,0,0,dead_reckoning,1.3277353671131809,0.05840669277755639,
536.0,1.2693286743356245,0.000783952111726799,nan,0,0,cann_no_cue,1.3277353667852452,0.058406692449620934,0.7961706624099333
536.0,1.2693286743356245,0.000783952111726799,nan,0,0,cann_sparse_cue,1.270557458325514,0.0012287839898892372,0.7961706624099334
536.0,1.2693286743356245,0.000783952111726799,nan,0,0,cann_gated_cue,1.2705574583255081,0.0012287839898839081,0.7961706624099335
538.0,1.270913304716525,0.0010003347547524514,nan,0,0,dead_reckoning,1.3293032713366346,0.05838996662010931,
538.0,1.270913304716525,0.0010003347547524514,nan,0,0,cann_no_cue,1.3293032710086572,0.05838996629213211,0.7961706623939364
538.0,1.270913304716525,0.0010003347547524514,nan,0,0,cann_sparse_cue,1.272125362548926,0.001212057832400859,0.7961706623939363
538.0,1.270913304716525,0.0010003347547524514,nan,0,0,cann_gated_cue,1.2721253625489204,0.00121205783239553,0.7961706623939364
540.0,1.272503389078241,0.0008724160409249376,1.2714609838157094,1,1,dead_reckoning,1.3313039408461396,0.05880055176789867,
540.0,1.272503389078241,0.0008724160409249376,1.2714609838157094,1,1,cann_no_cue,1.3313039405180784,0.058800551439837534,0.796170662406155
540.0,1.272503389078241,0.0008724160409249376,1.2714609838157094,1,1,cann_sparse_cue,1.2719872302546922,-0.000516158823548718,0.8236435815181361
540.0,1.272503389078241,0.0008724160409249376,1.2714609838157094,1,1,cann_gated_cue,1.2719872302546922,-0.000516158823548718,0.8236435815181362
542.0,1.2740998121531772,0.0010788011957620814,nan,0,0,dead_reckoning,1.3330487729279894,0.058948960774812154,
542.0,1.2740998121531772,0.0010788011957620814,nan,0,0,cann_no_cue,1.3330487725998719,0.05894896044669462,0.7961706623985736
542.0,1.2740998121531772,0.0010788011957620814,nan,0,0,cann_sparse_cue,1.2737291559256068,-0.0003706562275702652,0.7961706623985737
542.0,1.2740998121531772,0.0010788011957620814,nan,0,0,cann_gated_cue,1.2737291559256065,-0.00037065622757070926,0.7961706623985738
544.0,1.275703447553482,0.0007163059858476941,nan,0,0,dead_reckoning,1.3352063753195136,0.05950292776603128,
544.0,1.275703447553482,0.0007163059858476941,nan,0,0,cann_no_cue,1.335206374991291,0.05950292743780894,0.796170662411318
544.0,1.275703447553482,0.0007163059858476941,nan,0,0,cann_sparse_cue,1.2758867583170257,0.0001833107635436093,0.7961706624113177
544.0,1.275703447553482,0.0007163059858476941,nan,0,0,cann_gated_cue,1.2758867583170255,0.0001833107635436093,0.7961706624113177
546.0,1.2773151562384344,0.0007532596084159638,nan,0,0,dead_reckoning,1.336638987291209,0.05932383105277461,
546.0,1.2773151562384344,0.0007532596084159638,nan,0,0,cann_no_cue,1.3366389869629542,0.059323830724519855,0.7961706623907245
546.0,1.2773151562384344,0.0007532596084159638,nan,0,0,cann_sparse_cue,1.2773193702886891,4.214050254525148e-06,0.7961706623907246
546.0,1.2773151562384344,0.0007532596084159638,nan,0,0,cann_gated_cue,1.277319370288689,4.214050254525148e-06,0.7961706623907246
548.0,1.2789357850040282,0.0011108131496724402,nan,0,0,dead_reckoning,1.338145506508041,0.059209721504013046,
548.0,1.2789357850040282,0.0011108131496724402,nan,0,0,cann_no_cue,1.3381455061797505,0.05920972117572232,0.7961706623924433
548.0,1.2789357850040282,0.0011108131496724402,nan,0,0,cann_sparse_cue,1.2788258895054854,-0.00010989549854301117,0.796170662392443
548.0,1.2789357850040282,0.0011108131496724402,nan,0,0,cann_gated_cue,1.278825889505485,-0.00010989549854301117,0.796170662392443
550.0,1.280566164997405,0.0008603301639350748,nan,0,0,dead_reckoning,1.3403671328073858,0.059800967809980676,
550.0,1.280566164997405,0.0008603301639350748,nan,0,0,cann_no_cue,1.3403671324789812,0.05980096748157626,0.7961706624135361
550.0,1.280566164997405,0.0008603301639350748,nan,0,0,cann_sparse_cue,1.2810475158047159,0.00048135080731093183,0.7961706624135362
550.0,1.280566164997405,0.0008603301639350748,nan,0,0,cann_gated_cue,1.2810475158047157,0.00048135080731093183,0.7961706624135363
552.0,1.2822071102587396,0.0008377546430808459,nan,0,0,dead_reckoning,1.342087793135256,0.05988068287651638,
552.0,1.2822071102587396,0.0008377546430808459,nan,0,0,cann_no_cue,1.3420877928067962,0.059880682548056896,0.7961706623979107
552.0,1.2822071102587396,0.0008377546430808459,nan,0,0,cann_sparse_cue,1.2827681761325314,0.0005610658737920104,0.7961706623979106
552.0,1.2822071102587396,0.0008377546430808459,nan,0,0,cann_gated_cue,1.2827681761325311,0.0005610658737915664,0.7961706623979107
554.0,1.2838594162931365,0.0009163376464522752,nan,0,0,dead_reckoning,1.3437633024214177,0.059903886128281236,
554.0,1.2838594162931365,0.0009163376464522752,nan,0,0,cann_no_cue,1.3437633020929083,0.05990388579977157,0.7961706623966976
554.0,1.2838594162931365,0.0009163376464522752,nan,0,0,cann_sparse_cue,1.2844436854186434,0.0005842691255066867,0.7961706623966976
554.0,1.2838594162931365,0.0009163376464522752,nan,0,0,cann_gated_cue,1.2844436854186432,0.0005842691255066867,0.7961706623966976
556.0,1.285523858675044,0.0007825527904383898,nan,0,0,dead_reckoning,1.3455959777143223,0.06007211903927834,
556.0,1.285523858675044,0.0007825527904383898,nan,0,0,cann_no_cue,1.3455959773857482,0.06007211871070428,0.79617066240106
556.0,1.285523858675044,0.0007825527904383898,nan,0,0,cann_sparse_cue,1.2862763607114835,0.0007525020364393953,0.7961706624010599
556.0,1.285523858675044,0.0007825527904383898,nan,0,0,cann_gated_cue,1.286276360711483,0.0007525020364393953,0.7961706624010599
558.0,1.2872011916876323,0.0011491931950314345,nan,0,0,dead_reckoning,1.347161083295199,0.05995989160756654,
558.0,1.2872011916876323,0.0011491931950314345,nan,0,0,cann_no_cue,1.3471610829665843,0.05995989127895207,0.7961706623938671
558.0,1.2872011916876323,0.0011491931950314345,nan,0,0,cann_sparse_cue,1.2878414662923194,0.0006402746046871854,0.7961706623938669
558.0,1.2872011916876323,0.0011491931950314345,nan,0,0,cann_gated_cue,1.287841466292319,0.0006402746046867414,0.796170662393867
560.0,1.2888921469995258,0.0007081003567956165,1.289307232493533,1,1,dead_reckoning,1.3494594696852618,0.060567322685735725,
560.0,1.2888921469995258,0.0007081003567956165,1.289307232493533,1,1,cann_no_cue,1.3494594693565205,0.06056732235699469,0.7961706624162811
560.0,1.2888921469995258,0.0007081003567956165,1.289307232493533,1,1,cann_sparse_cue,1.2898608256989192,0.0009686786993934327,0.8236435805139216
560.0,1.2888921469995258,0.0007081003567956165,1.289307232493533,1,1,cann_gated_cue,1.2898608256989192,0.0009686786993934327,0.8236435805139215
562.0,1.2905974323812068,0.0009054933407514534,nan,0,0,dead_reckoning,1.3508756703988531,0.06027823801764631,
562.0,1.2905974323812068,0.0009054933407514534,nan,0,0,cann_no_cue,1.3508756700700801,0.060278237688873304,0.7961706623903547
562.0,1.2905974323812068,0.0009054933407514534,nan,0,0,cann_sparse_cue,1.2912741821870968,0.0006767498058897203,0.7961706623903547
562.0,1.2905974323812068,0.0009054933407514534,nan,0,0,cann_gated_cue,1.2912741821870968,0.0006767498058897203,0.7961706623903548
564.0,1.292317730463346,0.0009990775292763423,nan,0,0,dead_reckoning,1.352686657080356,0.06036892661701021,
564.0,1.292317730463346,0.0009990775292763423,nan,0,0,cann_no_cue,1.3526866567515212,0.06036892628817547,0.7961706624004349
564.0,1.292317730463346,0.0009990775292763423,nan,0,0,cann_sparse_cue,1.2930851688685379,0.0007674384051918892,0.7961706624004345
564.0,1.292317730463346,0.0009990775292763423,nan,0,0,cann_gated_cue,1.2930851688685379,0.0007674384051918892,0.7961706624004343
566.0,1.2940536975392354,0.0009258282448495679,nan,0,0,dead_reckoning,1.3546848121389088,0.06063111459967363,
566.0,1.2940536975392354,0.0009258282448495679,nan,0,0,cann_no_cue,1.35468481180999,0.060631114270754516,0.7961706624060754
566.0,1.2940536975392354,0.0009258282448495679,nan,0,0,cann_sparse_cue,1.2950833239270068,0.0010296263877713763,0.7961706624060754
566.0,1.2940536975392354,0.0009258282448495679,nan,0,0,cann_gated_cue,1.2950833239270065,0.0010296263877709322,0.7961706624060754
568.0,1.2958059624134286,0.0007979872148909121,nan,0,0,dead_reckoning,1.3565364686286077,0.06073050621517906,
568.0,1.2958059624134286,0.0007979872148909121,nan,0,0,cann_no_cue,1.3565364682996217,0.06073050588619289,0.796170662401613
568.0,1.2958059624134286,0.0007979872148909121,nan,0,0,cann_sparse_cue,1.2969349804166386,0.0011290180032101915,0.7961706624016134
568.0,1.2958059624134286,0.0007979872148909121,nan,0,0,cann_gated_cue,1.2969349804166383,0.0011290180032097474,0.7961706624016134
570.0,1.2975751252986025,0.0007957555585587909,nan,0,0,dead_reckoning,1.3581324430583896,0.06055731775978712,
570.0,1.2975751252986025,0.0007957555585587909,nan,0,0,cann_no_cue,1.3581324427293602,0.06055731743075743,0.7961706623946389
570.0,1.2975751252986025,0.0007957555585587909,nan,0,0,cann_sparse_cue,1.2985309548463773,0.0009558295477747336,0.796170662394639
570.0,1.2975751252986025,0.0007957555585587909,nan,0,0,cann_gated_cue,1.298530954846377,0.0009558295477747336,0.796170662394639
572.0,1.2993617567625808,0.001025282867525846,nan,0,0,dead_reckoning,1.3597239541755073,0.06036219741292648,
572.0,1.2993617567625808,0.001025282867525846,nan,0,0,cann_no_cue,1.3597239538464354,0.060362197083854596,0.7961706623945266
572.0,1.2993617567625808,0.001025282867525846,nan,0,0,cann_sparse_cue,1.3001224659634523,0.0007607092008714567,0.7961706623945265
572.0,1.2993617567625808,0.001025282867525846,nan,0,0,cann_gated_cue,1.3001224659634523,0.0007607092008714567,0.7961706623945265
574.0,1.3011663967273637,0.0007754933938448328,nan,0,0,dead_reckoning,1.3617745199105589,0.06060812318319542,
574.0,1.3011663967273637,0.0007754933938448328,nan,0,0,cann_no_cue,1.361774519581397,0.060608122854033386,0.796170662407754
574.0,1.3011663967273637,0.0007754933938448328,nan,0,0,cann_sparse_cue,1.3021730316984137,0.0010066349710502465,0.796170662407754
574.0,1.3011663967273637,0.0007754933938448328,nan,0,0,cann_gated_cue,1.3021730316984137,0.0010066349710502465,0.796170662407754
576.0,1.3029895535219223,0.001074472449161484,nan,0,0,dead_reckoning,1.3633255066982484,0.06033595317632612,
576.0,1.3029895535219223,0.001074472449161484,nan,0,0,cann_no_cue,1.3633255063690466,0.06033595284712412,0.796170662393519
576.0,1.3029895535219223,0.001074472449161484,nan,0,0,cann_sparse_cue,1.3037240184860632,0.0007344649641409795,0.7961706623935192
576.0,1.3029895535219223,0.001074472449161484,nan,0,0,cann_gated_cue,1.3037240184860632,0.0007344649641409795,0.7961706623935191
578.0,1.3048317029904157,0.0007090003804599574,nan,0,0,dead_reckoning,1.3654744515965715,0.060642748606155816,
578.0,1.3048317029904157,0.0007090003804599574,nan,0,0,cann_no_cue,1.365474451267266,0.060642748276850345,0.7961706624110232
578.0,1.3048317029904157,0.0007090003804599574,nan,0,0,cann_sparse_cue,1.3058729633842827,0.001041260393867205,0.7961706624110233
578.0,1.3048317029904157,0.0007090003804599574,nan,0,0,cann_gated_cue,1.305872963384283,0.001041260393867205,0.7961706624110231
580.0,1.3066932876573998,0.0008822950748758131,1.220785631909518,1,0,dead_reckoning,1.3668924523574915,0.06019916470009168,
580.0,1.3066932876573998,0.0008822950748758131,1.220785631909518,1,0,cann_no_cue,1.366892452028155,0.06019916437075512,0.7961706623903951
580.0,1.3066932876573998,0.0008822950748758131,1.220785631909518,1,0,cann_sparse_cue,1.2231002427607387,-0.08359304489666108,0.8236432975244299
580.0,1.3066932876573998,0.0008822950748758131,1.220785631909518,1,0,cann_gated_cue,1.3072909641451718,0.0005976764877719809,0.7961706623903952
582.0,1.3085747159514876,0.0009885227331771574,nan,0,0,dead_reckoning,1.3686570425072428,0.060082326555755294,
582.0,1.3085747159514876,0.0009885227331771574,nan,0,0,cann_no_cue,1.368657042177849,0.06008232622636145,0.7961706623991222
582.0,1.3085747159514876,0.0009885227331771574,nan,0,0,cann_sparse_cue,1.2248544903402783,-0.08372022561120929,0.7961706623991223
582.0,1.3085747159514876,0.0009885227331771574,nan,0,0,cann_gated_cue,1.3090555542948659,0.0004808383433783092,0.796170662399122
584.0,1.3104763614888275,0.0007770807443363948,nan,0,0,dead_reckoning,1.3706340879735972,0.06015772648476947,
584.0,1.3104763614888275,0.0007770807443363948,nan,0,0,cann_no_cue,1.370634087644122,0.060157726155294355,0.7961706624054115
584.0,1.3104763614888275,0.0007770807443363948,nan,0,0,cann_sparse_cue,1.2268315358065514,-0.08364482568227594,0.7961706624054113
584.0,1.3104763614888275,0.0007770807443363948,nan,0,0,cann_gated_cue,1.3110325997611392,0.0005562382723116599,0.7961706624054117
586.0,1.3123985624176533,0.0011235725580883236,nan,0,0,dead_reckoning,1.3721882494622701,0.05978968704461707,
586.0,1.3123985624176533,0.0011235725580883236,nan,0,0,cann_no_cue,1.3721882491327548,0.05978968671510154,0.796170662393597
586.0,1.3123985624176533,0.0011235725580883236,nan,0,0,cann_sparse_cue,1.228385697295184,-0.0840128651224692,0.7961706623935969
586.0,1.3123985624176533,0.0011235725580883236,nan,0,0,cann_gated_cue,1.3125867612497717,0.0001881988321184025,0.7961706623935968
588.0,1.3143416208250573,0.0010123672374380006,nan,0,0,dead_reckoning,1.3744353945784469,0.060093773753389534,
588.0,1.3143416208250573,0.0010123672374380006,nan,0,0,cann_no_cue,1.374435394248813,0.06009377342375544,0.7961706624144386
588.0,1.3143416208250573,0.0010123672374380006,nan,0,0,cann_sparse_cue,1.2306328424112427,-0.08370877841381485,0.7961706624144383
588.0,1.3143416208250573,0.0010123672374380006,nan,0,0,cann_gated_cue,1.31483390636583,0.0004922855407727411,0.7961706624144383
590.0,1.3163058022070273,0.0008482259039404493,nan,0,0,dead_reckoning,1.376460129053323,0.060154326846295625,
590.0,1.3163058022070273,0.0008482259039404493,nan,0,0,cann_no_cue,1.3764601287236005,0.06015432651657315,0.7961706624069214
590.0,1.3163058022070273,0.0008482259039404493,nan,0,0,cann_sparse_cue,1.2326575768860304,-0.0836482253209967,0.7961706624069215
590.0,1.3163058022070273,0.0008482259039404493,nan,0,0,cann_gated_cue,1.3168586408406178,0.0005528386335904578,0.7961706624069215
592.0,1.3182913350026757,0.0007732904119332687,nan,0,0,dead_reckoning,1.3781565808612037,0.05986524585852804,
592.0,1.3182913350026757,0.0007732904119332687,nan,0,0,cann_no_cue,1.3781565805314293,0.05986524552875361,0.7961706623972566
592.0,1.3182913350026757,0.0007732904119332687,nan,0,0,cann_sparse_cue,1.234354028693859,-0.08393730630881668,0.7961706623972562
592.0,1.3182913350026757,0.0007732904119332687,nan,0,0,cann_gated_cue,1.3185550926484466,0.0002637576457709123,0.7961706623972564
594.0,1.3202984101934803,0.0007774746569083037,nan,0,0,dead_reckoning,1.3797031616850703,0.05940475149159008,
594.0,1.3202984101934803,0.0007774746569083037,nan,0,0,cann_no_cue,1.3797031613552566,0.059404751161776126,0.7961706623934109
594.0,1.3202984101934803,0.0007774746569083037,nan,0,0,cann_sparse_cue,1.2359006095176863,-0.08439780067579417,0.7961706623934108
594.0,1.3202984101934803,0.0007774746569083037,nan,0,0,cann_gated_cue,1.320101673472274,-0.0001967367212065696,0.796170662393411
596.0,1.3223271809682373,0.001064309232373335,nan,0,0,dead_reckoning,1.3812581109988868,0.05893093003064953,
596.0,1.3223271809682373,0.001064309232373335,nan,0,0,cann_no_cue,1.3812581106690338,0.0589309297007965,0.7961706623936163
596.0,1.3223271809682373,0.001064309232373335,nan,0,0,cann_sparse_cue,1.2374555588314635,-0.0848716221367738,0.7961706623936161
596.0,1.3223271809682373,0.001064309232373335,nan,0,0,cann_gated_cue,1.3216566227860511,-0.0006705581821861983,0.7961706623936164
598.0,1.3243777624543172,0.0008685525876784383,nan,0,0,dead_reckoning,1.3833867294636335,0.05900896700931657,
598.0,1.3243777624543172,0.0008685525876784383,nan,0,0,cann_no_cue,1.3833867291336797,0.05900896667936273,0.7961706624103349
598.0,1.3243777624543172,0.0008685525876784383,nan,0,0,cann_sparse_cue,1.2395841772961096,-0.08479358515820756,0.7961706624103351
598.0,1.3243777624543172,0.0008685525876784383,nan,0,0,cann_gated_cue,1.3237852412506972,-0.0005925212036199667,0.7961706624103352
600.0,1.3264502315156905,0.0008491440533364699,1.3280328787776146,1,1,dead_reckoning,1.3851238346389905,0.058673603123299944,
600.0,1.3264502315156905,0.0008491440533364699,1.3280328787776146,1,1,cann_no_cue,1.3851238343089805,0.0586736027932897,0.7961706623983607
600.0,1.3264502315156905,0.0008491440533364699,1.3280328787776146,1,1,cann_sparse_cue,1.3264467122705073,-3.519245183269959e-06,0.8236434384996666
600.0,1.3264502315156905,0.0008491440533364699,1.3280328787776146,1,1,cann_gated_cue,1.3283794925605503,0.00192926104486002,0.8236435889585156
