seed,packet_loss_rate,delay,method,position_rmse,velocity_rmse,mean_angle_nis,mean_orbit_nees,pre_ci_position_rmse,pre_ci_velocity_rmse,pre_ci_mean_orbit_nees,ci_position_gain,ci_velocity_gain,mean_attitude_error_deg,received_report_count,dropped_report_count,pending_report_count,average_delay,realized_packet_loss_rate,failed,error
20260729,0.0,0.0,truth_attitude,0.4827849781259509,0.0020547945661853356,1.7686221824497494,0.001494757422370664,0.47620025020335455,0.002197093408524947,0.0016582248584345316,-0.006584727922596345,0.0001422988423396116,0.051271702015202474,366,0,0,0.0,0.0,False,
20260729,0.0,0.0,mekf_with_covariance,0.38762219455704294,0.0022125865075996645,1.009931314399279,0.001570005586701774,0.38197340854588296,0.0042819246835092,0.005016645692705365,-0.005648786011159979,0.0020693381759095356,0.051271702015202474,366,0,0,0.0,0.0,False,
20260729,0.0,0.0,mekf_without_covariance,0.45143177090759384,0.002236320455347929,5.244146822086547,0.0016928338206721363,0.44420695883746897,0.004501228600780781,0.00611928924446196,-0.007224812070124875,0.0022649081454328523,0.051271702015202474,366,0,0,0.0,0.0,False,
20260729,0.0,0.0,mekf_with_covariance_local_only,0.39609085956585866,0.003093727426896139,0.9711007601590863,0.002919486764234343,0.39609085956585866,0.003093727426896139,0.002919486764234343,0.0,0.0,0.051271702015202474,366,0,0,0.0,0.0,False,
20260730,0.0,0.0,truth_attitude,0.5025974890182374,0.002218335447427584,1.5557093939701234,0.0017121653563938102,0.5174820467768737,0.0023261744301972596,0.0018156326537740798,0.014884557758636285,0.00010783898276967583,0.051439485368907294,366,0,0,0.0,0.0,False,
20260730,0.0,0.0,mekf_with_covariance,0.3608699891979272,0.0030941257886772187,1.1356418931349421,0.0028686758307345855,0.3942646405112731,0.003590047432749455,0.0036686534670965056,0.0333946513133459,0.0004959216440722364,0.051439485368907294,366,0,0,0.0,0.0,False,
20260730,0.0,0.0,mekf_without_covariance,0.5547530623778469,0.0031872073700065467,5.2931519470473845,0.0033499371847707845,0.5697326611853094,0.003784919810841113,0.004506423091264868,0.014979598807462469,0.0005977124408345661,0.051439485368907294,366,0,0,0.0,0.0,False,
20260730,0.0,0.0,mekf_with_covariance_local_only,0.45245699066860534,0.0036677148632076866,0.7516549536258147,0.003977005258785912,0.45245699066860534,0.0036677148632076866,0.003977005258785912,0.0,0.0,0.051439485368907294,366,0,0,0.0,0.0,False,
20260731,0.0,0.0,truth_attitude,0.4446664242381098,0.0024476171423677834,1.5402285672171476,0.0019197569067389397,0.4452246416989078,0.0025996202931381695,0.002165218040059021,0.0005582174607979828,0.00015200315077038614,0.049053258988941736,366,0,0,0.0,0.0,False,
20260731,0.0,0.0,mekf_with_covariance,0.4292069578690642,0.0026566653862681953,1.2310361913515242,0.0021449880817287336,0.4311089602638406,0.0032720091114438756,0.0032066065303355414,0.001902002394776392,0.0006153437251756803,0.049053258988941736,366,0,0,0.0,0.0,False,
20260731,0.0,0.0,mekf_without_covariance,0.5081062802616652,0.002615535344488573,5.387039515559219,0.0022596299203869285,0.5003295343438484,0.0033923177235533437,0.0036456594075310973,-0.007776745917816741,0.0007767823790647706,0.049053258988941736,366,0,0,0.0,0.0,False,
20260731,0.0,0.0,mekf_with_covariance_local_only,0.4195692070046904,0.0036482498418370017,0.7636438242817766,0.003931468878907504,0.4195692070046904,0.0036482498418370017,0.003931468878907504,0.0,0.0,0.049053258988941736,366,0,0,0.0,0.0,False,
20260732,0.0,0.0,truth_attitude,0.639424464470815,0.002958702811465131,1.961407560697625,0.0029946987632608045,0.6235673209859107,0.002797127713762202,0.0027106921369471505,-0.0158571434849043,-0.00016157509770292882,0.0624069848180023,366,0,0,0.0,0.0,False,
20260732,0.0,0.0,mekf_with_covariance,0.4448851855756808,0.002809412969400871,1.484404459285829,0.002458797609216556,0.4458759617207834,0.004022143939261474,0.004474004144899588,0.0009907761451026231,0.0012127309698606028,0.0624069848180023,366,0,0,0.0,0.0,False,
20260732,0.0,0.0,mekf_without_covariance,0.505216870910508,0.003425504528062411,7.177579213685857,0.0037234552282295556,0.5034072133973004,0.004323996774523077,0.005725308453177509,-0.0018096575132076076,0.000898492246460666,0.0624069848180023,366,0,0,0.0,0.0,False,
20260732,0.0,0.0,mekf_with_covariance_local_only,0.5066761295101738,0.003256780350648265,0.9743490664298197,0.0033295863977607387,0.5066761295101738,0.003256780350648265,0.0033295863977607387,0.0,0.0,0.0624069848180023,366,0,0,0.0,0.0,False,
20260733,0.0,0.0,truth_attitude,0.4773850255853365,0.002244737248929949,1.7382901671880762,0.0016765042180822208,0.4683384743422849,0.002964600952123882,0.0027843321540554967,-0.009046551243051593,0.000719863703193933,0.06506027804623014,366,0,0,0.0,0.0,False,
20260733,0.0,0.0,mekf_with_covariance,0.408426111066848,0.002542624518116618,2.3135886417224616,0.001996549971183956,0.40885298627551114,0.004381533522402657,0.005246937247422106,0.00042687520866313555,0.0018389090042860387,0.06506027804623014,366,0,0,0.0,0.0,False,
20260733,0.0,0.0,mekf_without_covariance,0.5794643603908807,0.002782908564641163,10.258832614892492,0.0025969691456131307,0.5711528798822904,0.004921573814340082,0.007409157625035406,-0.008311480508590319,0.0021386652496989188,0.06506027804623014,366,0,0,0.0,0.0,False,
20260733,0.0,0.0,mekf_with_covariance_local_only,0.48336952920406895,0.002818707054624675,0.9293475893987863,0.002565292173860432,0.48336952920406895,0.002818707054624675,0.002565292173860432,0.0,0.0,0.06506027804623014,366,0,0,0.0,0.0,False,
20260734,0.0,0.0,truth_attitude,0.3453549051011958,0.0022737443347066533,1.752274196552603,0.001655112547497267,0.3496388300666582,0.0026672327371224554,0.0021791082322644407,0.004283924965462371,0.00039348840241580207,0.05830293399563061,366,0,0,0.0,0.0,False,
20260734,0.0,0.0,mekf_with_covariance,0.38360534817842495,0.0028509568900246213,1.3293344640175129,0.002504062725626641,0.39092734178734223,0.004356602396931386,0.00527257029222226,0.007321993608917277,0.0015056455069067652,0.05830293399563061,366,0,0,0.0,0.0,False,
20260734,0.0,0.0,mekf_without_covariance,0.6467717965712473,0.0032386798960161957,6.889402478889644,0.0035858955409123656,0.6418688513665154,0.004821119263342875,0.007243483085935167,-0.00490294520473189,0.0015824393673266792,0.05830293399563061,366,0,0,0.0,0.0,False,
20260734,0.0,0.0,mekf_with_covariance_local_only,0.4428694114961423,0.0036446833660201735,1.0840524351110878,0.004057240812961332,0.4428694114961423,0.0036446833660201735,0.004057240812961332,0.0,0.0,0.05830293399563061,366,0,0,0.0,0.0,False,
20260735,0.0,0.0,truth_attitude,0.5575789699078373,0.0025951531806680896,1.6325142887564337,0.0022570980038514443,0.5699257290451593,0.0027902427584616304,0.0025936240282416635,0.012346759137321972,0.00019508957779354073,0.0706712173587486,366,0,0,0.0,0.0,False,
20260735,0.0,0.0,mekf_with_covariance,0.4012228577568782,0.003261188982136925,1.8567319215862346,0.0032057464885026465,0.42297466177543674,0.003454086216510292,0.003572099502624363,0.02175180401855853,0.0001928972343733671,0.0706712173587486,366,0,0,0.0,0.0,False,
20260735,0.0,0.0,mekf_without_covariance,0.667026476952966,0.0033371730341522523,8.657815616680255,0.0037707586102601947,0.6700261373098739,0.003656358741389018,0.004450182167437216,0.0029996603569079072,0.0003191857072367657,0.0706712173587486,366,0,0,0.0,0.0,False,
20260735,0.0,0.0,mekf_with_covariance_local_only,0.49656346253212835,0.00355876459310173,1.160449491871296,0.0038901647241476856,0.49656346253212835,0.00355876459310173,0.0038901647241476856,0.0,0.0,0.0706712173587486,366,0,0,0.0,0.0,False,
20260736,0.0,0.0,truth_attitude,0.4466602335929323,0.003604105968480302,1.5149586404594781,0.0037157911974600756,0.4845143750287878,0.0030801760980541854,0.002801366683051545,0.037854141435855526,-0.0005239298704261164,0.05560981334828607,366,0,0,0.0,0.0,False,
20260736,0.0,0.0,mekf_with_covariance,0.3470203652984218,0.0038512090489700047,1.1868169130870154,0.004036811684644661,0.403370097846398,0.005538441176022345,0.008152134631438317,0.056349732547976206,0.0016872321270523403,0.05560981334828607,366,0,0,0.0,0.0,False,
20260736,0.0,0.0,mekf_without_covariance,0.6916686082122047,0.0046605421114800805,5.834046565378582,0.006601512387482465,0.7071989753305048,0.006176379103127695,0.01146858667914361,0.015530367118300137,0.0015158369916476143,0.05560981334828607,366,0,0,0.0,0.0,False,
20260736,0.0,0.0,mekf_with_covariance_local_only,0.5588287712432366,0.004129947266609225,0.8277708154436874,0.005096763892838912,0.5588287712432366,0.004129947266609225,0.005096763892838912,0.0,0.0,0.05560981334828607,366,0,0,0.0,0.0,False,
20260737,0.0,0.0,truth_attitude,0.5038102256633037,0.001967898730972197,1.689582072172212,0.0014150609718583378,0.49810243477100175,0.002129403494210883,0.0015632692343525195,-0.005707790892301945,0.00016150476323868604,0.07088450808251456,366,0,0,0.0,0.0,False,
20260737,0.0,0.0,mekf_with_covariance,0.34423612376259344,0.0025835716653692777,2.2712354724289483,0.001993703026259763,0.3565511484763588,0.0032993282109772767,0.003040341869519702,0.012315024713765388,0.000715756545607999,0.07088450808251456,366,0,0,0.0,0.0,False,
20260737,0.0,0.0,mekf_without_covariance,0.4125110547527716,0.0028393650432706995,9.218548893546116,0.0025567757273010595,0.4197039894221542,0.003669294896631854,0.004090997821093326,0.007192934669382589,0.0008299298533611544,0.07088450808251456,366,0,0,0.0,0.0,False,
20260737,0.0,0.0,mekf_with_covariance_local_only,0.4660044190075767,0.003287034876516882,1.017696433605569,0.003344442922872782,0.4660044190075767,0.003287034876516882,0.003344442922872782,0.0,0.0,0.07088450808251456,366,0,0,0.0,0.0,False,
20260738,0.0,0.0,truth_attitude,0.3941508502029963,0.0018649226525645048,1.6183993230874338,0.0011700910261967033,0.39277220508479754,0.0022242665772795544,0.001615354288845517,-0.0013786451181987402,0.0003593439247150496,0.06166107915910718,366,0,0,0.0,0.0,False,
20260738,0.0,0.0,mekf_with_covariance,0.3735772861482738,0.003497808350796987,1.7599308598738945,0.0037462014376190397,0.376805062969268,0.005370992687542604,0.008138803919668307,0.0032277768209942326,0.001873184336745617,0.06166107915910718,366,0,0,0.0,0.0,False,
20260738,0.0,0.0,mekf_without_covariance,0.4361694668902058,0.003487175652665793,7.758859692568963,0.0038234901396539565,0.42838783750953857,0.006020991405646097,0.010854932731607387,-0.007781629380667232,0.0025338157529803044,0.06166107915910718,366,0,0,0.0,0.0,False,
20260738,0.0,0.0,mekf_with_covariance_local_only,0.42920893372672253,0.0031224869839874526,1.109565094535212,0.0030753332254332484,0.42920893372672253,0.0031224869839874526,0.0030753332254332484,0.0,0.0,0.06166107915910718,366,0,0,0.0,0.0,False,
20260739,0.0,0.0,truth_attitude,0.4476047156227139,0.002250571662979817,1.49746240052638,0.0016081352385166417,0.44702727605902204,0.002238702589809991,0.0015525288610974649,-0.0005774395636918839,-1.1869073169825956e-05,0.04815339326823762,366,0,0,0.0,0.0,False,
20260739,0.0,0.0,mekf_with_covariance,0.3949891623973394,0.002883570987480413,1.031953315553957,0.0024751383256525414,0.4028994777079031,0.0038473177797588116,0.004075835519824313,0.007910315310563687,0.0009637467922783984,0.04815339326823762,366,0,0,0.0,0.0,False,
20260739,0.0,0.0,mekf_without_covariance,0.4646515851294934,0.0031544106259753313,4.847670131251743,0.003077003858110386,0.4665303836260597,0.004052995362103041,0.00493237579213032,0.001878798496566303,0.00089858473612771,0.04815339326823762,366,0,0,0.0,0.0,False,
20260739,0.0,0.0,mekf_with_covariance_local_only,0.49578604621362776,0.002894152303483285,0.8775844280046136,0.0025602325132123324,0.49578604621362776,0.002894152303483285,0.0025602325132123324,0.0,0.0,0.04815339326823762,366,0,0,0.0,0.0,False,
20260740,0.0,0.0,truth_attitude,0.5174287017903093,0.0022228656282429443,1.6169586038728996,0.0017286292309103097,0.5185979847508756,0.0020290315173677673,0.0014061253964460156,0.0011692829605662869,-0.00019383411087517703,0.06018716706889908,366,0,0,0.0,0.0,False,
20260740,0.0,0.0,mekf_with_covariance,0.389783189763923,0.002938610345352063,1.9537511962785572,0.0026784538943330025,0.4027365889817695,0.004001868014669374,0.004460481837605231,0.012953399217846495,0.001063257669317311,0.06018716706889908,366,0,0,0.0,0.0,False,
20260740,0.0,0.0,mekf_without_covariance,0.503657027013399,0.0035418016289089508,10.774498844036811,0.003987946563513875,0.5025338365213619,0.004518956230043512,0.006202997090337842,-0.0011231904920371294,0.0009771546011345614,0.06018716706889908,366,0,0,0.0,0.0,False,
20260740,0.0,0.0,mekf_with_covariance_local_only,0.5162137358631619,0.004037419070752606,1.041401036121177,0.004872625114758656,0.5162137358631619,0.004037419070752606,0.004872625114758656,0.0,0.0,0.06018716706889908,366,0,0,0.0,0.0,False,
20260741,0.0,0.0,truth_attitude,0.40466138630771525,0.0030714533455661547,1.6105338985262334,0.0029531285980522364,0.39792484074587875,0.003209126671854165,0.003158879562463145,-0.0067365455618365044,0.00013767332628801011,0.055145452159106254,366,0,0,0.0,0.0,False,
20260741,0.0,0.0,mekf_with_covariance,0.32740805997691647,0.0033841368199585007,1.0209443667761198,0.0032720697651339495,0.32858372346354214,0.005330657116557111,0.007510422029818875,0.0011756634866256777,0.0019465202965986104,0.055145452159106254,366,0,0,0.0,0.0,False,
20260741,0.0,0.0,mekf_without_covariance,0.5806660930337479,0.004029400063895015,6.04030695666514,0.005148777716659343,0.5642788724289521,0.005725512017988118,0.009872298166880672,-0.016387220604795805,0.0016961119540931033,0.055145452159106254,366,0,0,0.0,0.0,False,
20260741,0.0,0.0,mekf_with_covariance_local_only,0.37856337424377995,0.0031241983495284447,0.8398076480334348,0.002890703891216116,0.37856337424377995,0.0031241983495284447,0.002890703891216116,0.0,0.0,0.055145452159106254,366,0,0,0.0,0.0,False,
20260742,0.0,0.0,truth_attitude,0.5575868005975201,0.002420787872737743,1.5684790293468462,0.002017712914953119,0.5521757217319914,0.0025920531645592386,0.0022630135537649674,-0.005411078865528718,0.00017126529182149566,0.06261707005827621,366,0,0,0.0,0.0,False,
20260742,0.0,0.0,mekf_with_covariance,0.39334682920950803,0.0024710777676980075,1.5205468389117016,0.0018530732814702456,0.3961709813625519,0.0032965390593895543,0.003142364160706654,0.0028241521530438796,0.0008254612916915468,0.06261707005827621,366,0,0,0.0,0.0,False,
20260742,0.0,0.0,mekf_without_covariance,0.38216422798416577,0.002803069829576152,6.992703431693872,0.002448693544782283,0.3807885690817338,0.0036583311207306376,0.004077700062758241,-0.0013756589024319643,0.0008552612911544855,0.06261707005827621,366,0,0,0.0,0.0,False,
20260742,0.0,0.0,mekf_with_covariance_local_only,0.3997455089767342,0.0029860191439027746,0.8702161767169343,0.002702540266626794,0.3997455089767342,0.0029860191439027746,0.002702540266626794,0.0,0.0,0.06261707005827621,366,0,0,0.0,0.0,False,
20260743,0.0,0.0,truth_attitude,0.39540761683861836,0.002677946388804713,1.7458008068872266,0.002159896729991191,0.411373932857235,0.002783988522991298,0.0022717105584468965,0.015966316018616644,0.00010604213418658522,0.054665065028850775,366,0,0,0.0,0.0,False,
20260743,0.0,0.0,mekf_with_covariance,0.3290177824822692,0.002826457125080208,1.2451875810864317,0.0022443974788545554,0.3498910621924683,0.0028902175550843266,0.002272473829181551,0.02087327971019909,6.376043000411863e-05,0.054665065028850775,366,0,0,0.0,0.0,False,
20260743,0.0,0.0,mekf_without_covariance,0.4093246147152025,0.0032030884925878943,6.496010617058078,0.003100284299460805,0.42407698251862763,0.003299898742781438,0.003227489090162446,0.014752367803425148,9.681025019354353e-05,0.054665065028850775,366,0,0,0.0,0.0,False,
20260743,0.0,0.0,mekf_with_covariance_local_only,0.46751430054438864,0.0029878971163015858,0.9089302712327771,0.002613208704510349,0.46751430054438864,0.0029878971163015858,0.002613208704510349,0.0,0.0,0.054665065028850775,366,0,0,0.0,0.0,False,
20260744,0.0,0.0,truth_attitude,0.6237044448681961,0.002587281394734545,1.7879092763060773,0.0023923267736467137,0.6182379918438459,0.0027387990308295057,0.0025963962807667327,-0.005466453024350226,0.00015151763609496088,0.06126971553677731,366,0,0,0.0,0.0,False,
20260744,0.0,0.0,mekf_with_covariance,0.41292548366293785,0.0026494310551947674,1.8135477697076439,0.0021349752622088175,0.4279368484314487,0.004145674093121275,0.004763278345930816,0.015011364768510838,0.0014962430379265074,0.06126971553677731,366,0,0,0.0,0.0,False,
20260744,0.0,0.0,mekf_without_covariance,0.4820966602424971,0.0027239324660452814,7.824473210648872,0.0024551213364490056,0.48625123163299616,0.004821600545607323,0.007068016025036999,0.004154571390499073,0.0020976680795620414,0.06126971553677731,366,0,0,0.0,0.0,False,
20260744,0.0,0.0,mekf_with_covariance_local_only,0.5489018183286831,0.0029647536056705225,0.9286780917394513,0.0027989889735932027,0.5489018183286831,0.0029647536056705225,0.0027989889735932027,0.0,0.0,0.06126971553677731,366,0,0,0.0,0.0,False,
20260745,0.0,0.0,truth_attitude,0.5283558964071662,0.0025729058795329954,1.5694847177781162,0.0021982220472061428,0.5477688086785655,0.0023988046279455736,0.001921276615375503,0.019412912271399296,-0.00017410125158742176,0.05970031559296897,366,0,0,0.0,0.0,False,
20260745,0.0,0.0,mekf_with_covariance,0.40439521304748655,0.0030882137458051848,1.3868072452756488,0.0027214118817706196,0.4372736856957136,0.0038809054264499166,0.004183814466889825,0.032878472648227075,0.0007926916806447319,0.05970031559296897,366,0,0,0.0,0.0,False,
20260745,0.0,0.0,mekf_without_covariance,0.7096613386473366,0.0034468874372901304,7.257008122885646,0.004025959835472669,0.7152438900511932,0.004362870721021451,0.006069718018339636,0.0055825514038565505,0.000915983283731321,0.05970031559296897,366,0,0,0.0,0.0,False,
20260745,0.0,0.0,mekf_with_covariance_local_only,0.4670787846930781,0.004057625593210187,0.9198929507958195,0.004742165532749551,0.4670787846930781,0.004057625593210187,0.004742165532749551,0.0,0.0,0.05970031559296897,366,0,0,0.0,0.0,False,
20260746,0.0,0.0,truth_attitude,0.5341291910248028,0.0027773585094851374,1.6768742456910237,0.0025241024896917427,0.5348482041284021,0.003632968688206644,0.003994308865032939,0.0007190131035992309,0.0008556101787215065,0.049886169395359364,366,0,0,0.0,0.0,False,
20260746,0.0,0.0,mekf_with_covariance,0.347917045691423,0.0023447415109966066,0.928237737356472,0.0016487052503240014,0.3614329591120631,0.005338846205261423,0.007557040837191974,0.013515913420640069,0.0029941046942648162,0.049886169395359364,366,0,0,0.0,0.0,False,
20260746,0.0,0.0,mekf_without_covariance,0.4609185756542209,0.0035231406139075924,5.059355621976097,0.0038691072571999606,0.46570089408497295,0.005832070815424654,0.010005960271557484,0.004782318430752053,0.0023089302015170616,0.049886169395359364,366,0,0,0.0,0.0,False,
20260746,0.0,0.0,mekf_with_covariance_local_only,0.4385634899187764,0.004474352699181309,0.8272316149426817,0.0057194599574827976,0.4385634899187764,0.004474352699181309,0.0057194599574827976,0.0,0.0,0.049886169395359364,366,0,0,0.0,0.0,False,
20260747,0.0,0.0,truth_attitude,0.3585710063014983,0.003635872222828997,1.917350558806833,0.0039831842854641765,0.3795112710189563,0.0032868839595529384,0.0032159484464966076,0.020940264717458024,-0.00034898826327605867,0.0658311614146237,366,0,0,0.0,0.0,False,
20260747,0.0,0.0,mekf_with_covariance,0.36742679210700574,0.00414742184657982,2.334858039523688,0.004999222709380207,0.3907895369776604,0.0065818798110771765,0.011588369438192121,0.02336274487065465,0.0024344579644973562,0.0658311614146237,366,0,0,0.0,0.0,False,
20260747,0.0,0.0,mekf_without_covariance,0.5090396888607451,0.004537775733727769,11.3259533032318,0.006323164141251023,0.5143430055095031,0.007059745411053979,0.014765719363400926,0.005303316648757939,0.0025219696773262105,0.0658311614146237,366,0,0,0.0,0.0,False,
20260747,0.0,0.0,mekf_with_covariance_local_only,0.3607570754646785,0.0038999238216621984,1.0388869953318458,0.0044093092850094285,0.3607570754646785,0.0038999238216621984,0.0044093092850094285,0.0,0.0,0.0658311614146237,366,0,0,0.0,0.0,False,
20260748,0.0,0.0,truth_attitude,0.39996847995353146,0.00397880124510883,1.7248994099312238,0.0047796858729436675,0.422990064997204,0.0032467344637318665,0.0032686213056214793,0.02302158504367252,-0.0007320667813769631,0.06235548879555353,366,0,0,0.0,0.0,False,
20260748,0.0,0.0,mekf_with_covariance,0.40865053820952063,0.0037310322290800184,1.3227434984315243,0.003726718231695467,0.43945205503700685,0.005282616549007436,0.007490535893633478,0.03080151682748622,0.0015515843199274178,0.06235548879555353,366,0,0,0.0,0.0,False,
20260748,0.0,0.0,mekf_without_covariance,0.49549971757149924,0.004537200589285361,6.827112228873982,0.006280220297376426,0.5105507275900898,0.006144067857096889,0.011287330433254927,0.01505101001859055,0.0016068672678115278,0.06235548879555353,366,0,0,0.0,0.0,False,
20260748,0.0,0.0,mekf_with_covariance_local_only,0.44650917988286143,0.0037285447125656145,1.1389911178134529,0.004168196909762319,0.44650917988286143,0.0037285447125656145,0.004168196909762319,0.0,0.0,0.06235548879555353,366,0,0,0.0,0.0,False,
20260749,0.0,0.0,truth_attitude,0.3789636196342476,0.002703884568752455,1.7795914300001028,0.002256443436833062,0.38918802783160067,0.002569004657528892,0.0020703537053400937,0.010224408197353096,-0.00013487991122356283,0.04986037638883533,366,0,0,0.0,0.0,False,
20260749,0.0,0.0,mekf_with_covariance,0.3697022182553851,0.002831307474907117,1.2451520018238882,0.0023640680975538027,0.37856036719407504,0.0032654186854038513,0.0031452692411789002,0.00885814893868997,0.00043411121049673424,0.04986037638883533,366,0,0,0.0,0.0,False,
20260749,0.0,0.0,mekf_without_covariance,0.41876846175155324,0.003032820888850749,6.140240242153789,0.0028598461048893156,0.4240260097522552,0.0034617035787165096,0.003702470207490177,0.005257548000701939,0.00042888268986576066,0.04986037638883533,366,0,0,0.0,0.0,False,
20260749,0.0,0.0,mekf_with_covariance_local_only,0.43113162265615507,0.002848012417175273,0.9368977315214209,0.0024891579594180364,0.43113162265615507,0.002848012417175273,0.0024891579594180364,0.0,0.0,0.04986037638883533,366,0,0,0.0,0.0,False,
20260750,0.0,0.0,truth_attitude,0.6215107349587982,0.0029286592927319243,1.648474967550026,0.0028747246674352624,0.6172075591216343,0.002750873517755964,0.0025979769097257514,-0.004303175837163886,-0.00017778577497596032,0.06431685504176766,366,0,0,0.0,0.0,False,
20260750,0.0,0.0,mekf_with_covariance,0.4124312187035779,0.003660138910453824,1.7408653515305568,0.004014235598101613,0.41561473582689074,0.004965326376937083,0.006846388156881585,0.003183517123312829,0.001305187466483259,0.06431685504176766,366,0,0,0.0,0.0,False,
20260750,0.0,0.0,mekf_without_covariance,0.5025524535437734,0.0041510491562769735,9.63453623914743,0.005340124412083748,0.493099745874645,0.005511274990945409,0.009160136115912022,-0.009452707669128424,0.0013602258346684356,0.06431685504176766,366,0,0,0.0,0.0,False,
20260750,0.0,0.0,mekf_with_covariance_local_only,0.4658791397302382,0.003742753875873212,1.102136385400412,0.004291390423814461,0.4658791397302382,0.003742753875873212,0.004291390423814461,0.0,0.0,0.06431685504176766,366,0,0,0.0,0.0,False,
20260751,0.0,0.0,truth_attitude,0.496673428378595,0.0026597504189402703,1.7723244898964396,0.0023264195748543774,0.5240702471060955,0.0026246331148520605,0.002306151436682344,0.027396818727500494,-3.511730408820978e-05,0.05404879759999983,366,0,0,0.0,0.0,False,
20260751,0.0,0.0,mekf_with_covariance,0.40678792859605434,0.0035875859266243986,1.3754106583680077,0.003930495708454879,0.4432199298003462,0.004322111819848608,0.0055318770873701946,0.03643200120429185,0.0007345258932242096,0.05404879759999983,366,0,0,0.0,0.0,False,
20260751,0.0,0.0,mekf_without_covariance,0.48930363885703854,0.0033539062632166584,6.2931722187236865,0.003571958571815206,0.5079581112840837,0.004283671744568944,0.005693486874836299,0.01865447242704521,0.0009297654813522857,0.05404879759999983,366,0,0,0.0,0.0,False,
20260751,0.0,0.0,mekf_with_covariance_local_only,0.5070393839150467,0.0037402601766899786,0.9206347846606846,0.0043438401924134964,0.5070393839150467,0.0037402601766899786,0.0043438401924134964,0.0,0.0,0.05404879759999983,366,0,0,0.0,0.0,False,
20260752,0.0,0.0,truth_attitude,0.5538888518319925,0.0037982551611272807,1.8031410151233305,0.004488469908708169,0.5206002605630988,0.0036497554312869057,0.0041439778826974855,-0.03328859126889372,-0.00014849972984037505,0.06008300565430351,366,0,0,0.0,0.0,False,
20260752,0.0,0.0,mekf_with_covariance,0.4689021383794677,0.00371770975836498,1.4733187322711452,0.00393473455531824,0.43521233978872453,0.004976753079322524,0.006626615591857664,-0.03368979859074317,0.001259043320957544,0.06008300565430351,366,0,0,0.0,0.0,False,
20260752,0.0,0.0,mekf_without_covariance,0.6257926824624952,0.004609594015630071,6.672292910413742,0.006568163069892537,0.5904795649177942,0.005430836889507896,0.008916108725245538,-0.03531311754470101,0.0008212428738778249,0.06008300565430351,366,0,0,0.0,0.0,False,
20260752,0.0,0.0,mekf_with_covariance_local_only,0.4029199590205916,0.0036308879227444505,0.8883553315408875,0.00373879907993029,0.4029199590205916,0.0036308879227444505,0.00373879907993029,0.0,0.0,0.06008300565430351,366,0,0,0.0,0.0,False,
20260753,0.0,0.0,truth_attitude,0.39370986936495334,0.0023267292317888663,1.6497102810907478,0.0017589715435517438,0.3847114124616338,0.0025448991444593557,0.001999528109612689,-0.008998456903319518,0.00021816991267048936,0.056050956257864055,366,0,0,0.0,0.0,False,
20260753,0.0,0.0,mekf_with_covariance,0.3727240795874245,0.0029908815539362982,1.6995211376808523,0.0027083625856672935,0.3734822163017101,0.003748167296208003,0.00402785367050324,0.0007581367142855955,0.0007572857422717049,0.056050956257864055,366,0,0,0.0,0.0,False,
20260753,0.0,0.0,mekf_without_covariance,0.4676340067052887,0.0031038577847727726,8.379235925422103,0.003111215958113007,0.4593508238553089,0.003981473336084333,0.0048609879866706035,-0.008283182849979809,0.0008776155513115606,0.056050956257864055,366,0,0,0.0,0.0,False,
20260753,0.0,0.0,mekf_with_covariance_local_only,0.4191400753326994,0.003443918168350676,1.0672299425236906,0.0035169422248569862,0.4191400753326994,0.003443918168350676,0.0035169422248569862,0.0,0.0,0.056050956257864055,366,0,0,0.0,0.0,False,
20260754,0.0,0.0,truth_attitude,0.568149066867709,0.0026623395459766954,1.657480511623341,0.0024341300110798667,0.5626358873087397,0.002604079702373901,0.002302325332613707,-0.00551317955896935,-5.8259843602794566e-05,0.059708958257296975,366,0,0,0.0,0.0,False,
20260754,0.0,0.0,mekf_with_covariance,0.5552245510054054,0.003393388605056919,1.5303895474921327,0.0036278473735563725,0.5460900551628749,0.005214926675144278,0.0076807269857538185,-0.009134495842530455,0.0018215380700873592,0.059708958257296975,366,0,0,0.0,0.0,False,
20260754,0.0,0.0,mekf_without_covariance,0.5892199264910412,0.0035797751797616816,6.94334550319166,0.004178168443361325,0.5832435615603372,0.005774781783935904,0.01012992945805844,-0.00597636493070397,0.002195006604174222,0.059708958257296975,366,0,0,0.0,0.0,False,
20260754,0.0,0.0,mekf_with_covariance_local_only,0.4837361322915353,0.0038909684109390058,0.9070078401603461,0.004576712983447716,0.4837361322915353,0.0038909684109390058,0.004576712983447716,0.0,0.0,0.059708958257296975,366,0,0,0.0,0.0,False,
20260755,0.0,0.0,truth_attitude,0.7035466072366285,0.0020735042741194267,1.6461736358788837,0.001806676592060385,0.6894880473144656,0.0023293256430367837,0.0020533643962430833,-0.014058559922162983,0.000255821368917357,0.05630289582434415,366,0,0,0.0,0.0,False,
20260755,0.0,0.0,mekf_with_covariance,0.40609949642138876,0.002160325536647201,1.7481025561794177,0.00152719406922796,0.4093654829726501,0.0034218068151447884,0.0033201246722174235,0.003265986551261313,0.0012614812784975875,0.05630289582434415,366,0,0,0.0,0.0,False,
20260755,0.0,0.0,mekf_without_covariance,0.4013264785077531,0.0026780152065806278,7.7774820293083335,0.00230355504195287,0.40012512846367604,0.003744484520182364,0.0042432249136304225,-0.0012013500440770652,0.0010664693136017362,0.05630289582434415,366,0,0,0.0,0.0,False,
20260755,0.0,0.0,mekf_with_covariance_local_only,0.3877920155047975,0.003176670231778157,0.9755922766990074,0.0030817619487959686,0.3877920155047975,0.003176670231778157,0.0030817619487959686,0.0,0.0,0.05630289582434415,366,0,0,0.0,0.0,False,
20260756,0.0,0.0,truth_attitude,0.4326381456439451,0.001807039986509663,1.6132378014412125,0.0011669485138952886,0.44409403646974205,0.0021131516176269554,0.0014786178143259227,0.011455890825796955,0.0003061116311172923,0.05352542304045021,366,0,0,0.0,0.0,False,
20260756,0.0,0.0,mekf_with_covariance,0.45296176557900425,0.0027789510531413962,1.2068710209012863,0.002482205856384175,0.46370274128322897,0.006031141813310155,0.0102153622661815,0.01074097570422472,0.0032521907601687585,0.05352542304045021,366,0,0,0.0,0.0,False,
20260756,0.0,0.0,mekf_without_covariance,0.6398943995422675,0.002632327932677244,5.322891629467457,0.002514103906478666,0.6308404830780897,0.0066892880979160805,0.01359446553602018,-0.009053916464177747,0.004056960165238837,0.05352542304045021,366,0,0,0.0,0.0,False,
20260756,0.0,0.0,mekf_with_covariance_local_only,0.531611127947892,0.003206955996906831,0.8112980740002121,0.0031777325819568225,0.531611127947892,0.003206955996906831,0.0031777325819568225,0.0,0.0,0.05352542304045021,366,0,0,0.0,0.0,False,
20260757,0.0,0.0,truth_attitude,0.4951109619319167,0.001967508063538189,1.6318420782562613,0.0013612728561414765,0.4891965129146608,0.002455261505474138,0.0019240476354054127,-0.005914449017255907,0.00048775344193594927,0.06257084249545514,366,0,0,0.0,0.0,False,
20260757,0.0,0.0,mekf_with_covariance,0.37136505274960624,0.0031818907875196547,1.8396345259546512,0.0030938604259372255,0.38456511428818635,0.004486154155576216,0.0056663411419652105,0.01320006153858011,0.0013042633680565613,0.06257084249545514,366,0,0,0.0,0.0,False,
20260757,0.0,0.0,mekf_without_covariance,0.39535491594622846,0.00365875503158423,9.380993655709126,0.004119903528072702,0.39242928205305966,0.004958863270134867,0.00732813172365818,-0.0029256338931687997,0.0013001082385506366,0.06257084249545514,366,0,0,0.0,0.0,False,
20260757,0.0,0.0,mekf_with_covariance_local_only,0.4556685051015753,0.004204465895030869,1.0373873989063294,0.005239630268097491,0.4556685051015753,0.004204465895030869,0.005239630268097491,0.0,0.0,0.06257084249545514,366,0,0,0.0,0.0,False,
20260758,0.0,0.0,truth_attitude,0.5415147037152716,0.0024655899382989136,1.7874847042388422,0.0020517766860788755,0.5518772279012545,0.002500944080779088,0.00211246463164924,0.010362524185982935,3.535414248017439e-05,0.060529922057481325,366,0,0,0.0,0.0,False,
20260758,0.0,0.0,mekf_with_covariance,0.3325015578971613,0.00264908934741944,1.3016936334432498,0.0020318347031997776,0.3631587624115181,0.004193967989140611,0.004894700101001486,0.03065720451435683,0.0015448786417211714,0.060529922057481325,366,0,0,0.0,0.0,False,
20260758,0.0,0.0,mekf_without_covariance,0.695719513995538,0.0029883912099447803,5.85808214299992,0.0031197480605797316,0.6993671148068874,0.004695257644981778,0.006982526838258354,0.003647600811349405,0.0017068664350369973,0.060529922057481325,366,0,0,0.0,0.0,False,
20260758,0.0,0.0,mekf_with_covariance_local_only,0.4350225928594252,0.0034798266546906794,0.9062082754050093,0.0036313247806186422,0.4350225928594252,0.0034798266546906794,0.0036313247806186422,0.0,0.0,0.060529922057481325,366,0,0,0.0,0.0,False,
20260729,0.0,2.0,truth_attitude,0.3700810820601566,0.00195547535827365,1.7912091608290337,0.001265495618632392,0.3746414951259691,0.0024491569704437554,0.0019009832669965802,0.0045604130658125075,0.0004936816121701056,0.051271702015202474,360,0,6,2.0,0.0,False,
20260729,0.0,2.0,mekf_with_covariance,0.4525023402513456,0.0025352431183315203,0.8291668477727004,0.002041939927223722,0.4546054661896348,0.0027900085512204014,0.002428423124204038,0.0021031259382892076,0.0002547654328888811,0.051271702015202474,360,0,6,2.0,0.0,False,
20260729,0.0,2.0,mekf_without_covariance,0.45847788507435927,0.0029747830880431677,4.299048132689089,0.002839486886380692,0.4608128430040013,0.003220335541634882,0.0032823159749823744,0.0023349579296420564,0.0002455524535917141,0.051271702015202474,360,0,6,2.0,0.0,False,
20260729,0.0,2.0,mekf_with_covariance_local_only,0.39609085956585866,0.003093727426896139,0.9711007601590863,0.002919486764234343,0.39609085956585866,0.003093727426896139,0.002919486764234343,0.0,0.0,0.051271702015202474,360,0,6,2.0,0.0,False,
20260730,0.0,2.0,truth_attitude,0.44070298732696284,0.0030188080947511106,1.6473577133855073,0.0028139929233270146,0.4420790208231809,0.0032366085625630476,0.0032122105433159847,0.0013760334962180654,0.00021780046781193696,0.051439485368907294,360,0,6,2.0,0.0,False,
20260730,0.0,2.0,mekf_with_covariance,0.43146384318878706,0.0033156042365500176,0.8954818241131953,0.0032482565611956773,0.4372418131013295,0.0034359766756448763,0.0034817924684449587,0.005777969912542424,0.00012037243909485866,0.051439485368907294,360,0,6,2.0,0.0,False,
20260730,0.0,2.0,mekf_without_covariance,0.3947749357185613,0.0035221732442675133,4.746294639213603,0.003779866593061616,0.40195253020465527,0.003667480013025267,0.004088523103792904,0.007177594486093952,0.00014530676875775363,0.051439485368907294,360,0,6,2.0,0.0,False,
20260730,0.0,2.0,mekf_with_covariance_local_only,0.45245699066860534,0.0036677148632076866,0.7516549536258147,0.003977005258785912,0.45245699066860534,0.0036677148632076866,0.003977005258785912,0.0,0.0,0.051439485368907294,360,0,6,2.0,0.0,False,
20260731,0.0,2.0,truth_attitude,0.36068017542295905,0.0027198170160891394,1.655660122788482,0.002274168205379375,0.36942175435315433,0.003409455156326916,0.003510806847252966,0.008741578930195282,0.0006896381402377765,0.049053258988941736,360,0,6,2.0,0.0,False,
20260731,0.0,2.0,mekf_with_covariance,0.4346476158485085,0.002745848540400214,0.8283596734449883,0.0022925472839638835,0.437851567909349,0.00342402957692099,0.0034730363208671103,0.003203952060840509,0.0006781810365207759,0.049053258988941736,360,0,6,2.0,0.0,False,
20260731,0.0,2.0,mekf_without_covariance,0.37221384409189995,0.0030057281290848175,3.873657684354387,0.0027844009127136523,0.3787790091918125,0.00372661161466194,0.004204727314744374,0.006565165099912562,0.0007208834855771226,0.049053258988941736,360,0,6,2.0,0.0,False,
20260731,0.0,2.0,mekf_with_covariance_local_only,0.4195692070046904,0.0036482498418370017,0.7636438242817766,0.003931468878907504,0.4195692070046904,0.0036482498418370017,0.003931468878907504,0.0,0.0,0.049053258988941736,360,0,6,2.0,0.0,False,
20260732,0.0,2.0,truth_attitude,0.5396104170785835,0.0021222777146907897,2.0177964444792775,0.0016236269073285506,0.541820854116816,0.002323485687837424,0.0018897457033714513,0.002210437038232538,0.00020120797314663414,0.0624069848180023,360,0,6,2.0,0.0,False,
20260732,0.0,2.0,mekf_with_covariance,0.4869616479178953,0.0027181036964611903,1.0742537334973439,0.002337939494813315,0.4934813955103165,0.00289236472212305,0.0026488772604735763,0.006519747592421188,0.00017426102566185956,0.0624069848180023,360,0,6,2.0,0.0,False,
20260732,0.0,2.0,mekf_without_covariance,0.5412775120367478,0.0030151546207135664,5.329565280665192,0.002983270098262466,0.5462439499838051,0.0030664940612458286,0.003078324872910603,0.004966437947057312,5.133944053226222e-05,0.0624069848180023,360,0,6,2.0,0.0,False,
20260732,0.0,2.0,mekf_with_covariance_local_only,0.5066761295101738,0.003256780350648265,0.9743490664298197,0.0033295863977607387,0.5066761295101738,0.003256780350648265,0.0033295863977607387,0.0,0.0,0.0624069848180023,360,0,6,2.0,0.0,False,
20260733,0.0,2.0,truth_attitude,0.3915094946426362,0.002339677053019265,1.6816436275866096,0.0017482139450453256,0.39963428713893506,0.002357950201337095,0.0017893934858741226,0.008124792496298883,1.8273148317830314e-05,0.06506027804623014,360,0,6,2.0,0.0,False,
20260733,0.0,2.0,mekf_with_covariance,0.44677163770101275,0.0025493755291098614,1.3853304345129023,0.002057286949954499,0.4500235432462546,0.0025947067351736724,0.00215314913057949,0.003251905545241851,4.5331206063811e-05,0.06506027804623014,360,0,6,2.0,0.0,False,
20260733,0.0,2.0,mekf_without_covariance,0.499561812807364,0.0031752354316438233,6.364352731292315,0.0032523359945168307,0.5031030140232503,0.0030395284842384173,0.0030260350939308057,0.0035412012158863027,-0.00013570694740540606,0.06506027804623014,360,0,6,2.0,0.0,False,
20260733,0.0,2.0,mekf_with_covariance_local_only,0.48336952920406895,0.002818707054624675,0.9293475893987863,0.002565292173860432,0.48336952920406895,0.002818707054624675,0.002565292173860432,0.0,0.0,0.06506027804623014,360,0,6,2.0,0.0,False,
20260734,0.0,2.0,truth_attitude,0.422774111494276,0.002036740793536109,1.837981752990731,0.0013686767794767846,0.42640252278020224,0.0022837648567867134,0.001683440315801311,0.003628411285926225,0.0002470240632506042,0.05830293399563061,360,0,6,2.0,0.0,False,
20260734,0.0,2.0,mekf_with_covariance,0.41206583894284077,0.003209317010132369,1.188820054369988,0.003131857453265746,0.4160286320024946,0.0034217145219570437,0.003543193668047562,0.003962793059653857,0.00021239751182467468,0.05830293399563061,360,0,6,2.0,0.0,False,
20260734,0.0,2.0,mekf_without_covariance,0.36300843105489694,0.003750802935891933,6.24056074007925,0.004291717715574718,0.36829633651262406,0.0038508125731323973,0.004519818487608259,0.005287905457727116,0.00010000963724046425,0.05830293399563061,360,0,6,2.0,0.0,False,
20260734,0.0,2.0,mekf_with_covariance_local_only,0.4428694114961423,0.0036446833660201735,1.0840524351110878,0.004057240812961332,0.4428694114961423,0.0036446833660201735,0.004057240812961332,0.0,0.0,0.05830293399563061,360,0,6,2.0,0.0,False,
20260735,0.0,2.0,truth_attitude,0.44945357507222333,0.0023212922927961246,1.6987028699516469,0.0017607448393712186,0.45937758307317517,0.0022786589930154605,0.0017128946893704854,0.009924008000951834,-4.263329978066409e-05,0.0706712173587486,360,0,6,2.0,0.0,False,
20260735,0.0,2.0,mekf_with_covariance,0.4940930424370512,0.00340439290310669,1.0232649166352326,0.0035683557256275334,0.49858318193544277,0.0034148225313439706,0.003607798451627837,0.004490139498391554,1.0429628237280508e-05,0.0706712173587486,360,0,6,2.0,0.0,False,
20260735,0.0,2.0,mekf_without_covariance,0.5442040537781316,0.0031908128167179375,5.212341944804713,0.003292842956224808,0.5487210606303887,0.0032914457007727537,0.0034947446794753364,0.004517006852257088,0.00010063288405481614,0.0706712173587486,360,0,6,2.0,0.0,False,
20260735,0.0,2.0,mekf_with_covariance_local_only,0.49656346253212835,0.00355876459310173,1.160449491871296,0.0038901647241476856,0.49656346253212835,0.00355876459310173,0.0038901647241476856,0.0,0.0,0.0706712173587486,360,0,6,2.0,0.0,False,
20260736,0.0,2.0,truth_attitude,0.4781735813132107,0.003012844032215974,1.6684259562775934,0.0026736445119818425,0.4872623574154862,0.003229089622822869,0.0030768904554306356,0.009088776102275486,0.00021624559060689488,0.05560981334828607,360,0,6,2.0,0.0,False,
20260736,0.0,2.0,mekf_with_covariance,0.4651008191118375,0.0036923322182281664,0.7463853264368423,0.003891306693542423,0.4765448496057082,0.003802668346242481,0.004152055172763332,0.011444030493870716,0.00011033612801431437,0.05560981334828607,360,0,6,2.0,0.0,False,
20260736,0.0,2.0,mekf_without_covariance,0.5265329314818059,0.003760111952476741,4.445976146715148,0.0042470466762924925,0.53441548287754,0.0038477838841444317,0.004446903492353117,0.007882551395734128,8.767193166769058e-05,0.05560981334828607,360,0,6,2.0,0.0,False,
20260736,0.0,2.0,mekf_with_covariance_local_only,0.5588287712432366,0.004129947266609225,0.8277708154436874,0.005096763892838912,0.5588287712432366,0.004129947266609225,0.005096763892838912,0.0,0.0,0.05560981334828607,360,0,6,2.0,0.0,False,
20260737,0.0,2.0,truth_attitude,0.34814722025051825,0.0020747667945227354,1.7734984671193574,0.001356406705781386,0.35110927066028497,0.0023130603870833415,0.0016585162691256925,0.0029620504097667144,0.00023829359256060615,0.07088450808251456,360,0,6,2.0,0.0,False,
20260737,0.0,2.0,mekf_with_covariance,0.3842308112905677,0.002552939686757144,1.472111973154776,0.0020231126882819315,0.38560948594581756,0.0028702368468562756,0.0025192976246997075,0.0013786746552498785,0.0003172971600991317,0.07088450808251456,360,0,6,2.0,0.0,False,
20260737,0.0,2.0,mekf_without_covariance,0.49396523916682294,0.0031854802819104903,6.868379090745067,0.003255191169077965,0.4919351648040121,0.0034096582565039473,0.0036937339359881982,-0.0020300743628108298,0.00022417797459345704,0.07088450808251456,360,0,6,2.0,0.0,False,
20260737,0.0,2.0,mekf_with_covariance_local_only,0.4660044190075767,0.003287034876516882,1.017696433605569,0.003344442922872782,0.4660044190075767,0.003287034876516882,0.003344442922872782,0.0,0.0,0.07088450808251456,360,0,6,2.0,0.0,False,
20260738,0.0,2.0,truth_attitude,0.40853480279541954,0.0019491435071761533,1.6579925457915454,0.0012859892517992522,0.41009099572629226,0.001998047769458714,0.0013438081196588945,0.001556192930872724,4.890426228256069e-05,0.06166107915910718,360,0,6,2.0,0.0,False,
20260738,0.0,2.0,mekf_with_covariance,0.3883318143633427,0.0034295605875219763,1.3108145149803938,0.0036117955049298836,0.389421662176194,0.0032262433615472003,0.0032294161206039966,0.001089847812851319,-0.00020331722597477595,0.06166107915910718,360,0,6,2.0,0.0,False,
20260738,0.0,2.0,mekf_without_covariance,0.46885542731154517,0.0035283176160702894,6.190586794289527,0.003947319292632003,0.46675622356283836,0.003375303707506878,0.003641147247437248,-0.0020992037487068127,-0.0001530139085634116,0.06166107915910718,360,0,6,2.0,0.0,False,
20260738,0.0,2.0,mekf_with_covariance_local_only,0.42920893372672253,0.0031224869839874526,1.109565094535212,0.0030753332254332484,0.42920893372672253,0.0031224869839874526,0.0030753332254332484,0.0,0.0,0.06166107915910718,360,0,6,2.0,0.0,False,
20260739,0.0,2.0,truth_attitude,0.5738735162120565,0.002148893335542688,1.4738602741485631,0.001576719525912076,0.5649708154851797,0.002370065883992611,0.0018569948604932347,-0.008902700726876822,0.000221172548449923,0.04815339326823762,360,0,6,2.0,0.0,False,
20260739,0.0,2.0,mekf_with_covariance,0.4477694806868564,0.0025946365502010687,0.8350443365422637,0.0020185678686265355,0.44746904440706947,0.0026994098171792724,0.0021733019424604078,-0.0003004362797869309,0.00010477326697820371,0.04815339326823762,360,0,6,2.0,0.0,False,
20260739,0.0,2.0,mekf_without_covariance,0.5196371666262883,0.00282526762030077,4.650385005907601,0.0025190610170015243,0.5078726405869695,0.002916277448161828,0.0026545321978218954,-0.011764526039318879,9.100982786105789e-05,0.04815339326823762,360,0,6,2.0,0.0,False,
20260739,0.0,2.0,mekf_with_covariance_local_only,0.49578604621362776,0.002894152303483285,0.8775844280046136,0.0025602325132123324,0.49578604621362776,0.002894152303483285,0.0025602325132123324,0.0,0.0,0.04815339326823762,360,0,6,2.0,0.0,False,
20260740,0.0,2.0,truth_attitude,0.419734478241642,0.002698860980836094,1.6306709038972507,0.002238082558369544,0.4264937790607266,0.0029238297104437665,0.0026082167976847507,0.0067593008190846016,0.00022496872960767232,0.06018716706889908,360,0,6,2.0,0.0,False,
20260740,0.0,2.0,mekf_with_covariance,0.4469358996160545,0.0035216731458454094,1.520030732251214,0.003675869162244778,0.4535020636670887,0.0036582510552576695,0.003976193690102053,0.006566164051034162,0.00013657790941226005,0.06018716706889908,360,0,6,2.0,0.0,False,
20260740,0.0,2.0,mekf_without_covariance,0.5664982612515685,0.0038615442721524184,7.424328166946736,0.004700498394009877,0.5681000794364605,0.004021113237975373,0.005068461211573435,0.0016018181848919122,0.0001595689658229543,0.06018716706889908,360,0,6,2.0,0.0,False,
20260740,0.0,2.0,mekf_with_covariance_local_only,0.5162137358631619,0.004037419070752606,1.041401036121177,0.004872625114758656,0.5162137358631619,0.004037419070752606,0.004872625114758656,0.0,0.0,0.06018716706889908,360,0,6,2.0,0.0,False,
20260741,0.0,2.0,truth_attitude,0.5168958735842003,0.0025253021252371376,1.6433512678198878,0.0021191196496676396,0.5114157009946716,0.002797691041173627,0.002538002919577895,-0.005480172589528709,0.00027238891593648956,0.055145452159106254,360,0,6,2.0,0.0,False,
20260741,0.0,2.0,mekf_with_covariance,0.4000967574530385,0.0029401561801887252,0.8479513135307251,0.002566702863985868,0.3991965197027172,0.0030495547989929433,0.0027473802383798803,-0.000900237750321331,0.00010939861880421807,0.055145452159106254,360,0,6,2.0,0.0,False,
20260741,0.0,2.0,mekf_without_covariance,0.5930587886821573,0.0029224771476789725,4.106291321572829,0.002867523864869094,0.5813120069008029,0.0032145723885097146,0.0033788528672349795,-0.011746781781354465,0.0002920952408307421,0.055145452159106254,360,0,6,2.0,0.0,False,
20260741,0.0,2.0,mekf_with_covariance_local_only,0.37856337424377995,0.0031241983495284447,0.8398076480334348,0.002890703891216116,0.37856337424377995,0.0031241983495284447,0.002890703891216116,0.0,0.0,0.055145452159106254,360,0,6,2.0,0.0,False,
20260742,0.0,2.0,truth_attitude,0.41314117160306646,0.0021109643330215738,1.5452503110271383,0.0014704731862676722,0.4136602813200289,0.0021889151820638315,0.0015678122747002272,0.0005191097169624515,7.795084904225775e-05,0.06261707005827621,360,0,6,2.0,0.0,False,
20260742,0.0,2.0,mekf_with_covariance,0.4690710026033464,0.0027272257376782416,0.9366116864669676,0.0023135675558070812,0.4688491591502782,0.0028705194424176418,0.002562993570345141,-0.00022184345306819342,0.00014329370473940015,0.06261707005827621,360,0,6,2.0,0.0,False,
20260742,0.0,2.0,mekf_without_covariance,0.5366697845971924,0.003074224281006372,5.121704062241773,0.0030739101048716895,0.5359828597399675,0.00317121609784832,0.0032523707308430953,-0.0006869248572248798,9.699181684194808e-05,0.06261707005827621,360,0,6,2.0,0.0,False,
20260742,0.0,2.0,mekf_with_covariance_local_only,0.3997455089767342,0.0029860191439027746,0.8702161767169343,0.002702540266626794,0.3997455089767342,0.0029860191439027746,0.002702540266626794,0.0,0.0,0.06261707005827621,360,0,6,2.0,0.0,False,
20260743,0.0,2.0,truth_attitude,0.5026391431895857,0.0020650286248227426,1.7801464398329734,0.0013404809443448742,0.5047187734916389,0.002566239615066909,0.00202473920182559,0.0020796303020531592,0.0005012109902441664,0.054665065028850775,360,0,6,2.0,0.0,False,
20260743,0.0,2.0,mekf_with_covariance,0.4030086327284227,0.0023951048729419174,0.9731745827101955,0.0016419541718980784,0.41154837203818556,0.00283908356575758,0.002295631141611208,0.008539739309762873,0.00044397869281566273,0.054665065028850775,360,0,6,2.0,0.0,False,
20260743,0.0,2.0,mekf_without_covariance,0.42253251953001336,0.0025496646140085065,4.320495405327967,0.0019389550096163383,0.4290793214466749,0.0029707060916798755,0.0026302998116129895,0.0065468019166615155,0.0004210414776713691,0.054665065028850775,360,0,6,2.0,0.0,False,
20260743,0.0,2.0,mekf_with_covariance_local_only,0.46751430054438864,0.0029878971163015858,0.9089302712327771,0.002613208704510349,0.46751430054438864,0.0029878971163015858,0.002613208704510349,0.0,0.0,0.054665065028850775,360,0,6,2.0,0.0,False,
20260744,0.0,2.0,truth_attitude,0.42585594075144834,0.0025035885994985265,1.889191184353713,0.002029523818806649,0.43493270092438036,0.0024489712253689816,0.001960534545509036,0.009076760172932019,-5.461737412954491e-05,0.06126971553677731,360,0,6,2.0,0.0,False,
20260744,0.0,2.0,mekf_with_covariance,0.4843263189321544,0.0027503263029736895,1.3510506922238137,0.0023394527820835647,0.48744363645189953,0.002738504589995591,0.0023504707587345404,0.003117317519745144,-1.1821712978098402e-05,0.06126971553677731,360,0,6,2.0,0.0,False,
20260744,0.0,2.0,mekf_without_covariance,0.46529024342315395,0.0032999745491997692,6.698690038935608,0.003448745031599854,0.4697373010768212,0.0031719791809379358,0.0032150446976982414,0.0044470576536672635,-0.00012799536826183346,0.06126971553677731,360,0,6,2.0,0.0,False,
20260744,0.0,2.0,mekf_with_covariance_local_only,0.5489018183286831,0.0029647536056705225,0.9286780917394513,0.0027989889735932027,0.5489018183286831,0.0029647536056705225,0.0027989889735932027,0.0,0.0,0.06126971553677731,360,0,6,2.0,0.0,False,
20260745,0.0,2.0,truth_attitude,0.47964032824200137,0.003351000242519252,1.6076740114753019,0.003440175060459914,0.4840570733984292,0.0037980160222658935,0.00436858621392311,0.004416745156427815,0.00044701577974664165,0.05970031559296897,360,0,6,2.0,0.0,False,
20260745,0.0,2.0,mekf_with_covariance,0.4673851578197134,0.003980401153290183,1.1064217164406098,0.004530517416933527,0.46904354094166667,0.004059556924648714,0.004737149039819642,0.0016583831219532663,7.915577135853089e-05,0.05970031559296897,360,0,6,2.0,0.0,False,
20260745,0.0,2.0,mekf_without_covariance,0.4949238401011256,0.004280214025186803,4.480338995285853,0.005555811391304725,0.4991002610557515,0.00440364604120272,0.005863268690250749,0.004176420954625892,0.0001234320160159166,0.05970031559296897,360,0,6,2.0,0.0,False,
20260745,0.0,2.0,mekf_with_covariance_local_only,0.4670787846930781,0.004057625593210187,0.9198929507958195,0.004742165532749551,0.4670787846930781,0.004057625593210187,0.004742165532749551,0.0,0.0,0.05970031559296897,360,0,6,2.0,0.0,False,
20260746,0.0,2.0,truth_attitude,0.4398962169303401,0.0037944506584373593,1.8074284609154225,0.004251076209881553,0.4413181471049939,0.004177854708677463,0.005129122099870736,0.0014219301746538071,0.0003834040502401037,0.049886169395359364,360,0,6,2.0,0.0,False,
20260746,0.0,2.0,mekf_with_covariance,0.4037280480700909,0.003848647222955012,0.7734122239711236,0.004168801612642462,0.40794444894234894,0.004238606216145623,0.005059021643987068,0.004216400872258053,0.00038995899319061106,0.049886169395359364,360,0,6,2.0,0.0,False,
20260746,0.0,2.0,mekf_without_covariance,0.4479926299990378,0.004386331594863611,3.930727301297262,0.00572345618589507,0.44708067033712817,0.004720449726648146,0.006594218804459122,-0.0009119596619096004,0.0003341181317845351,0.049886169395359364,360,0,6,2.0,0.0,False,
20260746,0.0,2.0,mekf_with_covariance_local_only,0.4385634899187764,0.004474352699181309,0.8272316149426817,0.0057194599574827976,0.4385634899187764,0.004474352699181309,0.0057194599574827976,0.0,0.0,0.049886169395359364,360,0,6,2.0,0.0,False,
20260747,0.0,2.0,truth_attitude,0.493493817683106,0.002952526783274764,1.8258163313618874,0.0026942362342578558,0.4931463113421499,0.0028870770117802656,0.0025874006049531567,-0.0003475063409560941,-6.544977149449847e-05,0.0658311614146237,360,0,6,2.0,0.0,False,
20260747,0.0,2.0,mekf_with_covariance,0.3846210236166683,0.0036781395119325974,1.5953643322049735,0.003886512203747536,0.3883434432727624,0.003583378075430152,0.00372315741600469,0.0037224196560941003,-9.476143650244536e-05,0.0658311614146237,360,0,6,2.0,0.0,False,
20260747,0.0,2.0,mekf_without_covariance,0.42992730808038065,0.003792769345222027,6.923814186826884,0.004342595952678014,0.4281926589713949,0.003680543609371852,0.0041121026928937435,-0.0017346491089857419,-0.00011222573585017472,0.0658311614146237,360,0,6,2.0,0.0,False,
20260747,0.0,2.0,mekf_with_covariance_local_only,0.3607570754646785,0.0038999238216621984,1.0388869953318458,0.0044093092850094285,0.3607570754646785,0.0038999238216621984,0.0044093092850094285,0.0,0.0,0.0658311614146237,360,0,6,2.0,0.0,False,
20260748,0.0,2.0,truth_attitude,0.626816562976152,0.0025147277713318283,1.7804427834407273,0.002284550677303039,0.6208212974150952,0.0030172556050021056,0.003083432782323643,-0.005995265561056784,0.0005025278336702774,0.06235548879555353,360,0,6,2.0,0.0,False,
20260748,0.0,2.0,mekf_with_covariance,0.44296320235736253,0.002880976556851746,0.9128575512100819,0.002551384225899659,0.44738723621139204,0.003300136650720962,0.0032823867129986427,0.004424033854029508,0.0004191600938692158,0.06235548879555353,360,0,6,2.0,0.0,False,
20260748,0.0,2.0,mekf_without_covariance,0.6468385325776903,0.004025877880016634,4.711868374075063,0.005259296207036963,0.6392055726952532,0.004273696392372053,0.005842104933533873,-0.007632959882437063,0.00024781851235541885,0.06235548879555353,360,0,6,2.0,0.0,False,
20260748,0.0,2.0,mekf_with_covariance_local_only,0.44650917988286143,0.0037285447125656145,1.1389911178134529,0.004168196909762319,0.44650917988286143,0.0037285447125656145,0.004168196909762319,0.0,0.0,0.06235548879555353,360,0,6,2.0,0.0,False,
20260749,0.0,2.0,truth_attitude,0.42588838195441386,0.0021837142053256725,1.8844217775707837,0.0015648354498571885,0.42804512571438214,0.0022911415378539107,0.0017056861952890374,0.0021567437599682715,0.00010742733252823823,0.04986037638883533,360,0,6,2.0,0.0,False,
20260749,0.0,2.0,mekf_with_covariance,0.3993362738320073,0.0026126931961359566,1.0390832941478154,0.0021185192848924895,0.4035990438148848,0.0027184333454580594,0.002283845676113419,0.004262769982877501,0.00010574014932210286,0.04986037638883533,360,0,6,2.0,0.0,False,
20260749,0.0,2.0,mekf_without_covariance,0.3982547260177695,0.002674746359961178,5.761494040648756,0.0022740252787363125,0.40023747946010413,0.002677627136649825,0.0022816891440543214,0.001982753442334617,2.880776688646801e-06,0.04986037638883533,360,0,6,2.0,0.0,False,
20260749,0.0,2.0,mekf_with_covariance_local_only,0.43113162265615507,0.002848012417175273,0.9368977315214209,0.0024891579594180364,0.43113162265615507,0.002848012417175273,0.0024891579594180364,0.0,0.0,0.04986037638883533,360,0,6,2.0,0.0,False,
20260750,0.0,2.0,truth_attitude,0.4436638156809576,0.0023587980839031948,1.5762169337024037,0.0018007238385088632,0.44386221626631656,0.002459785452848406,0.0019424877133734696,0.00019840058535897098,0.00010098736894521105,0.06431685504176766,360,0,6,2.0,0.0,False,
20260750,0.0,2.0,mekf_with_covariance,0.441146086123839,0.003638379179246452,1.1964051056086453,0.0040321459538596146,0.4447085155573582,0.0036326231072485574,0.00401769558014322,0.0035624294335191986,-5.756071997894616e-06,0.06431685504176766,360,0,6,2.0,0.0,False,
20260750,0.0,2.0,mekf_without_covariance,0.3628053799819126,0.00368140858095639,7.105688676895185,0.004140595498581371,0.35773712640549593,0.0036560032669238633,0.0040847860337324075,-0.005068253576416659,-2.540531403252659e-05,0.06431685504176766,360,0,6,2.0,0.0,False,
20260750,0.0,2.0,mekf_with_covariance_local_only,0.4658791397302382,0.003742753875873212,1.102136385400412,0.004291390423814461,0.4658791397302382,0.003742753875873212,0.004291390423814461,0.0,0.0,0.06431685504176766,360,0,6,2.0,0.0,False,
20260751,0.0,2.0,truth_attitude,0.5219172533400758,0.002453863705018666,1.6786841023545045,0.002062401308028453,0.5259300850748592,0.002621308241092361,0.0023200717646740267,0.004012831734783395,0.00016744453607369508,0.05404879759999983,360,0,6,2.0,0.0,False,
20260751,0.0,2.0,mekf_with_covariance,0.45426700640218654,0.0037200046205936458,0.935638777077842,0.004234115275343086,0.4589371709808069,0.003792879897245851,0.004396787535175329,0.0046701645786203505,7.287527665220507e-05,0.05404879759999983,360,0,6,2.0,0.0,False,
20260751,0.0,2.0,mekf_without_covariance,0.4659155488211231,0.0035894341326913083,4.846781539450825,0.00406527576374881,0.4734785021761767,0.0037069736915526265,0.004323923087194167,0.007562953355053581,0.00011753955886131817,0.05404879759999983,360,0,6,2.0,0.0,False,
20260751,0.0,2.0,mekf_with_covariance_local_only,0.5070393839150467,0.0037402601766899786,0.9206347846606846,0.0043438401924134964,0.5070393839150467,0.0037402601766899786,0.0043438401924134964,0.0,0.0,0.05404879759999983,360,0,6,2.0,0.0,False,
20260752,0.0,2.0,truth_attitude,0.5081924437570321,0.003417955811157402,1.7524464824429316,0.003637842114838477,0.5132654894802708,0.0035698213591652214,0.003960907936746039,0.005073045723238745,0.0001518655480078194,0.06008300565430351,360,0,6,2.0,0.0,False,
20260752,0.0,2.0,mekf_with_covariance,0.43093327840724593,0.003381377719643503,1.0542171938544644,0.003268275321817412,0.43044627953720094,0.003503523196775775,0.0035091641000617128,-0.00048699887004499676,0.0001221454771322722,0.06008300565430351,360,0,6,2.0,0.0,False,
20260752,0.0,2.0,mekf_without_covariance,0.5538046671517839,0.0038001709897907583,5.126553044684059,0.004523056681302122,0.5554972502742567,0.00398900758441909,0.004970601864597085,0.0016925831224727794,0.00018883659462833133,0.06008300565430351,360,0,6,2.0,0.0,False,
20260752,0.0,2.0,mekf_with_covariance_local_only,0.4029199590205916,0.0036308879227444505,0.8883553315408875,0.00373879907993029,0.4029199590205916,0.0036308879227444505,0.00373879907993029,0.0,0.0,0.06008300565430351,360,0,6,2.0,0.0,False,
20260753,0.0,2.0,truth_attitude,0.32059668997346585,0.002593939206888523,1.7325445122939018,0.002011796348402119,0.3226941754467251,0.0028281775535055806,0.0023787566793257945,0.0020974854732592196,0.00023423834661705743,0.056050956257864055,360,0,6,2.0,0.0,False,
20260753,0.0,2.0,mekf_with_covariance,0.41062379038173946,0.003149754420521796,1.4241859123466418,0.0029462673172866273,0.41198150595620747,0.0033613312802014085,0.003333032071628931,0.0013577155744680103,0.00021157685967961243,0.056050956257864055,360,0,6,2.0,0.0,False,
20260753,0.0,2.0,mekf_without_covariance,0.42663307110829496,0.0032393161358764424,7.274357989155708,0.0032294683324899784,0.4257604584446791,0.0034199109026555484,0.0035779179856118763,-0.0008726126636158793,0.000180594766779106,0.056050956257864055,360,0,6,2.0,0.0,False,
20260753,0.0,2.0,mekf_with_covariance_local_only,0.4191400753326994,0.003443918168350676,1.0672299425236906,0.0035169422248569862,0.4191400753326994,0.003443918168350676,0.0035169422248569862,0.0,0.0,0.056050956257864055,360,0,6,2.0,0.0,False,
20260754,0.0,2.0,truth_attitude,0.463623916351533,0.0028764323541754983,1.7373089703570839,0.0026404635350157804,0.47305009026234174,0.003132226001565633,0.003094491525422233,0.009426173910808744,0.0002557936473901348,0.059708958257296975,360,0,6,2.0,0.0,False,
20260754,0.0,2.0,mekf_with_covariance,0.531459092380519,0.0037980984502571603,1.0068244418580576,0.004422163591623797,0.531754725597354,0.003786477548472904,0.004398296982954191,0.00029563321683501176,-1.1620901784256156e-05,0.059708958257296975,360,0,6,2.0,0.0,False,
20260754,0.0,2.0,mekf_without_covariance,0.5576334623853128,0.003790746180971101,4.397351653702657,0.0045594656456463805,0.5640753571561652,0.003903533741475236,0.004825286615541613,0.006441894770852441,0.0001127875605041349,0.059708958257296975,360,0,6,2.0,0.0,False,
20260754,0.0,2.0,mekf_with_covariance_local_only,0.4837361322915353,0.0038909684109390058,0.9070078401603461,0.004576712983447716,0.4837361322915353,0.0038909684109390058,0.004576712983447716,0.0,0.0,0.059708958257296975,360,0,6,2.0,0.0,False,
20260755,0.0,2.0,truth_attitude,0.4139094952160322,0.0018983108343418476,1.645602787239529,0.0011776455429378524,0.4146360637430967,0.0020647008476058605,0.001371433152201886,0.0007265685270644862,0.00016639001326401292,0.05630289582434415,360,0,6,2.0,0.0,False,
20260755,0.0,2.0,mekf_with_covariance,0.4465055554826547,0.0026043603291661813,1.2229842510984217,0.0021442824107910244,0.44650482044177126,0.0027574347404117007,0.0023852813040955044,-7.350408834372324e-07,0.00015307441124551941,0.05630289582434415,360,0,6,2.0,0.0,False,
20260755,0.0,2.0,mekf_without_covariance,0.40091001750397554,0.0029214736384320073,6.705487821801046,0.0026447743440892353,0.40522556050410924,0.0030352422808234197,0.0028451631076683737,0.004315543000133704,0.0001137686423914124,0.05630289582434415,360,0,6,2.0,0.0,False,
20260755,0.0,2.0,mekf_with_covariance_local_only,0.3877920155047975,0.003176670231778157,0.9755922766990074,0.0030817619487959686,0.3877920155047975,0.003176670231778157,0.0030817619487959686,0.0,0.0,0.05630289582434415,360,0,6,2.0,0.0,False,
20260756,0.0,2.0,truth_attitude,0.5084825154620501,0.0023866546284747837,1.7477014346527646,0.0018882801460547757,0.5209628145606642,0.002540701491847199,0.002124629265343465,0.012480299098614034,0.00015404686337241536,0.05352542304045021,360,0,6,2.0,0.0,False,
20260756,0.0,2.0,mekf_with_covariance,0.45820576133573787,0.0033076207532958604,0.910907756817005,0.003307564108034695,0.47134532375251137,0.0033258711824642076,0.0033618394713918905,0.013139562416773498,1.8250429168347165e-05,0.05352542304045021,360,0,6,2.0,0.0,False,
20260756,0.0,2.0,mekf_without_covariance,0.45084998557313305,0.003091710057197402,4.272357960566972,0.002983122010627393,0.4623995460671129,0.0031880057970265782,0.0031636832315968776,0.011549560493979871,9.629573982917637e-05,0.05352542304045021,360,0,6,2.0,0.0,False,
20260756,0.0,2.0,mekf_with_covariance_local_only,0.531611127947892,0.003206955996906831,0.8112980740002121,0.0031777325819568225,0.531611127947892,0.003206955996906831,0.0031777325819568225,0.0,0.0,0.05352542304045021,360,0,6,2.0,0.0,False,
20260757,0.0,2.0,truth_attitude,0.3822924101594056,0.002578480929505625,1.6951941305070464,0.002001098180207439,0.3888470285694562,0.0026226057349654905,0.0020640724657897793,0.006554618410050561,4.412480545986546e-05,0.06257084249545514,360,0,6,2.0,0.0,False,
20260757,0.0,2.0,mekf_with_covariance,0.44327303414872704,0.0037486295386309934,1.0189910171278038,0.004194262128700302,0.44803418484971425,0.003877076421528156,0.004456375085448478,0.0047611507009872045,0.00012844688289716244,0.06257084249545514,360,0,6,2.0,0.0,False,
20260757,0.0,2.0,mekf_without_covariance,0.36212784367506967,0.004076977355179687,5.600301699084063,0.0049800204225294185,0.37017913160683824,0.0041855054529793614,0.005233519854220267,0.00805128793176857,0.0001085280977996747,0.06257084249545514,360,0,6,2.0,0.0,False,
20260757,0.0,2.0,mekf_with_covariance_local_only,0.4556685051015753,0.004204465895030869,1.0373873989063294,0.005239630268097491,0.4556685051015753,0.004204465895030869,0.005239630268097491,0.0,0.0,0.06257084249545514,360,0,6,2.0,0.0,False,
20260758,0.0,2.0,truth_attitude,0.5071780402541203,0.002813213664771232,1.8573776293062143,0.0025535694528047085,0.5127887324146794,0.002809883236372549,0.002560156805637039,0.005610692160559094,-3.3304283986830205e-06,0.060529922057481325,360,0,6,2.0,0.0,False,
20260758,0.0,2.0,mekf_with_covariance,0.42035972733909005,0.0033062017092749113,1.0517177989159747,0.0032438208619113996,0.42589541566984845,0.003323048063638414,0.0033106688128354974,0.005535688330758404,1.6846354363502566e-05,0.060529922057481325,360,0,6,2.0,0.0,False,
20260758,0.0,2.0,mekf_without_covariance,0.4879808367465798,0.0034741374639067502,5.285106106063407,0.003780755004653962,0.49403085233248334,0.003533734861686619,0.0039174630765025295,0.006050015585903512,5.9597397779868715e-05,0.060529922057481325,360,0,6,2.0,0.0,False,
20260758,0.0,2.0,mekf_with_covariance_local_only,0.4350225928594252,0.0034798266546906794,0.9062082754050093,0.0036313247806186422,0.4350225928594252,0.0034798266546906794,0.0036313247806186422,0.0,0.0,0.060529922057481325,360,0,6,2.0,0.0,False,
20260729,0.0,4.0,truth_attitude,0.3981838687364569,0.0024708277768070172,1.8385935708157528,0.0019608404294416365,0.39781909749301614,0.0024916117060056666,0.0019912564214337805,-0.0003647712434407535,2.078392919864936e-05,0.051271702015202474,354,0,12,4.0,0.0,False,
20260729,0.0,4.0,mekf_with_covariance,0.42170057076146605,0.002872002646555546,0.792466533232818,0.0025410632278960277,0.42144240875924993,0.0029150550014971684,0.002614344992927894,-0.0002581620022161224,4.3052354941622555e-05,0.051271702015202474,354,0,12,4.0,0.0,False,
20260729,0.0,4.0,mekf_without_covariance,0.4035361527140076,0.0032201304205798924,4.675117738072647,0.003238303379861102,0.4024613853261677,0.003226998157273733,0.003250311054975974,-0.0010747673878399033,6.867736693840724e-06,0.051271702015202474,354,0,12,4.0,0.0,False,
20260729,0.0,4.0,mekf_with_covariance_local_only,0.39609085956585866,0.003093727426896139,0.9711007601590863,0.002919486764234343,0.39609085956585866,0.003093727426896139,0.002919486764234343,0.0,0.0,0.051271702015202474,354,0,12,4.0,0.0,False,
20260730,0.0,4.0,truth_attitude,0.5244301956668551,0.0032447583995328976,1.677434864650857,0.0033129314066481013,0.5248055475068044,0.0032953657600521256,0.0034123557578693855,0.00037535183994930055,5.060736051922801e-05,0.051439485368907294,354,0,12,4.0,0.0,False,
20260730,0.0,4.0,mekf_with_covariance,0.4647580992682669,0.003457836069675723,0.8623780802073913,0.003553367643854945,0.46543462521082296,0.0035402528723157984,0.003723799761466187,0.0006765259425560721,8.241680264007558e-05,0.051439485368907294,354,0,12,4.0,0.0,False,
20260730,0.0,4.0,mekf_without_covariance,0.38055544034814304,0.003627097583375144,4.332026602863575,0.003973899486074682,0.38368969225391697,0.003695142867726198,0.004125949481866444,0.0031342519057739326,6.804528435105407e-05,0.051439485368907294,354,0,12,4.0,0.0,False,
20260730,0.0,4.0,mekf_with_covariance_local_only,0.45245699066860534,0.0036677148632076866,0.7516549536258147,0.003977005258785912,0.45245699066860534,0.0036677148632076866,0.003977005258785912,0.0,0.0,0.051439485368907294,354,0,12,4.0,0.0,False,
20260731,0.0,4.0,truth_attitude,0.582821165239487,0.0033829477997254667,1.723431737223711,0.0036785500369006826,0.5768849219035993,0.0033870736234609196,0.0036808314084030612,-0.005936243335887714,4.125823735452901e-06,0.049053258988941736,354,0,12,4.0,0.0,False,
20260731,0.0,4.0,mekf_with_covariance,0.4436571639466321,0.003465895724005973,0.7843659914572653,0.0035642641688673057,0.4457670154888931,0.0035447871991142648,0.00373015670937434,0.0021098515422609543,7.889147510829189e-05,0.049053258988941736,354,0,12,4.0,0.0,False,
20260731,0.0,4.0,mekf_without_covariance,0.38075533792332306,0.0037334930979817387,3.9933173006194007,0.004225448105999947,0.38461265220869933,0.0037573850104211113,0.004284058149545776,0.0038573142853762787,2.38919124393726e-05,0.049053258988941736,354,0,12,4.0,0.0,False,
20260731,0.0,4.0,mekf_with_covariance_local_only,0.4195692070046904,0.0036482498418370017,0.7636438242817766,0.003931468878907504,0.4195692070046904,0.0036482498418370017,0.003931468878907504,0.0,0.0,0.049053258988941736,354,0,12,4.0,0.0,False,
20260732,0.0,4.0,truth_attitude,0.5245435650269201,0.002272482432082357,2.087934561371834,0.0017905711325880678,0.5270731325505602,0.0023142391999964253,0.0018509594775563644,0.002529567523640086,4.175676791406827e-05,0.0624069848180023,354,0,12,4.0,0.0,False,
20260732,0.0,4.0,mekf_with_covariance,0.5153185044988856,0.002913450392703402,1.0362761007912606,0.002702992022630168,0.5191899821927037,0.0029936857821853454,0.0028461322884882276,0.003871477693818126,8.023538948194334e-05,0.0624069848180023,354,0,12,4.0,0.0,False,
20260732,0.0,4.0,mekf_without_covariance,0.49234258482971166,0.0031217175657835025,4.777961532067608,0.003134914412792443,0.49636219280441884,0.0032011374696575986,0.0032935103342987744,0.0040196079747071845,7.941990387409607e-05,0.0624069848180023,354,0,12,4.0,0.0,False,
20260732,0.0,4.0,mekf_with_covariance_local_only,0.5066761295101738,0.003256780350648265,0.9743490664298197,0.0033295863977607387,0.5066761295101738,0.003256780350648265,0.0033295863977607387,0.0,0.0,0.0624069848180023,354,0,12,4.0,0.0,False,
20260733,0.0,4.0,truth_attitude,0.45756833734079905,0.0023928530353164858,1.713233691365998,0.0018960498471880841,0.4595647961645758,0.0024438410337421484,0.0019722515934995194,0.0019964588237767478,5.0987998425662626e-05,0.06506027804623014,354,0,12,4.0,0.0,False,
20260733,0.0,4.0,mekf_with_covariance,0.4663734971916225,0.002590347116763966,1.200282521777767,0.002157448326633367,0.4690485740824932,0.0026573009946796603,0.00226880980975773,0.0026750768908706535,6.695387791569437e-05,0.06506027804623014,354,0,12,4.0,0.0,False,
20260733,0.0,4.0,mekf_without_covariance,0.4598518973572643,0.0028561370542221276,5.748849876589248,0.002644310556975947,0.45945094487088556,0.0028862285808085504,0.002702310453444459,-0.00040095248637872505,3.009152658642279e-05,0.06506027804623014,354,0,12,4.0,0.0,False,
20260733,0.0,4.0,mekf_with_covariance_local_only,0.48336952920406895,0.002818707054624675,0.9293475893987863,0.002565292173860432,0.48336952920406895,0.002818707054624675,0.002565292173860432,0.0,0.0,0.06506027804623014,354,0,12,4.0,0.0,False,
20260734,0.0,4.0,truth_attitude,0.4486886733428182,0.0023002649869742014,1.8894849050500835,0.0017274782647403546,0.4496073621839595,0.0023512178361517295,0.0017986945306866075,0.0009186888411413241,5.095284917752815e-05,0.05830293399563061,354,0,12,4.0,0.0,False,
20260734,0.0,4.0,mekf_with_covariance,0.479454490444082,0.0035195462504880198,1.155114466062209,0.0038073927767100497,0.4790893426136736,0.0035621466615317872,0.0038972886108283415,-0.0003651478304084188,4.260041104376744e-05,0.05830293399563061,354,0,12,4.0,0.0,False,
20260734,0.0,4.0,mekf_without_covariance,0.47858431328017326,0.003754564967792361,5.735827878118255,0.004393377728695253,0.47673861374440973,0.003746532601447768,0.004378039958062378,-0.001845699535763523,-8.03236634459338e-06,0.05830293399563061,354,0,12,4.0,0.0,False,
20260734,0.0,4.0,mekf_with_covariance_local_only,0.4428694114961423,0.0036446833660201735,1.0840524351110878,0.004057240812961332,0.4428694114961423,0.0036446833660201735,0.004057240812961332,0.0,0.0,0.05830293399563061,354,0,12,4.0,0.0,False,
20260735,0.0,4.0,truth_attitude,0.5901474422212752,0.0022993238044264363,1.7220631746192931,0.0018862234191835397,0.5909174976708328,0.0022970232197972364,0.0018837594021847413,0.0007700554495575496,-2.3005846291998706e-06,0.0706712173587486,354,0,12,4.0,0.0,False,
20260735,0.0,4.0,mekf_with_covariance,0.4392207698319952,0.003456870552273046,0.9237832647121783,0.00363523517236878,0.4431196300316059,0.0034596664849383687,0.003645970054420142,0.003898860199610721,2.795932665322458e-06,0.0706712173587486,354,0,12,4.0,0.0,False,
20260735,0.0,4.0,mekf_without_covariance,0.5775485491144545,0.00353076962872249,4.280363387851884,0.004021012341457669,0.5804411216931167,0.0035624070896118454,0.004088392237792134,0.002892572578662156,3.1637460889355484e-05,0.0706712173587486,354,0,12,4.0,0.0,False,
20260735,0.0,4.0,mekf_with_covariance_local_only,0.49656346253212835,0.00355876459310173,1.160449491871296,0.0038901647241476856,0.49656346253212835,0.00355876459310173,0.0038901647241476856,0.0,0.0,0.0706712173587486,354,0,12,4.0,0.0,False,
20260736,0.0,4.0,truth_attitude,0.5879371664044869,0.003312144470519916,1.685062734100667,0.003365265312387066,0.5899623668183825,0.0033372704802801917,0.003419163049033228,0.0020252004138956448,2.5126009760275802e-05,0.05560981334828607,354,0,12,4.0,0.0,False,
20260736,0.0,4.0,mekf_with_covariance,0.4758501086448344,0.0038297383284663926,0.7317029708152631,0.004216182548580866,0.48210230196436743,0.0038221068272106733,0.0042108432795663385,0.006252193319533028,-7.631501255719354e-06,0.05560981334828607,354,0,12,4.0,0.0,False,
20260736,0.0,4.0,mekf_without_covariance,0.5137147752270265,0.0039192526957824,3.5851758432486314,0.004598975996413048,0.5156476102884522,0.003903281164240784,0.004568505083912444,0.0019328350614257195,-1.597153154161632e-05,0.05560981334828607,354,0,12,4.0,0.0,False,
20260736,0.0,4.0,mekf_with_covariance_local_only,0.5588287712432366,0.004129947266609225,0.8277708154436874,0.005096763892838912,0.5588287712432366,0.004129947266609225,0.005096763892838912,0.0,0.0,0.05560981334828607,354,0,12,4.0,0.0,False,
20260737,0.0,4.0,truth_attitude,0.4234058553118467,0.0023135784512658395,1.7948785046316038,0.0017194716696736284,0.42688473100987934,0.0023106587110408587,0.001717940699439514,0.003478875698032624,-2.919740224980802e-06,0.07088450808251456,354,0,12,4.0,0.0,False,
20260737,0.0,4.0,mekf_with_covariance,0.42824348751502883,0.003027896324760375,1.267153627422672,0.002834107295537073,0.4302959136070322,0.0030874036945255493,0.0029514594800286666,0.0020524260920033455,5.950736976517452e-05,0.07088450808251456,354,0,12,4.0,0.0,False,
20260737,0.0,4.0,mekf_without_covariance,0.4067082274206768,0.00335432856135995,6.448408300531135,0.0034870573029616297,0.40997231513316296,0.0033680027708420145,0.003527863189545672,0.0032640877124861523,1.3674209482064485e-05,0.07088450808251456,354,0,12,4.0,0.0,False,
20260737,0.0,4.0,mekf_with_covariance_local_only,0.4660044190075767,0.003287034876516882,1.017696433605569,0.003344442922872782,0.4660044190075767,0.003287034876516882,0.003344442922872782,0.0,0.0,0.07088450808251456,354,0,12,4.0,0.0,False,
20260738,0.0,4.0,truth_attitude,0.38574477506027854,0.0018531596478045958,1.7048913011147173,0.0011640303214940908,0.38864780647387975,0.001954468779499946,0.001281427150800403,0.002903031413601209,0.0001013091316953501,0.06166107915910718,354,0,12,4.0,0.0,False,
20260738,0.0,4.0,mekf_with_covariance,0.4643385197924062,0.0031402486733256465,1.1959295138008676,0.0031374844806752733,0.4630519141605636,0.0031377732047010716,0.0031352122813486693,-0.0012866056318425745,-2.4754686245749558e-06,0.06166107915910718,354,0,12,4.0,0.0,False,
20260738,0.0,4.0,mekf_without_covariance,0.5839063124510677,0.0031507600739151234,6.157916146907991,0.003341859439982712,0.5773607827927254,0.0031865293336713206,0.003411298574009779,-0.0065455296583423195,3.5769259756197186e-05,0.06166107915910718,354,0,12,4.0,0.0,False,
20260738,0.0,4.0,mekf_with_covariance_local_only,0.42920893372672253,0.0031224869839874526,1.109565094535212,0.0030753332254332484,0.42920893372672253,0.0031224869839874526,0.0030753332254332484,0.0,0.0,0.06166107915910718,354,0,12,4.0,0.0,False,
20260739,0.0,4.0,truth_attitude,0.4740137659602591,0.0024124979594264667,1.548618635490976,0.001815135676874637,0.4727204967280739,0.0024551207646842793,0.0018752186674239524,-0.0012932692321852013,4.262280525781266e-05,0.04815339326823762,354,0,12,4.0,0.0,False,
20260739,0.0,4.0,mekf_with_covariance,0.4528199182255777,0.0027368677414357353,0.8190615200577545,0.0022413019712545193,0.4547138821338184,0.002798523627254307,0.0023432842042680133,0.0018939639082407034,6.165588581857158e-05,0.04815339326823762,354,0,12,4.0,0.0,False,
20260739,0.0,4.0,mekf_without_covariance,0.4263863146097484,0.002889487682810054,4.281592400201106,0.0025311763241571902,0.4277582873185489,0.002951735069427985,0.0026417951487123542,0.0013719727088005174,6.22473866179309e-05,0.04815339326823762,354,0,12,4.0,0.0,False,
20260739,0.0,4.0,mekf_with_covariance_local_only,0.49578604621362776,0.002894152303483285,0.8775844280046136,0.0025602325132123324,0.49578604621362776,0.002894152303483285,0.0025602325132123324,0.0,0.0,0.04815339326823762,354,0,12,4.0,0.0,False,
20260740,0.0,4.0,truth_attitude,0.5434996795034815,0.0029467999163157893,1.6785561443284258,0.002753585359753227,0.5435888049511518,0.0029600113541373065,0.0027755166254763235,8.912544767025743e-05,1.3211437821517274e-05,0.06018716706889908,354,0,12,4.0,0.0,False,
20260740,0.0,4.0,mekf_with_covariance,0.4991281049766174,0.003766954989464102,1.2985114998066363,0.0042625675115801455,0.50089159564256,0.0038476081722389555,0.004448931844318377,0.001763490665942613,8.065318277485339e-05,0.06018716706889908,354,0,12,4.0,0.0,False,
20260740,0.0,4.0,mekf_without_covariance,0.5116060992392829,0.004086269369284322,6.398869367096016,0.005127705486321057,0.512916832423549,0.004089371099631907,0.005135349395144383,0.0013107331842661107,3.101730347585506e-06,0.06018716706889908,354,0,12,4.0,0.0,False,
20260740,0.0,4.0,mekf_with_covariance_local_only,0.5162137358631619,0.004037419070752606,1.041401036121177,0.004872625114758656,0.5162137358631619,0.004037419070752606,0.004872625114758656,0.0,0.0,0.06018716706889908,354,0,12,4.0,0.0,False,
20260741,0.0,4.0,truth_attitude,0.3987933324816557,0.0027768303427115676,1.690296217350187,0.002394500235492193,0.3956763804268549,0.0027963418749072065,0.00242492061405974,-0.0031169520548008367,1.9511532195638955e-05,0.055145452159106254,354,0,12,4.0,0.0,False,
20260741,0.0,4.0,mekf_with_covariance,0.3710835942836609,0.003019150798614477,0.7985334767931188,0.002665229265782466,0.37011823248023645,0.0030686442471372314,0.0027517391778238654,-0.000965361803424436,4.9493448522754373e-05,0.055145452159106254,354,0,12,4.0,0.0,False,
20260741,0.0,4.0,mekf_without_covariance,0.5367071694326272,0.0031128836371429698,3.953831168266269,0.003134487533936428,0.5294034814516414,0.00317396435283496,0.0032413520617696283,-0.007303687980985796,6.10807156919903e-05,0.055145452159106254,354,0,12,4.0,0.0,False,
20260741,0.0,4.0,mekf_with_covariance_local_only,0.37856337424377995,0.0031241983495284447,0.8398076480334348,0.002890703891216116,0.37856337424377995,0.0031241983495284447,0.002890703891216116,0.0,0.0,0.055145452159106254,354,0,12,4.0,0.0,False,
20260742,0.0,4.0,truth_attitude,0.3702120742226392,0.0022109812612345313,1.5979657599082127,0.0015501945581931395,0.3725200133583865,0.0022212536170134346,0.0015655268394063845,0.002307939135747339,1.0272355778903272e-05,0.06261707005827621,354,0,12,4.0,0.0,False,
20260742,0.0,4.0,mekf_with_covariance,0.4537520188782675,0.002885944455982084,0.8623962542603267,0.002571179114683571,0.4526593721455149,0.0029355184596543266,0.0026530837656216963,-0.0010926467327526113,4.957400367224278e-05,0.06261707005827621,354,0,12,4.0,0.0,False,
20260742,0.0,4.0,mekf_without_covariance,0.4925876116027369,0.003083413491524281,4.7824473566512475,0.0030396756087879,0.4901037254060248,0.0031101699555816254,0.003084997313222636,-0.0024838861967120818,2.6756464057344376e-05,0.06261707005827621,354,0,12,4.0,0.0,False,
20260742,0.0,4.0,mekf_with_covariance_local_only,0.3997455089767342,0.0029860191439027746,0.8702161767169343,0.002702540266626794,0.3997455089767342,0.0029860191439027746,0.002702540266626794,0.0,0.0,0.06261707005827621,354,0,12,4.0,0.0,False,
20260743,0.0,4.0,truth_attitude,0.38131344532323935,0.00260465565842443,1.8556726203965017,0.001967295106026743,0.3850901375591921,0.00261945816146002,0.0019936046282718837,0.0037766922359527277,1.4802503035590137e-05,0.054665065028850775,354,0,12,4.0,0.0,False,
20260743,0.0,4.0,mekf_with_covariance,0.4356200474762851,0.0028381456008223825,0.8764717506435131,0.0023194644811039586,0.4398616165057596,0.0028940073888627928,0.0024183008170403433,0.0042415690294745345,5.58617880404102e-05,0.054665065028850775,354,0,12,4.0,0.0,False,
20260743,0.0,4.0,mekf_without_covariance,0.4558493915618006,0.0030029709310733636,3.907814962559017,0.002684030017295695,0.45824833738178844,0.0030237695785578305,0.0027206433360050923,0.002398945819987841,2.0798647484466908e-05,0.054665065028850775,354,0,12,4.0,0.0,False,
20260743,0.0,4.0,mekf_with_covariance_local_only,0.46751430054438864,0.0029878971163015858,0.9089302712327771,0.002613208704510349,0.46751430054438864,0.0029878971163015858,0.002613208704510349,0.0,0.0,0.054665065028850775,354,0,12,4.0,0.0,False,
20260744,0.0,4.0,truth_attitude,0.4157101173216628,0.0024648131687477733,1.8914042902182058,0.0019617047382134573,0.4227713495237912,0.0024737988007060806,0.0019821325030170843,0.007061232202128398,8.985631958307282e-06,0.06126971553677731,354,0,12,4.0,0.0,False,
20260744,0.0,4.0,mekf_with_covariance,0.5175012695422628,0.0028127437483049683,1.312411427652856,0.002505288344582607,0.5193043417847056,0.002819365002312467,0.002523250712732078,0.0018030722424428047,6.621254007498686e-06,0.06126971553677731,354,0,12,4.0,0.0,False,
20260744,0.0,4.0,mekf_without_covariance,0.6844764846278374,0.0031573053283435485,6.415898546032687,0.0034578628371525672,0.6796812578080198,0.003137970308428957,0.003422216704594191,-0.0047952268198175885,-1.9335019914591342e-05,0.06126971553677731,354,0,12,4.0,0.0,False,
20260744,0.0,4.0,mekf_with_covariance_local_only,0.5489018183286831,0.0029647536056705225,0.9286780917394513,0.0027989889735932027,0.5489018183286831,0.0029647536056705225,0.0027989889735932027,0.0,0.0,0.06126971553677731,354,0,12,4.0,0.0,False,
20260745,0.0,4.0,truth_attitude,0.44734968188855107,0.003810544021277654,1.6407326268307312,0.004361293153250427,0.45018894346283234,0.0038167291596641045,0.00437803494472928,0.002839261574281271,6.185138386450434e-06,0.05970031559296897,354,0,12,4.0,0.0,False,
20260745,0.0,4.0,mekf_with_covariance,0.4760456029431338,0.004063099057715781,1.0090639382806885,0.004747417340507099,0.47580413980861214,0.004021799036632321,0.004652716194634631,-0.0002414631345216689,-4.130002108345982e-05,0.05970031559296897,354,0,12,4.0,0.0,False,
20260745,0.0,4.0,mekf_without_covariance,0.5064542420533431,0.004338451115198642,4.517813343505208,0.0057055539194635135,0.5049843208992395,0.0042966629943713254,0.00559577924889647,-0.001469921154103604,-4.178812082731697e-05,0.05970031559296897,354,0,12,4.0,0.0,False,
20260745,0.0,4.0,mekf_with_covariance_local_only,0.4670787846930781,0.004057625593210187,0.9198929507958195,0.004742165532749551,0.4670787846930781,0.004057625593210187,0.004742165532749551,0.0,0.0,0.05970031559296897,354,0,12,4.0,0.0,False,
20260746,0.0,4.0,truth_attitude,0.46166246410985745,0.004202964925913861,1.852055559560003,0.005206941453823825,0.45908505846384307,0.004224401274202664,0.0052591358312115075,-0.0025774056460143857,2.1436348288802858e-05,0.049886169395359364,354,0,12,4.0,0.0,False,
20260746,0.0,4.0,mekf_with_covariance,0.4271250357079361,0.004348206802466607,0.782929971499718,0.005359132501177431,0.4284059672171993,0.004360460855787972,0.005393394102831328,0.0012809315092632279,1.2254053321364422e-05,0.049886169395359364,354,0,12,4.0,0.0,False,
20260746,0.0,4.0,mekf_without_covariance,0.37987061617638823,0.004661789105073536,3.8842492721639625,0.006373304648950137,0.37842061601209853,0.004667289083505159,0.006388126704769723,-0.0014500001642896998,5.499978431623004e-06,0.049886169395359364,354,0,12,4.0,0.0,False,
20260746,0.0,4.0,mekf_with_covariance_local_only,0.4385634899187764,0.004474352699181309,0.8272316149426817,0.0057194599574827976,0.4385634899187764,0.004474352699181309,0.0057194599574827976,0.0,0.0,0.049886169395359364,354,0,12,4.0,0.0,False,
20260747,0.0,4.0,truth_attitude,0.44656865917369565,0.002890765526843696,1.8755920558649257,0.002541385739398802,0.44598491934848405,0.0028732305187693253,0.0025106328961689594,-0.0005837398252115933,-1.7535008074370546e-05,0.0658311614146237,354,0,12,4.0,0.0,False,
20260747,0.0,4.0,mekf_with_covariance,0.42573099066260983,0.003597784468427936,1.4196363691895004,0.0037879029689701148,0.42422754779407,0.0036027167454720267,0.0037973070420215718,-0.0015034428685398171,4.93227704409082e-06,0.0658311614146237,354,0,12,4.0,0.0,False,
20260747,0.0,4.0,mekf_without_covariance,0.42521294654024067,0.003868666427429521,5.3518988139412205,0.004504540603602425,0.4225323660414654,0.0038711949198968615,0.004509485020362414,-0.002680580498775287,2.5284924673406838e-06,0.0658311614146237,354,0,12,4.0,0.0,False,
20260747,0.0,4.0,mekf_with_covariance_local_only,0.3607570754646785,0.0038999238216621984,1.0388869953318458,0.0044093092850094285,0.3607570754646785,0.0038999238216621984,0.0044093092850094285,0.0,0.0,0.0658311614146237,354,0,12,4.0,0.0,False,
20260748,0.0,4.0,truth_attitude,0.5617425125615114,0.00297956507184795,1.8141263933162275,0.0029323952404382196,0.5578274652330683,0.003096770376679137,0.003140425581880219,-0.003915047328443166,0.0001172053048311872,0.06235548879555353,354,0,12,4.0,0.0,False,
20260748,0.0,4.0,mekf_with_covariance,0.43429029395276875,0.003356578297271948,0.8587937498912005,0.0033802607660996143,0.4365314929030635,0.0035244479494295346,0.0037225765067033746,0.0022411989502947316,0.00016786965215758636,0.06235548879555353,354,0,12,4.0,0.0,False,
20260748,0.0,4.0,mekf_without_covariance,0.404549467112421,0.003908954357871296,4.59092159217428,0.004671614509059127,0.4019252886097659,0.0039544319276929455,0.004774816693404034,-0.0026241785026551168,4.547756982164943e-05,0.06235548879555353,354,0,12,4.0,0.0,False,
20260748,0.0,4.0,mekf_with_covariance_local_only,0.44650917988286143,0.0037285447125656145,1.1389911178134529,0.004168196909762319,0.44650917988286143,0.0037285447125656145,0.004168196909762319,0.0,0.0,0.06235548879555353,354,0,12,4.0,0.0,False,
20260749,0.0,4.0,truth_attitude,0.5148163637117228,0.0024054825393863837,1.9167926282731367,0.0019469083234273023,0.5141454961402573,0.0024074221838195687,0.0019490914319825327,-0.0006708675714655055,1.9396444331850476e-06,0.04986037638883533,354,0,12,4.0,0.0,False,
20260749,0.0,4.0,mekf_with_covariance,0.41523575557353953,0.002700357770418231,1.0157683290984665,0.0022621838244845987,0.4180632378266358,0.0026793208662874582,0.0022319997245528974,0.0028274822530962584,-2.103690413077274e-05,0.04986037638883533,354,0,12,4.0,0.0,False,
20260749,0.0,4.0,mekf_without_covariance,0.43590549455886524,0.0027338356990482646,5.376611257645104,0.0023845508165174036,0.43667274042993304,0.0027151749717653404,0.0023580802564194484,0.000767245871067801,-1.8660727282924193e-05,0.04986037638883533,354,0,12,4.0,0.0,False,
20260749,0.0,4.0,mekf_with_covariance_local_only,0.43113162265615507,0.002848012417175273,0.9368977315214209,0.0024891579594180364,0.43113162265615507,0.002848012417175273,0.0024891579594180364,0.0,0.0,0.04986037638883533,354,0,12,4.0,0.0,False,
20260750,0.0,4.0,truth_attitude,0.44541221825164184,0.002444918297188844,1.663696495895219,0.0019266960997291313,0.4457758246926601,0.0024517434024627816,0.0019367363112708287,0.00036360644101823825,6.825105273937371e-06,0.06431685504176766,354,0,12,4.0,0.0,False,
20260750,0.0,4.0,mekf_with_covariance,0.3701812323222595,0.003601239287662041,1.0746388239341362,0.0038903726616331966,0.3738490412320417,0.0035773610619610425,0.0038431985324565874,0.0036678089097821887,-2.3878225700998436e-05,0.06431685504176766,354,0,12,4.0,0.0,False,
20260750,0.0,4.0,mekf_without_covariance,0.3677030126951448,0.0037538785761196155,6.260542012723855,0.0043117602870071286,0.3656816310378494,0.003732185327593163,0.004263429512010364,-0.002021381657295429,-2.1693248526452602e-05,0.06431685504176766,354,0,12,4.0,0.0,False,
20260750,0.0,4.0,mekf_with_covariance_local_only,0.4658791397302382,0.003742753875873212,1.102136385400412,0.004291390423814461,0.4658791397302382,0.003742753875873212,0.004291390423814461,0.0,0.0,0.06431685504176766,354,0,12,4.0,0.0,False,
20260751,0.0,4.0,truth_attitude,0.433563399767385,0.0026387391769739418,1.701104331509065,0.002244435788845077,0.43280959203490327,0.002677223350118871,0.0023043717885851754,-0.0007538077324817372,3.848417314492904e-05,0.05404879759999983,354,0,12,4.0,0.0,False,
20260751,0.0,4.0,mekf_with_covariance,0.4591016468558195,0.0037858491724478156,0.8994593531614063,0.004379881126105155,0.4602079766082728,0.003761947372412504,0.00432636063539721,0.0011063297524532834,-2.3901800035311654e-05,0.05404879759999983,354,0,12,4.0,0.0,False,
20260751,0.0,4.0,mekf_without_covariance,0.5625380670083222,0.0036699698495720055,4.55834580713232,0.0043400405723151795,0.5596992007477767,0.0036798511796103956,0.004357661976366703,-0.002838866260545525,9.88133003839006e-06,0.05404879759999983,354,0,12,4.0,0.0,False,
20260751,0.0,4.0,mekf_with_covariance_local_only,0.5070393839150467,0.0037402601766899786,0.9206347846606846,0.0043438401924134964,0.5070393839150467,0.0037402601766899786,0.0043438401924134964,0.0,0.0,0.05404879759999983,354,0,12,4.0,0.0,False,
20260752,0.0,4.0,truth_attitude,0.38561696069850293,0.003582676832424651,1.8358575789072273,0.0038622690379019626,0.3883983172084879,0.003623374998424083,0.003951592802201399,0.0027813565099849558,4.069816599943212e-05,0.06008300565430351,354,0,12,4.0,0.0,False,
20260752,0.0,4.0,mekf_with_covariance,0.46614910115243613,0.003541500599066506,0.9882780616093014,0.003618346601080118,0.46543379858895606,0.003599708404401034,0.003740876906952985,-0.0007153025634800692,5.820780533452802e-05,0.06008300565430351,354,0,12,4.0,0.0,False,
20260752,0.0,4.0,mekf_without_covariance,0.5011134483910364,0.0038262330432841493,4.781609107250162,0.004531415432014516,0.5015482174034627,0.0038779270214633005,0.004656415753778035,0.00043476901242622823,5.1693978179151185e-05,0.06008300565430351,354,0,12,4.0,0.0,False,
20260752,0.0,4.0,mekf_with_covariance_local_only,0.4029199590205916,0.0036308879227444505,0.8883553315408875,0.00373879907993029,0.4029199590205916,0.0036308879227444505,0.00373879907993029,0.0,0.0,0.06008300565430351,354,0,12,4.0,0.0,False,
20260753,0.0,4.0,truth_attitude,0.36195830638541543,0.0028534214531040886,1.769437386753597,0.002453205590945218,0.3656996994329821,0.0028440914408963186,0.0024407172173779614,0.0037413930475666546,-9.330012207770053e-06,0.056050956257864055,354,0,12,4.0,0.0,False,
20260753,0.0,4.0,mekf_with_covariance,0.41186995541765387,0.003323267028354583,1.3604932626855455,0.003258337720235562,0.41415523065322013,0.003337800746933421,0.003289510317188861,0.0022852752355662642,1.4533718578838093e-05,0.056050956257864055,354,0,12,4.0,0.0,False,
20260753,0.0,4.0,mekf_without_covariance,0.39941844646493,0.003487715732212458,5.5525460136871185,0.0037061765314388624,0.40165865193835987,0.0034967876346871287,0.003728751231304929,0.002240205473429846,9.071902474670768e-06,0.056050956257864055,354,0,12,4.0,0.0,False,
20260753,0.0,4.0,mekf_with_covariance_local_only,0.4191400753326994,0.003443918168350676,1.0672299425236906,0.0035169422248569862,0.4191400753326994,0.003443918168350676,0.0035169422248569862,0.0,0.0,0.056050956257864055,354,0,12,4.0,0.0,False,
20260754,0.0,4.0,truth_attitude,0.4429523895445921,0.0030904738328621354,1.7815460776757768,0.00298735172561763,0.44899421083912844,0.0031067316547042866,0.0030235767656507577,0.0060418212945363425,1.625782184215118e-05,0.059708958257296975,354,0,12,4.0,0.0,False,
20260754,0.0,4.0,mekf_with_covariance,0.5222540274088268,0.003752216863409949,0.8486703132964031,0.004307923882712725,0.5217413658705056,0.003731324607797468,0.0042629627744162285,-0.0005126615383211908,-2.0892255612481054e-05,0.059708958257296975,354,0,12,4.0,0.0,False,
20260754,0.0,4.0,mekf_without_covariance,0.4380655087455964,0.0039006821892572747,3.7847551993114634,0.004680192418948506,0.4412805393775654,0.003908560860095794,0.004703477068667596,0.0032150306319689848,7.878670838519508e-06,0.059708958257296975,354,0,12,4.0,0.0,False,
20260754,0.0,4.0,mekf_with_covariance_local_only,0.4837361322915353,0.0038909684109390058,0.9070078401603461,0.004576712983447716,0.4837361322915353,0.0038909684109390058,0.004576712983447716,0.0,0.0,0.059708958257296975,354,0,12,4.0,0.0,False,
20260755,0.0,4.0,truth_attitude,0.4039010496740918,0.0020422531335557584,1.6916735673860461,0.0013394840631068155,0.40584091748111467,0.0020730168475521457,0.0013790620685314205,0.001939867807022877,3.0763713996387245e-05,0.05630289582434415,354,0,12,4.0,0.0,False,
20260755,0.0,4.0,mekf_with_covariance,0.45513271944589334,0.002882992439961957,1.1585408587853798,0.002604288674514426,0.4553176950602059,0.002950486086944814,0.0027233870707548927,0.00018497561431257692,6.749364698285711e-05,0.05630289582434415,354,0,12,4.0,0.0,False,
20260755,0.0,4.0,mekf_without_covariance,0.5038362427001989,0.0032430645962102647,5.84864142352707,0.0033384426117705622,0.5009765789126133,0.003278833903768041,0.0034110318919489675,-0.00285966378758562,3.576930755777629e-05,0.05630289582434415,354,0,12,4.0,0.0,False,
20260755,0.0,4.0,mekf_with_covariance_local_only,0.3877920155047975,0.003176670231778157,0.9755922766990074,0.0030817619487959686,0.3877920155047975,0.003176670231778157,0.0030817619487959686,0.0,0.0,0.05630289582434415,354,0,12,4.0,0.0,False,
20260756,0.0,4.0,truth_attitude,0.44270463475583116,0.0025410911710521573,1.783331787187712,0.002050808967991361,0.4523502889245028,0.0025947621158157372,0.002143633894276751,0.009645654168671636,5.367094476357989e-05,0.05352542304045021,354,0,12,4.0,0.0,False,
20260756,0.0,4.0,mekf_with_covariance,0.4745096603398958,0.0031848495467223857,0.8885170439638765,0.0030870656487195923,0.4826913561536941,0.0031693044990073337,0.003065233607951388,0.008181695813798295,-1.5545047715052017e-05,0.05352542304045021,354,0,12,4.0,0.0,False,
20260756,0.0,4.0,mekf_without_covariance,0.4827059638481281,0.003204081844667258,3.964916339267561,0.003219507334483831,0.4898898968714483,0.003237705962509016,0.00329167716714139,0.00718393302332021,3.3624117841757947e-05,0.05352542304045021,354,0,12,4.0,0.0,False,
20260756,0.0,4.0,mekf_with_covariance_local_only,0.531611127947892,0.003206955996906831,0.8112980740002121,0.0031777325819568225,0.531611127947892,0.003206955996906831,0.0031777325819568225,0.0,0.0,0.05352542304045021,354,0,12,4.0,0.0,False,
20260757,0.0,4.0,truth_attitude,0.34847591898098756,0.0026050471462786594,1.6935672712951224,0.002004594346708034,0.3549610418877001,0.0026357652939646894,0.002056599106814368,0.006485122906712548,3.071814768602996e-05,0.06257084249545514,354,0,12,4.0,0.0,False,
20260757,0.0,4.0,mekf_with_covariance,0.43387055492404425,0.00397205946817897,0.9509081445064501,0.004664785834568932,0.43862712542423266,0.003990436808874656,0.004709862908122453,0.004756570500188406,1.8377340695685182e-05,0.06257084249545514,354,0,12,4.0,0.0,False,
20260757,0.0,4.0,mekf_without_covariance,0.4824739542702485,0.004117749489637017,4.498777915645982,0.005147663612303355,0.48851287014126277,0.004131517308290827,0.005184058860324139,0.006038915871014294,1.3767818653810139e-05,0.06257084249545514,354,0,12,4.0,0.0,False,
20260757,0.0,4.0,mekf_with_covariance_local_only,0.4556685051015753,0.004204465895030869,1.0373873989063294,0.005239630268097491,0.4556685051015753,0.004204465895030869,0.005239630268097491,0.0,0.0,0.06257084249545514,354,0,12,4.0,0.0,False,
20260758,0.0,4.0,truth_attitude,0.48205670310856646,0.0028131460692472606,1.871948572354754,0.002531994545828763,0.48484768729099814,0.002803295156621064,0.00251899892083464,0.0027909841824316772,-9.850912626196452e-06,0.060529922057481325,354,0,12,4.0,0.0,False,
20260758,0.0,4.0,mekf_with_covariance,0.40776525032023103,0.0033768494379029837,1.000749757998208,0.0033944400031659717,0.41132401613614106,0.0033627428866912887,0.0033753135719683854,0.0035587658159100255,-1.4106551211695052e-05,0.060529922057481325,354,0,12,4.0,0.0,False,
20260758,0.0,4.0,mekf_without_covariance,0.48251873803482914,0.0035927430907541145,4.667182764917791,0.0040312827985798366,0.4857146600025865,0.00356885890158771,0.003983929317643865,0.0031959219677573647,-2.3884189166404387e-05,0.060529922057481325,354,0,12,4.0,0.0,False,
20260758,0.0,4.0,mekf_with_covariance_local_only,0.4350225928594252,0.0034798266546906794,0.9062082754050093,0.0036313247806186422,0.4350225928594252,0.0034798266546906794,0.0036313247806186422,0.0,0.0,0.060529922057481325,354,0,12,4.0,0.0,False,
20260729,0.0,8.0,truth_attitude,0.4255946550728714,0.002511265470346933,1.864020473663191,0.002034277322938213,0.42513405375935737,0.002516132600005448,0.0020412230425652057,-0.000460601313514053,4.8671296585148065e-06,0.051271702015202474,342,0,24,8.0,0.0,False,
20260729,0.0,8.0,mekf_with_covariance,0.4186731881080496,0.002974245351825861,0.867442975924441,0.002712681593848831,0.4171433565524012,0.0029867753124262213,0.002733415195109262,-0.0015298315556483977,1.252996060036038e-05,0.051271702015202474,342,0,24,8.0,0.0,False,
20260729,0.0,8.0,mekf_without_covariance,0.3910622574899848,0.0032281303194576943,4.502480281108483,0.003233868905492769,0.3924404100271444,0.003238957134673966,0.003256256080475929,0.001378152537159616,1.0826815216271896e-05,0.051271702015202474,342,0,24,8.0,0.0,False,
20260729,0.0,8.0,mekf_with_covariance_local_only,0.39609085956585866,0.003093727426896139,0.9711007601590863,0.002919486764234343,0.39609085956585866,0.003093727426896139,0.002919486764234343,0.0,0.0,0.051271702015202474,342,0,24,8.0,0.0,False,
20260730,0.0,8.0,truth_attitude,0.43299881235220333,0.003287468228079871,1.7099910571827426,0.0033060744730630917,0.4339641413194244,0.0032912512609158894,0.0033141002618005053,0.0009653289672210685,3.783032836018451e-06,0.051439485368907294,342,0,24,8.0,0.0,False,
20260730,0.0,8.0,mekf_with_covariance,0.4168158762337735,0.0035597243943993285,0.7972101916646641,0.003715527848545589,0.41800060903411546,0.0035760397613931335,0.003751687211912765,0.001184732800341981,1.6315366993804956e-05,0.051439485368907294,342,0,24,8.0,0.0,False,
20260730,0.0,8.0,mekf_without_covariance,0.5310802994072839,0.0036996972482051744,3.8525510693647185,0.004303572767912476,0.5268236049376253,0.0037116077736393236,0.004328311565592116,-0.004256694469658595,1.1910525434149274e-05,0.051439485368907294,342,0,24,8.0,0.0,False,
20260730,0.0,8.0,mekf_with_covariance_local_only,0.45245699066860534,0.0036677148632076866,0.7516549536258147,0.003977005258785912,0.45245699066860534,0.0036677148632076866,0.003977005258785912,0.0,0.0,0.051439485368907294,342,0,24,8.0,0.0,False,
20260731,0.0,8.0,truth_attitude,0.49785569348487535,0.003385253784761632,1.7511756662761784,0.003581957631511756,0.4946100569690358,0.003385289554495212,0.0035792802323498098,-0.003245636515839534,3.576973358005234e-08,0.049053258988941736,342,0,24,8.0,0.0,False,
20260731,0.0,8.0,mekf_with_covariance,0.440449375499616,0.0035598931054323336,0.7640518603737272,0.0037539799688858216,0.4408629153670542,0.0035710005863073286,0.0037798050957520094,0.00041353986743819515,1.1107480874994989e-05,0.049053258988941736,342,0,24,8.0,0.0,False,
20260731,0.0,8.0,mekf_without_covariance,1.0047756284617155,0.003903946341809225,3.8214411969784736,0.005655006423949815,1.0043315883464519,0.003868138646077156,0.005572897769054743,-0.0004440401152636664,-3.580769573206929e-05,0.049053258988941736,342,0,24,8.0,0.0,False,
20260731,0.0,8.0,mekf_with_covariance_local_only,0.4195692070046904,0.0036482498418370017,0.7636438242817766,0.003931468878907504,0.4195692070046904,0.0036482498418370017,0.003931468878907504,0.0,0.0,0.049053258988941736,342,0,24,8.0,0.0,False,
20260732,0.0,8.0,truth_attitude,0.5330163359851665,0.0023271331063595183,2.1419223286261047,0.0018767231762080634,0.5338597248326048,0.0023348810628797496,0.0018881118067620704,0.0008433888474382867,7.7479565202313e-06,0.0624069848180023,342,0,24,8.0,0.0,False,
20260732,0.0,8.0,mekf_with_covariance,0.5074226955817114,0.0030449863469775617,0.9543423027773531,0.0029244139654196204,0.5097550387167867,0.0030881061349027758,0.003003907865328091,0.0023323431350753543,4.3119787925214106e-05,0.0624069848180023,342,0,24,8.0,0.0,False,
20260732,0.0,8.0,mekf_without_covariance,0.611872633500575,0.003260373542669332,4.380782151725071,0.003503401794827875,0.6119584819732874,0.003300072876008501,0.0035746619234292335,8.584847271242424e-05,3.969933333916901e-05,0.0624069848180023,342,0,24,8.0,0.0,False,
20260732,0.0,8.0,mekf_with_covariance_local_only,0.5066761295101738,0.003256780350648265,0.9743490664298197,0.0033295863977607387,0.5066761295101738,0.003256780350648265,0.0033295863977607387,0.0,0.0,0.0624069848180023,342,0,24,8.0,0.0,False,
20260733,0.0,8.0,truth_attitude,0.48039677465098507,0.002447552684356701,1.8224801754459954,0.001996953056724969,0.48116013165355287,0.002460127032520121,0.0020157533232233746,0.0007633570025677994,1.2574348163419975e-05,0.06506027804623014,342,0,24,8.0,0.0,False,
20260733,0.0,8.0,mekf_with_covariance,0.4380347499605918,0.002699751012325922,1.0877371176369082,0.002307654873450723,0.44045880823425476,0.0027104287324440247,0.0023311476878760925,0.002424058273662988,1.067772011810247e-05,0.06506027804623014,342,0,24,8.0,0.0,False,
20260733,0.0,8.0,mekf_without_covariance,0.5349492028747471,0.0029093429802374998,4.524241855967871,0.002838372790863668,0.533637432523807,0.0029321502069149167,0.0028802234671144672,-0.0013117703509401002,2.2807226677416977e-05,0.06506027804623014,342,0,24,8.0,0.0,False,
20260733,0.0,8.0,mekf_with_covariance_local_only,0.48336952920406895,0.002818707054624675,0.9293475893987863,0.002565292173860432,0.48336952920406895,0.002818707054624675,0.002565292173860432,0.0,0.0,0.06506027804623014,342,0,24,8.0,0.0,False,
20260734,0.0,8.0,truth_attitude,0.5369678245944598,0.0023807128238447495,1.9172634831860387,0.0019314828412032917,0.5340208954384222,0.0023979298940798254,0.0019526142354588968,-0.002946929156037559,1.721707023507593e-05,0.05830293399563061,342,0,24,8.0,0.0,False,
20260734,0.0,8.0,mekf_with_covariance,0.4487837585079812,0.003561267617840088,1.1178153620450988,0.003864767211753727,0.44892245503809947,0.003575347406379737,0.0038958621121393928,0.00013869653011827632,1.4079788539649116e-05,0.05830293399563061,342,0,24,8.0,0.0,False,
20260734,0.0,8.0,mekf_without_covariance,0.4778927643836604,0.0037083234647909097,5.411936311392884,0.004294710599720709,0.4738910140992925,0.0037060105521611007,0.004286918614949013,-0.004001750284367889,-2.312912629808938e-06,0.05830293399563061,342,0,24,8.0,0.0,False,
20260734,0.0,8.0,mekf_with_covariance_local_only,0.4428694114961423,0.0036446833660201735,1.0840524351110878,0.004057240812961332,0.4428694114961423,0.0036446833660201735,0.004057240812961332,0.0,0.0,0.05830293399563061,342,0,24,8.0,0.0,False,
20260735,0.0,8.0,truth_attitude,0.522695909695713,0.002302941672259007,1.774824262559336,0.0018112345170801633,0.5197509345274314,0.0023188342979905295,0.0018297588797071332,-0.002944975168281627,1.5892625731522576e-05,0.0706712173587486,342,0,24,8.0,0.0,False,
20260735,0.0,8.0,mekf_with_covariance,0.46963181625486644,0.003485756401672623,0.8509225127767891,0.0037230507832416103,0.47124136258018334,0.00349488971617786,0.003742915924088113,0.0016095463253169018,9.133314505236668e-06,0.0706712173587486,342,0,24,8.0,0.0,False,
20260735,0.0,8.0,mekf_without_covariance,0.6091105976301946,0.003657291322467922,4.5442550693590835,0.004316053234930928,0.6084365992219597,0.0036729121671077894,0.004345925832129521,-0.0006739984082348993,1.5620844639867206e-05,0.0706712173587486,342,0,24,8.0,0.0,False,
20260735,0.0,8.0,mekf_with_covariance_local_only,0.49656346253212835,0.00355876459310173,1.160449491871296,0.0038901647241476856,0.49656346253212835,0.00355876459310173,0.0038901647241476856,0.0,0.0,0.0706712173587486,342,0,24,8.0,0.0,False,
20260736,0.0,8.0,truth_attitude,0.5892982305379852,0.003400381715453682,1.7218396057683025,0.0035518289343975415,0.5891349380001684,0.0034122649492765193,0.0035787543050101556,-0.0001632925378168837,1.1883233822837253e-05,0.05560981334828607,342,0,24,8.0,0.0,False,
20260736,0.0,8.0,mekf_with_covariance,0.527492905167391,0.0038779987202302094,0.7359519372277032,0.004402901119676608,0.5304355236800028,0.003896720687294731,0.00445280358114433,0.0029426185126117943,1.8721967064521533e-05,0.05560981334828607,342,0,24,8.0,0.0,False,
20260736,0.0,8.0,mekf_without_covariance,0.5535882717546547,0.003936152329258951,3.5998573464971333,0.004705934376884805,0.5554421279171919,0.003954057938768141,0.004755548907945931,0.001853856162537193,1.790560950919e-05,0.05560981334828607,342,0,24,8.0,0.0,False,
20260736,0.0,8.0,mekf_with_covariance_local_only,0.5588287712432366,0.004129947266609225,0.8277708154436874,0.005096763892838912,0.5588287712432366,0.004129947266609225,0.005096763892838912,0.0,0.0,0.05560981334828607,342,0,24,8.0,0.0,False,
20260737,0.0,8.0,truth_attitude,0.37058200260795393,0.002325067594473354,1.8188875922341665,0.0016874034664792347,0.37660262606144307,0.0023286333070275567,0.0016969011881293493,0.006020623453489138,3.5657125542027865e-06,0.07088450808251456,342,0,24,8.0,0.0,False,
20260737,0.0,8.0,mekf_with_covariance,0.4379555726899301,0.003157360355424581,1.119104311918292,0.0030921881212816575,0.4395769301872971,0.003183742609798655,0.003148825130332671,0.0016213574973670264,2.638225437407403e-05,0.07088450808251456,342,0,24,8.0,0.0,False,
20260737,0.0,8.0,mekf_without_covariance,0.37871158900353014,0.0033413389639758567,5.585715189721719,0.0034297091385763,0.38509363459738605,0.0033785268411732393,0.003509892276982408,0.006382045593855912,3.71878771973826e-05,0.07088450808251456,342,0,24,8.0,0.0,False,
20260737,0.0,8.0,mekf_with_covariance_local_only,0.4660044190075767,0.003287034876516882,1.017696433605569,0.003344442922872782,0.4660044190075767,0.003287034876516882,0.003344442922872782,0.0,0.0,0.07088450808251456,342,0,24,8.0,0.0,False,
20260738,0.0,8.0,truth_attitude,0.5182854849976302,0.0019651602287423776,1.7713210914970574,0.001413301968473417,0.5161429267829556,0.001970777314948486,0.0014170596241254473,-0.0021425582146745725,5.6170862061085194e-06,0.06166107915910718,342,0,24,8.0,0.0,False,
20260738,0.0,8.0,mekf_with_covariance,0.42740404029122686,0.0030711320519503003,1.1013751353991628,0.002976313330290316,0.42817982246989333,0.0030771381604831577,0.0029901638386669012,0.0007757821786664731,6.006108532857421e-06,0.06166107915910718,342,0,24,8.0,0.0,False,
20260738,0.0,8.0,mekf_without_covariance,0.3940740703065513,0.0032167879487174336,5.493719766820656,0.0032631040150204057,0.39502559422719224,0.0032287272533025376,0.0032897672236527537,0.000951523920640962,1.1939304585103973e-05,0.06166107915910718,342,0,24,8.0,0.0,False,
20260738,0.0,8.0,mekf_with_covariance_local_only,0.42920893372672253,0.0031224869839874526,1.109565094535212,0.0030753332254332484,0.42920893372672253,0.0031224869839874526,0.0030753332254332484,0.0,0.0,0.06166107915910718,342,0,24,8.0,0.0,False,
20260739,0.0,8.0,truth_attitude,0.43696811955797704,0.002485476916789457,1.5916191741445802,0.0018889761812780894,0.43871493738120765,0.0025023864590442524,0.0019154514850621002,0.0017468178232306064,1.6909542254795167e-05,0.04815339326823762,342,0,24,8.0,0.0,False,
20260739,0.0,8.0,mekf_with_covariance,0.46528834110681705,0.002844935747928975,0.8011903511307727,0.002428145672613042,0.4663297996478681,0.0028634063562630566,0.0024605441765862273,0.0010414585410510324,1.847060833408149e-05,0.04815339326823762,342,0,24,8.0,0.0,False,
20260739,0.0,8.0,mekf_without_covariance,0.48056100853232825,0.0029863270371732428,4.1971504851558175,0.0027466249086917005,0.47950942460296825,0.0030015877671877777,0.0027708885295984285,-0.0010515839293600004,1.5260730014534946e-05,0.04815339326823762,342,0,24,8.0,0.0,False,
20260739,0.0,8.0,mekf_with_covariance_local_only,0.49578604621362776,0.002894152303483285,0.8775844280046136,0.0025602325132123324,0.49578604621362776,0.002894152303483285,0.0025602325132123324,0.0,0.0,0.04815339326823762,342,0,24,8.0,0.0,False,
20260740,0.0,8.0,truth_attitude,0.43003227331701077,0.002973958810656558,1.7202122660472912,0.0026834784827869562,0.4331918885035517,0.002982716625629973,0.0027012115937451045,0.003159615186540954,8.757814973415004e-06,0.06018716706889908,342,0,24,8.0,0.0,False,
20260740,0.0,8.0,mekf_with_covariance,0.43950677920220355,0.003903430495351641,0.9806942977783927,0.004511035776178859,0.4429432566715176,0.003926532106434994,0.004567440169427298,0.003436477469314081,2.310161108335252e-05,0.06018716706889908,342,0,24,8.0,0.0,False,
20260740,0.0,8.0,mekf_without_covariance,0.5989124914297814,0.00408755662543074,5.091113561912555,0.005261084909197838,0.5938556403010589,0.004084517541089767,0.005248486350951989,-0.0050568511287225615,-3.039084340973261e-06,0.06018716706889908,342,0,24,8.0,0.0,False,
20260740,0.0,8.0,mekf_with_covariance_local_only,0.5162137358631619,0.004037419070752606,1.041401036121177,0.004872625114758656,0.5162137358631619,0.004037419070752606,0.004872625114758656,0.0,0.0,0.06018716706889908,342,0,24,8.0,0.0,False,
20260741,0.0,8.0,truth_attitude,0.4203396057651178,0.0028149209990493283,1.7608228860312283,0.002478246573510466,0.41671961427820703,0.002815153249075041,0.0024765792505948,-0.0036199914869107785,2.322500257125569e-07,0.055145452159106254,342,0,24,8.0,0.0,False,
20260741,0.0,8.0,mekf_with_covariance,0.35696465592949433,0.003082870242791553,0.7542548355261262,0.0027699147638103475,0.35794047818304214,0.0030826290665473925,0.0027705834313355967,0.0009758222535478089,-2.411762441605417e-07,0.055145452159106254,342,0,24,8.0,0.0,False,
20260741,0.0,8.0,mekf_without_covariance,0.3095083819663072,0.0032195459274387233,3.7813656094151535,0.0031216147039912897,0.31104968366645436,0.0032378336145143963,0.003158200650461917,0.0015413017001471574,1.828768707567291e-05,0.055145452159106254,342,0,24,8.0,0.0,False,
20260741,0.0,8.0,mekf_with_covariance_local_only,0.37856337424377995,0.0031241983495284447,0.8398076480334348,0.002890703891216116,0.37856337424377995,0.0031241983495284447,0.002890703891216116,0.0,0.0,0.055145452159106254,342,0,24,8.0,0.0,False,
20260742,0.0,8.0,truth_attitude,0.4321841883306889,0.0022687809610718525,1.5786475970819867,0.001672591389859785,0.43126323034639763,0.0022756174977682235,0.0016808136533037895,-0.0009209579842912596,6.8365366963710206e-06,0.06261707005827621,342,0,24,8.0,0.0,False,
20260742,0.0,8.0,mekf_with_covariance,0.4042524115572124,0.002927253646425728,0.810921172852379,0.002601714775076901,0.404951410736038,0.0029410318600978456,0.0026260830056001887,0.0006989991788255989,1.377821367211764e-05,0.06261707005827621,342,0,24,8.0,0.0,False,
20260742,0.0,8.0,mekf_without_covariance,0.4011657201458856,0.003078733128754759,4.401414357543822,0.0029560992729371007,0.3992450424209295,0.003092606714827829,0.002980074603761291,-0.001920677724956077,1.38735860730696e-05,0.06261707005827621,342,0,24,8.0,0.0,False,
20260742,0.0,8.0,mekf_with_covariance_local_only,0.3997455089767342,0.0029860191439027746,0.8702161767169343,0.002702540266626794,0.3997455089767342,0.0029860191439027746,0.002702540266626794,0.0,0.0,0.06261707005827621,342,0,24,8.0,0.0,False,
20260743,0.0,8.0,truth_attitude,0.4932103961049981,0.00263076322194431,1.8864577055233984,0.0021134946736987527,0.4922491760507454,0.0026365436433036663,0.002121647514401902,-0.0009612200542526983,5.780421359356195e-06,0.054665065028850775,342,0,24,8.0,0.0,False,
20260743,0.0,8.0,mekf_with_covariance,0.4418622289087175,0.0029070981587937346,0.8019799070515878,0.002438753530319243,0.44375129715740474,0.002925201636970589,0.002471343316705031,0.0018890682486872312,1.8103478176854232e-05,0.054665065028850775,342,0,24,8.0,0.0,False,
20260743,0.0,8.0,mekf_without_covariance,0.5898790421755296,0.003009072778785627,3.983911699037791,0.002845114747507549,0.5901683223294157,0.0030240766300400766,0.002864603656611857,0.00028928015388618444,1.500385125444972e-05,0.054665065028850775,342,0,24,8.0,0.0,False,
20260743,0.0,8.0,mekf_with_covariance_local_only,0.46751430054438864,0.0029878971163015858,0.9089302712327771,0.002613208704510349,0.46751430054438864,0.0029878971163015858,0.002613208704510349,0.0,0.0,0.054665065028850775,342,0,24,8.0,0.0,False,
20260744,0.0,8.0,truth_attitude,0.5315852387335939,0.0024849880462097375,1.9493332227914286,0.0021079535815165568,0.5305187211288723,0.002487040091817735,0.002109952387564558,-0.0010665176047215397,2.0520456079976303e-06,0.06126971553677731,342,0,24,8.0,0.0,False,
20260744,0.0,8.0,mekf_with_covariance,0.4914728130950412,0.002849132445728097,1.1606617936101493,0.002541942302002843,0.493742992251738,0.0028544989132764324,0.0025550245365915437,0.0022701791566968055,5.3664675483352554e-06,0.06126971553677731,342,0,24,8.0,0.0,False,
20260744,0.0,8.0,mekf_without_covariance,0.5295626158799751,0.0031185193448703377,5.771924913938908,0.003181336209473075,0.5280792030278902,0.003133737058309176,0.0032124804184579456,-0.0014834128520848644,1.521771343883805e-05,0.06126971553677731,342,0,24,8.0,0.0,False,
20260744,0.0,8.0,mekf_with_covariance_local_only,0.5489018183286831,0.0029647536056705225,0.9286780917394513,0.0027989889735932027,0.5489018183286831,0.0029647536056705225,0.0027989889735932027,0.0,0.0,0.06126971553677731,342,0,24,8.0,0.0,False,
20260745,0.0,8.0,truth_attitude,0.5414197906784282,0.003829786365664263,1.6567646325299152,0.004507418687991999,0.5418743980211986,0.003835534001601513,0.004520792824716696,0.00045460734277047443,5.7476359372498655e-06,0.05970031559296897,342,0,24,8.0,0.0,False,
20260745,0.0,8.0,mekf_with_covariance,0.4733684963453584,0.003983960396993461,0.8932098100316843,0.004556933453597081,0.4733596303464261,0.003984954145854389,0.004559072169693306,-8.865998932294783e-06,9.93748860928477e-07,0.05970031559296897,342,0,24,8.0,0.0,False,
20260745,0.0,8.0,mekf_without_covariance,0.640971816049763,0.004318071690023272,4.215756194897285,0.005821256412417108,0.6363433143945295,0.004318799658107217,0.005816743787623146,-0.004628501655233541,7.279680839453184e-07,0.05970031559296897,342,0,24,8.0,0.0,False,
20260745,0.0,8.0,mekf_with_covariance_local_only,0.4670787846930781,0.004057625593210187,0.9198929507958195,0.004742165532749551,0.4670787846930781,0.004057625593210187,0.004742165532749551,0.0,0.0,0.05970031559296897,342,0,24,8.0,0.0,False,
20260746,0.0,8.0,truth_attitude,0.560281603323275,0.004231700039216172,1.833933050604728,0.005388851644541095,0.5538766841613331,0.004233970019910288,0.00538729289870736,-0.006404919161941969,2.2699806941162484e-06,0.049886169395359364,342,0,24,8.0,0.0,False,
20260746,0.0,8.0,mekf_with_covariance,0.43529093666855034,0.00437165977739305,0.8379389025334031,0.005431050234660192,0.4360018040091209,0.0043689227273390795,0.005425116438798746,0.0007108673405705757,-2.737050053970569e-06,0.049886169395359364,342,0,24,8.0,0.0,False,
20260746,0.0,8.0,mekf_without_covariance,0.4219494712303591,0.0046428173806658,3.9769445862672805,0.006360022261040283,0.42023431995729515,0.0046423360900371006,0.006358277779144676,-0.0017151512730639307,-4.812906286991506e-07,0.049886169395359364,342,0,24,8.0,0.0,False,
20260746,0.0,8.0,mekf_with_covariance_local_only,0.4385634899187764,0.004474352699181309,0.8272316149426817,0.0057194599574827976,0.4385634899187764,0.004474352699181309,0.0057194599574827976,0.0,0.0,0.049886169395359364,342,0,24,8.0,0.0,False,
20260747,0.0,8.0,truth_attitude,0.4032811076215806,0.002886296335871034,1.9191458380841833,0.0024924930924204733,0.40455024564370556,0.0028875885564303917,0.0024957247685750052,0.0012691380221249715,1.2922205593576298e-06,0.0658311614146237,342,0,24,8.0,0.0,False,
20260747,0.0,8.0,mekf_with_covariance,0.3822531663299522,0.0036750579359442147,1.1314676537238118,0.003913343681068625,0.38199628444726075,0.003710314310800623,0.003990149410423706,-0.00025688188269146206,3.525637485640807e-05,0.0658311614146237,342,0,24,8.0,0.0,False,
20260747,0.0,8.0,mekf_without_covariance,0.3428561075629726,0.003961957503032083,4.637715050726935,0.004658613769668786,0.34274990372488245,0.003981978083168352,0.004707542291443151,-0.00010620383809012424,2.002058013626882e-05,0.0658311614146237,342,0,24,8.0,0.0,False,
20260747,0.0,8.0,mekf_with_covariance_local_only,0.3607570754646785,0.0038999238216621984,1.0388869953318458,0.0044093092850094285,0.3607570754646785,0.0038999238216621984,0.0044093092850094285,0.0,0.0,0.0658311614146237,342,0,24,8.0,0.0,False,
20260748,0.0,8.0,truth_attitude,0.3817727073910911,0.0031208788945242417,1.7820702566632276,0.0030129869460645236,0.38379975599889,0.003131903064453129,0.003035099296140907,0.002027048607798898,1.102416992888747e-05,0.06235548879555353,342,0,24,8.0,0.0,False,
20260748,0.0,8.0,mekf_with_covariance,0.44993355906740046,0.003609686900597234,0.8630446076557942,0.003911655752781292,0.4486265335549263,0.0036314301405205272,0.003957177417314176,-0.001307025512474136,2.174323992329332e-05,0.06235548879555353,342,0,24,8.0,0.0,False,
20260748,0.0,8.0,mekf_without_covariance,0.43051830125795315,0.003993029131092255,4.517167407921756,0.004882546061307199,0.4305853635634305,0.003982344028392561,0.004858463840269949,6.706230547737224e-05,-1.0685102699693229e-05,0.06235548879555353,342,0,24,8.0,0.0,False,
20260748,0.0,8.0,mekf_with_covariance_local_only,0.44650917988286143,0.0037285447125656145,1.1389911178134529,0.004168196909762319,0.44650917988286143,0.0037285447125656145,0.004168196909762319,0.0,0.0,0.06235548879555353,342,0,24,8.0,0.0,False,
20260749,0.0,8.0,truth_attitude,0.4886974482169668,0.0024628993673808095,1.9465700541830189,0.0020041018892719064,0.487465777772509,0.0024827184945385153,0.002031784672107986,-0.001231670444457822,1.981912715770572e-05,0.04986037638883533,342,0,24,8.0,0.0,False,
20260749,0.0,8.0,mekf_with_covariance,0.4290230030610535,0.0027096983526706097,0.9361905665645626,0.002289009119485503,0.42989413008230604,0.0027191630192056047,0.002305750873912975,0.0008711270212525268,9.464666534994993e-06,0.04986037638883533,342,0,24,8.0,0.0,False,
20260749,0.0,8.0,mekf_without_covariance,0.4749121331168122,0.0027933713329809664,4.090886761125036,0.0025345645328869303,0.4715385290731683,0.002822465557124192,0.0025822176716602135,-0.0033736040436438963,2.909422414322559e-05,0.04986037638883533,342,0,24,8.0,0.0,False,
20260749,0.0,8.0,mekf_with_covariance_local_only,0.43113162265615507,0.002848012417175273,0.9368977315214209,0.0024891579594180364,0.43113162265615507,0.002848012417175273,0.0024891579594180364,0.0,0.0,0.04986037638883533,342,0,24,8.0,0.0,False,
20260750,0.0,8.0,truth_attitude,0.38848996444693196,0.00246967717774719,1.685964102868747,0.0019092458492394088,0.3911750347127978,0.0024775706633110997,0.0019231305091706446,0.002685070265865841,7.893485563909529e-06,0.06431685504176766,342,0,24,8.0,0.0,False,
20260750,0.0,8.0,mekf_with_covariance,0.3888433634079758,0.0035845368538880325,1.0688686697023777,0.0038715658363946085,0.39175045755523336,0.003606474585435888,0.0039220509755395335,0.0029070941472575385,2.1937731547855364e-05,0.06431685504176766,342,0,24,8.0,0.0,False,
20260750,0.0,8.0,mekf_without_covariance,0.45975639420023523,0.0037760842955791114,5.897979716048446,0.004435116994199224,0.45920901073648057,0.003785247466588105,0.004456537110704176,-0.0005473834637546582,9.16317100899339e-06,0.06431685504176766,342,0,24,8.0,0.0,False,
20260750,0.0,8.0,mekf_with_covariance_local_only,0.4658791397302382,0.003742753875873212,1.102136385400412,0.004291390423814461,0.4658791397302382,0.003742753875873212,0.004291390423814461,0.0,0.0,0.06431685504176766,342,0,24,8.0,0.0,False,
20260751,0.0,8.0,truth_attitude,0.48052223023238977,0.002672735000201635,1.7338919458641813,0.002345973352367428,0.48382963957168623,0.002682719516487279,0.002365318828116464,0.003307409339296463,9.984516285643785e-06,0.05404879759999983,342,0,24,8.0,0.0,False,
20260751,0.0,8.0,mekf_with_covariance,0.47612508677490883,0.0037339905592416777,0.8694742837864153,0.0042787868301833,0.47885642445062565,0.003725663573168614,0.00426318369635605,0.002731337675716816,-8.32698607306382e-06,0.05404879759999983,342,0,24,8.0,0.0,False,
20260751,0.0,8.0,mekf_without_covariance,0.5121575794666503,0.003674091063474135,4.289250782446126,0.004287389639574671,0.5130826228164581,0.003686225513364173,0.004316364289290153,0.0009250433498078081,1.2134449890038e-05,0.05404879759999983,342,0,24,8.0,0.0,False,
20260751,0.0,8.0,mekf_with_covariance_local_only,0.5070393839150467,0.0037402601766899786,0.9206347846606846,0.0043438401924134964,0.5070393839150467,0.0037402601766899786,0.0043438401924134964,0.0,0.0,0.05404879759999983,342,0,24,8.0,0.0,False,
20260752,0.0,8.0,truth_attitude,0.3814429731253487,0.003643347661072359,1.9321733096252214,0.003986311687436042,0.38379734331619925,0.0036470007075251084,0.00399557017678492,0.002354370190850552,3.6530464527493624e-06,0.06008300565430351,342,0,24,8.0,0.0,False,
20260752,0.0,8.0,mekf_with_covariance,0.4050411529090548,0.003621401712563504,0.9079312113886477,0.003733408505223452,0.40599152466708543,0.0036349349234775607,0.003764327717098277,0.0009503717580306437,1.3533210914056654e-05,0.06008300565430351,342,0,24,8.0,0.0,False,
20260752,0.0,8.0,mekf_without_covariance,0.5192037574499733,0.0038746012521117474,4.341513496491697,0.004667520312433706,0.5155991018246865,0.0038832210325244147,0.0046848485915364745,-0.003604655625286779,8.61978041266729e-06,0.06008300565430351,342,0,24,8.0,0.0,False,
20260752,0.0,8.0,mekf_with_covariance_local_only,0.4029199590205916,0.0036308879227444505,0.8883553315408875,0.00373879907993029,0.4029199590205916,0.0036308879227444505,0.00373879907993029,0.0,0.0,0.06008300565430351,342,0,24,8.0,0.0,False,
20260753,0.0,8.0,truth_attitude,0.4770362960534941,0.0028660443631927644,1.7929495418509709,0.002575098110209955,0.4753745864343205,0.0028723131233106807,0.0025842136784312406,-0.0016617096191736125,6.268760117916338e-06,0.056050956257864055,342,0,24,8.0,0.0,False,
20260753,0.0,8.0,mekf_with_covariance,0.4394823006833273,0.003343759751345994,1.122231483599125,0.003324026104122182,0.4409649074663212,0.0033548465038501546,0.003347267067414515,0.0014826067829939449,1.1086752504160542e-05,0.056050956257864055,342,0,24,8.0,0.0,False,
20260753,0.0,8.0,mekf_without_covariance,0.5279860218238248,0.0035513948033071762,4.473124792600229,0.003969385934708638,0.5266097740064324,0.0035641922862758475,0.0039948957225612045,-0.0013762478173924286,1.2797482968671288e-05,0.056050956257864055,342,0,24,8.0,0.0,False,
20260753,0.0,8.0,mekf_with_covariance_local_only,0.4191400753326994,0.003443918168350676,1.0672299425236906,0.0035169422248569862,0.4191400753326994,0.003443918168350676,0.0035169422248569862,0.0,0.0,0.056050956257864055,342,0,24,8.0,0.0,False,
20260754,0.0,8.0,truth_attitude,0.5274071836748185,0.00311419445892056,1.8082508202081082,0.0031122074978679358,0.5267547042339356,0.0031232239354270323,0.0031283187721070217,-0.0006524794408829804,9.029476506472543e-06,0.059708958257296975,342,0,24,8.0,0.0,False,
20260754,0.0,8.0,mekf_with_covariance,0.5349391934266011,0.003741566773401425,0.7480798797636735,0.004304076104683669,0.5323956341095953,0.003747345630208302,0.004314424027269954,-0.0025435593170057835,5.77885680687687e-06,0.059708958257296975,342,0,24,8.0,0.0,False,
20260754,0.0,8.0,mekf_without_covariance,0.4233805486954741,0.003921738442088268,3.6844227525598248,0.004700830719695161,0.4269787063159215,0.003934074774811939,0.0047337007997274696,0.0035981576204474064,1.2336332723670608e-05,0.059708958257296975,342,0,24,8.0,0.0,False,
20260754,0.0,8.0,mekf_with_covariance_local_only,0.4837361322915353,0.0038909684109390058,0.9070078401603461,0.004576712983447716,0.4837361322915353,0.0038909684109390058,0.004576712983447716,0.0,0.0,0.059708958257296975,342,0,24,8.0,0.0,False,
20260755,0.0,8.0,truth_attitude,0.5431640533353519,0.002108758918369502,1.7161230821958418,0.0015807674637150506,0.5437775557519323,0.002135786557219092,0.0016157989906468446,0.0006135024165804248,2.7027638849589763e-05,0.05630289582434415,342,0,24,8.0,0.0,False,
20260755,0.0,8.0,mekf_with_covariance,0.3687235767862637,0.0030702657769933212,1.0716031380909927,0.0028598739092138923,0.3706497017236347,0.0031033394459000193,0.0029241646833503263,0.0019261249373709877,3.3073668906698044e-05,0.05630289582434415,342,0,24,8.0,0.0,False,
20260755,0.0,8.0,mekf_without_covariance,0.4136178805364541,0.003330007509290292,4.945507699126591,0.003425913777185446,0.4135610618276654,0.003345667874034771,0.003460248721501838,-5.681870878870843e-05,1.5660364744478784e-05,0.05630289582434415,342,0,24,8.0,0.0,False,
20260755,0.0,8.0,mekf_with_covariance_local_only,0.3877920155047975,0.003176670231778157,0.9755922766990074,0.0030817619487959686,0.3877920155047975,0.003176670231778157,0.0030817619487959686,0.0,0.0,0.05630289582434415,342,0,24,8.0,0.0,False,
20260756,0.0,8.0,truth_attitude,0.4737007244173103,0.0025895453715583435,1.8305343154781653,0.002155396121335624,0.47743187819769006,0.0025898099940401755,0.002159994853587499,0.003731153780379748,2.6462248183195883e-07,0.05352542304045021,342,0,24,8.0,0.0,False,
20260756,0.0,8.0,mekf_with_covariance,0.4781532047171962,0.003117736899315093,0.8273848295138364,0.0029617773573853514,0.48180116154718355,0.0031219952740968665,0.0029719221484702887,0.0036479568299873644,4.258374781773364e-06,0.05352542304045021,342,0,24,8.0,0.0,False,
20260756,0.0,8.0,mekf_without_covariance,0.4715196243586373,0.003242562551241781,3.877106888156839,0.0032782866754239915,0.47667872031000735,0.003248361268621619,0.0032934921366404727,0.005159095951370041,5.798717379837826e-06,0.05352542304045021,342,0,24,8.0,0.0,False,
20260756,0.0,8.0,mekf_with_covariance_local_only,0.531611127947892,0.003206955996906831,0.8112980740002121,0.0031777325819568225,0.531611127947892,0.003206955996906831,0.0031777325819568225,0.0,0.0,0.05352542304045021,342,0,24,8.0,0.0,False,
20260757,0.0,8.0,truth_attitude,0.39900236431974384,0.002659445325429904,1.7232030443045516,0.0021293634400969676,0.400732283707374,0.00267048396578441,0.0021474802793178408,0.0017299193876301744,1.1038640354506073e-05,0.06257084249545514,342,0,24,8.0,0.0,False,
20260757,0.0,8.0,mekf_with_covariance,0.438071042825123,0.004039571691626608,0.9873071569008853,0.004831748329856319,0.4386019441415913,0.0040681472651365935,0.004901292523486091,0.0005309013164683241,2.8575573509985464e-05,0.06257084249545514,342,0,24,8.0,0.0,False,
20260757,0.0,8.0,mekf_without_covariance,0.4566990883865127,0.004108511923036151,4.304079091542329,0.005120201253253349,0.4581177878978961,0.004115153762407647,0.005138079489093185,0.0014186995113834033,6.641839371496726e-06,0.06257084249545514,342,0,24,8.0,0.0,False,
20260757,0.0,8.0,mekf_with_covariance_local_only,0.4556685051015753,0.004204465895030869,1.0373873989063294,0.005239630268097491,0.4556685051015753,0.004204465895030869,0.005239630268097491,0.0,0.0,0.06257084249545514,342,0,24,8.0,0.0,False,
20260758,0.0,8.0,truth_attitude,1.1960876405208225,0.0028168212687423614,1.897050660632471,0.004018021801586526,1.1993375792238108,0.0028058447616371393,0.004010919692222019,0.0032499387029882865,-1.0976507105222178e-05,0.060529922057481325,342,0,24,8.0,0.0,False,
20260758,0.0,8.0,mekf_with_covariance,0.43488047032610616,0.003405545066619653,0.958990419705686,0.0034825812187918295,0.437580945114086,0.003412978859021878,0.003500720860433565,0.0027004747879798563,7.433792402224831e-06,0.060529922057481325,342,0,24,8.0,0.0,False,
20260758,0.0,8.0,mekf_without_covariance,0.47948535271549003,0.0035478191718618874,4.414861615825448,0.003915824918582401,0.48116949742529985,0.003553677393399819,0.003929746847148781,0.0016841447098098206,5.858221537931741e-06,0.060529922057481325,342,0,24,8.0,0.0,False,
20260758,0.0,8.0,mekf_with_covariance_local_only,0.4350225928594252,0.0034798266546906794,0.9062082754050093,0.0036313247806186422,0.4350225928594252,0.0034798266546906794,0.0036313247806186422,0.0,0.0,0.060529922057481325,342,0,24,8.0,0.0,False,
