time_s,truth_phase_rad,measured_rate_rad_s,phase_hint_rad,hint_available,hint_accepted,mode,decoded_phase_rad,truth_error_rad,bump_concentration
0.0,0.6981317007977318,0.0012462749410143159,nan,0,0,dead_reckoning,0.6981317007977318,0.0,
0.0,0.6981317007977318,0.0012462749410143159,nan,0,0,gated_complementary,0.6981317007977318,0.0,
0.0,0.6981317007977318,0.0012462749410143159,nan,0,0,pll,0.6981317007977318,0.0,
0.0,0.6981317007977318,0.0012462749410143159,nan,0,0,cann_no_cue,0.6981317007977319,0.0,0.7961740796645927
0.0,0.6981317007977318,0.0012462749410143159,nan,0,0,cann_sparse_cue,0.6981317007977319,0.0,0.7961740796645927
0.0,0.6981317007977318,0.0012462749410143159,nan,0,0,cann_gated_cue,0.6981317007977319,0.0,0.7961740796645927
2.0,0.700226095900125,0.0012428442724221915,nan,0,0,dead_reckoning,0.7006242506797604,0.0003981547796354512,
2.0,0.700226095900125,0.0012428442724221915,nan,0,0,gated_complementary,0.7006242506797604,0.0003981547796354512,
2.0,0.700226095900125,0.0012428442724221915,nan,0,0,pll,0.7006242506797604,0.0003981547796354512,
2.0,0.700226095900125,0.0012428442724221915,nan,0,0,cann_no_cue,0.7006242503929674,0.0003981544928421954,0.7961706624236412
2.0,0.700226095900125,0.0012428442724221915,nan,0,0,cann_sparse_cue,0.7006242503929674,0.0003981544928421954,0.7961706624236412
2.0,0.700226095900125,0.0012428442724221915,nan,0,0,cann_gated_cue,0.7006242503929674,0.0003981544928421954,0.7961706624236412
4.0,0.7023424170435382,0.0005011146054953821,nan,0,0,dead_reckoning,0.7031099392246049,0.0007675221810665711,
4.0,0.7023424170435382,0.0005011146054953821,nan,0,0,gated_complementary,0.7031099392246049,0.0007675221810665711,
4.0,0.7023424170435382,0.0005011146054953821,nan,0,0,pll,0.7031099392246049,0.0007675221810665711,
4.0,0.7023424170435382,0.0005011146054953821,nan,0,0,cann_no_cue,0.7031099389376492,0.0007675218941107786,0.7961706624233708
4.0,0.7023424170435382,0.0005011146054953821,nan,0,0,cann_sparse_cue,0.7031099389376492,0.0007675218941107786,0.7961706624233708
4.0,0.7023424170435382,0.0005011146054953821,nan,0,0,cann_gated_cue,0.7031099389376492,0.0007675218941107786,0.7961706624233708
6.0,0.7044806257622449,0.0012164124945780025,nan,0,0,dead_reckoning,0.7041121684355955,-0.0003684573266493629,
6.0,0.7044806257622449,0.0012164124945780025,nan,0,0,gated_complementary,0.7041121684355957,-0.0003684573266493629,
6.0,0.7044806257622449,0.0012164124945780025,nan,0,0,pll,0.7041121684355957,-0.0003684573266493629,
6.0,0.7044806257622449,0.0012164124945780025,nan,0,0,cann_no_cue,0.7041121681486282,-0.0003684576136167017,0.7961706623824337
6.0,0.7044806257622449,0.0012164124945780025,nan,0,0,cann_sparse_cue,0.7041121681486282,-0.0003684576136167017,0.7961706623824337
6.0,0.7044806257622449,0.0012164124945780025,nan,0,0,cann_gated_cue,0.7041121681486282,-0.0003684576136167017,0.7961706623824337
8.0,0.7066406451922741,0.0011746864170356515,nan,0,0,dead_reckoning,0.7065449934247515,-9.565176752257543e-05,
8.0,0.7066406451922741,0.0011746864170356515,nan,0,0,gated_complementary,0.7065449934247516,-9.565176752257543e-05,
8.0,0.7066406451922741,0.0011746864170356515,nan,0,0,pll,0.7065449934247516,-9.565176752257543e-05,
8.0,0.7066406451922741,0.0011746864170356515,nan,0,0,cann_no_cue,0.7065449931376355,-9.565205463868409e-05,0.7961706624213137
8.0,0.7066406451922741,0.0011746864170356515,nan,0,0,cann_sparse_cue,0.7065449931376355,-9.565205463868409e-05,0.7961706624213137
8.0,0.7066406451922741,0.0011746864170356515,nan,0,0,cann_gated_cue,0.7065449931376355,-9.565205463868409e-05,0.7961706624213137
10.0,0.7088223602062559,0.0011660194049435712,nan,0,0,dead_reckoning,0.7088943662588229,7.200605256674208e-05,
10.0,0.7088223602062559,0.0011660194049435712,nan,0,0,gated_complementary,0.708894366258823,7.200605256718617e-05,
10.0,0.7088223602062559,0.0011660194049435712,nan,0,0,pll,0.708894366258823,7.200605256718617e-05,
10.0,0.7088223602062559,0.0011660194049435712,nan,0,0,cann_no_cue,0.7088943659715695,7.200576531385394e-05,0.7961706624181563
10.0,0.7088223602062559,0.0011660194049435712,nan,0,0,cann_sparse_cue,0.7088943659715695,7.200576531385394e-05,0.7961706624181563
10.0,0.7088223602062559,0.0011660194049435712,nan,0,0,cann_gated_cue,0.7088943659715695,7.200576531385394e-05,0.7961706624181563
12.0,0.7110256176153938,0.0010987400170206156,nan,0,0,dead_reckoning,0.71122640506871,0.00020078745331630898,
12.0,0.7110256176153938,0.0010987400170206156,nan,0,0,gated_complementary,0.7112264050687102,0.00020078745331630898,
12.0,0.7110256176153938,0.0010987400170206156,nan,0,0,pll,0.7112264050687102,0.00020078745331630898,
12.0,0.7110256176153938,0.0010987400170206156,nan,0,0,cann_no_cue,0.7112264047813224,0.00020078716592841772,0.796170662417514
12.0,0.7110256176153938,0.0010987400170206156,nan,0,0,cann_sparse_cue,0.7112264047813224,0.00020078716592841772,0.796170662417514
12.0,0.7110256176153938,0.0010987400170206156,nan,0,0,cann_gated_cue,0.7112264047813224,0.00020078716592841772,0.796170662417514
14.0,0.7132502264382102,0.0012336964363205574,nan,0,0,dead_reckoning,0.7134238851027512,0.00017365866454088774,
14.0,0.7132502264382102,0.0012336964363205574,nan,0,0,gated_complementary,0.7134238851027513,0.00017365866454088774,
14.0,0.7132502264382102,0.0012336964363205574,nan,0,0,pll,0.7134238851027513,0.00017365866454088774,
14.0,0.7132502264382102,0.0012336964363205574,nan,0,0,cann_no_cue,0.7134238848152512,0.000173658377041086,0.7961706624126919
14.0,0.7132502264382102,0.0012336964363205574,nan,0,0,cann_sparse_cue,0.7134238848152512,0.000173658377041086,0.7961706624126919
14.0,0.7132502264382102,0.0012336964363205574,nan,0,0,cann_gated_cue,0.7134238848152512,0.000173658377041086,0.7961706624126919
16.0,0.7154959582355925,0.001302916206080288,nan,0,0,dead_reckoning,0.7158912779753923,0.00039531973979967105,
16.0,0.7154959582355925,0.001302916206080288,nan,0,0,gated_complementary,0.7158912779753924,0.00039531973980011514,
16.0,0.7154959582355925,0.001302916206080288,nan,0,0,pll,0.7158912779753924,0.00039531973980011514,
16.0,0.7154959582355925,0.001302916206080288,nan,0,0,cann_no_cue,0.7158912776877345,0.00039531945214221764,0.7961706624226537
16.0,0.7154959582355925,0.001302916206080288,nan,0,0,cann_sparse_cue,0.7158912776877345,0.00039531945214221764,0.7961706624226537
16.0,0.7154959582355925,0.001302916206080288,nan,0,0,cann_gated_cue,0.7158912776877345,0.00039531945214221764,0.7961706624226537
18.0,0.7177625475115532,0.0011889793268848163,nan,0,0,dead_reckoning,0.7184971103875529,0.0007345628759996004,
18.0,0.7177625475115532,0.0011889793268848163,nan,0,0,gated_complementary,0.718497110387553,0.0007345628759996004,
18.0,0.7177625475115532,0.0011889793268848163,nan,0,0,pll,0.718497110387553,0.0007345628759996004,
18.0,0.7177625475115532,0.0011889793268848163,nan,0,0,cann_no_cue,0.7184971100997082,0.0007345625881551854,0.7961706624282104
18.0,0.7177625475115532,0.0011889793268848163,nan,0,0,cann_sparse_cue,0.7184971100997082,0.0007345625881551854,0.7961706624282104
18.0,0.7177625475115532,0.0011889793268848163,nan,0,0,cann_gated_cue,0.7184971100997082,0.0007345625881551854,0.7961706624282104
20.0,0.7200496921789997,0.0011611855331890302,0.7198479094844825,1,1,dead_reckoning,0.7208750690413226,0.0008253768623229796,
20.0,0.7200496921789997,0.0011611855331890302,0.7198479094844825,1,1,gated_complementary,0.7198479094844824,-0.00020178269451731623,
20.0,0.7200496921789997,0.0011611855331890302,0.7198479094844825,1,1,pll,0.7203614892629026,0.0003117970839028317,
20.0,0.7200496921789997,0.0011611855331890302,0.7198479094844825,1,1,cann_no_cue,0.7208750687533347,0.0008253765743351238,0.7961706624192254
20.0,0.7200496921789997,0.0011611855331890302,0.7198479094844825,1,1,cann_sparse_cue,0.7199685394412009,-8.115273779907284e-05,0.8542892411292026
20.0,0.7200496921789997,0.0011611855331890302,0.7198479094844825,1,1,cann_gated_cue,0.7199685394412009,-8.115273779907284e-05,0.8542892411292026
22.0,0.7223570540896984,0.0014668092012678335,nan,0,0,dead_reckoning,0.7231974401077006,0.0008403860180021816,
22.0,0.7223570540896984,0.0014668092012678335,nan,0,0,gated_complementary,0.7221702805508605,-0.00018677353883767012,
22.0,0.7223570540896984,0.0014668092012678335,nan,0,0,pll,0.7226325023514386,0.0002754482617399745,
22.0,0.7223570540896984,0.0014668092012678335,nan,0,0,cann_no_cue,0.7231974398195805,0.0008403857298819872,0.7961706624171581
22.0,0.7223570540896984,0.0014668092012678335,nan,0,0,cann_sparse_cue,0.7222878349806033,-6.921910909518658e-05,0.7961706624171583
22.0,0.7223570540896984,0.0014668092012678335,nan,0,0,cann_gated_cue,0.7222878349806033,-6.921910909518658e-05,0.7961706624171583
24.0,0.7246842596275007,0.001057493716453404,nan,0,0,dead_reckoning,0.7261310585102363,0.0014467988827355782,
24.0,0.7246842596275007,0.001057493716453404,nan,0,0,gated_complementary,0.7251038989533962,0.0004196393258952824,
24.0,0.7246842596275007,0.001057493716453404,nan,0,0,pll,0.7255147627761322,0.000830503148631756,
24.0,0.7246842596275007,0.001057493716453404,nan,0,0,cann_no_cue,0.7261310582218514,0.0014467985943507067,0.7961706624425764
24.0,0.7246842596275007,0.001057493716453404,nan,0,0,cann_sparse_cue,0.7252214533828745,0.000537193755373977,0.7961706624425761
24.0,0.7246842596275007,0.001057493716453404,nan,0,0,cann_gated_cue,0.7252214533828745,0.000537193755373977,0.7961706624425761
26.0,0.7270309003637936,0.001438628935101081,nan,0,0,dead_reckoning,0.7282460459431431,0.0012151455793496524,
26.0,0.7270309003637936,0.001438628935101081,nan,0,0,gated_complementary,0.727218886386303,0.0001879860225093566,
26.0,0.7270309003637936,0.001438628935101081,nan,0,0,pll,0.727578392231197,0.0005474918674033269,
26.0,0.7270309003637936,0.001438628935101081,nan,0,0,cann_no_cue,0.7282460456546556,0.0012151452908621962,0.7961706624098775
26.0,0.7270309003637936,0.001438628935101081,nan,0,0,cann_sparse_cue,0.7273364408156786,0.00030554045188502243,0.7961706624098774
26.0,0.7270309003637936,0.001438628935101081,nan,0,0,cann_gated_cue,0.7273364408156786,0.00030554045188502243,0.7961706624098774
28.0,0.7293965337740214,0.0012928004614210008,nan,0,0,dead_reckoning,0.7311233038133452,0.001726770039323977,
28.0,0.7293965337740214,0.0012928004614210008,nan,0,0,gated_complementary,0.7300961442565053,0.0006996104824841254,
28.0,0.7293965337740214,0.0012928004614210008,nan,0,0,pll,0.7304042921235572,0.0010077583495355924,
28.0,0.7293965337740214,0.0012928004614210008,nan,0,0,cann_no_cue,0.7311233035246087,0.001726769750587387,0.7961706624399852
28.0,0.7293965337740214,0.0012928004614210008,nan,0,0,cann_sparse_cue,0.7302136986856317,0.0008171649116102131,0.7961706624399851
28.0,0.7293965337740214,0.0012928004614210008,nan,0,0,cann_gated_cue,0.7302136986856317,0.0008171649116102131,0.7961706624399851
30.0,0.7317806840140249,0.0011269524336952614,nan,0,0,dead_reckoning,0.7337089047361873,0.001928220722162699,
30.0,0.7317806840140249,0.0011269524336952614,nan,0,0,gated_complementary,0.7326817451793473,0.0009010611653224032,
30.0,0.7317806840140249,0.0011269524336952614,nan,0,0,pll,0.7329385350685571,0.0011578510545322551,
30.0,0.7317806840140249,0.0011269524336952614,nan,0,0,cann_no_cue,0.7337089044472662,0.0019282204332413677,0.7961706624273795
30.0,0.7317806840140249,0.0011269524336952614,nan,0,0,cann_sparse_cue,0.7327992996082895,0.001018615594264638,0.7961706624273794
30.0,0.7317806840140249,0.0011269524336952614,nan,0,0,cann_gated_cue,0.7327992996082895,0.001018615594264638,0.7961706624273794
32.0,0.7341828427548331,0.00122276639715945,nan,0,0,dead_reckoning,0.7359628096035777,0.0017799668487445963,
32.0,0.7341828427548331,0.00122276639715945,nan,0,0,gated_complementary,0.7349356500467378,0.0007528072919047446,
32.0,0.7341828427548331,0.00122276639715945,nan,0,0,pll,0.7351410819581056,0.0009582392032725373,
32.0,0.7341828427548331,0.00122276639715945,nan,0,0,cann_no_cue,0.7359628093145347,0.0017799665597015846,0.7961706624146793
32.0,0.7341828427548331,0.00122276639715945,nan,0,0,cann_sparse_cue,0.735053204475558,0.0008703617207248548,0.7961706624146792
32.0,0.7341828427548331,0.00122276639715945,nan,0,0,cann_gated_cue,0.735053204475558,0.0008703617207248548,0.7961706624146792
34.0,0.7366024700744457,0.0011196961892641702,nan,0,0,dead_reckoning,0.7384083423978967,0.0018058723234508633,
34.0,0.7366024700744457,0.0011196961892641702,nan,0,0,gated_complementary,0.7373811828410567,0.0007787127666110116,
34.0,0.7366024700744457,0.0011196961892641702,nan,0,0,pll,0.7375352567745824,0.0009327867001367451,
34.0,0.7366024700744457,0.0011196961892641702,nan,0,0,cann_no_cue,0.7384083421086997,0.0018058720342537526,0.796170662421804
34.0,0.7366024700744457,0.0011196961892641702,nan,0,0,cann_sparse_cue,0.7374987372697227,0.0008962671952770229,0.7961706624218041
34.0,0.7366024700744457,0.0011196961892641702,nan,0,0,cann_gated_cue,0.7374987372697227,0.0008962671952770229,0.7961706624218041
36.0,0.7390389954050388,0.0014082672773835902,nan,0,0,dead_reckoning,0.7406477347764251,0.0016087393713863918,
36.0,0.7390389954050388,0.0014082672773835902,nan,0,0,gated_complementary,0.739620575219585,0.000581579814546096,
36.0,0.7390389954050388,0.0014082672773835902,nan,0,0,pll,0.7397232911752688,0.0006842957702302144,
36.0,0.7390389954050388,0.0014082672773835902,nan,0,0,cann_no_cue,0.7406477344871089,0.0016087390820702652,0.7961706624141633
36.0,0.7390389954050388,0.0014082672773835902,nan,0,0,cann_sparse_cue,0.7397381296481318,0.0006991342430930914,0.7961706624141632
36.0,0.7390389954050388,0.0014082672773835902,nan,0,0,cann_gated_cue,0.7397381296481318,0.0006991342430930914,0.7961706624141632
38.0,0.7414918185339356,0.001364147506763373,nan,0,0,dead_reckoning,0.7434642693311923,0.0019724507972567196,
38.0,0.7414918185339356,0.001364147506763373,nan,0,0,gated_complementary,0.7424371097743522,0.0009452912404164238,
38.0,0.7414918185339356,0.001364147506763373,nan,0,0,pll,0.742488467752194,0.000996649218258483,
38.0,0.7414918185339356,0.001364147506763373,nan,0,0,cann_no_cue,0.7434642690416419,0.001972450507706114,0.7961706624372498
38.0,0.7414918185339356,0.001364147506763373,nan,0,0,cann_sparse_cue,0.742554664202665,0.0010628456687293841,0.7961706624372497
38.0,0.7414918185339356,0.001364147506763373,nan,0,0,cann_gated_cue,0.742554664202665,0.0010628456687293841,0.7961706624372497
40.0,0.743960310656583,0.0012131197635365622,0.7459478048003122,1,1,dead_reckoning,0.7461925643447189,0.0022322536881360655,
40.0,0.743960310656583,0.0012131197635365622,0.7459478048003122,1,1,gated_complementary,0.745947804800312,0.0019874941437292293,
40.0,0.743960310656583,0.0012131197635365622,0.7459478048003122,1,1,pll,0.7455566047940955,0.0015962941375127215,
40.0,0.743960310656583,0.0012131197635365622,0.7459478048003122,1,1,cann_no_cue,0.7461925640549528,0.0022322533983700765,0.7961706624333786
40.0,0.743960310656583,0.0012131197635365622,0.7459478048003122,1,1,cann_sparse_cue,0.745869725108117,0.0019094144515339195,0.8542892423425764
40.0,0.743960310656583,0.0012131197635365622,0.7459478048003122,1,1,cann_gated_cue,0.745869725108117,0.0019094144515339195,0.8542892423425764
42.0,0.7464438154796883,0.0011318362766095129,nan,0,0,dead_reckoning,0.7486188038717921,0.002174988392103838,
42.0,0.7464438154796883,0.0011318362766095129,nan,0,0,gated_complementary,0.7483740443273851,0.001930228847697002,
42.0,0.7464438154796883,0.0011318362766095129,nan,0,0,pll,0.7479706063439483,0.001526790864259997,
42.0,0.7464438154796883,0.0011318362766095129,nan,0,0,cann_no_cue,0.7486188035818739,0.0021749881021855266,0.7961706624210604
42.0,0.7464438154796883,0.0011318362766095129,nan,0,0,cann_sparse_cue,0.748293874167295,0.0018500586876069036,0.7961706624210607
42.0,0.7464438154796883,0.0011318362766095129,nan,0,0,cann_gated_cue,0.748293874167295,0.0018500586876069036,0.7961706624210607
44.0,0.7489416503725812,0.0013803964447324487,nan,0,0,dead_reckoning,0.7508824764250112,0.0019408260524298449,
44.0,0.7489416503725812,0.0013803964447324487,nan,0,0,gated_complementary,0.7506377168806041,0.0016960665080230086,
44.0,0.7489416503725812,0.0013803964447324487,nan,0,0,pll,0.7502220409199469,0.0012803905473655064,
44.0,0.7489416503725812,0.0013803964447324487,nan,0,0,cann_no_cue,0.7508824761349698,0.0019408257623885206,0.7961706624150282
44.0,0.7489416503725812,0.0013803964447324487,nan,0,0,cann_sparse_cue,0.7505575467203909,0.0016158963478094535,0.7961706624150284
44.0,0.7489416503725812,0.0013803964447324487,nan,0,0,cann_gated_cue,0.7505575467203909,0.0016158963478094535,0.7961706624150284
46.0,0.7514531075647792,0.0015030129205259996,nan,0,0,dead_reckoning,0.753643269314476,0.002190161749696884,
46.0,0.7514531075647792,0.0015030129205259996,nan,0,0,gated_complementary,0.753398509770069,0.0019454022052896036,
46.0,0.7514531075647792,0.0015030129205259996,nan,0,0,pll,0.7529705958321915,0.0015174882674120482,
46.0,0.7514531075647792,0.0015030129205259996,nan,0,0,cann_no_cue,0.7536432690242139,0.0021901614594348473,0.79617066243479
46.0,0.7514531075647792,0.0015030129205259996,nan,0,0,cann_sparse_cue,0.7533183396096352,0.0018652320448557802,0.79617066243479
46.0,0.7514531075647792,0.0015030129205259996,nan,0,0,cann_gated_cue,0.7533183396096352,0.0018652320448557802,0.79617066243479
48.0,0.7539774553876584,0.0013265776063404768,nan,0,0,dead_reckoning,0.756649295155528,0.002671839767869777,
48.0,0.7539774553876584,0.0013265776063404768,nan,0,0,gated_complementary,0.756404535611121,0.0024270802234624966,
48.0,0.7539774553876584,0.0013265776063404768,nan,0,0,pll,0.7559643836960231,0.001986928308364888,
48.0,0.7539774553876584,0.0013265776063404768,nan,0,0,cann_no_cue,0.7566492948649792,0.0026718394773208587,0.7961706624459789
48.0,0.7539774553876584,0.0013265776063404768,nan,0,0,cann_sparse_cue,0.7563243654504006,0.0023469100627422357,0.796170662445979
48.0,0.7539774553876584,0.0013265776063404768,nan,0,0,cann_gated_cue,0.7563243654504006,0.0023469100627422357,0.796170662445979
50.0,0.7565139395580479,0.001425606564816494,nan,0,0,dead_reckoning,0.759302450368209,0.002788510810161071,
50.0,0.7565139395580479,0.001425606564816494,nan,0,0,gated_complementary,0.7590576908238019,0.002543751265753791,
50.0,0.7565139395580479,0.001425606564816494,nan,0,0,pll,0.7586053009314837,0.002091361373435685,
50.0,0.7565139395580479,0.001425606564816494,nan,0,0,cann_no_cue,0.7593024500774603,0.0027885105194123128,0.7961706624301795
50.0,0.7565139395580479,0.001425606564816494,nan,0,0,cann_sparse_cue,0.7589775206628825,0.002463581104834578,0.7961706624301794
50.0,0.7565139395580479,0.001425606564816494,nan,0,0,cann_gated_cue,0.7589775206628825,0.002463581104834578,0.7961706624301794
52.0,0.7590617845014996,0.0012885734832558287,nan,0,0,dead_reckoning,0.762153663497842,0.0030918789963423343,
52.0,0.7590617845014996,0.0012885734832558287,nan,0,0,gated_complementary,0.7619089039534349,0.002847119451935498,
52.0,0.7590617845014996,0.0012885734832558287,nan,0,0,pll,0.7614442760838963,0.002382491582396895,
52.0,0.7590617845014996,0.0012885734832558287,nan,0,0,cann_no_cue,0.7621536632068491,0.003091878705349327,0.7961706624388049
52.0,0.7590617845014996,0.0012885734832558287,nan,0,0,cann_sparse_cue,0.7618287337922709,0.002766949290771148,0.7961706624388047
52.0,0.7590617845014996,0.0012885734832558287,nan,0,0,cann_gated_cue,0.7618287337922709,0.002766949290771148,0.7961706624388047
54.0,0.7616201947129091,0.0013663211358123147,nan,0,0,dead_reckoning,0.7647308104643536,0.0031106157514444455,
54.0,0.7616201947129091,0.0013663211358123147,nan,0,0,gated_complementary,0.7644860509199466,0.0028658562070376092,
54.0,0.7616201947129091,0.0013663211358123147,nan,0,0,pll,0.7640091850731876,0.002388990360278509,
54.0,0.7616201947129091,0.0013663211358123147,nan,0,0,cann_no_cue,0.7647308101731783,0.0031106154602693614,0.7961706624270343
54.0,0.7616201947129091,0.0013663211358123147,nan,0,0,cann_sparse_cue,0.7644058807586002,0.0027856860456911825,0.7961706624270342
54.0,0.7616201947129091,0.0013663211358123147,nan,0,0,cann_gated_cue,0.7644058807586002,0.0027856860456911825,0.7961706624270342
56.0,0.7641883561521018,0.0013058900860784543,nan,0,0,dead_reckoning,0.7674634527359783,0.003275096583876369,
56.0,0.7641883561521018,0.0013058900860784543,nan,0,0,gated_complementary,0.7672186931915712,0.003030337039469533,
56.0,0.7641883561521018,0.0013058900860784543,nan,0,0,pll,0.7667295893675918,0.0025412332154899353,
56.0,0.7641883561521018,0.0013058900860784543,nan,0,0,cann_no_cue,0.7674634524445875,0.0032750962924854576,0.7961706624335665
56.0,0.7641883561521018,0.0013058900860784543,nan,0,0,cann_sparse_cue,0.7671385230300095,0.002950166877907723,0.7961706624335666
56.0,0.7641883561521018,0.0013058900860784543,nan,0,0,cann_gated_cue,0.7671385230300095,0.002950166877907723,0.7961706624335666
58.0,0.766765437671936,0.0014131722236193178,nan,0,0,dead_reckoning,0.7700752329081352,0.003309795236199342,
58.0,0.766765437671936,0.0014131722236193178,nan,0,0,gated_complementary,0.7698304733637281,0.003065035691792062,
58.0,0.766765437671936,0.0014131722236193178,nan,0,0,pll,0.7693291315625284,0.002563693890592411,
58.0,0.766765437671936,0.0014131722236193178,nan,0,0,cann_no_cue,0.7700752326165553,0.0033097949446192487,0.7961706624284558
58.0,0.766765437671936,0.0014131722236193178,nan,0,0,cann_sparse_cue,0.7697503032019772,0.00298486553004107,0.7961706624284559
58.0,0.766765437671936,0.0014131722236193178,nan,0,0,cann_gated_cue,0.7697503032019772,0.00298486553004107,0.7961706624284559
60.0,0.7693505924764173,0.0010969693207594786,0.7695927921319523,1,1,dead_reckoning,0.7729015773553738,0.0035509848789563314,
60.0,0.7693505924764173,0.0010969693207594786,0.7695927921319523,1,1,gated_complementary,0.7695927921319521,0.00024219965553484712,
60.0,0.7693505924764173,0.0010969693207594786,0.7695927921319523,1,1,pll,0.7708680150822494,0.0015174226058318752,
60.0,0.7693505924764173,0.0010969693207594786,0.7695927921319523,1,1,cann_no_cue,0.7729015770635559,0.0035509845871386503,0.7961706624376876
60.0,0.7693505924764173,0.0010969693207594786,0.7695927921319523,1,1,cann_sparse_cue,0.7699432180171433,0.0005926255407260328,0.8542892255950316
60.0,0.7693505924764173,0.0010969693207594786,0.7695927921319523,1,1,cann_gated_cue,0.7699432180171433,0.0005926255407260328,0.8542892255950316
62.0,0.7719429596062675,0.0014750435439728217,nan,0,0,dead_reckoning,0.7750955159968927,0.003152556390625172,
62.0,0.7719429596062675,0.0014750435439728217,nan,0,0,gated_complementary,0.771786730773471,-0.0001562288327963124,
62.0,0.7719429596062675,0.0014750435439728217,nan,0,0,pll,0.7729221934515184,0.000979233845250782,
62.0,0.7719429596062675,0.0014750435439728217,nan,0,0,cann_no_cue,0.7750955157049613,0.003152556098693804,0.7961706624125691
62.0,0.7719429596062675,0.0014750435439728217,nan,0,0,cann_sparse_cue,0.7721329506066772,0.00018999100040950623,0.7961706624125692
62.0,0.7719429596062675,0.0014750435439728217,nan,0,0,cann_gated_cue,0.7721329506066772,0.00018999100040950623,0.7961706624125692
64.0,0.774541665449338,0.0013244212692811053,nan,0,0,dead_reckoning,0.7780456030848384,0.003503937635500165,
64.0,0.774541665449338,0.0013244212692811053,nan,0,0,gated_complementary,0.7747368178614167,0.00019515241207868073,
64.0,0.774541665449338,0.0013244212692811053,nan,0,0,pll,0.775732520267214,0.0011908548178758416,
64.0,0.774541665449338,0.0013244212692811053,nan,0,0,cann_no_cue,0.7780456027926387,0.003503937343300567,0.7961706624433429
64.0,0.774541665449338,0.0013244212692811053,nan,0,0,cann_sparse_cue,0.7750830376943543,0.0005413722450162695,0.7961706624433429
64.0,0.774541665449338,0.0013244212692811053,nan,0,0,cann_gated_cue,0.7750830376943543,0.0005413722450162695,0.7961706624433429
66.0,0.777145825273224,0.0014320907171006224,nan,0,0,dead_reckoning,0.7806944456234006,0.00354862035017689,
66.0,0.777145825273224,0.0014320907171006224,nan,0,0,gated_complementary,0.7773856603999789,0.00023983512675496144,
66.0,0.777145825273224,0.0014320907171006224,nan,0,0,pll,0.7782416025335261,0.0010957772603021887,
66.0,0.777145825273224,0.0014320907171006224,nan,0,0,cann_no_cue,0.7806944453310026,0.003548620057778784,0.7961706624299987
66.0,0.777145825273224,0.0014320907171006224,nan,0,0,cann_sparse_cue,0.7777318802327184,0.0005860549594944864,0.7961706624299986
66.0,0.777145825273224,0.0014320907171006224,nan,0,0,cann_gated_cue,0.7777318802327184,0.0005860549594944864,0.7961706624299986
68.0,0.7797545447773845,0.0013129948428989935,nan,0,0,dead_reckoning,0.7835586270576018,0.0038040822802174468,
68.0,0.7797545447773845,0.0013129948428989935,nan,0,0,gated_complementary,0.7802498418341801,0.0004952970567955184,
68.0,0.7797545447773845,0.0013129948428989935,nan,0,0,pll,0.7809660236954773,0.001211478918092812,
68.0,0.7797545447773845,0.0013129948428989935,nan,0,0,cann_no_cue,0.783558626764956,0.0038040819875715393,0.7961706624393912
68.0,0.7797545447773845,0.0013129948428989935,nan,0,0,cann_sparse_cue,0.780596061666672,0.0008415168892872416,0.7961706624393912
68.0,0.7797545447773845,0.0013129948428989935,nan,0,0,cann_gated_cue,0.780596061666672,0.0008415168892872416,0.7961706624393912
70.0,0.7823669216620504,0.001431432383030501,nan,0,0,dead_reckoning,0.7861846167433998,0.003817695081349548,
70.0,0.7823669216620504,0.001431432383030501,nan,0,0,gated_complementary,0.7828758315199781,0.0005089098579276197,
70.0,0.7823669216620504,0.001431432383030501,nan,0,0,pll,0.7834522531090252,0.0010853314469749797,
70.0,0.7823669216620504,0.001431432383030501,nan,0,0,cann_no_cue,0.7861846164505614,0.003817694788510906,0.7961706624290449
70.0,0.7823669216620504,0.001431432383030501,nan,0,0,cann_sparse_cue,0.7832220513522768,0.0008551296902266081,0.7961706624290449
70.0,0.7823669216620504,0.001431432383030501,nan,0,0,cann_gated_cue,0.7832220513522768,0.0008551296902266081,0.7961706624290449
72.0,0.7849820472111642,0.0011860111981542051,nan,0,0,dead_reckoning,0.7890474815094608,0.004065434298296644,
72.0,0.7849820472111642,0.0011860111981542051,nan,0,0,gated_complementary,0.7857386962860391,0.0007566490748747157,
72.0,0.7849820472111642,0.0011860111981542051,nan,0,0,pll,0.7861753576028362,0.0011933103916721421,
72.0,0.7849820472111642,0.0011860111981542051,nan,0,0,cann_no_cue,0.7890474812163749,0.004065434005210644,0.7961706624393315
72.0,0.7849820472111642,0.0011860111981542051,nan,0,0,cann_sparse_cue,0.7860849161180904,0.0011028689069263464,0.7961706624393317
72.0,0.7849820472111642,0.0011860111981542051,nan,0,0,cann_gated_cue,0.7860849161180904,0.0011028689069263464,0.7961706624393317
74.0,0.7875990078865768,0.0015805746618554588,nan,0,0,dead_reckoning,0.7914195039057692,0.003820496019192543,
74.0,0.7875990078865768,0.0015805746618554588,nan,0,0,gated_complementary,0.7881107186823475,0.0005117107957706146,
74.0,0.7875990078865768,0.0015805746618554588,nan,0,0,pll,0.7884076197268945,0.0008086118403176634,
74.0,0.7875990078865768,0.0015805746618554588,nan,0,0,cann_no_cue,0.7914195036125404,0.0038204957259635464,0.7961706624190021
74.0,0.7875990078865768,0.0015805746618554588,nan,0,0,cann_sparse_cue,0.7884569385142559,0.0008579306276792487,0.7961706624190023
74.0,0.7875990078865768,0.0015805746618554588,nan,0,0,cann_gated_cue,0.7884569385142559,0.0008579306276792487,0.7961706624190023
76.0,0.7902168869307042,0.0010795735672418907,nan,0,0,dead_reckoning,0.7945806532294801,0.004363766298776106,
76.0,0.7902168869307042,0.0010795735672418907,nan,0,0,gated_complementary,0.7912718680060584,0.0010549810753541777,
76.0,0.7902168869307042,0.0010795735672418907,nan,0,0,pll,0.7914290087783554,0.001212121847651293,
76.0,0.7902168869307042,0.0010795735672418907,nan,0,0,cann_no_cue,0.7945806529359206,0.004363766005216263,0.796170662453548
76.0,0.7902168869307042,0.0010795735672418907,nan,0,0,cann_sparse_cue,0.7916180878376362,0.0014012009069319653,0.7961706624535478
76.0,0.7902168869307042,0.0010795735672418907,nan,0,0,cann_gated_cue,0.7916180878376362,0.0014012009069319653,0.7961706624535478
78.0,0.7928347659748316,0.0012024299901531729,nan,0,0,dead_reckoning,0.7967398003639639,0.003905034389132034,
78.0,0.7928347659748316,0.0012024299901531729,nan,0,0,gated_complementary,0.7934310151405422,0.0005962491657105495,
78.0,0.7928347659748316,0.0012024299901531729,nan,0,0,pll,0.7934483956405891,0.0006136296657572871,
78.0,0.7928347659748316,0.0012024299901531729,nan,0,0,cann_no_cue,0.7967398000702947,0.0039050340954629448,0.7961706624113706
78.0,0.7928347659748316,0.0012024299901531729,nan,0,0,cann_sparse_cue,0.79377723497201,0.000942468997178203,0.7961706624113706
78.0,0.7928347659748316,0.0012024299901531729,nan,0,0,cann_gated_cue,0.79377723497201,0.000942468997178203,0.7961706624113706
80.0,0.7954517266502443,0.0014178098827364817,0.7961174989287473,1,1,dead_reckoning,0.7991446603442702,0.0036929336940261237,
80.0,0.7954517266502443,0.0014178098827364817,0.7961174989287473,1,1,gated_complementary,0.7961174989287474,0.0006657722785030629,
80.0,0.7954517266502443,0.0014178098827364817,0.7961174989287473,1,1,pll,0.7959154971386965,0.00046377048845203106,
80.0,0.7954517266502443,0.0014178098827364817,0.7961174989287473,1,1,cann_no_cue,0.7991446600504551,0.0036929334002109293,0.7961706624202434
80.0,0.7954517266502443,0.0014178098827364817,0.7961174989287473,1,1,cann_sparse_cue,0.7961250851067901,0.0006733584565457029,0.8542892432091995
80.0,0.7954517266502443,0.0014178098827364817,0.7961174989287473,1,1,cann_gated_cue,0.7961250851067901,0.0006733584565457029,0.8542892432091995
82.0,0.798066852199358,0.0016380917452847581,nan,0,0,dead_reckoning,0.8019802801097432,0.003913427910385181,
82.0,0.798066852199358,0.0016380917452847581,nan,0,0,gated_complementary,0.7989531186942204,0.0008862664948621202,
82.0,0.798066852199358,0.0016380917452847581,nan,0,0,pll,0.7986315568109245,0.0005647046115662135,
82.0,0.798066852199358,0.0016380917452847581,nan,0,0,cann_no_cue,0.8019802798156885,0.0039134276163306225,0.796170662438103
82.0,0.798066852199358,0.0016380917452847581,nan,0,0,cann_sparse_cue,0.7989577180397807,0.0008908658404225278,0.7961706624381035
82.0,0.798066852199358,0.0016380917452847581,nan,0,0,cann_gated_cue,0.7989577180397807,0.0008908658404225278,0.7961706624381035
84.0,0.8006792290840239,0.0014361350722086482,nan,0,0,dead_reckoning,0.8052564636003128,0.004577234516288886,
84.0,0.8006792290840239,0.0014361350722086482,nan,0,0,gated_complementary,0.8022293021847898,0.0015500731007658253,
84.0,0.8006792290840239,0.0014361350722086482,nan,0,0,pll,0.801788180208249,0.0011089511242250438,
84.0,0.8006792290840239,0.0014361350722086482,nan,0,0,cann_no_cue,0.805256463305888,0.004577234221863957,0.7961706624594067
84.0,0.8006792290840239,0.0014361350722086482,nan,0,0,cann_sparse_cue,0.8022339015299804,0.0015546724459563066,0.7961706624594069
84.0,0.8006792290840239,0.0014361350722086482,nan,0,0,cann_gated_cue,0.8022339015299804,0.0015546724459563066,0.7961706624594069
86.0,0.8032879485881844,0.0013459018194842975,nan,0,0,dead_reckoning,0.80812873374473,0.004840785156545735,
86.0,0.8032879485881844,0.0013459018194842975,nan,0,0,gated_complementary,0.8051015723292071,0.001813623741022674,
86.0,0.8032879485881844,0.0013459018194842975,nan,0,0,pll,0.8045408902594213,0.0012529416712370178,
86.0,0.8032879485881844,0.0013459018194842975,nan,0,0,cann_no_cue,0.808128733450052,0.004840784861867675,0.7961706624397582
86.0,0.8032879485881844,0.0013459018194842975,nan,0,0,cann_sparse_cue,0.8051061716741443,0.0018182230859600246,0.7961706624397582
86.0,0.8032879485881844,0.0013459018194842975,nan,0,0,cann_gated_cue,0.8051061716741443,0.0018182230859600246,0.7961706624397582
88.0,0.8058921084120704,0.001139023360482682,nan,0,0,dead_reckoning,0.8108205373836986,0.004928428971628485,
88.0,0.8058921084120704,0.001139023360482682,nan,0,0,gated_complementary,0.8077933759681757,0.0019012675561054238,
88.0,0.8058921084120704,0.001139023360482682,nan,0,0,pll,0.8071131338051449,0.0012210253930744486,
88.0,0.8058921084120704,0.001139023360482682,nan,0,0,cann_no_cue,0.810820537088813,0.004928428676742591,0.7961706624318137
88.0,0.8058921084120704,0.001139023360482682,nan,0,0,cann_sparse_cue,0.8077979753129059,0.0019058669008353846,0.7961706624318138
88.0,0.8058921084120704,0.001139023360482682,nan,0,0,cann_gated_cue,0.8077979753129059,0.0019058669008353846,0.7961706624318138
90.0,0.8084908142551409,0.0013496453880173136,nan,0,0,dead_reckoning,0.813098584104664,0.004607769849522825,
90.0,0.8084908142551409,0.0013496453880173136,nan,0,0,gated_complementary,0.810071422689141,0.001580608434000208,
90.0,0.8084908142551409,0.0013496453880173136,nan,0,0,pll,0.8092716204328654,0.000780806177724358,
90.0,0.8084908142551409,0.0013496453880173136,nan,0,0,cann_no_cue,0.8130985838096523,0.004607769554511254,0.7961706624155449
90.0,0.8084908142551409,0.0013496453880173136,nan,0,0,cann_sparse_cue,0.8100760220337447,0.0015852077786036034,0.7961706624155447
90.0,0.8084908142551409,0.0013496453880173136,nan,0,0,cann_gated_cue,0.8100760220337447,0.0015852077786036034,0.7961706624155447
92.0,0.811083181384991,0.0013831516806818336,nan,0,0,dead_reckoning,0.8157978748806987,0.004714693495707856,
92.0,0.811083181384991,0.0013831516806818336,nan,0,0,gated_complementary,0.8127707134651756,0.0016875320801847948,
92.0,0.811083181384991,0.0013831516806818336,nan,0,0,pll,0.8118513511156551,0.00076816973066407,
92.0,0.811083181384991,0.0013831516806818336,nan,0,0,cann_no_cue,0.8157978745854806,0.0047146932004897835,0.796170662432133
92.0,0.811083181384991,0.0013831516806818336,nan,0,0,cann_sparse_cue,0.8127753128095729,0.0016921314245816887,0.7961706624321333
92.0,0.811083181384991,0.0013831516806818336,nan,0,0,cann_gated_cue,0.8127753128095729,0.0016921314245816887,0.7961706624321333
94.0,0.8136683361894725,0.0016873210090816758,nan,0,0,dead_reckoning,0.8185641782420623,0.0048958420525897495,
94.0,0.8136683361894725,0.0016873210090816758,nan,0,0,gated_complementary,0.8155370168265392,0.0018686806370666886,
94.0,0.8136683361894725,0.0016873210090816758,nan,0,0,pll,0.8144980943837739,0.0008297581943015331,
94.0,0.8136683361894725,0.0016873210090816758,nan,0,0,cann_no_cue,0.8185641779466204,0.004895841757147856,0.796170662435031
94.0,0.8136683361894725,0.0016873210090816758,nan,0,0,cann_sparse_cue,0.8155416161707126,0.0018732799812402057,0.796170662435031
94.0,0.8136683361894725,0.0016873210090816758,nan,0,0,cann_gated_cue,0.8155416161707126,0.0018732799812402057,0.796170662435031
96.0,0.8162454177093067,0.0015052762490778433,nan,0,0,dead_reckoning,0.8219388202602257,0.005693402550918769,
96.0,0.8162454177093067,0.0015052762490778433,nan,0,0,gated_complementary,0.8189116588447026,0.0026662411353957083,
96.0,0.8162454177093067,0.0015052762490778433,nan,0,0,pll,0.8177531763086923,0.001507758599385678,
96.0,0.8162454177093067,0.0015052762490778433,nan,0,0,cann_no_cue,0.8219388199643802,0.005693402255073643,0.7961706624645876
96.0,0.8162454177093067,0.0015052762490778433,nan,0,0,cann_sparse_cue,0.8189162581884722,0.0026708404791655482,0.7961706624645876
96.0,0.8162454177093067,0.0015052762490778433,nan,0,0,cann_gated_cue,0.8189162581884722,0.0026708404791655482,0.7961706624645876
98.0,0.8188135791484993,0.0011314343059209205,nan,0,0,dead_reckoning,0.8249493727583813,0.006135793609882256,
98.0,0.8188135791484993,0.0011314343059209205,nan,0,0,gated_complementary,0.8219222113428584,0.0031086321943591955,
98.0,0.8188135791484993,0.0011314343059209205,nan,0,0,pll,0.820644168713603,0.0018305895651038462,
98.0,0.8188135791484993,0.0011314343059209205,nan,0,0,cann_no_cue,0.8249493724622446,0.0061357933137453635,0.7961706624461944
98.0,0.8188135791484993,0.0011314343059209205,nan,0,0,cann_sparse_cue,0.8219268106863367,0.003113231537837269,0.7961706624461943
98.0,0.8188135791484993,0.0011314343059209205,nan,0,0,cann_gated_cue,0.8219268106863367,0.003113231537837269,0.7961706624461943
100.0,0.8213719893599087,0.0017485326300073873,0.821557621135998,1,1,dead_reckoning,0.8272122413702232,0.005840252010314462,
100.0,0.8213719893599087,0.0017485326300073873,0.821557621135998,1,1,gated_complementary,0.8215576211359977,0.00018563177608887926,
100.0,0.8213719893599087,0.0017485326300073873,0.821557621135998,1,1,pll,0.822172549184099,0.0008005598241904721,
100.0,0.8213719893599087,0.0017485326300073873,0.821557621135998,1,1,cann_no_cue,0.8272122410739613,0.005840251714052336,0.7961706624149995
100.0,0.8213719893599087,0.0017485326300073873,0.821557621135998,1,1,cann_sparse_cue,0.8218667315362689,0.0004947421763601412,0.854289229505465
100.0,0.8213719893599087,0.0017485326300073873,0.821557621135998,1,1,cann_gated_cue,0.8218667315362689,0.0004947421763601412,0.854289229505465
102.0,0.8239198343033605,0.0013142054210466905,nan,0,0,dead_reckoning,0.830709306630238,0.006789472326877544,
102.0,0.8239198343033605,0.0013142054210466905,nan,0,0,gated_complementary,0.8250546863960125,0.0011348520926519612,
102.0,0.8239198343033605,0.0013142054210466905,nan,0,0,pll,0.8254885615460587,0.0015687272426982979,
102.0,0.8239198343033605,0.0013142054210466905,nan,0,0,cann_no_cue,0.8307093063335298,0.006789472030169108,0.7961706624712435
102.0,0.8239198343033605,0.0013142054210466905,nan,0,0,cann_sparse_cue,0.8253584645446701,0.0014386302413096352,0.7961706624712437
102.0,0.8239198343033605,0.0013142054210466905,nan,0,0,cann_gated_cue,0.8253584645446701,0.0014386302413096352,0.7961706624712437
104.0,0.82645631847375,0.001223562811751402,nan,0,0,dead_reckoning,0.8333377174723313,0.006881398998581201,
104.0,0.82645631847375,0.001223562811751402,nan,0,0,gated_complementary,0.827683097238106,0.0012267787643560624,
104.0,0.82645631847375,0.001223562811751402,nan,0,0,pll,0.8279359194900969,0.0014796010163466988,
104.0,0.82645631847375,0.001223562811751402,nan,0,0,cann_no_cue,0.8333377171754266,0.006881398701676478,0.7961706624291455
104.0,0.82645631847375,0.001223562811751402,nan,0,0,cann_sparse_cue,0.8279868753865668,0.001530556912817005,0.7961706624291455
104.0,0.82645631847375,0.001223562811751402,nan,0,0,cann_gated_cue,0.8279868753865668,0.001530556912817005,0.7961706624291455
106.0,0.8289806662966291,0.0016312579971750445,nan,0,0,dead_reckoning,0.8357848430958341,0.006804176799204864,
106.0,0.8289806662966291,0.0016312579971750445,nan,0,0,gated_complementary,0.8301302228616088,0.0011495565649797257,
106.0,0.8289806662966291,0.0016312579971750445,nan,0,0,pll,0.8302019922155447,0.00122132591891555,
106.0,0.8289806662966291,0.0016312579971750445,nan,0,0,cann_no_cue,0.835784842798774,0.00680417650214471,0.7961706624218656
106.0,0.8289806662966291,0.0016312579971750445,nan,0,0,cann_sparse_cue,0.830434001009914,0.001453334713284793,0.7961706624218657
106.0,0.8289806662966291,0.0016312579971750445,nan,0,0,cann_gated_cue,0.830434001009914,0.001453334713284793,0.7961706624218657
108.0,0.8314921234888273,0.0013519976739959838,nan,0,0,dead_reckoning,0.8390473590901842,0.007555235601357069,
108.0,0.8314921234888273,0.0013519976739959838,nan,0,0,gated_complementary,0.8333927388559589,0.0019006153671314863,
108.0,0.8314921234888273,0.0013519976739959838,nan,0,0,pll,0.8332834553118397,0.0017913318230124986,
108.0,0.8314921234888273,0.0013519976739959838,nan,0,0,cann_no_cue,0.8390473587927606,0.007555235303933205,0.7961706624586997
108.0,0.8314921234888273,0.0013519976739959838,nan,0,0,cann_sparse_cue,0.8336965170039007,0.0022043935150732885,0.7961706624586997
108.0,0.8314921234888273,0.0013519976739959838,nan,0,0,cann_gated_cue,0.8336965170039007,0.0022043935150732885,0.7961706624586997
110.0,0.8339899583817201,0.0012913433416077964,nan,0,0,dead_reckoning,0.8417513544381762,0.0077613960564559825,
110.0,0.8339899583817201,0.0012913433416077964,nan,0,0,gated_complementary,0.8360967342039508,0.002106775822230844,
110.0,0.8339899583817201,0.0012913433416077964,nan,0,0,pll,0.8358063977617766,0.0018164393800566003,
110.0,0.8339899583817201,0.0012913433416077964,nan,0,0,cann_no_cue,0.8417513541405406,0.007761395758820733,0.7961706624323344
110.0,0.8339899583817201,0.0012913433416077964,nan,0,0,cann_sparse_cue,0.8364005123516807,0.002410553969960816,0.7961706624323343
110.0,0.8339899583817201,0.0012913433416077964,nan,0,0,cann_gated_cue,0.8364005123516807,0.002410553969960816,0.7961706624323343
112.0,0.8364734632048254,0.0013882682382772677,nan,0,0,dead_reckoning,0.8443340411213918,0.007860577916566136,
112.0,0.8364734632048254,0.0013882682382772677,nan,0,0,gated_complementary,0.8386794208871664,0.0022059576823409976,
112.0,0.8364734632048254,0.0013882682382772677,nan,0,0,pll,0.8382080315469371,0.0017345683421119418,
112.0,0.8364734632048254,0.0013882682382772677,nan,0,0,cann_no_cue,0.8443340408235736,0.007860577618748366,0.7961706624272603
112.0,0.8364734632048254,0.0013882682382772677,nan,0,0,cann_sparse_cue,0.8389831990347136,0.0025097358298884487,0.7961706624272603
112.0,0.8364734632048254,0.0013882682382772677,nan,0,0,cann_gated_cue,0.8389831990347136,0.0025097358298884487,0.7961706624272603
114.0,0.8389419553274728,0.001493145333448213,nan,0,0,dead_reckoning,0.8471105775979464,0.008168622270473769,
114.0,0.8389419553274728,0.001493145333448213,nan,0,0,gated_complementary,0.8414559573637209,0.0025140020362481863,
114.0,0.8389419553274728,0.001493145333448213,nan,0,0,pll,0.8408035151254366,0.0018615597979638743,
114.0,0.8389419553274728,0.001493145333448213,nan,0,0,cann_no_cue,0.8471105772999027,0.008168621972429957,0.7961706624354797
114.0,0.8389419553274728,0.001493145333448213,nan,0,0,cann_sparse_cue,0.8417597355110426,0.002817780183569596,0.7961706624354798
114.0,0.8389419553274728,0.001493145333448213,nan,0,0,cann_gated_cue,0.8417597355110426,0.002817780183569596,0.7961706624354798
116.0,0.8413947784563696,0.0015050599557791156,nan,0,0,dead_reckoning,0.8500968682648428,0.00870208980847309,
116.0,0.8413947784563696,0.0015050599557791156,nan,0,0,gated_complementary,0.8444422480306173,0.0030474695742475078,
116.0,0.8413947784563696,0.0015050599557791156,nan,0,0,pll,0.843608752894278,0.0022139744379083837,
116.0,0.8413947784563696,0.0015050599557791156,nan,0,0,cann_no_cue,0.8500968679665178,0.00870208951014817,0.7961706624450433
116.0,0.8413947784563696,0.0015050599557791156,nan,0,0,cann_sparse_cue,0.8447460261776578,0.003351247721288253,0.7961706624450432
116.0,0.8413947784563696,0.0015050599557791156,nan,0,0,cann_gated_cue,0.8447460261776578,0.003351247721288253,0.7961706624450432
118.0,0.8438313037869627,0.001079956460233402,nan,0,0,dead_reckoning,0.853106988176401,0.009275684389438155,
118.0,0.8438313037869627,0.001079956460233402,nan,0,0,gated_complementary,0.8474523679421755,0.003621064155212572,
118.0,0.8438313037869627,0.001079956460233402,nan,0,0,pll,0.8464378199077811,0.002606516120818192,
118.0,0.8438313037869627,0.001079956460233402,nan,0,0,cann_no_cue,0.8531069878777873,0.009275684090824576,0.7961706624461737
118.0,0.8438313037869627,0.001079956460233402,nan,0,0,cann_sparse_cue,0.8477561460889272,0.0039248423019646594,0.7961706624461737
118.0,0.8438313037869627,0.001079956460233402,nan,0,0,cann_gated_cue,0.8477561460889272,0.0039248423019646594,0.7961706624461737
120.0,0.8462509311065752,0.0016578866068469923,0.8469342119457248,1,1,dead_reckoning,0.8552669010968678,0.009015969990292305,
120.0,0.8462509311065752,0.0016578866068469923,0.8469342119457248,1,1,gated_complementary,0.8469342119457248,0.0006832808391497025,
120.0,0.8462509311065752,0.0016578866068469923,0.8469342119457248,1,1,pll,0.8476754459379587,0.0014245148313833944,
120.0,0.8462509311065752,0.0016578866068469923,0.8469342119457248,1,1,cann_no_cue,0.8552669007981449,0.009015969691569481,0.7961706624113967
120.0,0.8462509311065752,0.0016578866068469923,0.8469342119457248,1,1,cann_sparse_cue,0.8472844019556132,0.0010334708490380429,0.854289225618747
120.0,0.8462509311065752,0.0016578866068469923,0.8469342119457248,1,1,cann_gated_cue,0.8472844019556132,0.0010334708490380429,0.854289225618747
122.0,0.8486530898473835,0.0014595652922629759,nan,0,0,dead_reckoning,0.8585826743105618,0.009929584463178376,
122.0,0.8486530898473835,0.0014595652922629759,nan,0,0,gated_complementary,0.8502499851594189,0.001596895312035329,
122.0,0.8486530898473835,0.0014595652922629759,nan,0,0,pll,0.8507360428543742,0.0020829530069907953,
122.0,0.8486530898473835,0.0014595652922629759,nan,0,0,cann_no_cue,0.858582674011459,0.009929584164075411,0.7961706624614715
122.0,0.8486530898473835,0.0014595652922629759,nan,0,0,cann_sparse_cue,0.8505948052651908,0.0019417154178071883,0.7961706624614718
122.0,0.8486530898473835,0.0014595652922629759,nan,0,0,cann_gated_cue,0.8505948052651908,0.0019417154178071883,0.7961706624614718
124.0,0.8510372400873869,0.00122745173725417,nan,0,0,dead_reckoning,0.8615018048950878,0.01046456480770086,
124.0,0.8510372400873869,0.00122745173725417,nan,0,0,gated_complementary,0.8531691157439448,0.0021318756565578134,
124.0,0.8510372400873869,0.00122745173725417,nan,0,0,pll,0.8533999971416217,0.002362757054235054,
124.0,0.8510372400873869,0.00122745173725417,nan,0,0,cann_no_cue,0.8615018045957191,0.01046456450833233,0.7961706624419056
124.0,0.8510372400873869,0.00122745173725417,nan,0,0,cann_sparse_cue,0.8535139358494507,0.002476695762063663,0.7961706624419054
124.0,0.8510372400873869,0.00122745173725417,nan,0,0,cann_gated_cue,0.8535139358494507,0.002476695762063663,0.7961706624419054
126.0,0.8534028734976148,0.001138807290788928,nan,0,0,dead_reckoning,0.863956708369596,0.010553834871981138,
126.0,0.8534028734976148,0.001138807290788928,nan,0,0,gated_complementary,0.8556240192184532,0.0022211457208385355,
126.0,0.8534028734976148,0.001138807290788928,nan,0,0,pll,0.8555997243188516,0.002196850821236662,
126.0,0.8534028734976148,0.001138807290788928,nan,0,0,cann_no_cue,0.8639567080700691,0.010553834572454512,0.7961706624221674
126.0,0.8534028734976148,0.001138807290788928,nan,0,0,cann_sparse_cue,0.8559688393238007,0.0025659658261858453,0.7961706624221672
126.0,0.8534028734976148,0.001138807290788928,nan,0,0,cann_gated_cue,0.8559688393238007,0.0025659658261858453,0.7961706624221672
128.0,0.8557495142339075,0.0011044721866936564,nan,0,0,dead_reckoning,0.8662343229511739,0.010484808717266425,
128.0,0.8557495142339075,0.0011044721866936564,nan,0,0,gated_complementary,0.857901633800031,0.0021521195661233783,
128.0,0.8557495142339075,0.0011044721866936564,nan,0,0,pll,0.8576221626031509,0.0018726483692432794,
128.0,0.8557495142339075,0.0011044721866936564,nan,0,0,cann_no_cue,0.8662343226515218,0.010484808417614122,0.7961706624155291
128.0,0.8557495142339075,0.0011044721866936564,nan,0,0,cann_sparse_cue,0.8582464539052532,0.002496939671345899,0.7961706624155291
128.0,0.8557495142339075,0.0011044721866936564,nan,0,0,cann_gated_cue,0.8582464539052532,0.002496939671345899,0.7961706624155291
130.0,0.85807671977171,0.0012839320940193943,nan,0,0,dead_reckoning,0.8684432673245612,0.01036654755285138,
130.0,0.85807671977171,0.0012839320940193943,nan,0,0,gated_complementary,0.8601105781734184,0.0020338584017083328,
130.0,0.85807671977171,0.0012839320940193943,nan,0,0,pll,0.8595759306792597,0.0014992109075500082,
130.0,0.85807671977171,0.0012839320940193943,nan,0,0,cann_no_cue,0.8684432670247951,0.010366547253084946,0.7961706624130918
130.0,0.85807671977171,0.0012839320940193943,nan,0,0,cann_sparse_cue,0.8604553982785268,0.0023786785068167227,0.7961706624130918
130.0,0.85807671977171,0.0012839320940193943,nan,0,0,cann_gated_cue,0.8604553982785268,0.0023786785068167227,0.7961706624130918
132.0,0.8603840816824087,0.0011470065651929082,nan,0,0,dead_reckoning,0.8710111315126,0.01062704983019147,
132.0,0.8603840816824087,0.0011470065651929082,nan,0,0,gated_complementary,0.8626784423614572,0.002294360679048424,
132.0,0.8603840816824087,0.0011470065651929082,nan,0,0,pll,0.8618886185700201,0.0015045368876114296,
132.0,0.8603840816824087,0.0011470065651929082,nan,0,0,cann_no_cue,0.8710111312126564,0.010627049530247845,0.7961706624266561
132.0,0.8603840816824087,0.0011470065651929082,nan,0,0,cann_sparse_cue,0.863023262466388,0.002639180783979178,0.7961706624266562
132.0,0.8603840816824087,0.0011470065651929082,nan,0,0,cann_gated_cue,0.863023262466388,0.002639180783979178,0.7961706624266562
134.0,0.8626712263498552,0.0011228513686166498,nan,0,0,dead_reckoning,0.8733051446429858,0.010633918293130762,
134.0,0.8626712263498552,0.0011228513686166498,nan,0,0,gated_complementary,0.864972455491843,0.002301229141987715,
134.0,0.8626712263498552,0.0011228513686166498,nan,0,0,pll,0.8639274554031274,0.001256229053272051,
134.0,0.8626712263498552,0.0011228513686166498,nan,0,0,cann_no_cue,0.8733051443429137,0.010633917993058795,0.7961706624161223
134.0,0.8626712263498552,0.0011228513686166498,nan,0,0,cann_sparse_cue,0.8653172755966455,0.0026460492467901275,0.7961706624161222
134.0,0.8626712263498552,0.0011228513686166498,nan,0,0,cann_gated_cue,0.8653172755966455,0.0026460492467901275,0.7961706624161222
136.0,0.8649378156258158,0.0013906354926752004,nan,0,0,dead_reckoning,0.8755508473802192,0.010613031754403313,
136.0,0.8649378156258158,0.0013906354926752004,nan,0,0,gated_complementary,0.8672181582290763,0.002280342603260266,
136.0,0.8649378156258158,0.0013906354926752004,nan,0,0,pll,0.8659179818430822,0.000980166217266376,
136.0,0.8649378156258158,0.0013906354926752004,nan,0,0,cann_no_cue,0.8755508470800275,0.010613031454211885,0.7961706624143869
136.0,0.8649378156258158,0.0013906354926752004,nan,0,0,cann_sparse_cue,0.8675629783337593,0.0026251627079432183,0.796170662414387
136.0,0.8649378156258158,0.0013906354926752004,nan,0,0,cann_gated_cue,0.8675629783337593,0.0026251627079432183,0.796170662414387
138.0,0.8671835474231981,0.0012912346987972898,nan,0,0,dead_reckoning,0.8783321183655695,0.011148570942371094,
138.0,0.8671835474231981,0.0012912346987972898,nan,0,0,gated_complementary,0.8699994292144267,0.0028158817912284917,
138.0,0.8671835474231981,0.0012912346987972898,nan,0,0,pll,0.8684440765311542,0.0012605291079559322,
138.0,0.8671835474231981,0.0012912346987972898,nan,0,0,cann_no_cue,0.8783321180651527,0.011148570641954514,0.7961706624356879
138.0,0.8671835474231981,0.0012912346987972898,nan,0,0,cann_sparse_cue,0.8703442493188843,0.003160701895686291,0.7961706624356879
138.0,0.8671835474231981,0.0012912346987972898,nan,0,0,cann_gated_cue,0.8703442493188843,0.003160701895686291,0.7961706624356879
140.0,0.8694081562460145,0.001148321154011148,0.955502552890892,1,0,dead_reckoning,0.8809145877631641,0.011506431517149807,
140.0,0.8694081562460145,0.001148321154011148,0.955502552890892,1,0,gated_complementary,0.8725818986120213,0.00317374236600676,
140.0,0.8694081562460145,0.001148321154011148,0.955502552890892,1,0,pll,0.8707713696314703,0.0013632133854555306,
140.0,0.8694081562460145,0.001148321154011148,0.955502552890892,1,0,cann_no_cue,0.8809145874625642,0.011506431216549817,0.7961706624272517
140.0,0.8694081562460145,0.001148321154011148,0.955502552890892,1,0,cann_sparse_cue,0.9457851977053064,0.07637704145929192,0.854275691789962
140.0,0.8694081562460145,0.001148321154011148,0.955502552890892,1,0,cann_gated_cue,0.8729267187162958,0.00351856247028115,0.7961706624272512
142.0,0.8716114136551525,0.0013379410550505599,nan,0,0,dead_reckoning,0.8832112300711864,0.011599816416033804,
142.0,0.8716114136551525,0.0013379410550505599,nan,0,0,gated_complementary,0.8748785409200436,0.003267127264891201,
142.0,0.8716114136551525,0.0013379410550505599,nan,0,0,pll,0.8728128356422141,0.001201421987061746,
142.0,0.8716114136551525,0.0013379410550505599,nan,0,0,cann_no_cue,0.8832112297704575,0.011599816115305028,0.7961706624162179
142.0,0.8716114136551525,0.0013379410550505599,nan,0,0,cann_sparse_cue,0.94813289791791,0.07652148426275751,0.7961706624162181
142.0,0.8716114136551525,0.0013379410550505599,nan,0,0,cann_gated_cue,0.8752233610241892,0.0036119473690368054,0.7961706624162178
144.0,0.8737931286691343,0.0014425515668577858,nan,0,0,dead_reckoning,0.8858871121812875,0.012093983512153184,
144.0,0.8737931286691343,0.0014425515668577858,nan,0,0,gated_complementary,0.8775544230301447,0.003761294361010581,
144.0,0.8737931286691343,0.0014425515668577858,nan,0,0,pll,0.8752335414550367,0.0014404127859024562,
144.0,0.8737931286691343,0.0014425515668577858,nan,0,0,cann_no_cue,0.8858871118803577,0.01209398321122368,0.7961706624311378
144.0,0.8737931286691343,0.0014425515668577858,nan,0,0,cann_sparse_cue,0.9508087800278098,0.07701565135867572,0.7961706624311377
144.0,0.8737931286691343,0.0014425515668577858,nan,0,0,cann_gated_cue,0.8778992431340892,0.004106114464955013,0.7961706624311377
146.0,0.8759531480991635,0.0009989176558886275,nan,0,0,dead_reckoning,0.8887722153150031,0.012819067215839475,
146.0,0.8759531480991635,0.0009989176558886275,nan,0,0,gated_complementary,0.8804395261638603,0.004486378064696872,
146.0,0.8759531480991635,0.0009989176558886275,nan,0,0,pll,0.8778634682914739,0.0019103201923105217,
146.0,0.8759531480991635,0.0009989176558886275,nan,0,0,cann_no_cue,0.88877221501382,0.012819066914656396,0.7961706624403428
146.0,0.8759531480991635,0.0009989176558886275,nan,0,0,cann_sparse_cue,0.953693883161272,0.07774073506210843,0.7961706624403427
146.0,0.8759531480991635,0.0009989176558886275,nan,0,0,cann_gated_cue,0.8807843462675514,0.004831198168387729,0.7961706624403428
148.0,0.8780913568178702,0.0010826996397936472,nan,0,0,dead_reckoning,0.8907700506267803,0.012678693808910069,
148.0,0.8780913568178702,0.0010826996397936472,nan,0,0,gated_complementary,0.8824373614756376,0.004346004657767466,
148.0,0.8780913568178702,0.0010826996397936472,nan,0,0,pll,0.8796061273059727,0.001514770488102446,
148.0,0.8780913568178702,0.0010826996397936472,nan,0,0,cann_no_cue,0.8907700503255106,0.012678693507640393,0.7961706624060654
148.0,0.8780913568178702,0.0010826996397936472,nan,0,0,cann_sparse_cue,0.9556917184729626,0.07760036165509243,0.7961706624060654
148.0,0.8780913568178702,0.0010826996397936472,nan,0,0,cann_gated_cue,0.8827821815792423,0.00469082476137217,0.796170662406065
150.0,0.8802076779612834,0.0013350311078939828,nan,0,0,dead_reckoning,0.8929354499063675,0.012727771945084232,
150.0,0.8802076779612834,0.0013350311078939828,nan,0,0,gated_complementary,0.8846027607552248,0.004395082793941185,
150.0,0.8802076779612834,0.0013350311078939828,nan,0,0,pll,0.8815163502882815,0.0013086723269979395,
150.0,0.8802076779612834,0.0013350311078939828,nan,0,0,cann_no_cue,0.8929354496049913,0.012727771643707975,0.7961706624115846
150.0,0.8802076779612834,0.0013350311078939828,nan,0,0,cann_sparse_cue,0.9578571177524434,0.07764943979116001,0.7961706624115845
150.0,0.8802076779612834,0.0013350311078939828,nan,0,0,cann_gated_cue,0.884947580858723,0.004739902897439752,0.7961706624115849
152.0,0.8823020730636766,0.0012817626829595156,nan,0,0,dead_reckoning,0.8956055121221556,0.013303439058478972,
152.0,0.8823020730636766,0.0012817626829595156,nan,0,0,gated_complementary,0.8872728229710127,0.004970749907336369,
152.0,0.8823020730636766,0.0012817626829595156,nan,0,0,pll,0.8839312362067909,0.0016291631431144538,
152.0,0.8823020730636766,0.0012817626829595156,nan,0,0,cann_no_cue,0.8956055118205801,0.013303438756903319,0.7961706624308916
152.0,0.8823020730636766,0.0012817626829595156,nan,0,0,cann_sparse_cue,0.9605271799680322,0.07822510690435536,0.7961706624308914
152.0,0.8823020730636766,0.0012817626829595156,nan,0,0,cann_gated_cue,0.8876176430743117,0.005315570010635096,0.7961706624308914
154.0,0.8843745421250497,0.0011895224183572492,nan,0,0,dead_reckoning,0.8981690374880746,0.013794495363025128,
154.0,0.8843745421250497,0.0011895224183572492,nan,0,0,gated_complementary,0.8898363483369318,0.005461806211882081,
154.0,0.8843745421250497,0.0011895224183572492,nan,0,0,pll,0.8862395852754315,0.0018650431503814957,
154.0,0.8843745421250497,0.0011895224183572492,nan,0,0,cann_no_cue,0.8981690371863206,0.01379449506127095,0.7961706624264803
154.0,0.8843745421250497,0.0011895224183572492,nan,0,0,cann_sparse_cue,0.9630907053337725,0.07871616320872299,0.7961706624264803
154.0,0.8843745421250497,0.0011895224183572492,nan,0,0,cann_gated_cue,0.8901811684400522,0.0058066263150022834,0.7961706624264802
156.0,0.8864251236111295,0.0013421735782173142,nan,0,0,dead_reckoning,0.9005480823247891,0.01412295871365954,
156.0,0.8864251236111295,0.0013421735782173142,nan,0,0,gated_complementary,0.8922153931736463,0.0057902695625169365,
156.0,0.8864251236111295,0.0013421735782173142,nan,0,0,pll,0.8883634538148675,0.0019383302037381256,
156.0,0.8864251236111295,0.0013421735782173142,nan,0,0,cann_no_cue,0.9005480820228919,0.014122958411762365,0.7961706624192662
156.0,0.8864251236111295,0.0013421735782173142,nan,0,0,cann_sparse_cue,0.9654697501703443,0.07904462655921485,0.7961706624192662
156.0,0.8864251236111295,0.0013421735782173142,nan,0,0,cann_gated_cue,0.8925602132766237,0.006135089665494142,0.7961706624192662
158.0,0.8884538943858866,0.0009484011240158004,nan,0,0,dead_reckoning,0.9032324294812237,0.014778535095337109,
158.0,0.8884538943858866,0.0009484011240158004,nan,0,0,gated_complementary,0.8948997403300809,0.006445845944194062,
158.0,0.8884538943858866,0.0009484011240158004,nan,0,0,pll,0.8907926246740236,0.0023387302881370253,
158.0,0.8884538943858866,0.0009484011240158004,nan,0,0,cann_no_cue,0.9032324291791234,0.014778534793236986,0.7961706624314967
158.0,0.8884538943858866,0.0009484011240158004,nan,0,0,cann_sparse_cue,0.9681540973265755,0.07970020294068902,0.7961706624314968
158.0,0.8884538943858866,0.0009484011240158004,nan,0,0,cann_gated_cue,0.895244560432855,0.006790666046968319,0.7961706624314968
160.0,0.8904609695766912,0.0008703310817492521,0.8900852770092358,1,1,dead_reckoning,0.9051292317292553,0.014668262152564004,
160.0,0.8904609695766912,0.0008703310817492521,0.8900852770092358,1,1,gated_complementary,0.8900852770092357,-0.00037569256745539903,
160.0,0.8904609695766912,0.0008703310817492521,0.8900852770092358,1,1,pll,0.8912597638170062,0.0007987942403149262,
160.0,0.8904609695766912,0.0008703310817492521,0.8900852770092358,1,1,cann_no_cue,0.905129231427081,0.014668261850389719,0.7961706624029522
160.0,0.8904609695766912,0.0008703310817492521,0.8900852770092358,1,1,cann_sparse_cue,0.8994942800224544,0.009033310445762943,0.8542765382037089
160.0,0.8904609695766912,0.0008703310817492521,0.8900852770092358,1,1,cann_gated_cue,0.8909139581918782,0.0004529886151871665,0.8542891446693228
162.0,0.8924465023723397,0.0009634537782390433,nan,0,0,dead_reckoning,0.9068698938927537,0.014423391520414164,
162.0,0.8924465023723397,0.0009634537782390433,nan,0,0,gated_complementary,0.8918259391727342,-0.0006205631996056837,
162.0,0.8924465023723397,0.0009634537782390433,nan,0,0,pll,0.8926278010024492,0.00018129863010951652,
162.0,0.8924465023723397,0.0009634537782390433,nan,0,0,cann_no_cue,0.9068698935905242,0.014423391218184367,0.7961706623984584
162.0,0.8924465023723397,0.0009634537782390433,nan,0,0,cann_sparse_cue,0.901181389083966,0.008734886711626366,0.7961706623984589
162.0,0.8924465023723397,0.0009634537782390433,nan,0,0,cann_gated_cue,0.8926482546021904,0.000201752229850527,0.7961706623984586
164.0,0.8944106837543097,0.001123650478126649,nan,0,0,dead_reckoning,0.9087968014492319,0.014386117694922262,
164.0,0.8944106837543097,0.001123650478126649,nan,0,0,gated_complementary,0.8937528467292123,-0.0006578370250975851,
164.0,0.8944106837543097,0.001123650478126649,nan,0,0,pll,0.8941820835808718,-0.0002286001734379539,
164.0,0.8944106837543097,0.001123650478126649,nan,0,0,cann_no_cue,0.9087968011469275,0.014386117392617859,0.7961706624038628
164.0,0.8944106837543097,0.001123650478126649,nan,0,0,cann_sparse_cue,0.9031082966403695,0.008697612886059858,0.7961706624038629
164.0,0.8944106837543097,0.001123650478126649,nan,0,0,cann_gated_cue,0.8945751621585939,0.0001644784042840186,0.7961706624038628
166.0,0.8963537421617138,0.0009475039230643813,nan,0,0,dead_reckoning,0.9110441024054852,0.014690360243771572,
166.0,0.8963537421617138,0.0009475039230643813,nan,0,0,gated_complementary,0.8960001476854655,-0.00035359447624827567,
166.0,0.8963537421617138,0.0009475039230643813,nan,0,0,pll,0.8960567595590696,-0.0002969826026442135,
166.0,0.8963537421617138,0.0009475039230643813,nan,0,0,cann_no_cue,0.9110441021030621,0.014690359941348152,0.796170662414444
166.0,0.8963537421617138,0.0009475039230643813,nan,0,0,cann_sparse_cue,0.9053555975965042,0.009001855434790151,0.7961706624144441
166.0,0.8963537421617138,0.0009475039230643813,nan,0,0,cann_gated_cue,0.8968224631147287,0.00046872095301475625,0.7961706624144439
168.0,0.8982759430905396,0.0009848266559384254,nan,0,0,dead_reckoning,0.912939110251614,0.014663167161074409,
168.0,0.8982759430905396,0.0009848266559384254,nan,0,0,gated_complementary,0.8978951555315943,-0.00038078755894543903,
168.0,0.8982759430905396,0.0009848266559384254,nan,0,0,pll,0.8975791424271429,-0.0006968006633965018,
168.0,0.8982759430905396,0.0009848266559384254,nan,0,0,cann_no_cue,0.9129391099491186,0.014663166858579046,0.7961706624028985
168.0,0.8982759430905396,0.0009848266559384254,nan,0,0,cann_sparse_cue,0.9072506054425608,0.008974662352021046,0.7961706624028982
168.0,0.8982759430905396,0.0009848266559384254,nan,0,0,cann_gated_cue,0.8987174709607852,0.00044152787024565043,0.7961706624028982
170.0,0.9001775886278793,0.0008926960709030374,nan,0,0,dead_reckoning,0.9149087635634908,0.014731174935611602,
170.0,0.9001775886278793,0.0008926960709030374,nan,0,0,gated_complementary,0.8998648088434711,-0.00031277978440824583,
170.0,0.9001775886278793,0.0008926960709030374,nan,0,0,pll,0.8991761707609642,-0.0010014178669148777,
170.0,0.9001775886278793,0.0008926960709030374,nan,0,0,cann_no_cue,0.9149087632609155,0.014731174633036304,0.7961706624051808
170.0,0.9001775886278793,0.0008926960709030374,nan,0,0,cann_sparse_cue,0.9092202587543576,0.009042670126478303,0.7961706624051806
170.0,0.9001775886278793,0.0008926960709030374,nan,0,0,cann_gated_cue,0.9006871242725821,0.0005095356447029076,0.7961706624051805
172.0,0.9020590169219671,0.00094752751302488,nan,0,0,dead_reckoning,0.9166941557052969,0.014635138783329893,
172.0,0.9020590169219671,0.00094752751302488,nan,0,0,gated_complementary,0.9016502009852772,-0.00040881593668995464,
172.0,0.9020590169219671,0.00094752751302488,nan,0,0,pll,0.9005889379247147,-0.0014700789972525996,
172.0,0.9020590169219671,0.00094752751302488,nan,0,0,cann_no_cue,0.9166941554026617,0.014635138480694643,0.7961706623997065
172.0,0.9020590169219671,0.00094752751302488,nan,0,0,cann_sparse_cue,0.9110056508961037,0.008946633974136642,0.7961706623997065
172.0,0.9020590169219671,0.00094752751302488,nan,0,0,cann_gated_cue,0.9024725164143284,0.0004134994923612467,0.7961706623997065
174.0,0.9039206015889512,0.0008771174117212938,nan,0,0,dead_reckoning,0.9185892107313466,0.014668609142395539,
174.0,0.9039206015889512,0.0008771174117212938,nan,0,0,gated_complementary,0.903545256011327,-0.00037534557762430865,
174.0,0.9039206015889512,0.0008771174117212938,nan,0,0,pll,0.902111367972709,-0.0018092336162420786,
174.0,0.9039206015889512,0.0008771174117212938,nan,0,0,cann_no_cue,0.9185892104286404,0.014668608839689234,0.7961706624028998
174.0,0.9039206015889512,0.0008771174117212938,nan,0,0,cann_sparse_cue,0.9129007059220825,0.008980104333131234,0.7961706624028998
174.0,0.9039206015889512,0.0008771174117212938,nan,0,0,cann_gated_cue,0.904367571440307,0.00044696985135583844,0.7961706624028996
176.0,0.9057627510574447,0.0011033993399827908,nan,0,0,dead_reckoning,0.9203434455547892,0.01458069449734456,
176.0,0.9057627510574447,0.0011033993399827908,nan,0,0,gated_complementary,0.9052994908347696,-0.000463260222675288,
176.0,0.9057627510574447,0.0011033993399827908,nan,0,0,pll,0.903492977818096,-0.002269773239348627,
176.0,0.9057627510574447,0.0011033993399827908,nan,0,0,cann_no_cue,0.9203434452520264,0.014580694194581412,0.796170662398834
176.0,0.9057627510574447,0.0011033993399827908,nan,0,0,cann_sparse_cue,0.9146549407454684,0.008892189688023855,0.7961706623988338
176.0,0.9057627510574447,0.0011033993399827908,nan,0,0,cann_gated_cue,0.9061218062636928,0.0003590552062480157,0.7961706623988339
178.0,0.9075859078520033,0.0011770789773611287,nan,0,0,dead_reckoning,0.9225502442347548,0.014964336382751409,
178.0,0.9075859078520033,0.0011770789773611287,nan,0,0,gated_complementary,0.9075062895147351,-7.961833726799483e-05,
178.0,0.9075859078520033,0.0011770789773611287,nan,0,0,pll,0.9053271515200061,-0.002258756331997347,
178.0,0.9075859078520033,0.0011770789773611287,nan,0,0,cann_no_cue,0.9225502439318798,0.01496433607987635,0.7961706624130168
178.0,0.9075859078520033,0.0011770789773611287,nan,0,0,cann_sparse_cue,0.9168617394253221,0.009275831573318793,0.7961706624130168
178.0,0.9075859078520033,0.0011770789773611287,nan,0,0,cann_gated_cue,0.9083286049435465,0.0007426970915433984,0.7961706624130167
180.0,0.9093905478167863,0.0009440677284870055,0.9096186194547247,1,1,dead_reckoning,0.924904402189477,0.015513854372690705,
180.0,0.9093905478167863,0.0009440677284870055,0.9096186194547247,1,1,gated_complementary,0.9096186194547247,0.0002280716379381431,
180.0,0.9093905478167863,0.0009440677284870055,0.9096186194547247,1,1,pll,0.9084636519756987,-0.0009268958410877381,
180.0,0.9093905478167863,0.0009440677284870055,0.9096186194547247,1,1,cann_no_cue,0.9249044018864648,0.015513854069678423,0.7961706624183342
180.0,0.9093905478167863,0.0009440677284870055,0.9096186194547247,1,1,cann_sparse_cue,0.910745757556529,0.0013552097397426799,0.8542890609001857
180.0,0.9093905478167863,0.0009440677284870055,0.9096186194547247,1,1,cann_gated_cue,0.9097435928491578,0.0003530450323716572,0.8542892409761146
182.0,0.9111771792807644,0.0009907844928205374,nan,0,0,dead_reckoning,0.9267925376464511,0.015615358365686838,
182.0,0.9111771792807644,0.0009907844928205374,nan,0,0,gated_complementary,0.9115067549116986,0.00032957563093427567,
182.0,0.9111771792807644,0.0009907844928205374,nan,0,0,pll,0.9100946592025198,-0.0010825200782447197,
182.0,0.9111771792807644,0.0009907844928205374,nan,0,0,cann_no_cue,0.9267925373433671,0.015615358062602613,0.7961706624026925
182.0,0.9111771792807644,0.0009907844928205374,nan,0,0,cann_sparse_cue,0.9126257325402231,0.0014485532594585848,0.7961706624026927
182.0,0.9111771792807644,0.0009907844928205374,nan,0,0,cann_gated_cue,0.9116290798915544,0.0004519006107899237,0.7961706624026927
184.0,0.9129463421659383,0.000914964415217175,nan,0,0,dead_reckoning,0.9287741066320921,0.01582776446615375,
184.0,0.9129463421659383,0.000914964415217175,nan,0,0,gated_complementary,0.9134883238973397,0.0005419817314011866,
184.0,0.9129463421659383,0.000914964415217175,nan,0,0,pll,0.9118190999580079,-0.001127242207930479,
184.0,0.9129463421659383,0.000914964415217175,nan,0,0,cann_no_cue,0.9287741063289268,0.0158277641629887,0.7961706624055531
184.0,0.9129463421659383,0.000914964415217175,nan,0,0,cann_sparse_cue,0.9146073015257826,0.0016609593598442274,0.7961706624055532
184.0,0.9129463421659383,0.000914964415217175,nan,0,0,cann_gated_cue,0.9136106488771141,0.0006643067111760104,0.7961706624055532
186.0,0.9146986070401315,0.0010973149190728886,nan,0,0,dead_reckoning,0.9306040354625265,0.01590542842239495,
186.0,0.9146986070401315,0.0010973149190728886,nan,0,0,gated_complementary,0.915318252727774,0.0006196456876423895,
186.0,0.9146986070401315,0.0010973149190728886,nan,0,0,pll,0.9133919005582893,-0.0013067064818423901,
186.0,0.9146986070401315,0.0010973149190728886,nan,0,0,cann_no_cue,0.9306040351592967,0.015905428119165066,0.7961706624009801
186.0,0.9146986070401315,0.0010973149190728886,nan,0,0,cann_sparse_cue,0.9164372303561525,0.0017386233160210374,0.7961706624009803
186.0,0.9146986070401315,0.0010973149190728886,nan,0,0,cann_gated_cue,0.9154405777074839,0.0007419706673523763,0.7961706624009803
188.0,0.9164345741160211,0.001013535879093037,nan,0,0,dead_reckoning,0.9327986653006722,0.01636409118465121,
188.0,0.9164345741160211,0.001013535879093037,nan,0,0,gated_complementary,0.9175128825659198,0.0010783084498986462,
188.0,0.9164345741160211,0.001013535879093037,nan,0,0,pll,0.9153294021662822,-0.0011051719497388035,
188.0,0.9164345741160211,0.001013535879093037,nan,0,0,cann_no_cue,0.9327986649973322,0.01636409088131119,0.796170662412593
188.0,0.9164345741160211,0.001013535879093037,nan,0,0,cann_sparse_cue,0.9186318601941881,0.00219728607816716,0.7961706624125928
188.0,0.9164345741160211,0.001013535879093037,nan,0,0,cann_gated_cue,0.9176352075455192,0.0012006334294980547,0.796170662412593
190.0,0.91815487219816,0.0012738109908616252,nan,0,0,dead_reckoning,0.9348257370588583,0.01667086486069813,
190.0,0.91815487219816,0.0012738109908616252,nan,0,0,gated_complementary,0.9195399543241058,0.0013850821259460133,
190.0,0.91815487219816,0.0012738109908616252,nan,0,0,pll,0.9170993456943154,-0.0010555265038445505,
190.0,0.91815487219816,0.0012738109908616252,nan,0,0,cann_no_cue,0.9348257367554301,0.016670864557270182,0.7961706624069964
190.0,0.91815487219816,0.0012738109908616252,nan,0,0,cann_sparse_cue,0.9206589319522861,0.0025040597541261533,0.7961706624069962
190.0,0.91815487219816,0.0012738109908616252,nan,0,0,cann_gated_cue,0.9196622793036173,0.0015074071054570481,0.7961706624069964
192.0,0.9198601575798411,0.0007980119795645316,nan,0,0,dead_reckoning,0.9373733590405816,0.017513201460740646,
192.0,0.9198601575798411,0.0007980119795645316,nan,0,0,gated_complementary,0.922087576305829,0.002227418725988084,
192.0,0.9198601575798411,0.0007980119795645316,nan,0,0,pll,0.9193898394458857,-0.00047031813395559396,
192.0,0.9198601575798411,0.0007980119795645316,nan,0,0,cann_no_cue,0.9373733587369806,0.017513201157139502,0.796170662425837
192.0,0.9198601575798411,0.0007980119795645316,nan,0,0,cann_sparse_cue,0.9232065539338367,0.0033463963539954733,0.7961706624258371
192.0,0.9198601575798411,0.0007980119795645316,nan,0,0,cann_gated_cue,0.9222099012851678,0.002349743705326812,0.796170662425837
194.0,0.9215511128917346,0.0010427749060469354,nan,0,0,dead_reckoning,0.9389693829997107,0.01741827010797614,
194.0,0.9215511128917346,0.0010427749060469354,nan,0,0,gated_complementary,0.9236836002649581,0.0021324873732235794,
194.0,0.9215511128917346,0.0010427749060469354,nan,0,0,pll,0.9207287351748619,-0.0008223777168727686,
194.0,0.9215511128917346,0.0010427749060469354,nan,0,0,cann_no_cue,0.9389693826960652,0.01741826980433059,0.7961706623946401
194.0,0.9215511128917346,0.0010427749060469354,nan,0,0,cann_sparse_cue,0.9248025778929215,0.003251465001187004,0.7961706623946403
194.0,0.9215511128917346,0.0010427749060469354,nan,0,0,cann_gated_cue,0.9238059252442524,0.0022548123525178987,0.7961706623946405
196.0,0.923228445904323,0.0010439311066697857,nan,0,0,dead_reckoning,0.9410549328118045,0.017826486907481787,
196.0,0.923228445904323,0.0010439311066697857,nan,0,0,gated_complementary,0.925769150077052,0.0025407041727287805,
196.0,0.923228445904323,0.0010439311066697857,nan,0,0,pll,0.9225571567568028,-0.0006712891475202376,
196.0,0.923228445904323,0.0010439311066697857,nan,0,0,cann_no_cue,0.9410549325080648,0.017826486603741643,0.796170662408899
196.0,0.923228445904323,0.0010439311066697857,nan,0,0,cann_sparse_cue,0.926888127704921,0.003659681800598058,0.796170662408899
196.0,0.923228445904323,0.0010439311066697857,nan,0,0,cann_gated_cue,0.9258914750562519,0.002663029151928953,0.796170662408899
198.0,0.9248928882862302,0.000890544481934731,nan,0,0,dead_reckoning,0.9431427950251441,0.018249906738914135,
198.0,0.9248928882862302,0.000890544481934731,nan,0,0,gated_complementary,0.9278570122903915,0.0029641240041611283,
198.0,0.9248928882862302,0.000890544481934731,nan,0,0,pll,0.9243878907399895,-0.0005049975462405598,
198.0,0.9248928882862302,0.000890544481934731,nan,0,0,cann_no_cue,0.9431427947213087,0.01824990643507851,0.7961706624089754
198.0,0.9248928882862302,0.000890544481934731,nan,0,0,cann_sparse_cue,0.9289759899181648,0.004083101631934483,0.7961706624089754
198.0,0.9248928882862302,0.000890544481934731,nan,0,0,cann_gated_cue,0.9279793372694958,0.0030864489832653774,0.7961706624089755
200.0,0.9265451943206271,0.0010521002032974121,nan,0,0,dead_reckoning,0.9449238839890135,0.018378689668386627,
200.0,0.9265451943206271,0.0010521002032974121,nan,0,0,gated_complementary,0.9296381012542609,0.0030929069336336212,
200.0,0.9265451943206271,0.0010521002032974121,nan,0,0,pll,0.925911851473706,-0.000633342846921181,
200.0,0.9265451943206271,0.0010521002032974121,nan,0,0,cann_no_cue,0.9449238836851185,0.018378689364491496,0.7961706623995849
200.0,0.9265451943206271,0.0010521002032974121,nan,0,0,cann_sparse_cue,0.9307570788819746,0.004211884561347468,0.7961706623995849
200.0,0.9265451943206271,0.0010521002032974121,nan,0,0,cann_gated_cue,0.9297604262333053,0.0032152319126783624,0.796170662399585
202.0,0.9281861395819617,0.0006987878398290823,nan,0,0,dead_reckoning,0.9470280843956084,0.01884194481364654,
202.0,0.9281861395819617,0.0006987878398290823,nan,0,0,gated_complementary,0.9317423016608558,0.0035561620788939763,
202.0,0.9281861395819617,0.0006987878398290823,nan,0,0,pll,0.9277589236501479,-0.00042721593181394013,
202.0,0.9281861395819617,0.0006987878398290823,nan,0,0,cann_no_cue,0.947028084091616,0.01884194450965415,0.7961706624095173
202.0,0.9281861395819617,0.0006987878398290823,nan,0,0,cann_sparse_cue,0.9328612792884722,0.004675139706510567,0.7961706624095174
202.0,0.9281861395819617,0.0006987878398290823,nan,0,0,cann_gated_cue,0.9318646266398031,0.003678487057841462,0.7961706624095173
204.0,0.9298165195753387,0.0013139716364367268,nan,0,0,dead_reckoning,0.9484256600752665,0.01860914049992779,
204.0,0.9298165195753387,0.0013139716364367268,nan,0,0,gated_complementary,0.933139877340514,0.0033233577651752277,
204.0,0.9298165195753387,0.0013139716364367268,nan,0,0,pll,0.9288993710996531,-0.0009171484756853587,
204.0,0.9298165195753387,0.0013139716364367268,nan,0,0,cann_no_cue,0.948425659771245,0.018609140195906093,0.7961706623899399
204.0,0.9298165195753387,0.0013139716364367268,nan,0,0,cann_sparse_cue,0.9342588549681011,0.004442335392762509,0.7961706623899399
204.0,0.9298165195753387,0.0013139716364367268,nan,0,0,cann_gated_cue,0.933262202319432,0.0034456827440934035,0.7961706623899399
206.0,0.9314371483409325,0.0007001761196194068,nan,0,0,dead_reckoning,0.95105360334814,0.019616455007207545,
206.0,0.9314371483409325,0.0007001761196194068,nan,0,0,gated_complementary,0.9357678206133874,0.004330672272454983,
206.0,0.9314371483409325,0.0007001761196194068,nan,0,0,pll,0.9312701861423737,-0.00016696219855871774,
206.0,0.9314371483409325,0.0007001761196194068,nan,0,0,cann_no_cue,0.9510536030439304,0.019616454702998,0.796170662429126
206.0,0.9314371483409325,0.0007001761196194068,nan,0,0,cann_sparse_cue,0.9368867982407867,0.005449649899854414,0.796170662429126
206.0,0.9314371483409325,0.0007001761196194068,nan,0,0,cann_gated_cue,0.9358901455921176,0.004452997251185309,0.796170662429126
208.0,0.9330488570258847,0.0010952168778195388,nan,0,0,dead_reckoning,0.9524539555873788,0.019405098561493972,
208.0,0.9330488570258847,0.0010952168778195388,nan,0,0,gated_complementary,0.9371681728526262,0.00411931582674141,
208.0,0.9330488570258847,0.0010952168778195388,nan,0,0,pll,0.9324134101514595,-0.0006354468744254049,
208.0,0.9330488570258847,0.0010952168778195388,nan,0,0,cann_no_cue,0.9524539552831388,0.019405098257254227,0.7961706623900017
208.0,0.9330488570258847,0.0010952168778195388,nan,0,0,cann_sparse_cue,0.9382871504799949,0.005238293454110199,0.7961706623900016
208.0,0.9330488570258847,0.0010952168778195388,nan,0,0,cann_gated_cue,0.9372904978313259,0.004241640805441094,0.7961706623900017
210.0,0.9346524924261896,0.0007290805310985683,nan,0,0,dead_reckoning,0.9546443893430179,0.01999189691682801,
210.0,0.9346524924261896,0.0007290805310985683,nan,0,0,gated_complementary,0.9393586066082653,0.004706114182075893,
210.0,0.9346524924261896,0.0007290805310985683,nan,0,0,pll,0.9343467156769456,-0.00030577674924403553,
210.0,0.9346524924261896,0.0007290805310985683,nan,0,0,cann_no_cue,0.9546443890386691,0.019991896612479465,0.7961706624124474
210.0,0.9346524924261896,0.0007290805310985683,nan,0,0,cann_sparse_cue,0.9404775842355252,0.0058250918093354365,0.7961706624124474
210.0,0.9346524924261896,0.0007290805310985683,nan,0,0,cann_gated_cue,0.9394809315868563,0.004828439160666775,0.7961706624124474
212.0,0.9362489155011259,0.0011189308904062092,nan,0,0,dead_reckoning,0.956102550405215,0.0198536349040892,
212.0,0.9362489155011259,0.0011189308904062092,nan,0,0,gated_complementary,0.9408167676704624,0.004567852169336639,
212.0,0.9362489155011259,0.0011189308904062092,nan,0,0,pll,0.9355477485089898,-0.0007011669921359598,
212.0,0.9362489155011259,0.0011189308904062092,nan,0,0,cann_no_cue,0.956102550100833,0.019853634599707348,0.7961706623913088
212.0,0.9362489155011259,0.0011189308904062092,nan,0,0,cann_sparse_cue,0.941935745297689,0.005686829796562876,0.7961706623913091
212.0,0.9362489155011259,0.0011189308904062092,nan,0,0,cann_gated_cue,0.9409390926490201,0.0046901771478942145,0.796170662391309
214.0,0.9378389998628417,0.000851246858952414,nan,0,0,dead_reckoning,0.9583404121860275,0.020501412323185697,
214.0,0.9378389998628417,0.000851246858952414,nan,0,0,gated_complementary,0.9430546294512748,0.005215629588433135,
214.0,0.9378389998628417,0.000851246858952414,nan,0,0,pll,0.9375284820596493,-0.00031051780319213407,
214.0,0.9378389998628417,0.000851246858952414,nan,0,0,cann_no_cue,0.9583404118815294,0.020501412018687937,0.7961706624141089
214.0,0.9378389998628417,0.000851246858952414,nan,0,0,cann_sparse_cue,0.944173607078385,0.006334607215543464,0.7961706624141087
214.0,0.9378389998628417,0.000851246858952414,nan,0,0,cann_gated_cue,0.9431769544297164,0.005337954566874803,0.7961706624141088
216.0,0.9394236302437422,0.0009326648643716337,nan,0,0,dead_reckoning,0.9600429059039323,0.020619275660190173,
216.0,0.9394236302437422,0.0009326648643716337,nan,0,0,gated_complementary,0.9447571231691797,0.005333492925437611,
216.0,0.9394236302437422,0.0009326648643716337,nan,0,0,pll,0.9389738475474012,-0.0004497826963412166,
216.0,0.9394236302437422,0.0009326648643716337,nan,0,0,cann_no_cue,0.9600429055993814,0.02061927535563912,0.7961706623974186
216.0,0.9394236302437422,0.0009326648643716337,nan,0,0,cann_sparse_cue,0.9458761007962373,0.006452470552495093,0.7961706623974188
216.0,0.9394236302437422,0.0009326648643716337,nan,0,0,cann_gated_cue,0.9448794481475686,0.005455817903826432,0.7961706623974187
218.0,0.941003700944368,0.0009144037300966916,nan,0,0,dead_reckoning,0.9619082356326756,0.020904534688307663,
218.0,0.941003700944368,0.0009144037300966916,nan,0,0,gated_complementary,0.946622452897923,0.005618751953555101,
218.0,0.941003700944368,0.0009144037300966916,nan,0,0,pll,0.9405820490459915,-0.00042165189837639616,
218.0,0.941003700944368,0.0009144037300966916,nan,0,0,cann_no_cue,0.9619082353280571,0.02090453438368911,0.7961706624020153
218.0,0.941003700944368,0.0009144037300966916,nan,0,0,cann_sparse_cue,0.947741430524913,0.006737729580545082,0.7961706624020155
218.0,0.941003700944368,0.0009144037300966916,nan,0,0,cann_gated_cue,0.9467447778762441,0.005741076931875977,0.7961706624020153
220.0,0.9425801142644885,0.0010929622063437824,nan,0,0,dead_reckoning,0.9637370430928689,0.021156928828380384,
220.0,0.9425801142644885,0.0010929622063437824,nan,0,0,gated_complementary,0.9484512603581164,0.0058711460936278215,
220.0,0.9425801142644885,0.0010929622063437824,nan,0,0,pll,0.9421537282760319,-0.0004263859884563459,
220.0,0.9425801142644885,0.0010929622063437824,nan,0,0,cann_no_cue,0.9637370427881865,0.021156928523697882,0.796170662400948
220.0,0.9425801142644885,0.0010929622063437824,nan,0,0,cann_sparse_cue,0.9495702379850425,0.0069901237205538536,0.7961706624009478
220.0,0.9425801142644885,0.0010929622063437824,nan,0,0,cann_gated_cue,0.9485735853363734,0.005993471071884748,0.7961706624009479
222.0,0.9441537789201612,0.0008443491478850572,nan,0,0,dead_reckoning,0.9659229675055565,0.021769188585395227,
222.0,0.9441537789201612,0.0008443491478850572,nan,0,0,gated_complementary,0.9506371847708041,0.006483405850643109,
222.0,0.9441537789201612,0.0008443491478850572,nan,0,0,pll,0.9440825244585666,-7.125446159461646e-05,
222.0,0.9441537789201612,0.0008443491478850572,nan,0,0,cann_no_cue,0.9659229672007651,0.021769188280603924,0.7961706624122913
222.0,0.9441537789201612,0.0008443491478850572,nan,0,0,cann_sparse_cue,0.951756162397621,0.007602383477459895,0.7961706624122913
222.0,0.9441537789201612,0.0008443491478850572,nan,0,0,cann_gated_cue,0.9507595097489518,0.00660573082879079,0.7961706624122913
224.0,0.9457256084495349,0.00038176562472918706,nan,0,0,dead_reckoning,0.9676116658013265,0.02188605735179161,
224.0,0.9457256084495349,0.00038176562472918706,nan,0,0,gated_complementary,0.9523258830665742,0.006600274617039048,
224.0,0.9457256084495349,0.00038176562472918706,nan,0,0,pll,0.9455140945241838,-0.0002115139253513476,
224.0,0.9457256084495349,0.00038176562472918706,nan,0,0,cann_no_cue,0.967611665496484,0.021886057046949237,0.7961706623970488
224.0,0.9457256084495349,0.00038176562472918706,nan,0,0,cann_sparse_cue,0.9534448606933398,0.007719252243804764,0.7961706623970487
224.0,0.9457256084495349,0.00038176562472918706,nan,0,0,cann_gated_cue,0.9524482080446707,0.006722599595135659,0.7961706623970486
226.0,0.9472965196101939,0.0007679793383914112,nan,0,0,dead_reckoning,0.968375197050785,0.021078677440590887,
226.0,0.9472965196101939,0.0007679793383914112,nan,0,0,gated_complementary,0.9530894143160326,0.005792894705838769,
226.0,0.9472965196101939,0.0007679793383914112,nan,0,0,pll,0.9460204975434893,-0.0012760220667047406,
226.0,0.9472965196101939,0.0007679793383914112,nan,0,0,cann_no_cue,0.968375196745938,0.021078677135744073,0.7961706623790992
226.0,0.9472965196101939,0.0007679793383914112,nan,0,0,cann_sparse_cue,0.9542083919427935,0.0069118723325996,0.796170662379099
226.0,0.9472965196101939,0.0007679793383914112,nan,0,0,cann_gated_cue,0.9532117392941247,0.005915219683930939,0.7961706623790992
228.0,0.9488674307708528,0.0009365844610170428,nan,0,0,dead_reckoning,0.9699111557275677,0.021043724956714804,
228.0,0.9488674307708528,0.0009365844610170428,nan,0,0,gated_complementary,0.9546253729928154,0.005757942221962686,
228.0,0.9488674307708528,0.0009365844610170428,nan,0,0,pll,0.9472993279901192,-0.0015681027807334935,
228.0,0.9488674307708528,0.0009365844610170428,nan,0,0,cann_no_cue,0.9699111554226841,0.021043724651831575,0.796170662393152
228.0,0.9488674307708528,0.0009365844610170428,nan,0,0,cann_sparse_cue,0.9557443506195397,0.006876919848687102,0.7961706623931517
228.0,0.9488674307708528,0.0009365844610170428,nan,0,0,cann_gated_cue,0.9547476979708708,0.005880267200017997,0.7961706623931519
230.0,0.9504392603002265,0.0008248182507391501,nan,0,0,dead_reckoning,0.9717843246496018,0.02134506434937533,
230.0,0.9504392603002265,0.0008248182507391501,nan,0,0,gated_complementary,0.9564985419148494,0.006059281614622769,
230.0,0.9504392603002265,0.0008248182507391501,nan,0,0,pll,0.9489153686820003,-0.0015238916182260809,
230.0,0.9504392603002265,0.0008248182507391501,nan,0,0,cann_no_cue,0.9717843243446499,0.021345064044423268,0.7961706624022471
230.0,0.9504392603002265,0.0008248182507391501,nan,0,0,cann_sparse_cue,0.9576175195415056,0.007178259241279239,0.7961706624022471
230.0,0.9504392603002265,0.0008248182507391501,nan,0,0,cann_gated_cue,0.9566208668928367,0.006181606592610134,0.7961706624022471
232.0,0.9520129249558993,0.0010444426020351308,nan,0,0,dead_reckoning,0.9734339611510802,0.021421036195180765,
232.0,0.9520129249558993,0.0010444426020351308,nan,0,0,gated_complementary,0.9581481784163277,0.006135253460428203,
232.0,0.9520129249558993,0.0010444426020351308,nan,0,0,pll,0.9503078769533256,-0.0017050480025737613,
232.0,0.9520129249558993,0.0010444426020351308,nan,0,0,cann_no_cue,0.9734339608460812,0.021421035890182072,0.796170662396017
232.0,0.9520129249558993,0.0010444426020351308,nan,0,0,cann_sparse_cue,0.9592671560429367,0.007254231087037155,0.7961706623960169
232.0,0.9520129249558993,0.0010444426020351308,nan,0,0,cann_gated_cue,0.9582705033942678,0.006257578438368494,0.796170662396017
234.0,0.9535893382760197,0.0010927045864313248,nan,0,0,dead_reckoning,0.9755228463551504,0.021933508079130526,
234.0,0.9535893382760197,0.0010927045864313248,nan,0,0,gated_complementary,0.960237063620398,0.006647725344378408,
234.0,0.9535893382760197,0.0010927045864313248,nan,0,0,pll,0.952139633927243,-0.0014497043487766703,
234.0,0.9535893382760197,0.0010927045864313248,nan,0,0,cann_no_cue,0.9755228460500567,0.021933507774036798,0.7961706624090094
234.0,0.9535893382760197,0.0010927045864313248,nan,0,0,cann_sparse_cue,0.9613560412469122,0.007766702970892325,0.7961706624090094
234.0,0.9535893382760197,0.0010927045864313248,nan,0,0,cann_gated_cue,0.9603593885982431,0.00677005032222322,0.7961706624090091
236.0,0.9551694089766456,0.0008961505068497881,nan,0,0,dead_reckoning,0.977708255528013,0.02253884655136762,
236.0,0.9551694089766456,0.0008961505068497881,nan,0,0,gated_complementary,0.9624224727932607,0.007253063816615057,
236.0,0.9551694089766456,0.0008961505068497881,nan,0,0,pll,0.9540679148699527,-0.0011014941066926909,
236.0,0.9551694089766456,0.0008961505068497881,nan,0,0,cann_no_cue,0.9777082552228095,0.022538846246163757,0.7961706624122734
236.0,0.9551694089766456,0.0008961505068497881,nan,0,0,cann_sparse_cue,0.9635414504196651,0.008372041443019285,0.7961706624122735
236.0,0.9551694089766456,0.0008961505068497881,nan,0,0,cann_gated_cue,0.9625447977709962,0.0073753887943506236,0.7961706624122733
238.0,0.956754039357546,0.000670426768984243,nan,0,0,dead_reckoning,0.9795005565417126,0.02274651718416676,
238.0,0.956754039357546,0.000670426768984243,nan,0,0,gated_complementary,0.9642147738069602,0.007460734449414197,
238.0,0.956754039357546,0.000670426768984243,nan,0,0,pll,0.9556030876534993,-0.0011509517040466655,
238.0,0.956754039357546,0.000670426768984243,nan,0,0,cann_no_cue,0.9795005562364479,0.022746516878902057,0.7961706623999019
238.0,0.956754039357546,0.000670426768984243,nan,0,0,cann_sparse_cue,0.9653337514333036,0.008579712075757584,0.796170662399902
238.0,0.956754039357546,0.000670426768984243,nan,0,0,cann_gated_cue,0.9643370987846346,0.007583059427088479,0.7961706623999019
240.0,0.9583441237192618,0.0011790586374747995,nan,0,0,dead_reckoning,0.9808414100796812,0.022497286360419366,
240.0,0.9583441237192618,0.0011790586374747995,nan,0,0,gated_complementary,0.9655556273449287,0.007211503625666804,
240.0,0.9583441237192618,0.0011790586374747995,nan,0,0,pll,0.9566868129613149,-0.0016573107579471724,
240.0,0.9583441237192618,0.0011790586374747995,nan,0,0,cann_no_cue,0.9808414097743912,0.02249728605512935,0.796170662388711
240.0,0.9583441237192618,0.0011790586374747995,nan,0,0,cann_sparse_cue,0.9666746049712469,0.008330481251984878,0.7961706623887114
240.0,0.9583441237192618,0.0011790586374747995,nan,0,0,cann_gated_cue,0.9656779523225778,0.007333828603315773,0.7961706623887111
242.0,0.9599405467941982,0.0011342777353701484,nan,0,0,dead_reckoning,0.9831995273546308,0.02325898056043263,
242.0,0.9599405467941982,0.0011342777353701484,nan,0,0,gated_complementary,0.9679137446198783,0.007973197825680067,
242.0,0.9599405467941982,0.0011342777353701484,nan,0,0,pll,0.9587878020061115,-0.0011527447880865793,
242.0,0.9599405467941982,0.0011342777353701484,nan,0,0,cann_no_cue,0.9831995270492051,0.023258980255007167,0.7961706624184819
242.0,0.9599405467941982,0.0011342777353701484,nan,0,0,cann_sparse_cue,0.9690327222460606,0.009092175451862694,0.7961706624184817
242.0,0.9599405467941982,0.0011342777353701484,nan,0,0,cann_gated_cue,0.968036069597392,0.008095522803193589,0.7961706624184818
244.0,0.961544182194503,0.000897440348941347,nan,0,0,dead_reckoning,0.985468082825371,0.023923900630868022,
244.0,0.961544182194503,0.000897440348941347,nan,0,0,gated_complementary,0.9701823000906187,0.00863811789611546,
244.0,0.961544182194503,0.000897440348941347,nan,0,0,pll,0.9607992292466988,-0.0007449529478043004,
244.0,0.961544182194503,0.000897440348941347,nan,0,0,cann_no_cue,0.9854680825198221,0.023923900325319103,0.7961706624152034
244.0,0.961544182194503,0.000897440348941347,nan,0,0,cann_sparse_cue,0.9713012777166775,0.00975709552217463,0.7961706624152034
244.0,0.961544182194503,0.000897440348941347,nan,0,0,cann_gated_cue,0.970304625068009,0.00876044287350597,0.7961706624152036
246.0,0.9631558908794553,0.0013150415153914865,nan,0,0,dead_reckoning,0.9872629635232537,0.02410707264379841,
246.0,0.9631558908794553,0.0013150415153914865,nan,0,0,gated_complementary,0.9719771807885014,0.008821289909046293,
246.0,0.9631558908794553,0.0013150415153914865,nan,0,0,pll,0.9623369817144286,-0.0008189091650265823,
246.0,0.9631558908794553,0.0013150415153914865,nan,0,0,cann_no_cue,0.9872629632176433,0.024107072338187763,0.7961706623999752
246.0,0.9631558908794553,0.0013150415153914865,nan,0,0,cann_sparse_cue,0.9730961584144985,0.00994026753504329,0.7961706623999752
246.0,0.9631558908794553,0.0013150415153914865,nan,0,0,cann_gated_cue,0.97209950576583,0.008943614886374629,0.7961706623999751
248.0,0.9647765196450491,0.0008903944760196318,nan,0,0,dead_reckoning,0.9898930465540368,0.02511652690898769,
248.0,0.9647765196450491,0.0008903944760196318,nan,0,0,gated_complementary,0.9746072638192843,0.009830744174235129,
248.0,0.9647765196450491,0.0008903944760196318,nan,0,0,pll,0.9647099365150587,-6.658312999041627e-05,
248.0,0.9647765196450491,0.0008903944760196318,nan,0,0,cann_no_cue,0.9898930462482368,0.02511652660318786,0.7961706624292151
248.0,0.9647765196450491,0.0008903944760196318,nan,0,0,cann_sparse_cue,0.975726241445092,0.010949721800042944,0.7961706624292149
248.0,0.9647765196450491,0.0008903944760196318,nan,0,0,cann_gated_cue,0.9747295887964237,0.009953069151374727,0.7961706624292151
250.0,0.9664068996384259,0.0007543037962882983,nan,0,0,dead_reckoning,0.9916738355060759,0.025266935867650275,
250.0,0.9664068996384259,0.0007543037962882983,nan,0,0,gated_complementary,0.9763880527713236,0.009981153132897713,
250.0,0.9664068996384259,0.0007543037962882983,nan,0,0,pll,0.966233597236945,-0.0001733024014809459,
250.0,0.9664068996384259,0.0007543037962882983,nan,0,0,cann_no_cue,0.9916738352002148,0.02526693556178916,0.7961706623995767
250.0,0.9664068996384259,0.0007543037962882983,nan,0,0,cann_sparse_cue,0.9775070303970701,0.011100130758644244,0.7961706623995766
250.0,0.9664068996384259,0.0007543037962882983,nan,0,0,cann_gated_cue,0.9765103777484014,0.010103478109975583,0.7961706623995765
252.0,0.9680478448997605,0.0009242205507628459,nan,0,0,dead_reckoning,0.9931824430986526,0.02513459819889219,
252.0,0.9680478448997605,0.0009242205507628459,nan,0,0,gated_complementary,0.9778966603639002,0.009848815464139626,
252.0,0.9680478448997605,0.0009242205507628459,nan,0,0,pll,0.9674850765993687,-0.0005627683003917028,
252.0,0.9680478448997605,0.0009242205507628459,nan,0,0,cann_no_cue,0.9931824427927554,0.025134597892995103,0.7961706623924931
252.0,0.9680478448997605,0.0009242205507628459,nan,0,0,cann_sparse_cue,0.9790156379896107,0.010967793089850186,0.796170662392493
252.0,0.9680478448997605,0.0009242205507628459,nan,0,0,cann_gated_cue,0.9780189853409422,0.009971140441181525,0.7961706623924932
254.0,0.9697001509341574,0.0011468871037784638,nan,0,0,dead_reckoning,0.9950308842001783,0.025330733266020644,
254.0,0.9697001509341574,0.0011468871037784638,nan,0,0,gated_complementary,0.9797451014654259,0.010044950531268526,
254.0,0.9697001509341574,0.0011468871037784638,nan,0,0,pll,0.9690763894707414,-0.0006237614634159172,
254.0,0.9697001509341574,0.0011468871037784638,nan,0,0,cann_no_cue,0.9950308838942157,0.025330732960058278,0.7961706624015189
254.0,0.9697001509341574,0.0011468871037784638,nan,0,0,cann_sparse_cue,0.9808640790910711,0.011163928156913805,0.7961706624015192
254.0,0.9697001509341574,0.0011468871037784638,nan,0,0,cann_gated_cue,0.9798674264424024,0.010167275508245144,0.7961706624015193
256.0,0.9713645933160646,0.0007987917911198158,nan,0,0,dead_reckoning,0.9973246584077352,0.025960065091670703,
256.0,0.9713645933160646,0.0007987917911198158,nan,0,0,gated_complementary,0.9820388756729829,0.010674282356918141,
256.0,0.9713645933160646,0.0007987917911198158,nan,0,0,pll,0.9711130354481453,-0.00025155786791941637,
256.0,0.9713645933160646,0.0007987917911198158,nan,0,0,cann_no_cue,0.9973246581016465,0.02596006478558177,0.7961706624161137
256.0,0.9713645933160646,0.0007987917911198158,nan,0,0,cann_sparse_cue,0.9831578532985019,0.011793259982437299,0.7961706624161139
256.0,0.9713645933160646,0.0007987917911198158,nan,0,0,cann_gated_cue,0.9821612006498334,0.010796607333768637,0.7961706624161137
258.0,0.9730419263286529,0.0013046887855817182,nan,0,0,dead_reckoning,0.9989222419899748,0.025880315661321873,
258.0,0.9730419263286529,0.0013046887855817182,nan,0,0,gated_complementary,0.9836364592552225,0.010594532926569755,
258.0,0.9730419263286529,0.0013046887855817182,nan,0,0,pll,0.972453490800232,-0.0005884355284209164,
258.0,0.9730419263286529,0.0013046887855817182,nan,0,0,cann_no_cue,0.9989222416838424,0.02588031535518942,0.7961706623946798
258.0,0.9730419263286529,0.0013046887855817182,nan,0,0,cann_sparse_cue,0.9847554368806976,0.011713510552044504,0.7961706623946796
258.0,0.9730419263286529,0.0013046887855817182,nan,0,0,cann_gated_cue,0.9837587842320291,0.010716857903376287,0.7961706623946796
260.0,0.9747328816405465,0.0008096786441837006,nan,0,0,dead_reckoning,1.0015316195611383,0.02679873792059162,
260.0,0.9747328816405465,0.0008096786441837006,nan,0,0,gated_complementary,0.9862458368263859,0.011512955185839502,
260.0,0.9747328816405465,0.0008096786441837006,nan,0,0,pll,0.9748057401412425,7.285850069616018e-05,
260.0,0.9747328816405465,0.0008096786441837006,nan,0,0,cann_no_cue,1.0015316192548214,0.02679873761427487,0.7961706624283567
260.0,0.9747328816405465,0.0008096786441837006,nan,0,0,cann_sparse_cue,0.9873648144516767,0.012631932811130397,0.7961706624283568
260.0,0.9747328816405465,0.0008096786441837006,nan,0,0,cann_gated_cue,0.9863681618030081,0.011635280162461736,0.7961706624283568
262.0,0.9764381670222275,0.0011415614996697564,nan,0,0,dead_reckoning,1.0031509768495057,0.026712809827277972,
262.0,0.9764381670222275,0.0011415614996697564,nan,0,0,gated_complementary,0.9878651941147533,0.011427027092525854,
262.0,0.9764381670222275,0.0011415614996697564,nan,0,0,pll,0.976167969199457,-0.00027019782277060145,
262.0,0.9764381670222275,0.0011415614996697564,nan,0,0,cann_no_cue,1.0031509765431426,0.026712809520915037,0.7961706623952339
262.0,0.9764381670222275,0.0011415614996697564,nan,0,0,cann_sparse_cue,0.9889841717399975,0.01254600471777012,0.7961706623952338
262.0,0.9764381670222275,0.0011415614996697564,nan,0,0,cann_gated_cue,0.9879875190913291,0.01154935206910146,0.7961706623952339
264.0,0.9781584651043665,0.0010796150928071599,nan,0,0,dead_reckoning,1.0054340998488454,0.027275634744478694,
264.0,0.9781584651043665,0.0010796150928071599,nan,0,0,gated_complementary,0.9901483171140928,0.011989852009726132,
264.0,0.9781584651043665,0.0010796150928071599,nan,0,0,pll,0.9781939639686436,3.549886427700599e-05,
264.0,0.9781584651043665,0.0010796150928071599,nan,0,0,cann_no_cue,1.005434099542358,0.027275634437991414,0.7961706624157282
264.0,0.9781584651043665,0.0010796150928071599,nan,0,0,cann_sparse_cue,0.9912672947392135,0.013108829634846941,0.7961706624157281
264.0,0.9781584651043665,0.0010796150928071599,nan,0,0,cann_gated_cue,0.9902706420905449,0.01211217698617828,0.7961706624157279
266.0,0.9798944321802561,0.0009723777115704291,nan,0,0,dead_reckoning,1.0075933300344595,0.02769889785420343,
266.0,0.9798944321802561,0.0009723777115704291,nan,0,0,gated_complementary,0.9923075472997072,0.012413115119451312,
266.0,0.9798944321802561,0.0009723777115704291,nan,0,0,pll,0.9800960659241049,0.0002016337438490723,
266.0,0.9798944321802561,0.0009723777115704291,nan,0,0,cann_no_cue,1.007593329727866,0.027698897547610013,0.7961706624113736
266.0,0.9798944321802561,0.0009723777115704291,nan,0,0,cann_sparse_cue,0.9934265249247214,0.013532092744465096,0.7961706624113737
266.0,0.9798944321802561,0.0009723777115704291,nan,0,0,cann_gated_cue,0.9924298722760526,0.012535440095796435,0.7961706624113734
268.0,0.9816466970544494,0.0011962346375969895,nan,0,0,dead_reckoning,1.0095380854576004,0.027891388403150863,
268.0,0.9816466970544494,0.0011962346375969895,nan,0,0,gated_complementary,0.994252302722848,0.012605605668398745,
268.0,0.9816466970544494,0.0011962346375969895,nan,0,0,pll,0.9817836931170928,0.00013699606264339081,
268.0,0.9816466970544494,0.0011962346375969895,nan,0,0,cann_no_cue,1.009538085150929,0.02789138809647973,0.7961706624044096
268.0,0.9816466970544494,0.0011962346375969895,nan,0,0,cann_sparse_cue,0.9953712803477844,0.013724583293335257,0.7961706624044096
268.0,0.9816466970544494,0.0011962346375969895,nan,0,0,cann_gated_cue,0.9943746276991159,0.012727930644666596,0.7961706624044097
270.0,0.9834158599396232,0.0007597591557178718,nan,0,0,dead_reckoning,1.0119305547327944,0.028514694793170925,
270.0,0.9834158599396232,0.0007597591557178718,nan,0,0,gated_complementary,0.996644771998042,0.013228912058418807,
270.0,0.9834158599396232,0.0007597591557178718,nan,0,0,pll,0.9839190341621339,0.0005031742225107827,
270.0,0.9834158599396232,0.0007597591557178718,nan,0,0,cann_no_cue,1.0119305544259798,0.028514694486356795,0.7961706624197729
270.0,0.9834158599396232,0.0007597591557178718,nan,0,0,cann_sparse_cue,0.9977637496228353,0.014347889683212323,0.7961706624197729
270.0,0.9834158599396232,0.0007597591557178718,nan,0,0,cann_gated_cue,0.9967670969741668,0.013351237034543662,0.796170662419773
272.0,0.9852024914036014,0.001274390982731069,nan,0,0,dead_reckoning,1.0134500730442302,0.028247581640628905,
272.0,0.9852024914036014,0.001274390982731069,nan,0,0,gated_complementary,0.9981642903094777,0.012961798905876343,
272.0,0.9852024914036014,0.001274390982731069,nan,0,0,pll,0.9851814242434167,-2.1067160184795597e-05,
272.0,0.9852024914036014,0.001274390982731069,nan,0,0,cann_no_cue,1.0134500727373776,0.02824758133377614,0.7961706623927544
272.0,0.9852024914036014,0.001274390982731069,nan,0,0,cann_sparse_cue,0.999283267934233,0.014080776530631667,0.7961706623927545
272.0,0.9852024914036014,0.001274390982731069,nan,0,0,cann_gated_cue,0.9982866152855646,0.01308412388196345,0.7961706623927546
274.0,0.9870071313683844,0.0010412712973691186,nan,0,0,dead_reckoning,1.0159988550096923,0.028991723641308198,
274.0,0.9870071313683844,0.0010412712973691186,nan,0,0,gated_complementary,1.0007130722749398,0.013705940906555192,
274.0,0.9870071313683844,0.0010412712973691186,nan,0,0,pll,0.9874730779787259,0.0004659466103413834,
274.0,0.9870071313683844,0.0010412712973691186,nan,0,0,cann_no_cue,1.015998854702668,0.02899172333428357,0.7961706624258835
274.0,0.9870071313683844,0.0010412712973691186,nan,0,0,cann_sparse_cue,1.0018320498995235,0.014824918531139097,0.7961706624258839
274.0,0.9870071313683844,0.0010412712973691186,nan,0,0,cann_gated_cue,1.000835397250855,0.01382826588247088,0.7961706624258839
276.0,0.9888302881629429,0.0009555333740126868,nan,0,0,dead_reckoning,1.0180813976044305,0.029251109441487344,
276.0,0.9888302881629429,0.0009555333740126868,nan,0,0,gated_complementary,1.002795614869678,0.013965326706735226,
276.0,0.9888302881629429,0.0009555333740126868,nan,0,0,pll,0.9892984923433111,0.00046820418036830347,
276.0,0.9888302881629429,0.0009555333740126868,nan,0,0,cann_no_cue,1.0180813972973097,0.029251109134366793,0.7961706624088
276.0,0.9888302881629429,0.0009555333740126868,nan,0,0,cann_sparse_cue,1.003914592494165,0.01508430433122232,0.7961706624087999
276.0,0.9888302881629429,0.0009555333740126868,nan,0,0,cann_gated_cue,1.0029179398454966,0.014087651682553659,0.7961706624087999
278.0,0.9906724376314364,0.0011967447643829853,nan,0,0,dead_reckoning,1.0199924643524558,0.02932002672101941,
278.0,0.9906724376314364,0.0011967447643829853,nan,0,0,gated_complementary,1.0047066816177033,0.014034243986266848,
278.0,0.9906724376314364,0.0011967447643829853,nan,0,0,pll,0.9909524308611836,0.00027999322974725516,
278.0,0.9906724376314364,0.0011967447643829853,nan,0,0,cann_no_cue,1.0199924640452616,0.02932002641382514,0.796170662403382
278.0,0.9906724376314364,0.0011967447643829853,nan,0,0,cann_sparse_cue,1.0058256592421169,0.015153221610680667,0.7961706624033819
278.0,0.9906724376314364,0.0011967447643829853,nan,0,0,cann_gated_cue,1.0048290065934484,0.014156568962012006,0.7961706624033817
280.0,0.9925340222984205,0.001262574861706489,nan,0,0,dead_reckoning,1.0223859538812219,0.029851931582801416,
280.0,0.9925340222984205,0.001262574861706489,nan,0,0,gated_complementary,1.0071001711464693,0.014566148848048854,
280.0,0.9925340222984205,0.001262574861706489,nan,0,0,pll,0.9930887921597966,0.0005547698613761476,
280.0,0.9925340222984205,0.001262574861706489,nan,0,0,cann_no_cue,1.0223859535738842,0.029851931275463706,0.7961706624198116
280.0,0.9925340222984205,0.001262574861706489,nan,0,0,cann_sparse_cue,1.0082191487707395,0.015685126472319233,0.7961706624198116
280.0,0.9925340222984205,0.001262574861706489,nan,0,0,cann_gated_cue,1.007222496122071,0.014688473823650572,0.7961706624198114
282.0,0.9944154505925082,0.0012241428191774825,nan,0,0,dead_reckoning,1.024911103604635,0.030495653012126755,
282.0,0.9944154505925082,0.0012241428191774825,nan,0,0,gated_complementary,1.0096253208698822,0.015209870277374193,
282.0,0.9944154505925082,0.0012241428191774825,nan,0,0,pll,0.9953568136530566,0.0009413630605483725,
282.0,0.9944154505925082,0.0012241428191774825,nan,0,0,cann_no_cue,1.0249111032971276,0.030495652704619403,0.7961706624249352
282.0,0.9944154505925082,0.0012241428191774825,nan,0,0,cann_sparse_cue,1.0107442984939827,0.016328847901474486,0.7961706624249353
282.0,0.9944154505925082,0.0012241428191774825,nan,0,0,cann_gated_cue,1.0097476458453143,0.015332195252805825,0.7961706624249351
284.0,0.996317096129848,0.0014508776951767939,nan,0,0,dead_reckoning,1.02735938924299,0.031042293113141994,
284.0,0.996317096129848,0.0014508776951767939,nan,0,0,gated_complementary,1.0120736065082372,0.015756510378388988,
284.0,0.996317096129848,0.0014508776951767939,nan,0,0,pll,0.9975479710612587,0.0012308749314104972,
284.0,0.996317096129848,0.0014508776951767939,nan,0,0,cann_no_cue,1.0273593889353272,0.03104229280547921,0.7961706624219108
284.0,0.996317096129848,0.0014508776951767939,nan,0,0,cann_sparse_cue,1.0131925841321825,0.016875488002334293,0.7961706624219107
284.0,0.996317096129848,0.0014508776951767939,nan,0,0,cann_gated_cue,1.012195931483514,0.015878835353666076,0.7961706624219106
286.0,0.9982392970586738,0.0013028389617536725,nan,0,0,dead_reckoning,1.0302611446333434,0.032021847574669415,
286.0,0.9982392970586738,0.0013028389617536725,nan,0,0,gated_complementary,1.0149753618985908,0.016736064839917297,
286.0,0.9982392970586738,0.0013028389617536725,nan,0,0,pll,1.0001925982214595,0.001953301162785692,
286.0,0.9982392970586738,0.0013028389617536725,nan,0,0,cann_no_cue,1.0302611443254241,0.03202184726675039,0.7961706624411053
286.0,0.9982392970586738,0.0013028389617536725,nan,0,0,cann_sparse_cue,1.0160943395222792,0.017855042463605475,0.7961706624411052
286.0,0.9982392970586738,0.0013028389617536725,nan,0,0,cann_gated_cue,1.015097686873611,0.016858389814937258,0.7961706624411052
288.0,1.000182355466078,0.0013503691327016853,nan,0,0,dead_reckoning,1.032866822556851,0.032684467090772884,
288.0,1.000182355466078,0.0013503691327016853,nan,0,0,gated_complementary,1.0175810398220981,0.017398684356019878,
288.0,1.000182355466078,0.0013503691327016853,nan,0,0,pll,1.0025411479148139,0.0023587924487360468,
288.0,1.000182355466078,0.0013503691327016853,nan,0,0,cann_no_cue,1.032866822248743,0.03268446678266468,0.7961706624282039
288.0,1.000182355466078,0.0013503691327016853,nan,0,0,cann_sparse_cue,1.0187000174455982,0.018517661979520206,0.7961706624282042
288.0,1.000182355466078,0.0013503691327016853,nan,0,0,cann_gated_cue,1.01770336479693,0.01752100933085199,0.796170662428204
290.0,1.002146536848048,0.0010410348516235082,nan,0,0,dead_reckoning,1.035567560822254,0.03342102397420632,
290.0,1.002146536848048,0.0010410348516235082,nan,0,0,gated_complementary,1.0202817780875015,0.018135241239453315,
290.0,1.002146536848048,0.0010410348516235082,nan,0,0,pll,1.0049847579500644,0.0028382211020163695,
290.0,1.002146536848048,0.0010410348516235082,nan,0,0,cann_no_cue,1.0355675605139383,0.03342102366589028,0.7961706624321951
290.0,1.002146536848048,0.0010410348516235082,nan,0,0,cann_sparse_cue,1.0214007557107934,0.019254218862745365,0.7961706624321948
290.0,1.002146536848048,0.0010410348516235082,nan,0,0,cann_gated_cue,1.0204041030621254,0.018257566214077592,0.7961706624321953
292.0,1.0041320696436964,0.001155234495534211,nan,0,0,dead_reckoning,1.0376496305255012,0.0335175608818048,
292.0,1.0041320696436964,0.001155234495534211,nan,0,0,gated_complementary,1.0223638477907486,0.018231778147052236,
292.0,1.0041320696436964,0.001155234495534211,nan,0,0,pll,1.0068096994231583,0.002677629779461732,
292.0,1.0041320696436964,0.001155234495534211,nan,0,0,cann_no_cue,1.0376496302170881,0.03351756057339195,0.7961706624087843
292.0,1.0041320696436964,0.001155234495534211,nan,0,0,cann_sparse_cue,1.0234828254139434,0.01935075577024703,0.7961706624087843
292.0,1.0041320696436964,0.001155234495534211,nan,0,0,cann_gated_cue,1.0224861727652754,0.018354103121579257,0.7961706624087843
294.0,1.006139144834501,0.0012452117164858004,nan,0,0,dead_reckoning,1.0399600995165696,0.033820954682068916,
294.0,1.006139144834501,0.0012452117164858004,nan,0,0,gated_complementary,1.024674316781817,0.01853517194731591,
294.0,1.006139144834501,0.0012452117164858004,nan,0,0,pll,1.008863040184074,0.002723895349572736,
294.0,1.006139144834501,0.0012452117164858004,nan,0,0,cann_no_cue,1.0399600992080271,0.03382095437352639,0.796170662416722
294.0,1.006139144834501,0.0012452117164858004,nan,0,0,cann_sparse_cue,1.0257932944048824,0.019654149570381474,0.796170662416722
294.0,1.006139144834501,0.0012452117164858004,nan,0,0,cann_gated_cue,1.0247966417562144,0.0186574969217137,0.7961706624167217
296.0,1.008167915609258,0.0011507938190608957,nan,0,0,dead_reckoning,1.042450522949541,0.0342826073402831,
296.0,1.008167915609258,0.0011507938190608957,nan,0,0,gated_complementary,1.0271647402147888,0.018996824605530982,
296.0,1.008167915609258,0.0011507938190608957,nan,0,0,pll,1.0110963353868925,0.0029284197776346943,
296.0,1.008167915609258,0.0011507938190608957,nan,0,0,cann_no_cue,1.0424505226408363,0.03428260703157804,0.7961706624235572
296.0,1.008167915609258,0.0011507938190608957,nan,0,0,cann_sparse_cue,1.0282837178376916,0.020115802228433566,0.7961706624235572
296.0,1.008167915609258,0.0011507938190608957,nan,0,0,cann_gated_cue,1.0272870651890234,0.01911914957976535,0.7961706624235573
298.0,1.0102184970953378,0.0012228117569857636,nan,0,0,dead_reckoning,1.044752110587663,0.03453361349232509,
298.0,1.0102184970953378,0.0012228117569857636,nan,0,0,gated_complementary,1.0294663278529106,0.01924783075757297,
298.0,1.0102184970953378,0.0012228117569857636,nan,0,0,pll,1.0131407947948614,0.0029222976995235683,
298.0,1.0102184970953378,0.0012228117569857636,nan,0,0,cann_no_cue,1.0447521102788284,0.03453361318349035,0.7961706624163979
298.0,1.0102184970953378,0.0012228117569857636,nan,0,0,cann_sparse_cue,1.0305853054756842,0.020366808380346324,0.796170662416398
298.0,1.0102184970953378,0.0012228117569857636,nan,0,0,cann_gated_cue,1.0295886528270155,0.019370155731677663,0.7961706624163977
300.0,1.012290966156711,0.0012540733027565966,nan,0,0,dead_reckoning,1.0471977341016345,0.034906767944923534,
300.0,1.012290966156711,0.0012540733027565966,nan,0,0,gated_complementary,1.0319119513668822,0.01962098521017097,
300.0,1.012290966156711,0.0012540733027565966,nan,0,0,pll,1.01532929007868,0.0030383239219688996,
300.0,1.012290966156711,0.0012540733027565966,nan,0,0,cann_no_cue,1.047197733792646,0.0349067676359347,0.7961706624218077
300.0,1.012290966156711,0.0012540733027565966,nan,0,0,cann_sparse_cue,1.0330309289895014,0.020739962832790226,0.7961706624218077
300.0,1.012290966156711,0.0012540733027565966,nan,0,0,cann_gated_cue,1.0320342763408332,0.01974331018412201,0.7961706624218076
302.0,1.0143853612591043,0.0013384274516769405,nan,0,0,dead_reckoning,1.0497058807071478,0.035320519448043264,
302.0,1.0143853612591043,0.0013384274516769405,nan,0,0,gated_complementary,1.0344200979723954,0.020034736713291146,
302.0,1.0143853612591043,0.0013384274516769405,nan,0,0,pll,1.0175803084540402,0.00319494719493596,
302.0,1.0143853612591043,0.0013384274516769405,nan,0,0,cann_no_cue,1.0497058803979928,0.035320519138888784,0.7961706624242579
302.0,1.0143853612591043,0.0013384274516769405,nan,0,0,cann_sparse_cue,1.0355390755948484,0.02115371433574431,0.796170662424258
302.0,1.0143853612591043,0.0013384274516769405,nan,0,0,cann_gated_cue,1.03454242294618,0.02015706168707565,0.796170662424258
304.0,1.0165016824025175,0.0011800946709628415,nan,0,0,dead_reckoning,1.0523827356105016,0.03588105320798407,
304.0,1.0165016824025175,0.0011800946709628415,nan,0,0,gated_complementary,1.0370969528757492,0.02059527047323151,
304.0,1.0165016824025175,0.0011800946709628415,nan,0,0,pll,1.0200000351272411,0.0034983527247236523,
304.0,1.0165016824025175,0.0011800946709628415,nan,0,0,cann_no_cue,1.0523827353011443,0.03588105289862664,0.7961706624311787
304.0,1.0165016824025175,0.0011800946709628415,nan,0,0,cann_sparse_cue,1.038215930498,0.021714248095482613,0.7961706624311787
304.0,1.0165016824025175,0.0011800946709628415,nan,0,0,cann_gated_cue,1.0372192778493317,0.020717595446813952,0.7961706624311788
306.0,1.018639891121224,0.0011451619367611448,nan,0,0,dead_reckoning,1.0547429249524272,0.03610303383120339,
306.0,1.018639891121224,0.0011451619367611448,nan,0,0,gated_complementary,1.0394571422176748,0.02081725109645083,
306.0,1.018639891121224,0.0011451619367611448,nan,0,0,pll,1.0221030962390139,0.003463205117789858,
306.0,1.018639891121224,0.0011451619367611448,nan,0,0,cann_no_cue,1.05474292464293,0.036103033521706074,0.7961706624185592
306.0,1.018639891121224,0.0011451619367611448,nan,0,0,cann_sparse_cue,1.0405761198397858,0.0219362287185616,0.7961706624185592
306.0,1.018639891121224,0.0011451619367611448,nan,0,0,cann_gated_cue,1.039579467191117,0.02093957606989294,0.7961706624185592
308.0,1.0207999105512533,0.0010724359222303737,nan,0,0,dead_reckoning,1.0570332488259495,0.036233338274696436,
308.0,1.0207999105512533,0.0010724359222303737,nan,0,0,gated_complementary,1.0417474660911972,0.020947555539943874,
308.0,1.0207999105512533,0.0010724359222303737,nan,0,0,pll,1.0241362918823833,0.0033363813311302337,
308.0,1.0207999105512533,0.0010724359222303737,nan,0,0,cann_no_cue,1.0570332485163252,0.03623333796507211,0.7961706624159886
308.0,1.0207999105512533,0.0010724359222303737,nan,0,0,cann_sparse_cue,1.042866443713181,0.022066533161927637,0.7961706624159883
308.0,1.0207999105512533,0.0010724359222303737,nan,0,0,cann_gated_cue,1.0418697910645123,0.021069880513258976,0.7961706624159887
310.0,1.022981625565235,0.0010648062128938921,nan,0,0,dead_reckoning,1.0591781206704103,0.036196495105174975,
310.0,1.022981625565235,0.0010648062128938921,nan,0,0,gated_complementary,1.043892337935658,0.020910712370422857,
310.0,1.022981625565235,0.0010648062128938921,nan,0,0,pll,1.0260240354966912,0.0030424099314561026,
310.0,1.022981625565235,0.0010648062128938921,nan,0,0,cann_no_cue,1.0591781203606814,0.03619649479544629,0.7961706624108846
310.0,1.022981625565235,0.0010648062128938921,nan,0,0,cann_sparse_cue,1.0450113155575376,0.02202968999230226,0.7961706624108846
310.0,1.022981625565235,0.0010648062128938921,nan,0,0,cann_gated_cue,1.0440146629088682,0.021033037343633154,0.7961706624108844
312.0,1.025184882974373,0.001437234256543215,nan,0,0,dead_reckoning,1.0613077330961982,0.036122850121825145,
312.0,1.025184882974373,0.001437234256543215,nan,0,0,gated_complementary,1.0460219503614456,0.020837067387072583,
312.0,1.025184882974373,0.001437234256543215,nan,0,0,pll,1.027896519692326,0.0027116367179527145,
312.0,1.025184882974373,0.001437234256543215,nan,0,0,cann_no_cue,1.0613077327863671,0.03612284981199387,0.7961706624103684
312.0,1.025184882974373,0.001437234256543215,nan,0,0,cann_sparse_cue,1.0471409279832233,0.02195604500885029,0.7961706624103685
312.0,1.025184882974373,0.001437234256543215,nan,0,0,cann_gated_cue,1.0461442753345542,0.020959392360181184,0.7961706624103686
314.0,1.0274094917971894,0.0012278889893592992,nan,0,0,dead_reckoning,1.0641822016092846,0.03677270981209535,
314.0,1.0274094917971894,0.0012278889893592992,nan,0,0,gated_complementary,1.048896418874532,0.021486927077342344,
314.0,1.0274094917971894,0.0012278889893592992,nan,0,0,pll,1.0305138599752595,0.003104368178069805,
314.0,1.0274094917971894,0.0012278889893592992,nan,0,0,cann_no_cue,1.0641822012992055,0.036772709502016276,0.7961706624398582
314.0,1.0274094917971894,0.0012278889893592992,nan,0,0,cann_sparse_cue,1.0500153964960615,0.022605904698871804,0.7961706624398585
314.0,1.0274094917971894,0.0012278889893592992,nan,0,0,cann_gated_cue,1.0490187438473926,0.021609252050203143,0.7961706624398581
316.0,1.0296552235945717,0.0013845638667804086,nan,0,0,dead_reckoning,1.0666379795880032,0.03698275599343148,
316.0,1.0296552235945717,0.0013845638667804086,nan,0,0,gated_complementary,1.0513521968532507,0.02169697325867892,
316.0,1.0296552235945717,0.0013845638667804086,nan,0,0,pll,1.0327125097238252,0.0030572861292537112,
316.0,1.0296552235945717,0.0013845638667804086,nan,0,0,cann_no_cue,1.0666379792777656,0.03698275568319387,0.7961706624222014
316.0,1.0296552235945717,0.0013845638667804086,nan,0,0,cann_sparse_cue,1.052471174474622,0.022815950880050284,0.7961706624222012
316.0,1.0296552235945717,0.0013845638667804086,nan,0,0,cann_gated_cue,1.051474521825953,0.02181929823138118,0.7961706624222012
318.0,1.0319218128705323,0.001019222186261743,nan,0,0,dead_reckoning,1.069407107321564,0.03748529445103177,
318.0,1.0319218128705323,0.001019222186261743,nan,0,0,gated_complementary,1.0541213245868115,0.022199511716279208,
318.0,1.0319218128705323,0.001019222186261743,nan,0,0,pll,1.0352245092272332,0.003302696356700885,
318.0,1.0319218128705323,0.001019222186261743,nan,0,0,cann_no_cue,1.0694071070111033,0.03748529414057078,0.7961706624351548
318.0,1.0319218128705323,0.001019222186261743,nan,0,0,cann_sparse_cue,1.0552403022079593,0.023318489337427195,0.7961706624351547
318.0,1.0319218128705323,0.001019222186261743,nan,0,0,cann_gated_cue,1.0542436495592904,0.02232183668875809,0.7961706624351547
320.0,1.034208957537979,0.0009200220662841081,nan,0,0,dead_reckoning,1.0714455516940875,0.03723659415610836,
320.0,1.034208957537979,0.0009200220662841081,nan,0,0,gated_complementary,1.056159768959335,0.021950811421356242,
320.0,1.034208957537979,0.0009200220662841081,nan,0,0,pll,1.0370058253696037,0.0027968678316248052,
320.0,1.034208957537979,0.0009200220662841081,nan,0,0,cann_no_cue,1.0714455513835353,0.03723659384555633,0.7961706624073619
320.0,1.034208957537979,0.0009200220662841081,nan,0,0,cann_sparse_cue,1.0572787465803912,0.023069789042412303,0.7961706624073621
320.0,1.034208957537979,0.0009200220662841081,nan,0,0,cann_gated_cue,1.0562820939317223,0.022073136393743198,0.7961706624073622
322.0,1.0365163194486775,0.0010836480333786757,nan,0,0,dead_reckoning,1.0732855958266556,0.03676927637797789,
322.0,1.0365163194486775,0.0010836480333786757,nan,0,0,gated_complementary,1.057999813091903,0.02148349364322577,
322.0,1.0365163194486775,0.0010836480333786757,nan,0,0,pll,1.038588741272019,0.0020724218233416636,
322.0,1.0365163194486775,0.0010836480333786757,nan,0,0,cann_no_cue,1.0732855955160376,0.036769276067360135,0.796170662401274
322.0,1.0365163194486775,0.0010836480333786757,nan,0,0,cann_sparse_cue,1.0591187907128938,0.022602471264216106,0.796170662401274
322.0,1.0365163194486775,0.0010836480333786757,nan,0,0,cann_gated_cue,1.0581221380642247,0.021605818615547,0.7961706624012742
324.0,1.03884352498648,0.0014739743467943286,nan,0,0,dead_reckoning,1.075452891893413,0.03660936690693273,
324.0,1.03884352498648,0.0014739743467943286,nan,0,0,gated_complementary,1.0601671091586604,0.02132358417218061,
324.0,1.03884352498648,0.0014739743467943286,nan,0,0,pll,1.0404989091086234,0.0016553841221433885,
324.0,1.03884352498648,0.0014739743467943286,nan,0,0,cann_no_cue,1.0754528915826884,0.03660936659620839,0.7961706624116495
324.0,1.03884352498648,0.0014739743467943286,nan,0,0,cann_sparse_cue,1.0612860867795446,0.022442561793064364,0.7961706624116496
324.0,1.03884352498648,0.0014739743467943286,nan,0,0,cann_gated_cue,1.0602894341308757,0.021445909144395703,0.7961706624116498
326.0,1.0411901657227727,0.0014685954189502647,nan,0,0,dead_reckoning,1.0784008405870016,0.03721067486422891,
326.0,1.0411901657227727,0.0014685954189502647,nan,0,0,gated_complementary,1.063115057852249,0.021924892129476348,
326.0,1.0411901657227727,0.0014685954189502647,nan,0,0,pll,1.0431897295720591,0.0019995638492864565,
326.0,1.0411901657227727,0.0014685954189502647,nan,0,0,cann_no_cue,1.0784008402760092,0.037210674553236345,0.7961706624432432
326.0,1.0411901657227727,0.0014685954189502647,nan,0,0,cann_sparse_cue,1.0642340354728654,0.02304386975009276,0.7961706624432431
326.0,1.0411901657227727,0.0014685954189502647,nan,0,0,cann_gated_cue,1.0632373828241968,0.0220472171014241,0.7961706624432431
328.0,1.0435557991330007,0.0013583579233936386,nan,0,0,dead_reckoning,1.0813380314249021,0.03778223229190125,
328.0,1.0435557991330007,0.0013583579233936386,nan,0,0,gated_complementary,1.0660522486901496,0.022496449557149134,
328.0,1.0435557991330007,0.0013583579233936386,nan,0,0,pll,1.0458697921798068,0.0023139930468061287,
328.0,1.0435557991330007,0.0013583579233936386,nan,0,0,cann_no_cue,1.0813380311136411,0.03778223198064046,0.796170662442742
328.0,1.0435557991330007,0.0013583579233936386,nan,0,0,cann_sparse_cue,1.0671712263104975,0.023615427177496873,0.7961706624427423
328.0,1.0435557991330007,0.0013583579233936386,nan,0,0,cann_gated_cue,1.0661745736618289,0.02261877452882821,0.7961706624427423
330.0,1.045939949373004,0.0011691595571670117,nan,0,0,dead_reckoning,1.0840547472716895,0.03811479789868555,
330.0,1.045939949373004,0.0011691595571670117,nan,0,0,gated_complementary,1.068768964536937,0.022829015163932986,
330.0,1.045939949373004,0.0011691595571670117,nan,0,0,pll,1.0483293797964413,0.002389430423437311,
330.0,1.045939949373004,0.0011691595571670117,nan,0,0,cann_no_cue,1.0840547469602149,0.0381147975872107,0.7961706624328798
330.0,1.045939949373004,0.0011691595571670117,nan,0,0,cann_sparse_cue,1.0698879421570713,0.023947992784067118,0.79617066243288
330.0,1.045939949373004,0.0011691595571670117,nan,0,0,cann_gated_cue,1.0688912895084028,0.0229513401353989,0.7961706624328798
332.0,1.0483421081138122,0.0012954971808897518,nan,0,0,dead_reckoning,1.0863930663860235,0.038050958272211055,
332.0,1.0483421081138122,0.0012954971808897518,nan,0,0,gated_complementary,1.071107283651271,0.022765175537458937,
332.0,1.0483421081138122,0.0012954971808897518,nan,0,0,pll,1.0504105706806224,0.0020684625668101475,
332.0,1.0483421081138122,0.0012954971808897518,nan,0,0,cann_no_cue,1.0863930660744126,0.03805095796060032,0.7961706624177463
332.0,1.0483421081138122,0.0012954971808897518,nan,0,0,cann_sparse_cue,1.072226261271269,0.023884153157456733,0.7961706624177461
332.0,1.0483421081138122,0.0012954971808897518,nan,0,0,cann_gated_cue,1.0712296086226003,0.022887500508788072,0.796170662417746
334.0,1.0507617354334249,0.00126746555684328,nan,0,0,dead_reckoning,1.088984060747803,0.0382223253143783,
334.0,1.0507617354334249,0.00126746555684328,nan,0,0,gated_complementary,1.0736982780130504,0.022936542579625296,
334.0,1.0507617354334249,0.00126746555684328,nan,0,0,pll,1.052744436812249,0.001982701378824281,
334.0,1.0507617354334249,0.00126746555684328,nan,0,0,cann_no_cue,1.088984060436009,0.03822232500258416,0.7961706624276007
334.0,1.0507617354334249,0.00126746555684328,nan,0,0,cann_sparse_cue,1.0748172556328655,0.024055520199440572,0.7961706624276004
334.0,1.0507617354334249,0.00126746555684328,nan,0,0,cann_gated_cue,1.0738206029841968,0.02305886755077191,0.7961706624276005
336.0,1.053198260764018,0.001275506405923678,nan,0,0,dead_reckoning,1.0915189918614896,0.03832073109747158,
336.0,1.053198260764018,0.001275506405923678,nan,0,0,gated_complementary,1.076233209126737,0.02303494836271902,
336.0,1.053198260764018,0.001275506405923678,nan,0,0,pll,1.0550222396957825,0.0018239789317644473,
336.0,1.053198260764018,0.001275506405923678,nan,0,0,cann_no_cue,1.091518991549523,0.038320730785504686,0.7961706624253269
336.0,1.053198260764018,0.001275506405923678,nan,0,0,cann_sparse_cue,1.0773521867463793,0.024153925982361102,0.7961706624253266
336.0,1.053198260764018,0.001275506405923678,nan,0,0,cann_gated_cue,1.0763555340977107,0.023157273333692885,0.7961706624253269
338.0,1.0556510838929147,0.0009106876235564969,nan,0,0,dead_reckoning,1.094070004673337,0.038418920780422194,
338.0,1.0556510838929147,0.0009106876235564969,nan,0,0,gated_complementary,1.0787842219385844,0.023133138045669632,
338.0,1.0556510838929147,0.0009106876235564969,nan,0,0,pll,1.057316124277477,0.0016650403845623885,
338.0,1.0556510838929147,0.0009106876235564969,nan,0,0,cann_no_cue,1.0940700043611946,0.03841892046827988,0.7961706624259738
338.0,1.0556510838929147,0.0009106876235564969,nan,0,0,cann_sparse_cue,1.079903199558051,0.024252115665136298,0.7961706624259738
338.0,1.0556510838929147,0.0009106876235564969,nan,0,0,cann_gated_cue,1.0789065469093826,0.023255463016467637,0.7961706624259739
340.0,1.0581195760155622,0.001211116234517107,nan,0,0,dead_reckoning,1.09589137992045,0.03777180390488777,
340.0,1.0581195760155622,0.001211116234517107,nan,0,0,gated_complementary,1.0806055971856974,0.022486021170135206,
340.0,1.0581195760155622,0.001211116234517107,nan,0,0,pll,1.058880371294437,0.0007607952788748484,
340.0,1.0581195760155622,0.001211116234517107,nan,0,0,cann_no_cue,1.0958913796082421,0.03777180359267973,0.7961706624007331
340.0,1.0581195760155622,0.001211116234517107,nan,0,0,cann_sparse_cue,1.0817245748050988,0.02360499878953659,0.7961706624007333
340.0,1.0581195760155622,0.001211116234517107,nan,0,0,cann_gated_cue,1.08072792215643,0.02260834614086793,0.7961706624007332
342.0,1.0606030808386675,0.0013350727511617735,nan,0,0,dead_reckoning,1.098313612389484,0.037710531550816384,
342.0,1.0606030808386675,0.0013350727511617735,nan,0,0,gated_complementary,1.0830278296547315,0.022424748816064266,
342.0,1.0606030808386675,0.0013350727511617735,nan,0,0,pll,1.0610454755333183,0.00044239469465079395,
342.0,1.0606030808386675,0.0013350727511617735,nan,0,0,cann_no_cue,1.0983136120771282,0.03771053123846091,0.7961706624209065
342.0,1.0606030808386675,0.0013350727511617735,nan,0,0,cann_sparse_cue,1.0841468072739846,0.023543726435317325,0.7961706624209067
342.0,1.0606030808386675,0.0013350727511617735,nan,0,0,cann_gated_cue,1.083150154625316,0.02254707378664822,0.7961706624209066
344.0,1.0631009157315603,0.0016442558369159095,nan,0,0,dead_reckoning,1.1009837578918078,0.03788284216024751,
344.0,1.0631009157315603,0.0016442558369159095,nan,0,0,gated_complementary,1.085697975157055,0.022597059425494948,
344.0,1.0631009157315603,0.0016442558369159095,nan,0,0,pll,1.0634584928054889,0.00035757707392836124,
344.0,1.0631009157315603,0.0016442558369159095,nan,0,0,cann_no_cue,1.1009837575792512,0.03788284184769086,0.7961706624308952
344.0,1.0631009157315603,0.0016442558369159095,nan,0,0,cann_sparse_cue,1.0868169527761076,0.023716037044547278,0.7961706624308948
344.0,1.0631009157315603,0.0016442558369159095,nan,0,0,cann_gated_cue,1.085820300127439,0.022719384395878617,0.7961706624308952
346.0,1.0656123729237585,0.0014159207231899194,nan,0,0,dead_reckoning,1.1042722695656395,0.03865989664188074,
346.0,1.0656123729237585,0.0014159207231899194,nan,0,0,gated_complementary,1.088986486830887,0.023374113907128624,
346.0,1.0656123729237585,0.0014159207231899194,nan,0,0,pll,1.0664898762491677,0.0008775033254089237,
346.0,1.0656123729237585,0.0014159207231899194,nan,0,0,cann_no_cue,1.1042722692527096,0.03865989632895106,0.7961706624600472
346.0,1.0656123729237585,0.0014159207231899194,nan,0,0,cann_sparse_cue,1.0901054644495662,0.02449309152580792,0.7961706624600472
346.0,1.0656123729237585,0.0014159207231899194,nan,0,0,cann_gated_cue,1.0891088118008974,0.023496438877138814,0.7961706624600472
348.0,1.0681367207466377,0.0016414621014327296,nan,0,0,dead_reckoning,1.1071041110120192,0.03896739026538132,
348.0,1.0681367207466377,0.0016414621014327296,nan,0,0,gated_complementary,1.0918183282772669,0.0236816075306292,
348.0,1.0681367207466377,0.0016414621014327296,nan,0,0,pll,1.0690645894653945,0.0009278687187568302,
348.0,1.0681367207466377,0.0016414621014327296,nan,0,0,cann_no_cue,1.1071041106988462,0.03896738995220872,0.7961706624379339
348.0,1.0681367207466377,0.0016414621014327296,nan,0,0,cann_sparse_cue,1.0929373058957028,0.024800585149065135,0.7961706624379337
348.0,1.0681367207466377,0.0016414621014327296,nan,0,0,cann_gated_cue,1.0919406532470337,0.02380393250039603,0.7961706624379339
350.0,1.070673204917027,0.001333175232918639,nan,0,0,dead_reckoning,1.1103870352148848,0.03971383029785791,
350.0,1.070673204917027,0.001333175232918639,nan,0,0,gated_complementary,1.0951012524801322,0.024428047563104904,
350.0,1.070673204917027,0.001333175232918639,nan,0,0,pll,1.072090385438107,0.0014171805210798638,
350.0,1.070673204917027,0.001333175232918639,nan,0,0,cann_no_cue,1.1103870349013392,0.03971382998431228,0.7961706624597567
350.0,1.070673204917027,0.001333175232918639,nan,0,0,cann_sparse_cue,1.096220230098196,0.025547025181168692,0.7961706624597565
350.0,1.070673204917027,0.001333175232918639,nan,0,0,cann_gated_cue,1.0952235774495267,0.024550372532499587,0.7961706624597565
352.0,1.0732210498604788,0.0013557943063080547,nan,0,0,dead_reckoning,1.113053385680722,0.03983233582024326,
352.0,1.0732210498604788,0.0013557943063080547,nan,0,0,gated_complementary,1.0977676029459695,0.024546553085490697,
352.0,1.0732210498604788,0.0013557943063080547,nan,0,0,pll,1.0744996076737914,0.001278557813312542,
352.0,1.0732210498604788,0.0013557943063080547,nan,0,0,cann_no_cue,1.1130533853669724,0.039832335506493344,0.7961706624307349
352.0,1.0732210498604788,0.0013557943063080547,nan,0,0,cann_sparse_cue,1.098886580563829,0.025665530703350203,0.7961706624307349
352.0,1.0732210498604788,0.0013557943063080547,nan,0,0,cann_gated_cue,1.0978899279151602,0.024668878054681542,0.7961706624307349
354.0,1.0757794600718884,0.000729273893458572,nan,0,0,dead_reckoning,1.1157649742933382,0.039985514221450025,
354.0,1.0757794600718884,0.000729273893458572,nan,0,0,gated_complementary,1.1004791915585856,0.02469973148669702,
354.0,1.0757794600718884,0.000729273893458572,nan,0,0,pll,1.0769540680562546,0.0011746079843661938,
354.0,1.0757794600718884,0.000729273893458572,nan,0,0,cann_no_cue,1.1157649739793778,0.03998551390748961,0.7961706624326594
354.0,1.0757794600718884,0.000729273893458572,nan,0,0,cann_sparse_cue,1.1015981691762342,0.025818709104346027,0.7961706624326597
354.0,1.0757794600718884,0.000729273893458572,nan,0,0,cann_gated_cue,1.1006015165275653,0.024822056455676922,0.7961706624326598
356.0,1.078347621511081,0.0014856258152857,nan,0,0,dead_reckoning,1.1172235220802553,0.03887590056917434,
356.0,1.078347621511081,0.0014856258152857,nan,0,0,gated_complementary,1.1019377393455028,0.023590117834421775,
356.0,1.078347621511081,0.0014856258152857,nan,0,0,pll,1.0781554876130188,-0.0001921338980621634,
356.0,1.078347621511081,0.0014856258152857,nan,0,0,cann_no_cue,1.11722352176626,0.03887590025517884,0.796170662391318
356.0,1.078347621511081,0.0014856258152857,nan,0,0,cann_sparse_cue,1.1030567169631165,0.024709095452035257,0.7961706623913177
356.0,1.078347621511081,0.0014856258152857,nan,0,0,cann_gated_cue,1.1020600643144478,0.02371244280336704,0.7961706623913177
358.0,1.080924703030915,0.001503097808152551,nan,0,0,dead_reckoning,1.1201947737108267,0.03927007067991184,
358.0,1.080924703030915,0.001503097808152551,nan,0,0,gated_complementary,1.104908990976074,0.023984287945158833,
358.0,1.080924703030915,0.001503097808152551,nan,0,0,pll,1.0808696110134373,-5.509201747777581e-05,
358.0,1.080924703030915,0.001503097808152551,nan,0,0,cann_no_cue,1.1201947733965594,0.039270070365644116,0.7961706624443345
358.0,1.080924703030915,0.001503097808152551,nan,0,0,cann_sparse_cue,1.106027968593416,0.025103265562500976,0.7961706624443345
358.0,1.080924703030915,0.001503097808152551,nan,0,0,cann_gated_cue,1.1050313159447473,0.024106612913832315,0.7961706624443347
360.0,1.0835098578353966,0.001718042161707534,nan,0,0,dead_reckoning,1.1232009693271319,0.03969111149173532,
360.0,1.0835098578353966,0.001718042161707534,nan,0,0,gated_complementary,1.107915186592379,0.024405328756982314,
360.0,1.0835098578353966,0.001718042161707534,nan,0,0,pll,1.0836186783995894,0.00010882056419259101,
360.0,1.0835098578353966,0.001718042161707534,nan,0,0,cann_no_cue,1.1232009690125766,0.03969111117717983,0.7961706624459871
360.0,1.0835098578353966,0.001718042161707534,nan,0,0,cann_sparse_cue,1.1090341642094337,0.02552430637403713,0.796170662445987
360.0,1.0835098578353966,0.001718042161707534,nan,0,0,cann_gated_cue,1.1080375115607646,0.024527653725368026,0.7961706624459872
362.0,1.0861022249652468,0.0013232735133147202,nan,0,0,dead_reckoning,1.1266370536505468,0.040534828685300006,
362.0,1.0861022249652468,0.0013232735133147202,nan,0,0,gated_complementary,1.1113512709157942,0.025249045950547444,
362.0,1.0861022249652468,0.0013232735133147202,nan,0,0,pll,1.0867976344928516,0.0006954095276050509,
362.0,1.0861022249652468,0.0013232735133147202,nan,0,0,cann_no_cue,1.1266370533355643,0.0405348283703173,0.7961706624678984
362.0,1.0861022249652468,0.0013232735133147202,nan,0,0,cann_sparse_cue,1.1124702485324212,0.026368023567174603,0.7961706624678985
362.0,1.0861022249652468,0.0013232735133147202,nan,0,0,cann_gated_cue,1.1114735958837523,0.025371370918505498,0.7961706624678985
364.0,1.0887009308083173,0.0014304160668180198,nan,0,0,dead_reckoning,1.1292836006771763,0.04058266986885872,
364.0,1.0887009308083173,0.0014304160668180198,nan,0,0,gated_complementary,1.1139978179424237,0.025296887134106605,
364.0,1.0887009308083173,0.0014304160668180198,nan,0,0,pll,1.0891870532893282,0.0004861224810106535,
364.0,1.0887009308083173,0.0014304160668180198,nan,0,0,cann_no_cue,1.129283600361993,0.04058266955367573,0.7961706624299026
364.0,1.0887009308083173,0.0014304160668180198,nan,0,0,cann_sparse_cue,1.11511679555885,0.02641586475053259,0.7961706624299025
364.0,1.0887009308083173,0.0014304160668180198,nan,0,0,cann_gated_cue,1.114120142910181,0.025419212101863486,0.7961706624299023
366.0,1.091305090632203,0.001292136114004475,nan,0,0,dead_reckoning,1.1321444328108123,0.04083934217860907,
366.0,1.091305090632203,0.001292136114004475,nan,0,0,gated_complementary,1.1168586500760598,0.025553559443856955,
366.0,1.091305090632203,0.001292136114004475,nan,0,0,pll,1.0917907571928114,0.00048566656060833324,
366.0,1.091305090632203,0.001292136114004475,nan,0,0,cann_no_cue,1.132144432495382,0.040839341863178724,0.7961706624392395
366.0,1.091305090632203,0.001292136114004475,nan,0,0,cann_sparse_cue,1.1179776276922393,0.026672537060036028,0.7961706624392395
366.0,1.091305090632203,0.001292136114004475,nan,0,0,cann_gated_cue,1.11698097504357,0.025675884411366923,0.7961706624392394
368.0,1.0939138101363637,0.0012096504591997514,nan,0,0,dead_reckoning,1.1347287050388213,0.0408148949024576,
368.0,1.0939138101363637,0.0012096504591997514,nan,0,0,gated_complementary,1.1194429223040687,0.025529112167705037,
368.0,1.0939138101363637,0.0012096504591997514,nan,0,0,pll,1.0941179011906674,0.00020409105430374552,
368.0,1.0939138101363637,0.0012096504591997514,nan,0,0,cann_no_cue,1.134728704723207,0.0408148945868434,0.7961706624273249
368.0,1.0939138101363637,0.0012096504591997514,nan,0,0,cann_sparse_cue,1.120561899920064,0.026648089783700257,0.7961706624273251
368.0,1.0939138101363637,0.0012096504591997514,nan,0,0,cann_gated_cue,1.1195652472713948,0.025651437135031152,0.7961706624273249
370.0,1.0965261870210297,0.001294425776063198,nan,0,0,dead_reckoning,1.1371480059572208,0.0406218189361911,
370.0,1.0965261870210297,0.001294425776063198,nan,0,0,gated_complementary,1.1218622232224682,0.02533603620143854,
370.0,1.0965261870210297,0.001294425776063198,nan,0,0,pll,1.096280073878914,-0.0002461131421158669,
370.0,1.0965261870210297,0.001294425776063198,nan,0,0,cann_no_cue,1.137148005641456,0.04062181862042635,0.7961706624207944
370.0,1.0965261870210297,0.001294425776063198,nan,0,0,cann_sparse_cue,1.122981200838313,0.026455013817283657,0.7961706624207944
370.0,1.0965261870210297,0.001294425776063198,nan,0,0,cann_gated_cue,1.1219845481896442,0.02545836116861455,0.7961706624207946
372.0,1.0991413125701432,0.0013572379071565511,nan,0,0,dead_reckoning,1.1397368575093472,0.0405955449392037,
372.0,1.0991413125701432,0.0013572379071565511,nan,0,0,gated_complementary,1.1244510747745946,0.02530976220445158,
372.0,1.0991413125701432,0.0013572379071565511,nan,0,0,pll,1.0986117972008875,-0.0005295153692559396,
372.0,1.0991413125701432,0.0013572379071565511,nan,0,0,cann_no_cue,1.1397368571933995,0.04059554462325643,0.7961706624275127
372.0,1.0991413125701432,0.0013572379071565511,nan,0,0,cann_sparse_cue,1.1255700523902565,0.02642873982011329,0.7961706624275126
372.0,1.0991413125701432,0.0013572379071565511,nan,0,0,cann_gated_cue,1.1245733997415877,0.02543208717144463,0.7961706624275123
374.0,1.1017582732455558,0.0016613360076620605,nan,0,0,dead_reckoning,1.1424513333236603,0.04069306007810436,
374.0,1.1017582732455558,0.0016613360076620605,nan,0,0,gated_complementary,1.1271655505889078,0.02540727734335224,
374.0,1.1017582732455558,0.0016613360076620605,nan,0,0,pll,1.1010691447850478,-0.0006891284605079484,
374.0,1.1017582732455558,0.0016613360076620605,nan,0,0,cann_no_cue,1.1424513330075012,0.040693059761945705,0.7961706624327837
374.0,1.1017582732455558,0.0016613360076620605,nan,0,0,cann_sparse_cue,1.1282845282043585,0.02652625495880301,0.7961706624327836
374.0,1.1017582732455558,0.0016613360076620605,nan,0,0,cann_gated_cue,1.1272878755556894,0.025529602310133903,0.7961706624327837
376.0,1.1043761522896833,0.0014268884119044106,nan,0,0,dead_reckoning,1.1457740053389844,0.041397853049301325,
376.0,1.1043761522896833,0.0014268884119044106,nan,0,0,gated_complementary,1.1304882226042319,0.02611207031454832,
376.0,1.1043761522896833,0.0014268884119044106,nan,0,0,pll,1.104134688570219,-0.00024146371946454082,
376.0,1.1043761522896833,0.0014268884119044106,nan,0,0,cann_no_cue,1.1457740050224399,0.04139785273275631,0.7961706624618338
376.0,1.1043761522896833,0.0014268884119044106,nan,0,0,cann_sparse_cue,1.1316072002192974,0.02723104792961406,0.796170662461834
376.0,1.1043761522896833,0.0014268884119044106,nan,0,0,cann_gated_cue,1.1306105475706283,0.026234395280944955,0.7961706624618338
378.0,1.106994031333811,0.0012857255697987916,nan,0,0,dead_reckoning,1.1486277821627933,0.04163375082898213,
378.0,1.106994031333811,0.0012857255697987916,nan,0,0,gated_complementary,1.1333419994280407,0.026347968094230012,
378.0,1.106994031333811,0.0012857255697987916,nan,0,0,pll,1.106731337163875,-0.00026269416993596195,
378.0,1.106994031333811,0.0012857255697987916,nan,0,0,cann_no_cue,1.1486277818459996,0.04163375051218843,0.7961706624389205
378.0,1.106994031333811,0.0012857255697987916,nan,0,0,cann_sparse_cue,1.134460977042857,0.027466945709046175,0.7961706624389205
378.0,1.106994031333811,0.0012857255697987916,nan,0,0,cann_gated_cue,1.1334643243941882,0.026470293060377514,0.7961706624389205
380.0,1.1096109920092234,0.0014379485219558096,nan,0,0,dead_reckoning,1.1511992333023908,0.04158824129316763,
380.0,1.1096109920092234,0.0014379485219558096,nan,0,0,gated_complementary,1.1359134505676383,0.02630245855841462,
380.0,1.1096109920092234,0.0014379485219558096,nan,0,0,pll,1.1090456600733196,-0.0005653319359035791,
380.0,1.1096109920092234,0.0014379485219558096,nan,0,0,cann_no_cue,1.1511992329854157,0.04158824097619229,0.796170662426802
380.0,1.1096109920092234,0.0014379485219558096,nan,0,0,cann_sparse_cue,1.1370324281822735,0.02742143617305004,0.7961706624268023
380.0,1.1096109920092234,0.0014379485219558096,nan,0,0,cann_gated_cue,1.1360357755336044,0.026424783524380935,0.7961706624268021
382.0,1.112226117558337,0.0014433294309558254,nan,0,0,dead_reckoning,1.1540751303463024,0.04184901278796538,
382.0,1.112226117558337,0.0014433294309558254,nan,0,0,gated_complementary,1.1387893476115498,0.026563230053212816,
382.0,1.112226117558337,0.0014433294309558254,nan,0,0,pll,1.1116644288870783,-0.000561688671258942,
382.0,1.112226117558337,0.0014433294309558254,nan,0,0,cann_no_cue,1.1540751300290768,0.04184901247074002,0.7961706624399233
382.0,1.112226117558337,0.0014433294309558254,nan,0,0,cann_sparse_cue,1.1399083252259345,0.027682207667597325,0.7961706624399232
382.0,1.112226117558337,0.0014433294309558254,nan,0,0,cann_gated_cue,1.1389116725772654,0.02668555501892822,0.7961706624399233
384.0,1.114838494443003,0.0012908677966795156,nan,0,0,dead_reckoning,1.156961789208214,0.04212329476521104,
384.0,1.114838494443003,0.0012908677966795156,nan,0,0,gated_complementary,1.1416760064734615,0.026837512030458477,
384.0,1.114838494443003,0.0012908677966795156,nan,0,0,pll,1.114293959518837,-0.0005445349241659514,
384.0,1.114838494443003,0.0012908677966795156,nan,0,0,cann_no_cue,1.1569617888907338,0.042123294447730775,0.7961706624404138
384.0,1.114838494443003,0.0012908677966795156,nan,0,0,cann_sparse_cue,1.1427949840875913,0.027956489644588522,0.7961706624404138
384.0,1.114838494443003,0.0012908677966795156,nan,0,0,cann_gated_cue,1.1417983314389222,0.026959836995919417,0.7961706624404138
386.0,1.1174472139471634,0.0016058948156175978,nan,0,0,dead_reckoning,1.159543524801573,0.04209631085440968,
386.0,1.1174472139471634,0.0016058948156175978,nan,0,0,gated_complementary,1.1442577420668205,0.026810528119657118,
386.0,1.1174472139471634,0.0016058948156175978,nan,0,0,pll,1.1166185668820432,-0.0008286470651199807,
386.0,1.1174472139471634,0.0016058948156175978,nan,0,0,cann_no_cue,1.159543524483909,0.04209631053674556,0.7961706624272215
386.0,1.1174472139471634,0.0016058948156175978,nan,0,0,cann_sparse_cue,1.1453767196807667,0.02792950573360331,0.7961706624272215
386.0,1.1174472139471634,0.0016058948156175978,nan,0,0,cann_gated_cue,1.1443800670320974,0.02693285308493376,0.7961706624272216
388.0,1.1200513737710494,0.001072659203180117,nan,0,0,dead_reckoning,1.1627553144328082,0.042703940661758644,
388.0,1.1200513737710494,0.001072659203180117,nan,0,0,gated_complementary,1.1474695316980557,0.027418157927006526,
388.0,1.1200513737710494,0.001072659203180117,nan,0,0,pll,1.1195732282831254,-0.0004781454879241309,
388.0,1.1200513737710494,0.001072659203180117,nan,0,0,cann_no_cue,1.1627553141147962,0.042703940343746805,0.7961706624561012
388.0,1.1200513737710494,0.001072659203180117,nan,0,0,cann_sparse_cue,1.1485885093116543,0.028537135540604996,0.7961706624561014
388.0,1.1200513737710494,0.001072659203180117,nan,0,0,cann_gated_cue,1.147591856662985,0.027540482891935447,0.7961706624561011
390.0,1.12265007961412,0.0013699103054425625,nan,0,0,dead_reckoning,1.1649006328391684,0.04225055322504856,
390.0,1.12265007961412,0.0013699103054425625,nan,0,0,gated_complementary,1.1496148501044159,0.026964770490295997,
390.0,1.12265007961412,0.0013699103054425625,nan,0,0,pll,1.1214614184593328,-0.0011886611547868853,
390.0,1.12265007961412,0.0013699103054425625,nan,0,0,cann_no_cue,1.164900632521048,0.04225055290692836,0.7961706624108996
390.0,1.12265007961412,0.0013699103054425625,nan,0,0,cann_sparse_cue,1.150733827717906,0.02808374810378611,0.7961706624108996
390.0,1.12265007961412,0.0013699103054425625,nan,0,0,cann_gated_cue,1.149737175069237,0.027087095455117005,0.7961706624108998
392.0,1.1252424467439701,0.0015133187923076358,nan,0,0,dead_reckoning,1.1676404534500535,0.04239800670608318,
392.0,1.1252424467439701,0.0015133187923076358,nan,0,0,gated_complementary,1.152354670715301,0.027112223971331062,
392.0,1.1252424467439701,0.0015133187923076358,nan,0,0,pll,1.123944110840065,-0.0012983359039049347,
392.0,1.1252424467439701,0.0015133187923076358,nan,0,0,cann_no_cue,1.1676404531317177,0.0423980063877476,0.7961706624338774
392.0,1.1252424467439701,0.0015133187923076358,nan,0,0,cann_sparse_cue,1.1534736483285757,0.028231201584605792,0.7961706624338771
392.0,1.1252424467439701,0.0015133187923076358,nan,0,0,cann_gated_cue,1.1524769956799066,0.027234548935936687,0.7961706624338774
394.0,1.1278276015484514,0.0011567145601296671,nan,0,0,dead_reckoning,1.170667091034669,0.04283948948621763,
394.0,1.1278276015484514,0.0011567145601296671,nan,0,0,gated_complementary,1.1553813082999163,0.027553706751464624,
394.0,1.1278276015484514,0.0011567145601296671,nan,0,0,pll,1.1267136201945274,-0.0011139813539240428,
394.0,1.1278276015484514,0.0011567145601296671,nan,0,0,cann_no_cue,1.1706670907160406,0.04283948916758895,0.7961706624469629
394.0,1.1278276015484514,0.0011567145601296671,nan,0,0,cann_sparse_cue,1.1565002859128983,0.028672684364447143,0.7961706624469627
394.0,1.1278276015484514,0.0011567145601296671,nan,0,0,cann_gated_cue,1.1555036332642294,0.027676031715778038,0.7961706624469629
396.0,1.1304046830682857,0.0014465727897431874,nan,0,0,dead_reckoning,1.1729805201549284,0.04257583708664292,
396.0,1.1304046830682857,0.0014465727897431874,nan,0,0,gated_complementary,1.1576947374201756,0.027290054351889914,
396.0,1.1304046830682857,0.0014465727897431874,nan,0,0,pll,1.1287699210846338,-0.0016347619836518668,
396.0,1.1304046830682857,0.0014465727897431874,nan,0,0,cann_no_cue,1.1729805198361658,0.042575836767880126,0.7961706624168301
396.0,1.1304046830682857,0.0014465727897431874,nan,0,0,cann_sparse_cue,1.158813715033024,0.02840903196473832,0.7961706624168303
396.0,1.1304046830682857,0.0014465727897431874,nan,0,0,cann_gated_cue,1.157817062384355,0.027412379316069213,0.7961706624168302
398.0,1.1329728445074783,0.0016071933838309985,nan,0,0,dead_reckoning,1.1758736657344147,0.042900821226936614,
398.0,1.1329728445074783,0.0016071933838309985,nan,0,0,gated_complementary,1.1605878829996619,0.027615038492183608,
398.0,1.1329728445074783,0.0016071933838309985,nan,0,0,pll,1.1314059384339672,-0.001566906073510843,
398.0,1.1329728445074783,0.0016071933838309985,nan,0,0,cann_no_cue,1.1758736654153983,0.0429008209079198,0.7961706624407104
398.0,1.1329728445074783,0.0016071933838309985,nan,0,0,cann_sparse_cue,1.1617068606122565,0.028734016104777993,0.7961706624407106
398.0,1.1329728445074783,0.0016071933838309985,nan,0,0,cann_gated_cue,1.1607102079635871,0.027737363456108888,0.7961706624407104
400.0,1.1355312547188878,0.0014521633508710217,nan,0,0,dead_reckoning,1.1790880525020766,0.04355679778318855,
400.0,1.1355312547188878,0.0014521633508710217,nan,0,0,gated_complementary,1.1638022697673238,0.028271015048435988,
400.0,1.1355312547188878,0.0014521633508710217,nan,0,0,pll,1.1343631969714763,-0.0011680577474115772,
400.0,1.1355312547188878,0.0014521633508710217,nan,0,0,cann_no_cue,1.1790880521827098,0.043556797463821795,0.7961706624562334
400.0,1.1355312547188878,0.0014521633508710217,nan,0,0,cann_sparse_cue,1.1649212473795683,0.02938999266068043,0.7961706624562334
400.0,1.1355312547188878,0.0014521633508710217,nan,0,0,cann_gated_cue,1.163924594730899,0.02839334001201088,0.7961706624562334
402.0,1.1380790996623396,0.0010692856729480134,nan,0,0,dead_reckoning,1.1819923792038187,0.04391327954147917,
402.0,1.1380790996623396,0.0010692856729480134,nan,0,0,gated_complementary,1.166706596469066,0.028627496806726604,
402.0,1.1380790996623396,0.0010692856729480134,nan,0,0,pll,1.1370103954430653,-0.0010687042192740748,
402.0,1.1380790996623396,0.0010692856729480134,nan,0,0,cann_no_cue,1.1819923788841902,0.04391327922185084,0.7961706624412235
402.0,1.1380790996623396,0.0010692856729480134,nan,0,0,cann_sparse_cue,1.1678255740810486,0.029746474418709035,0.7961706624412233
402.0,1.1380790996623396,0.0010692856729480134,nan,0,0,cann_gated_cue,1.1668289214323795,0.02874982177003993,0.7961706624412234
404.0,1.140615583832729,0.001223188171098627,nan,0,0,dead_reckoning,1.1841309505497146,0.04351536671698586,
404.0,1.140615583832729,0.001223188171098627,nan,0,0,gated_complementary,1.168845167814962,0.028229583982232853,
404.0,1.140615583832729,0.001223188171098627,nan,0,0,pll,1.1388918385588083,-0.0017237452739209402,
404.0,1.140615583832729,0.001223188171098627,nan,0,0,cann_no_cue,1.18413095022998,0.043515366397250954,0.7961706624106711
404.0,1.140615583832729,0.001223188171098627,nan,0,0,cann_sparse_cue,1.1699641454268386,0.02934856159410959,0.7961706624106711
404.0,1.140615583832729,0.001223188171098627,nan,0,0,cann_gated_cue,1.1689674927781695,0.028351908945440485,0.796170662410671
406.0,1.1431399316556081,0.0015625148416099773,nan,0,0,dead_reckoning,1.186577326891912,0.04343739523630408,
406.0,1.1431399316556081,0.0015625148416099773,nan,0,0,gated_complementary,1.1712915441571594,0.02815161250155107,
406.0,1.1431399316556081,0.0015625148416099773,nan,0,0,pll,1.1410810866708525,-0.0020588449847558365,
406.0,1.1431399316556081,0.0015625148416099773,nan,0,0,cann_no_cue,1.1865773265720234,0.04343739491641507,0.7961706624218365
406.0,1.1431399316556081,0.0015625148416099773,nan,0,0,cann_sparse_cue,1.172410521768882,0.029270590113274153,0.7961706624218368
406.0,1.1431399316556081,0.0015625148416099773,nan,0,0,cann_gated_cue,1.1714138691202127,0.028273937464604604,0.7961706624218365
408.0,1.1456513888478062,0.001396675033842788,nan,0,0,dead_reckoning,1.189702356575132,0.04405096772732575,
408.0,1.1456513888478062,0.001396675033842788,nan,0,0,gated_complementary,1.1744165738403793,0.02876518499257319,
408.0,1.1456513888478062,0.001396675033842788,nan,0,0,pll,1.1439489881239195,-0.0017024007238868322,
408.0,1.1456513888478062,0.001396675033842788,nan,0,0,cann_no_cue,1.1897023562549234,0.04405096740711745,0.7961706624517515
408.0,1.1456513888478062,0.001396675033842788,nan,0,0,cann_sparse_cue,1.175535551451782,0.02988416260397564,0.7961706624517517
408.0,1.1456513888478062,0.001396675033842788,nan,0,0,cann_gated_cue,1.1745388988031127,0.028887509955306534,0.7961706624517515
410.0,1.148149223740699,0.0013333683153157242,nan,0,0,dead_reckoning,1.1924957066428175,0.04434648290211829,
410.0,1.148149223740699,0.0013333683153157242,nan,0,0,gated_complementary,1.177209923908065,0.02906070016736617,
410.0,1.148149223740699,0.0013333683153157242,nan,0,0,pll,1.1464852099614522,-0.0016640137792469645,
410.0,1.148149223740699,0.0013333683153157242,nan,0,0,cann_no_cue,1.192495706322376,0.04434648258167684,0.7961706624362207
410.0,1.148149223740699,0.0013333683153157242,nan,0,0,cann_sparse_cue,1.1783289015192346,0.030179677778535918,0.7961706624362208
410.0,1.148149223740699,0.0013333683153157242,nan,0,0,cann_gated_cue,1.1773322488705655,0.029183025129866813,0.796170662436221
412.0,1.1506327285638045,0.0014053930384752354,nan,0,0,dead_reckoning,1.195162443273449,0.044529714709644175,
412.0,1.1506327285638045,0.0014053930384752354,nan,0,0,gated_complementary,1.1798766605386963,0.029243931974892057,
412.0,1.1506327285638045,0.0014053930384752354,nan,0,0,pll,1.1488948183619307,-0.0017379102018737491,
412.0,1.1506327285638045,0.0014053930384752354,nan,0,0,cann_no_cue,1.195162442952806,0.04452971438900155,0.7961706624307513
412.0,1.1506327285638045,0.0014053930384752354,nan,0,0,cann_sparse_cue,1.1809956381496647,0.030362909585860187,0.7961706624307512
412.0,1.1506327285638045,0.0014053930384752354,nan,0,0,cann_gated_cue,1.1799989855009954,0.029366256937191082,0.7961706624307511
414.0,1.1531012206864517,0.001440020098767837,nan,0,0,dead_reckoning,1.1979732293503993,0.04487200866394758,
414.0,1.1531012206864517,0.001440020098767837,nan,0,0,gated_complementary,1.1826874466156467,0.02958622592919502,
414.0,1.1531012206864517,0.001440020098767837,nan,0,0,pll,1.1514484762087283,-0.0016527444777234557,
414.0,1.1531012206864517,0.001440020098767837,nan,0,0,cann_no_cue,1.1979732290295217,0.044872008343070036,0.7961706624369936
414.0,1.1531012206864517,0.001440020098767837,nan,0,0,cann_sparse_cue,1.1838064242263804,0.03070520353992867,0.7961706624369935
414.0,1.1531012206864517,0.001440020098767837,nan,0,0,cann_gated_cue,1.1828097715777113,0.029708550891259566,0.7961706624369936
416.0,1.1555540438153487,0.001180044784108151,nan,0,0,dead_reckoning,1.200853269547935,0.04529922573258638,
416.0,1.1555540438153487,0.001180044784108151,nan,0,0,gated_complementary,1.1855674868131825,0.030013442997833817,
416.0,1.1555540438153487,0.001180044784108151,nan,0,0,pll,1.154071388176111,-0.0014826556392373291,
416.0,1.1555540438153487,0.001180044784108151,nan,0,0,cann_no_cue,1.2008532692268044,0.0452992254114557,0.796170662440112
416.0,1.1555540438153487,0.001180044784108151,nan,0,0,cann_sparse_cue,1.186686464423663,0.031132420608314337,0.7961706624401119
416.0,1.1555540438153487,0.001180044784108151,nan,0,0,cann_gated_cue,1.1856898117749939,0.030135767959645232,0.796170662440112
418.0,1.1579905691459418,0.0012513642186184263,nan,0,0,dead_reckoning,1.2032133591161513,0.045222789970209565,
418.0,1.1579905691459418,0.0012513642186184263,nan,0,0,gated_complementary,1.1879275763813988,0.029937007235457003,
418.0,1.1579905691459418,0.0012513642186184263,nan,0,0,pll,1.1561743495141745,-0.0018162196317672574,
418.0,1.1579905691459418,0.0012513642186184263,nan,0,0,cann_no_cue,1.2032133587948795,0.04522278964893767,0.7961706624185554
418.0,1.1579905691459418,0.0012513642186184263,nan,0,0,cann_sparse_cue,1.189046553991738,0.031055984845796303,0.7961706624185555
418.0,1.1579905691459418,0.0012513642186184263,nan,0,0,cann_gated_cue,1.188049901343069,0.030059332197127198,0.7961706624185554
420.0,1.1604101964655542,0.0013189274817330511,1.1603945610939725,1,0,dead_reckoning,1.2057160875533883,0.045305891087834116,
420.0,1.1604101964655542,0.0013189274817330511,1.1603945610939725,1,0,gated_complementary,1.1904303048186355,0.030020108353081554,
420.0,1.1604101964655542,0.0013189274817330511,1.1603945610939725,1,0,pll,1.1594072554076154,-0.0010029410579388554,
420.0,1.1604101964655542,0.0013189274817330511,1.1603945610939725,1,0,cann_no_cue,1.2057160872319508,0.04530589076639657,0.7961706624240431
420.0,1.1604101964655542,0.0013189274817330511,1.1603945610939725,1,0,cann_sparse_cue,1.1640544310614718,0.0036442345959173394,0.8542873209807443
420.0,1.1604101964655542,0.0013189274817330511,1.1603945610939725,1,0,cann_gated_cue,1.1905526297801405,0.030142433314586548,0.7961706624240432
422.0,1.1628123552063627,0.001201446755542149,nan,0,0,dead_reckoning,1.2083539425168544,0.04554158731049185,
422.0,1.1628123552063627,0.001201446755542149,nan,0,0,gated_complementary,1.1930681597821016,0.030255804575738843,
422.0,1.1628123552063627,0.001201446755542149,nan,0,0,pll,1.1618867127095642,-0.0009256424967984955,
422.0,1.1628123552063627,0.001201446755542149,nan,0,0,cann_no_cue,1.208353942195223,0.04554158698886024,0.7961706624295389
422.0,1.1628123552063627,0.001201446755542149,nan,0,0,cann_sparse_cue,1.1666694169132021,0.0038570617068396373,0.7961706624295392
422.0,1.1628123552063627,0.001201446755542149,nan,0,0,cann_gated_cue,1.193190484743413,0.030378129537050214,0.7961706624295388
424.0,1.165196505446366,0.0012599491763574573,nan,0,0,dead_reckoning,1.2107568360279386,0.04556033058157283,
424.0,1.165196505446366,0.0012599491763574573,nan,0,0,gated_complementary,1.1954710532931858,0.03027454784681982,
424.0,1.165196505446366,0.0012599491763574573,nan,0,0,pll,1.1641312085591313,-0.001065296887234446,
424.0,1.165196505446366,0.0012599491763574573,nan,0,0,cann_no_cue,1.2107568357061596,0.04556033025979378,0.7961706624201683
424.0,1.165196505446366,0.0012599491763574573,nan,0,0,cann_sparse_cue,1.169072310424139,0.0038758049777731785,0.7961706624201684
424.0,1.165196505446366,0.0012599491763574573,nan,0,0,cann_gated_cue,1.1955933782543493,0.03039687280798331,0.7961706624201683
426.0,1.167562138856594,0.001503130480547113,nan,0,0,dead_reckoning,1.2132767343806536,0.045714595524059654,
426.0,1.167562138856594,0.001503130480547113,nan,0,0,gated_complementary,1.1979909516459006,0.030428812789306647,
426.0,1.167562138856594,0.001503130480547113,nan,0,0,pll,1.166492709250329,-0.0010694296062649933,
426.0,1.167562138856594,0.001503130480547113,nan,0,0,cann_no_cue,1.2132767340587054,0.04571459520211141,0.7961706624247253
426.0,1.167562138856594,0.001503130480547113,nan,0,0,cann_sparse_cue,1.171592208776685,0.00403006992009125,0.7961706624247258
426.0,1.167562138856594,0.001503130480547113,nan,0,0,cann_gated_cue,1.1981132766068952,0.03055113775030094,0.7961706624247258
428.0,1.1699087795928866,0.0010970099725640032,nan,0,0,dead_reckoning,1.2162829953417478,0.046374215748861136,
428.0,1.1699087795928866,0.0010970099725640032,nan,0,0,gated_complementary,1.2009972126069948,0.03108843301410813,
428.0,1.1699087795928866,0.0010970099725640032,nan,0,0,pll,1.169340572549906,-0.0005682070429804398,
428.0,1.1699087795928866,0.0010970099725640032,nan,0,0,cann_no_cue,1.216282995019514,0.04637421542662734,0.7961706624459902
428.0,1.1699087795928866,0.0010970099725640032,nan,0,0,cann_sparse_cue,1.1745984697374936,0.004689690144607184,0.7961706624459902
428.0,1.1699087795928866,0.0010970099725640032,nan,0,0,cann_gated_cue,1.2011195375677037,0.031210757974816872,0.7961706624459902
430.0,1.1722359851306892,0.0015950638500696367,nan,0,0,dead_reckoning,1.2184770152868758,0.046241030156186635,
430.0,1.1722359851306892,0.0015950638500696367,nan,0,0,gated_complementary,1.2031912325521228,0.03095524742143363,
430.0,1.1722359851306892,0.0015950638500696367,nan,0,0,pll,1.1713761948335168,-0.0008597902971723137,
430.0,1.1722359851306892,0.0015950638500696367,nan,0,0,cann_no_cue,1.2184770149645272,0.04624102983383782,0.7961706624125717
430.0,1.1722359851306892,0.0015950638500696367,nan,0,0,cann_sparse_cue,1.1767924896825068,0.004556504551817664,0.7961706624125717
430.0,1.1722359851306892,0.0015950638500696367,nan,0,0,cann_gated_cue,1.203313557512717,0.031077572382027796,0.7961706624125721
432.0,1.1745433470413877,0.0015766610224462836,nan,0,0,dead_reckoning,1.2216671429870152,0.047123795945627656,
432.0,1.1745433470413877,0.0015766610224462836,nan,0,0,gated_complementary,1.2063813602522622,0.03183801321087465,
432.0,1.1745433470413877,0.0015766610224462836,nan,0,0,pll,1.1744079248721389,-0.00013542216924911088,
432.0,1.1745433470413877,0.0015766610224462836,nan,0,0,cann_no_cue,1.2216671426643273,0.04712379562293956,0.7961706624550042
432.0,1.1745433470413877,0.0015766610224462836,nan,0,0,cann_sparse_cue,1.1799826173823074,0.0054392703409194,0.7961706624550041
432.0,1.1745433470413877,0.0015766610224462836,nan,0,0,cann_gated_cue,1.206503685212517,0.03196033817112909,0.796170662455004
434.0,1.1768304917088344,0.0009365538827910136,nan,0,0,dead_reckoning,1.2248204650319077,0.04798997332307309,
434.0,1.1768304917088344,0.0009365538827910136,nan,0,0,gated_complementary,1.2095346822971547,0.03270419058832008,
434.0,1.1768304917088344,0.0009365538827910136,nan,0,0,pll,1.1774028492555142,0.0005723575466798358,
434.0,1.1768304917088344,0.0009365538827910136,nan,0,0,cann_no_cue,1.224820464708887,0.047989973000052366,0.7961706624531569
434.0,1.1768304917088344,0.0009365538827910136,nan,0,0,cann_sparse_cue,1.1831359394268668,0.006305447718032653,0.7961706624531569
434.0,1.1768304917088344,0.0009365538827910136,nan,0,0,cann_gated_cue,1.209657007257077,0.03282651554824234,0.7961706624531572
436.0,1.179097080984795,0.0011962806205901596,nan,0,0,dead_reckoning,1.2266935727974897,0.047596491812694985,
436.0,1.179097080984795,0.0011962806205901596,nan,0,0,gated_complementary,1.2114077900627367,0.03231070907794198,
436.0,1.179097080984795,0.0011962806205901596,nan,0,0,pll,1.179117559359579,2.0478374784360653e-05,
436.0,1.179097080984795,0.0011962806205901596,nan,0,0,cann_no_cue,1.2266935724743953,0.047596491489600545,0.7961706624022454
436.0,1.179097080984795,0.0011962806205901596,nan,0,0,cann_sparse_cue,1.1850090471923755,0.005911966207580832,0.7961706624022453
436.0,1.179097080984795,0.0011962806205901596,nan,0,0,cann_gated_cue,1.2115301150225855,0.03243303403779052,0.7961706624022452
438.0,1.1813428127821772,0.0012852787962332338,nan,0,0,dead_reckoning,1.22908613403867,0.047743321256493054,
438.0,1.1813428127821772,0.0012852787962332338,nan,0,0,gated_complementary,1.213800351303917,0.03245753852174005,
438.0,1.1813428127821772,0.0012852787962332338,nan,0,0,pll,1.181351722939242,8.910157064612179e-06,
438.0,1.1813428127821772,0.0012852787962332338,nan,0,0,cann_no_cue,1.2290861337154324,0.04774332093325517,0.7961706624197765
438.0,1.1813428127821772,0.0012852787962332338,nan,0,0,cann_sparse_cue,1.1874016084334127,0.00605879565123546,0.7961706624197766
438.0,1.1813428127821772,0.0012852787962332338,nan,0,0,cann_gated_cue,1.2139226762636228,0.03257986348144559,0.7961706624197764
440.0,1.1835674216049936,0.0010816132539823952,1.1833998759133706,1,0,dead_reckoning,1.2316566916311364,0.04808927002614283,
440.0,1.1835674216049936,0.0010816132539823952,1.1833998759133706,1,0,gated_complementary,1.2163709088963834,0.03280348729138982,
440.0,1.1835674216049936,0.0010816132539823952,1.1833998759133706,1,0,pll,1.183581879391781,1.4457786787325233e-05,
440.0,1.1835674216049936,0.0010816132539823952,1.1833998759133706,1,0,cann_no_cue,1.2316566913077196,0.04808926970272598,0.7961706624267657
440.0,1.1835674216049936,0.0010816132539823952,1.1833998759133706,1,0,cann_sparse_cue,1.184171737649888,0.0006043160448943041,0.8542891577201456
440.0,1.1835674216049936,0.0010816132539823952,1.1833998759133706,1,0,cann_gated_cue,1.21649323385591,0.0329258122509164,0.7961706624267659
442.0,1.1857706790141316,0.0010643408455871415,nan,0,0,dead_reckoning,1.2338199181391012,0.04804923912496939,
442.0,1.1857706790141316,0.0010643408455871415,nan,0,0,gated_complementary,1.2185341354043482,0.03276345639021638,
442.0,1.1857706790141316,0.0010643408455871415,nan,0,0,pll,1.1855685078903875,-0.00020217112374432133,
442.0,1.1857706790141316,0.0010643408455871415,nan,0,0,cann_no_cue,1.2338199178155758,0.04804923880144418,0.7961706624115101
442.0,1.1857706790141316,0.0010643408455871415,nan,0,0,cann_sparse_cue,1.1863284720414695,0.0005577930273377163,0.7961706624115102
442.0,1.1857706790141316,0.0010643408455871415,nan,0,0,cann_gated_cue,1.2186564603637666,0.032885781349635046,0.7961706624115101
444.0,1.1879523940281134,0.0011381973050495103,nan,0,0,dead_reckoning,1.2359485998302757,0.04799620580216235,
444.0,1.1879523940281134,0.0011381973050495103,nan,0,0,gated_complementary,1.2206628170955225,0.032710423067409344,
444.0,1.1879523940281134,0.0011381973050495103,nan,0,0,pll,1.1875205915722036,-0.000431802455909569,
444.0,1.1879523940281134,0.0011381973050495103,nan,0,0,cann_no_cue,1.235948599506648,0.04799620547853456,0.7961706624103373
444.0,1.1879523940281134,0.0011381973050495103,nan,0,0,cann_sparse_cue,1.1884571537325417,0.0005047597044285368,0.7961706624103372
444.0,1.1879523940281134,0.0011381973050495103,nan,0,0,cann_gated_cue,1.2207851420548388,0.03283274802672542,0.7961706624103372
446.0,1.1901124134581424,0.0013010868871422975,nan,0,0,dead_reckoning,1.2382249944403747,0.048112580982232256,
446.0,1.1901124134581424,0.0013010868871422975,nan,0,0,gated_complementary,1.2229392117056215,0.032826798247478806,
446.0,1.1901124134581424,0.0013010868871422975,nan,0,0,pll,1.1896203881729444,-0.0004920252851983165,
446.0,1.1901124134581424,0.0013010868871422975,nan,0,0,cann_no_cue,1.2382249941166226,0.04811258065848012,0.7961706624154853
446.0,1.1901124134581424,0.0013010868871422975,nan,0,0,cann_sparse_cue,1.1907335483425165,0.0006211348843740971,0.7961706624154852
446.0,1.1901124134581424,0.0013010868871422975,nan,0,0,cann_gated_cue,1.2230615366648134,0.03294912320667098,0.7961706624154854
448.0,1.1922506221768492,0.001069419285114043,nan,0,0,dead_reckoning,1.2408271682146592,0.04857654603781025,
448.0,1.1922506221768492,0.001069419285114043,nan,0,0,gated_complementary,1.225541385479906,0.0332907633030568,
448.0,1.1922506221768492,0.001069419285114043,nan,0,0,pll,1.1920459639378707,-0.00020465823897852786,
448.0,1.1922506221768492,0.001069419285114043,nan,0,0,cann_no_cue,1.2408271678907217,0.04857654571387249,0.7961706624280598
448.0,1.1922506221768492,0.001069419285114043,nan,0,0,cann_sparse_cue,1.1933357221166159,0.0010850999397664651,0.7961706624280597
448.0,1.1922506221768492,0.001069419285114043,nan,0,0,cann_gated_cue,1.2256637104389123,0.03341308826206291,0.7961706624280597
450.0,1.1943669433202624,0.0014732349621228184,nan,0,0,dead_reckoning,1.2429660067848873,0.04859906346462495,
450.0,1.1943669433202624,0.0014732349621228184,nan,0,0,gated_complementary,1.227680224050134,0.03331328072987194,
450.0,1.1943669433202624,0.0014732349621228184,nan,0,0,pll,1.1940082044987406,-0.0003587388215215981,
450.0,1.1943669433202624,0.0014732349621228184,nan,0,0,cann_no_cue,1.2429660064608448,0.04859906314058238,0.7961706624106801
450.0,1.1943669433202624,0.0014732349621228184,nan,0,0,cann_sparse_cue,1.1954745606867392,0.0011076173664767985,0.79617066241068
450.0,1.1943669433202624,0.0014732349621228184,nan,0,0,cann_gated_cue,1.2278025490090354,0.033435605688772796,0.7961706624106801
452.0,1.1964613384226557,0.001199012113846615,nan,0,0,dead_reckoning,1.245912476709133,0.04945113828647729,
452.0,1.1964613384226557,0.001199012113846615,nan,0,0,gated_complementary,1.2306266939743797,0.03416535555172384,
452.0,1.1964613384226557,0.001199012113846615,nan,0,0,pll,1.196778076413628,0.00031673799097209354,
452.0,1.1964613384226557,0.001199012113846615,nan,0,0,cann_no_cue,1.2459124763848228,0.04945113796216738,0.7961706624431741
452.0,1.1964613384226557,0.001199012113846615,nan,0,0,cann_sparse_cue,1.1984210306107173,0.0019596921880618012,0.7961706624431742
452.0,1.1964613384226557,0.001199012113846615,nan,0,0,cann_gated_cue,1.2307490189330135,0.0342876805103578,0.796170662443174
454.0,1.1985338074840288,0.00111880352570467,nan,0,0,dead_reckoning,1.2483105009368263,0.04977669345279745,
454.0,1.1985338074840288,0.00111880352570467,nan,0,0,gated_complementary,1.233024718202073,0.034490910718044,
454.0,1.1985338074840288,0.00111880352570467,nan,0,0,pll,1.1989995026319629,0.0004656951479340421,
454.0,1.1985338074840288,0.00111880352570467,nan,0,0,cann_no_cue,1.2483105006123674,0.04977669312833832,0.7961706624199835
454.0,1.1985338074840288,0.00111880352570467,nan,0,0,cann_sparse_cue,1.2008190548382622,0.0022852473542336327,0.7961706624199837
454.0,1.1985338074840288,0.00111880352570467,nan,0,0,cann_gated_cue,1.2331470431605582,0.034613235676529186,0.7961706624199836
456.0,1.2005843889701087,0.0013764133553635775,nan,0,0,dead_reckoning,1.2505481079882355,0.049963719018126795,
456.0,1.2005843889701087,0.0013764133553635775,nan,0,0,gated_complementary,1.2352623252534825,0.03467793628337379,
456.0,1.2005843889701087,0.0013764133553635775,nan,0,0,pll,1.2010605116740138,0.00047612270390517963,
456.0,1.2005843889701087,0.0013764133553635775,nan,0,0,cann_no_cue,1.2505481076636578,0.0499637186935491,0.7961706624141001
456.0,1.2005843889701087,0.0013764133553635775,nan,0,0,cann_sparse_cue,1.2030566618895524,0.002472272919443519,0.7961706624141
456.0,1.2005843889701087,0.0013764133553635775,nan,0,0,cann_gated_cue,1.2353846502118484,0.03480026124173996,0.7961706624141
458.0,1.2026131597448657,0.0012169684831941179,nan,0,0,dead_reckoning,1.2533009346989625,0.05068777495409682,
458.0,1.2026131597448657,0.0012169684831941179,nan,0,0,gated_complementary,1.2380151519642095,0.035401992219343814,
458.0,1.2026131597448657,0.0012169684831941179,nan,0,0,pll,1.2036367403753827,0.0010235806305169959,
458.0,1.2026131597448657,0.0012169684831941179,nan,0,0,cann_no_cue,1.253300934374166,0.050687774629300186,0.7961706624344427
458.0,1.2026131597448657,0.0012169684831941179,nan,0,0,cann_sparse_cue,1.2058094886000605,0.003196328855194608,0.7961706624344423
458.0,1.2026131597448657,0.0012169684831941179,nan,0,0,cann_gated_cue,1.2381374769223568,0.03552431717749105,0.7961706624344427
460.0,1.2046202349356703,0.001157887887389515,1.204039148435581,1,0,dead_reckoning,1.255734871665351,0.05111463672968064,
460.0,1.2046202349356703,0.001157887887389515,1.204039148435581,1,0,gated_complementary,1.2404490889305977,0.035828853994927634,
460.0,1.2046202349356703,0.001157887887389515,1.204039148435581,1,0,pll,1.204966613883997,0.00034637894832645344,
460.0,1.2046202349356703,0.001157887887389515,1.204039148435581,1,0,cann_no_cue,1.2557348713404,0.05111463640472991,0.7961706624213563
460.0,1.2046202349356703,0.001157887887389515,1.204039148435581,1,0,cann_sparse_cue,1.2045329026884224,-8.73322472481064e-05,0.8542892082313948
460.0,1.2046202349356703,0.001157887887389515,1.204039148435581,1,0,cann_gated_cue,1.2405714138885908,0.03595117895292077,0.7961706624213563
462.0,1.2066057677313187,0.0010176923549935389,nan,0,0,dead_reckoning,1.2580506474401298,0.051444879708811175,
462.0,1.2066057677313187,0.0010176923549935389,nan,0,0,gated_complementary,1.2427648647053766,0.036159096974057725,
462.0,1.2066057677313187,0.0010176923549935389,nan,0,0,pll,1.2070130451045762,0.0004072773732577417,
462.0,1.2066057677313187,0.0010176923549935389,nan,0,0,cann_no_cue,1.258050647115047,0.05144487938372855,0.7961706624169161
462.0,1.2066057677313187,0.0010176923549935389,nan,0,0,cann_sparse_cue,1.2068435575408452,0.00023778980952648965,0.7961706624169163
462.0,1.2066057677313187,0.0010176923549935389,nan,0,0,cann_gated_cue,1.2428871896632379,0.03628142193191941,0.7961706624169163
464.0,1.2085699491132886,0.0013874715292009957,nan,0,0,dead_reckoning,1.260086032150117,0.05151608303682842,
464.0,1.2085699491132886,0.0013874715292009957,nan,0,0,gated_complementary,1.2448002494153636,0.03623030030207497,
464.0,1.2085699491132886,0.0013874715292009957,nan,0,0,pll,1.2087790852603635,0.00020913614707485095,
464.0,1.2085699491132886,0.0013874715292009957,nan,0,0,cann_no_cue,1.260086031824944,0.05151608271165564,0.7961706624072633
464.0,1.2085699491132886,0.0013874715292009957,nan,0,0,cann_sparse_cue,1.2088789422507424,0.0003089931374535837,0.7961706624072636
464.0,1.2085699491132886,0.0013874715292009957,nan,0,0,cann_gated_cue,1.244922574373135,0.036352625259846505,0.7961706624072635
466.0,1.2105130075206927,0.0012099847238988505,nan,0,0,dead_reckoning,1.2628609752085191,0.05234796768782646,
466.0,1.2105130075206927,0.0012099847238988505,nan,0,0,gated_complementary,1.2475751924737657,0.03706218495307301,
466.0,1.2105130075206927,0.0012099847238988505,nan,0,0,pll,1.2112846837645657,0.0007716762438727542,
466.0,1.2105130075206927,0.0012099847238988505,nan,0,0,cann_no_cue,1.2628609748831225,0.05234796736242986,0.7961706624354096
466.0,1.2105130075206927,0.0012099847238988505,nan,0,0,cann_sparse_cue,1.2116538853089212,0.001140877788228245,0.7961706624354098
466.0,1.2105130075206927,0.0012099847238988505,nan,0,0,cann_gated_cue,1.2476975174313134,0.03718450991062072,0.7961706624354098
468.0,1.2124352084495185,0.0010163144843240639,nan,0,0,dead_reckoning,1.2652809446563167,0.05284573620679822,
468.0,1.2124352084495185,0.0010163144843240639,nan,0,0,gated_complementary,1.2499951619215635,0.037559953472045216,
468.0,1.2124352084495185,0.0010163144843240639,nan,0,0,pll,1.2134353086581635,0.0010001002086452715,
468.0,1.2124352084495185,0.0010163144843240639,nan,0,0,cann_no_cue,1.2652809443307687,0.05284573588125019,0.7961706624208201
468.0,1.2124352084495185,0.0010163144843240639,nan,0,0,cann_sparse_cue,1.2140738547565673,0.0016386463070485746,0.79617066242082
468.0,1.2124352084495185,0.0010163144843240639,nan,0,0,cann_gated_cue,1.2501174868789597,0.037682278429441496,0.7961706624208201
470.0,1.2143368539868584,0.0007606012355318088,nan,0,0,dead_reckoning,1.2673135736249648,0.05297671963810657,
470.0,1.2143368539868584,0.0007606012355318088,nan,0,0,gated_complementary,1.2520277908902115,0.03769093690335312,
470.0,1.2143368539868584,0.0007606012355318088,nan,0,0,pll,1.2151985930726117,0.0008617390857530438,
470.0,1.2143368539868584,0.0007606012355318088,nan,0,0,cann_no_cue,1.267313573299327,0.05297671931246839,0.7961706624071749
470.0,1.2143368539868584,0.0007606012355318088,nan,0,0,cann_sparse_cue,1.2161064837251254,0.00176962973826722,0.7961706624071748
470.0,1.2143368539868584,0.0007606012355318088,nan,0,0,cann_gated_cue,1.252150115847518,0.03781326186065925,0.7961706624071747
472.0,1.2162182822809462,0.0010823146034055911,nan,0,0,dead_reckoning,1.2688347760960283,0.052616493815082155,
472.0,1.2162182822809462,0.0010823146034055911,nan,0,0,gated_complementary,1.2535489933612751,0.037330711080328705,
472.0,1.2162182822809462,0.0010823146034055911,nan,0,0,pll,1.2164504509894754,0.00023216870852937888,
472.0,1.2162182822809462,0.0010823146034055911,nan,0,0,cann_no_cue,1.2688347757703526,0.052616493489406224,0.7961706623927949
472.0,1.2162182822809462,0.0010823146034055911,nan,0,0,cann_sparse_cue,1.2176276861961515,0.0014094039152050541,0.7961706623927949
472.0,1.2162182822809462,0.0010823146034055911,nan,0,0,cann_gated_cue,1.253671318318544,0.037453036037597975,0.7961706623927949
474.0,1.2180798669479302,0.0008031262749915424,nan,0,0,dead_reckoning,1.2709994053028395,0.05291953835490926,
474.0,1.2180798669479302,0.0008031262749915424,nan,0,0,gated_complementary,1.2557136225680863,0.03763375562015625,
474.0,1.2180798669479302,0.0008031262749915424,nan,0,0,pll,1.2183457356420866,0.00026586869415634595,
474.0,1.2180798669479302,0.0008031262749915424,nan,0,0,cann_no_cue,1.270999404977058,0.05291953802912808,0.7961706624115582
474.0,1.2180798669479302,0.0008031262749915424,nan,0,0,cann_sparse_cue,1.2197923154028567,0.001712448454926463,0.7961706624115581
474.0,1.2180798669479302,0.0008031262749915424,nan,0,0,cann_gated_cue,1.2558359475252494,0.03775608057731894,0.7961706624115583
476.0,1.2199220164164237,0.0006784266302168015,nan,0,0,dead_reckoning,1.2726056578528224,0.0526836414363987,
476.0,1.2199220164164237,0.0006784266302168015,nan,0,0,gated_complementary,1.2573198751180694,0.03739785870164569,
476.0,1.2199220164164237,0.0006784266302168015,nan,0,0,pll,1.2196826436378698,-0.0002393727785539035,
476.0,1.2199220164164237,0.0006784266302168015,nan,0,0,cann_no_cue,1.2726056575269964,0.052683641110572665,0.7961706623948996
476.0,1.2199220164164237,0.0006784266302168015,nan,0,0,cann_sparse_cue,1.2213985679527952,0.0014765515363714954,0.7961706623948995
476.0,1.2199220164164237,0.0006784266302168015,nan,0,0,cann_gated_cue,1.257442200075188,0.03752018365876442,0.7961706623948995
478.0,1.2217451732109823,0.0009142972510758857,nan,0,0,dead_reckoning,1.2739625111132562,0.0522173379022739,
478.0,1.2217451732109823,0.0009142972510758857,nan,0,0,gated_complementary,1.258676728378503,0.03693155516752089,
478.0,1.2217451732109823,0.0009142972510758857,nan,0,0,pll,1.2207701523441037,-0.0009750208668783955,
478.0,1.2217451732109823,0.0009142972510758857,nan,0,0,cann_no_cue,1.2739625107874037,0.05221733757642166,0.7961706623890527
478.0,1.2217451732109823,0.0009142972510758857,nan,0,0,cann_sparse_cue,1.2227554212132026,0.001010248002220493,0.7961706623890527
478.0,1.2217451732109823,0.0009142972510758857,nan,0,0,cann_gated_cue,1.258799053335595,0.037053880124612526,0.7961706623890527
480.0,1.2235498131757652,0.0010095423747264079,1.2233243313820799,1,0,dead_reckoning,1.2757911056154079,0.052241292439642706,
480.0,1.2235498131757652,0.0010095423747264079,1.2233243313820799,1,0,gated_complementary,1.2605053228806546,0.0369555097048897,
480.0,1.2235498131757652,0.0010095423747264079,1.2233243313820799,1,0,pll,1.2228268668370676,-0.0007229463386977386,
480.0,1.2235498131757652,0.0010095423747264079,1.2233243313820799,1,0,cann_no_cue,1.2757911052894917,0.05224129211372652,0.7961706624009418
480.0,1.2235498131757652,0.0010095423747264079,1.2233243313820799,1,0,cann_sparse_cue,1.2234722691898343,-7.754398593107226e-05,0.8542892400767202
480.0,1.2235498131757652,0.0010095423747264079,1.2233243313820799,1,0,cann_gated_cue,1.260627647837683,0.03707783466191783,0.7961706624009417
482.0,1.2253364446397434,0.0011738108865655243,nan,0,0,dead_reckoning,1.2778101903648607,0.052473745725117205,
482.0,1.2253364446397434,0.0011738108865655243,nan,0,0,gated_complementary,1.2625244076301074,0.0371879629903642,
482.0,1.2253364446397434,0.0011738108865655243,nan,0,0,pll,1.2246263534868218,-0.0007100911529214216,
482.0,1.2253364446397434,0.0011738108865655243,nan,0,0,cann_no_cue,1.2778101900388579,0.052473745399114424,0.7961706624067406
482.0,1.2253364446397434,0.0011738108865655243,nan,0,0,cann_sparse_cue,1.2254884432110424,0.00015199857129921668,0.7961706624067406
482.0,1.2253364446397434,0.0011738108865655243,nan,0,0,cann_gated_cue,1.2626467325870494,0.03731028794730573,0.7961706624067407
484.0,1.2271056075249174,0.0009950425094934683,nan,0,0,dead_reckoning,1.2801578121379917,0.05305220461307414,
484.0,1.2271056075249174,0.0009950425094934683,nan,0,0,gated_complementary,1.2648720294032385,0.03776642187832113,
484.0,1.2271056075249174,0.0009950425094934683,nan,0,0,pll,1.2267543771602543,-0.0003512303646631132,
484.0,1.2271056075249174,0.0009950425094934683,nan,0,0,cann_no_cue,1.280157811811853,0.05305220428693591,0.796170662418091
484.0,1.2271056075249174,0.0009950425094934683,nan,0,0,cann_sparse_cue,1.2278360649840376,0.0007304574591202595,0.7961706624180911
484.0,1.2271056075249174,0.0009950425094934683,nan,0,0,cann_gated_cue,1.2649943543600446,0.03788874683512722,0.7961706624180911
486.0,1.2288578723991106,0.0010758595992127159,nan,0,0,dead_reckoning,1.2821478971569786,0.05329002475786826,
486.0,1.2288578723991106,0.0010758595992127159,nan,0,0,gated_complementary,1.2668621144222254,0.03800424202311481,
486.0,1.2288578723991106,0.0010758595992127159,nan,0,0,pll,1.2285248640795425,-0.0003330083195680622,
486.0,1.2288578723991106,0.0010758595992127159,nan,0,0,cann_no_cue,1.2821478968307556,0.05329002443164477,0.7961706624058207
486.0,1.2288578723991106,0.0010758595992127159,nan,0,0,cann_sparse_cue,1.2298261500029402,0.0009682776038295593,0.7961706624058208
486.0,1.2288578723991106,0.0010758595992127159,nan,0,0,cann_gated_cue,1.2669844393789471,0.03812656697983652,0.7961706624058208
488.0,1.230593839475,0.0007220828605469009,nan,0,0,dead_reckoning,1.284299616355404,0.0537057768804039,
488.0,1.230593839475,0.0007220828605469009,nan,0,0,gated_complementary,1.269013833620651,0.03841999414565089,
488.0,1.230593839475,0.0007220828605469009,nan,0,0,pll,1.2304569851782694,-0.00013685429673060412,
488.0,1.230593839475,0.0007220828605469009,nan,0,0,cann_no_cue,1.284299616029076,0.053705776554076046,0.7961706624111172
488.0,1.230593839475,0.0007220828605469009,nan,0,0,cann_sparse_cue,1.2319778692012608,0.001384029726260838,0.7961706624111174
488.0,1.230593839475,0.0007220828605469009,nan,0,0,cann_gated_cue,1.2691361585772676,0.0385423191022678,0.7961706624111174
490.0,1.2323141375571391,0.0009255842448314836,nan,0,0,dead_reckoning,1.2857437820764979,0.05342964451935872,
490.0,1.2323141375571391,0.0009255842448314836,nan,0,0,gated_complementary,1.2704579993417446,0.03814386178460527,
490.0,1.2323141375571391,0.0009255842448314836,nan,0,0,pll,1.2316815527996645,-0.0006325847574748522,
490.0,1.2323141375571391,0.0009255842448314836,nan,0,0,cann_no_cue,1.2857437817501371,0.053429644192998005,0.7961706623909873
490.0,1.2323141375571391,0.0009255842448314836,nan,0,0,cann_sparse_cue,1.233422034922322,0.0011078973651827972,0.7961706623909875
490.0,1.2323141375571391,0.0009255842448314836,nan,0,0,cann_gated_cue,1.2705803242983287,0.038266186741189756,0.7961706623909875
492.0,1.2340194229388202,0.000942145013387685,nan,0,0,dead_reckoning,1.2875949505661608,0.053575527627340414,
492.0,1.2340194229388202,0.000942145013387685,nan,0,0,gated_complementary,1.2723091678314076,0.03828974489258741,
492.0,1.2340194229388202,0.000942145013387685,nan,0,0,pll,1.2333131231896288,-0.0007062997491913414,
492.0,1.2340194229388202,0.000942145013387685,nan,0,0,cann_no_cue,1.287594950239734,0.05357552730091353,0.796170662401599
492.0,1.2340194229388202,0.000942145013387685,nan,0,0,cann_sparse_cue,1.2352732034119192,0.0012537804730987645,0.796170662401599
492.0,1.2340194229388202,0.000942145013387685,nan,0,0,cann_gated_cue,1.2724314927879254,0.03841206984910528,0.796170662401599
494.0,1.2357103782507137,0.001076745382292491,nan,0,0,dead_reckoning,1.2894792405929363,0.053768862342222334,
494.0,1.2357103782507137,0.001076745382292491,nan,0,0,gated_complementary,1.2741934578581828,0.03848307960746933,
494.0,1.2357103782507137,0.001076745382292491,nan,0,0,pll,1.2349778151167055,-0.0007325631340080463,
494.0,1.2357103782507137,0.001076745382292491,nan,0,0,cann_no_cue,1.2894792402664388,0.05376886201572528,0.7961706624025776
494.0,1.2357103782507137,0.001076745382292491,nan,0,0,cann_sparse_cue,1.2371574934386238,0.0014471151879100752,0.7961706624025776
494.0,1.2357103782507137,0.001076745382292491,nan,0,0,cann_gated_cue,1.27431578281463,0.038605404563916146,0.7961706624025779
496.0,1.237387711263302,0.0009384643597491817,nan,0,0,dead_reckoning,1.291632731357521,0.054245020094219054,
496.0,1.237387711263302,0.0009384643597491817,nan,0,0,gated_complementary,1.2763469486227679,0.038959237359465604,
496.0,1.237387711263302,0.0009384643597491817,nan,0,0,pll,1.2369117077815919,-0.0004760034817099523,
496.0,1.237387711263302,0.0009384643597491817,nan,0,0,cann_no_cue,1.2916327310309188,0.05424501976761675,0.7961706624111776
496.0,1.237387711263302,0.0009384643597491817,nan,0,0,cann_sparse_cue,1.2393109842031038,0.0019232729398019899,0.7961706624111777
496.0,1.237387711263302,0.0009384643597491817,nan,0,0,cann_gated_cue,1.2764692735791103,0.039081562315808505,0.7961706624111777
498.0,1.2390521536452095,0.0010464494160512313,nan,0,0,dead_reckoning,1.2935096600770195,0.05445750643181002,
498.0,1.2390521536452095,0.0010464494160512313,nan,0,0,gated_complementary,1.2782238773422663,0.03917172369705657,
498.0,1.2390521536452095,0.0010464494160512313,nan,0,0,pll,1.2385690384013917,-0.00048311524381805526,
498.0,1.2390521536452095,0.0010464494160512313,nan,0,0,cann_no_cue,1.2935096597503466,0.05445750610513711,0.7961706624023588
498.0,1.2390521536452095,0.0010464494160512313,nan,0,0,cann_sparse_cue,1.2411879129225318,0.0021357592773223466,0.7961706624023588
498.0,1.2390521536452095,0.0010464494160512313,nan,0,0,cann_gated_cue,1.2783462022985383,0.03929404865332886,0.7961706624023588
500.0,1.2407044596796064,0.0008134281433844061,1.2400288446251724,1,0,dead_reckoning,1.295602558909122,0.05489809922951583,
500.0,1.2407044596796064,0.0008134281433844061,1.2400288446251724,1,0,gated_complementary,1.2803167761743688,0.03961231649476238,
500.0,1.2407044596796064,0.0008134281433844061,1.2400288446251724,1,0,pll,1.2402355918794838,-0.00046886780012256324,
500.0,1.2407044596796064,0.0008134281433844061,1.2400288446251724,1,0,cann_no_cue,1.2956025585823527,0.054898098902746106,0.7961706624091421
500.0,1.2407044596796064,0.0008134281433844061,1.2400288446251724,1,0,cann_sparse_cue,1.2404107578967574,-0.00029370178284882087,0.8542892222858371
500.0,1.2407044596796064,0.0008134281433844061,1.2400288446251724,1,0,cann_gated_cue,1.2804391011305445,0.03973464145093786,0.796170662409142
502.0,1.242345404940941,0.0009584280852851788,nan,0,0,dead_reckoning,1.2972294151958907,0.05488401025494971,
502.0,1.242345404940941,0.0009584280852851788,nan,0,0,gated_complementary,1.2819436324611375,0.03959822752019626,
502.0,1.242345404940941,0.0009584280852851788,nan,0,0,pll,1.2416221753411227,-0.000723229599818076,
502.0,1.242345404940941,0.0009584280852851788,nan,0,0,cann_no_cue,1.2972294148690753,0.05488400992813425,0.7961706623954264
502.0,1.242345404940941,0.0009584280852851788,nan,0,0,cann_sparse_cue,1.2420338239234534,-0.00031158101748740563,0.7961706623954267
502.0,1.242345404940941,0.0009584280852851788,nan,0,0,cann_gated_cue,1.2820659574172668,0.039720552476326,0.7961706623954267
504.0,1.2439757849343178,0.0009687493512826402,nan,0,0,dead_reckoning,1.2991462713664612,0.055170486432143395,
504.0,1.2439757849343178,0.0009687493512826402,nan,0,0,gated_complementary,1.2838604886317078,0.039884703697389945,
504.0,1.2439757849343178,0.0009687493512826402,nan,0,0,pll,1.2432987586865634,-0.0006770262477546751,
504.0,1.2439757849343178,0.0009687493512826402,nan,0,0,cann_no_cue,1.2991462710395718,0.05517048610525421,0.7961706624035574
504.0,1.2439757849343178,0.0009687493512826402,nan,0,0,cann_sparse_cue,1.24395068009395,-2.5104840367884407e-05,0.7961706624035572
504.0,1.2439757849343178,0.0009687493512826402,nan,0,0,cann_gated_cue,1.2839828135877636,0.040007028653445964,0.7961706624035569
506.0,1.2455964136999116,0.0006692047717304448,nan,0,0,dead_reckoning,1.3010837700690265,0.05548735636911495,
506.0,1.2455964136999116,0.0006692047717304448,nan,0,0,gated_complementary,1.285797987334273,0.0402015736343615,
506.0,1.2455964136999116,0.0006692047717304448,nan,0,0,pll,1.2449959845639988,-0.000600429135912961,
506.0,1.2455964136999116,0.0006692047717304448,nan,0,0,cann_no_cue,1.3010837697420603,0.05548735604214894,0.7961706624041868
506.0,1.2455964136999116,0.0006692047717304448,nan,0,0,cann_sparse_cue,1.2458881787964384,0.00029176509652684146,0.7961706624041868
506.0,1.2455964136999116,0.0006692047717304448,nan,0,0,cann_gated_cue,1.285920312290252,0.04032389859034069,0.7961706624041867
508.0,1.247208122384864,0.0009179049273747606,nan,0,0,dead_reckoning,1.3024221796124875,0.05521405722762385,
508.0,1.247208122384864,0.0009179049273747606,nan,0,0,gated_complementary,1.287136396877734,0.03992827449286995,
508.0,1.247208122384864,0.0009179049273747606,nan,0,0,pll,1.24609412128233,-0.0011140011025339014,
508.0,1.247208122384864,0.0009179049273747606,nan,0,0,cann_no_cue,1.3024221792854955,0.055214056900631636,0.7961706623886593
508.0,1.247208122384864,0.0009179049273747606,nan,0,0,cann_sparse_cue,1.2472265883398734,1.846595500953896e-05,0.7961706623886594
508.0,1.247208122384864,0.0009179049273747606,nan,0,0,cann_gated_cue,1.287258721833687,0.04005059944882294,0.7961706623886595
510.0,1.2488117577851687,0.0008319573094417641,nan,0,0,dead_reckoning,1.3042579894672368,0.05544623168206808,
510.0,1.2488117577851687,0.0008319573094417641,nan,0,0,gated_complementary,1.2889722067324836,0.040160448947315075,
510.0,1.2488117577851687,0.0008319573094417641,nan,0,0,pll,1.2476896583119497,-0.0011220994732190626,
510.0,1.2488117577851687,0.0008319573094417641,nan,0,0,cann_no_cue,1.3042579891401804,0.05544623135501148,0.7961706624011509
510.0,1.2488117577851687,0.0008319573094417641,nan,0,0,cann_sparse_cue,1.2490623981945588,0.000250640409389824,0.796170662401151
510.0,1.2488117577851687,0.0008319573094417641,nan,0,0,cann_gated_cue,1.2890945316883722,0.04028277390320323,0.7961706624011511
512.0,1.250408180860105,0.000549079659523084,nan,0,0,dead_reckoning,1.3059219040861203,0.05551372322601544,
512.0,1.250408180860105,0.000549079659523084,nan,0,0,gated_complementary,1.290636121351367,0.04022794049126199,
512.0,1.250408180860105,0.000549079659523084,nan,0,0,pll,1.2491133001057033,-0.0012948807544015395,
512.0,1.250408180860105,0.000549079659523084,nan,0,0,cann_no_cue,1.3059219037590153,0.05551372289890999,0.7961706623963913
512.0,1.250408180860105,0.000549079659523084,nan,0,0,cann_sparse_cue,1.2507263128133934,0.00031813195328833643,0.7961706623963913
512.0,1.250408180860105,0.000549079659523084,nan,0,0,cann_gated_cue,1.2907584463072068,0.04035026544710174,0.7961706623963913
514.0,1.251998265221821,0.0010467580900487537,nan,0,0,dead_reckoning,1.3070200634051665,0.05502179818334563,
514.0,1.251998265221821,0.0010467580900487537,nan,0,0,gated_complementary,1.2917342806704133,0.03973601544859218,
514.0,1.251998265221821,0.0010467580900487537,nan,0,0,pll,1.2499711865996197,-0.002027078622201195,
514.0,1.251998265221821,0.0010467580900487537,nan,0,0,cann_no_cue,1.307020063078047,0.055021797856226407,0.7961706623840277
514.0,1.251998265221821,0.0010467580900487537,nan,0,0,cann_sparse_cue,1.2518244721324254,-0.00017379308939524662,0.796170662384028
514.0,1.251998265221821,0.0010467580900487537,nan,0,0,cann_gated_cue,1.2918566056262388,0.03985834040441816,0.7961706623840278
516.0,1.2535828956027215,0.0008099474370745294,nan,0,0,dead_reckoning,1.3091135795852642,0.05553068398254268,
516.0,1.2535828956027215,0.0008099474370745294,nan,0,0,gated_complementary,1.2938277968505107,0.04024490124778923,
516.0,1.2535828956027215,0.0008099474370745294,nan,0,0,pll,1.2518244299545873,-0.0017584656481339778,
516.0,1.2535828956027215,0.0008099474370745294,nan,0,0,cann_no_cue,1.3091135792580497,0.055530683655327984,0.7961706624091626
516.0,1.2535828956027215,0.0008099474370745294,nan,0,0,cann_sparse_cue,1.253917988312428,0.00033509270970633054,0.7961706624091623
516.0,1.2535828956027215,0.0008099474370745294,nan,0,0,cann_gated_cue,1.2939501218062412,0.040367226203519735,0.7961706624091626
518.0,1.2551629663033472,0.0007340850379568477,nan,0,0,dead_reckoning,1.310733474459413,0.05557050815606601,
518.0,1.2551629663033472,0.0007340850379568477,nan,0,0,gated_complementary,1.2954476917246598,0.04028472542131256,
518.0,1.2551629663033472,0.0007340850379568477,nan,0,0,pll,1.2532040520036065,-0.0019589142997409326,
518.0,1.2551629663033472,0.0007340850379568477,nan,0,0,cann_no_cue,1.310733474132153,0.055570507828806015,0.7961706623952477
518.0,1.2551629663033472,0.0007340850379568477,nan,0,0,cann_sparse_cue,1.2555378831865314,0.0003749168831843619,0.7961706623952476
518.0,1.2551629663033472,0.0007340850379568477,nan,0,0,cann_gated_cue,1.2955700166803445,0.04040705037699732,0.7961706623952476
520.0,1.2567393796234678,0.0008121506302656825,1.2546259316213275,1,0,dead_reckoning,1.3122016445353268,0.055462264911859016,
520.0,1.2567393796234678,0.0008121506302656825,1.2546259316213275,1,0,gated_complementary,1.2969158618005734,0.040176482177105566,
520.0,1.2567393796234678,0.0008121506302656825,1.2546259316213275,1,0,pll,1.254528940437859,-0.0022104391856085925,
520.0,1.2567393796234678,0.0008121506302656825,1.2546259316213275,1,0,cann_no_cue,1.3122016442080335,0.05546226458456571,0.7961706623915408
520.0,1.2567393796234678,0.0008121506302656825,1.2546259316213275,1,0,cann_sparse_cue,1.2549054543497495,-0.0018339252737185063,0.8542892320048248
520.0,1.2567393796234678,0.0008121506302656825,1.2546259316213275,1,0,cann_gated_cue,1.297038186756225,0.04029880713275702,0.7961706623915408
522.0,1.2583130442791404,0.0008989711467189996,nan,0,0,dead_reckoning,1.313825945795858,0.055512901516717506,
522.0,1.2583130442791404,0.0008989711467189996,nan,0,0,gated_complementary,1.2985401630611046,0.0402271187819645,
522.0,1.2583130442791404,0.0008989711467189996,nan,0,0,pll,1.2559226679916073,-0.0023903762875328027,
522.0,1.2583130442791404,0.0008989711467189996,nan,0,0,cann_no_cue,1.31382594546852,0.05551290118937935,0.7961706623953607
522.0,1.2583130442791404,0.0008989711467189996,nan,0,0,cann_sparse_cue,1.2565265311690352,-0.0017865131101051368,0.7961706623953608
522.0,1.2583130442791404,0.0008989711467189996,nan,0,0,cann_gated_cue,1.2986624880167117,0.0403494437375711,0.7961706623953606
524.0,1.259884873808514,0.0011323097640258165,nan,0,0,dead_reckoning,1.3156238880892963,0.05573901428078232,
524.0,1.259884873808514,0.0011323097640258165,nan,0,0,gated_complementary,1.3003381053545426,0.04045323154602887,
524.0,1.259884873808514,0.0011323097640258165,nan,0,0,pll,1.2574900365782624,-0.0023948372302515786,
524.0,1.259884873808514,0.0011323097640258165,nan,0,0,cann_no_cue,1.315623887761897,0.05573901395338332,0.7961706624000624
524.0,1.259884873808514,0.0011323097640258165,nan,0,0,cann_sparse_cue,1.2583244734624122,-0.0015604003461016092,0.7961706624000623
524.0,1.259884873808514,0.0011323097640258165,nan,0,0,cann_gated_cue,1.3004604303100884,0.040575556501574184,0.7961706624000623
526.0,1.261455784969173,0.000838460463136135,nan,0,0,dead_reckoning,1.3178885076173479,0.056432722648175115,
526.0,1.261455784969173,0.000838460463136135,nan,0,0,gated_complementary,1.3026027248825942,0.04114693991342122,
526.0,1.261455784969173,0.000838460463136135,nan,0,0,pll,1.259524082399531,-0.0019317025696419243,
526.0,1.261455784969173,0.000838460463136135,nan,0,0,cann_no_cue,1.317888507289827,0.056432722320653994,0.7961706624150624
526.0,1.261455784969173,0.000838460463136135,nan,0,0,cann_sparse_cue,1.260589092990342,-0.0008666919788309357,0.7961706624150623
526.0,1.261455784969173,0.000838460463136135,nan,0,0,cann_gated_cue,1.3027250498380185,0.041269264868845745,0.7961706624150623
528.0,1.263026696129832,0.0009503021099114103,nan,0,0,dead_reckoning,1.31956542854362,0.05653873241378804,
528.0,1.263026696129832,0.0009503021099114103,nan,0,0,gated_complementary,1.3042796458088666,0.04125294967903459,
528.0,1.263026696129832,0.0009503021099114103,nan,0,0,pll,1.2609704296190203,-0.0020562665108116995,
528.0,1.263026696129832,0.0009503021099114103,nan,0,0,cann_no_cue,1.3195654282160485,0.05653873208621629,0.7961706623967351
528.0,1.263026696129832,0.0009503021099114103,nan,0,0,cann_sparse_cue,1.2622660139165636,-0.0007606822132686375,0.7961706623967352
528.0,1.263026696129832,0.0009503021099114103,nan,0,0,cann_gated_cue,1.30440197076424,0.041375274634408044,0.7961706623967351
530.0,1.2645985256592056,0.0011122940565402662,nan,0,0,dead_reckoning,1.321466032763443,0.05686750710423727,
530.0,1.2645985256592056,0.0011122940565402662,nan,0,0,gated_complementary,1.3061802500286894,0.04158172436948382,
530.0,1.2645985256592056,0.0011122940565402662,nan,0,0,pll,1.2626404601320602,-0.0019580655271456138,
530.0,1.2645985256592056,0.0011122940565402662,nan,0,0,cann_no_cue,1.3214660324357992,0.05686750677659358,0.7961706624030662
530.0,1.2645985256592056,0.0011122940565402662,nan,0,0,cann_sparse_cue,1.2641666181363145,-0.0004319075228913505,0.7961706624030663
530.0,1.2645985256592056,0.0011122940565402662,nan,0,0,cann_gated_cue,1.3063025749839907,0.04170404932478533,0.7961706624030663
532.0,1.2661721903148782,0.0009640420074146635,nan,0,0,dead_reckoning,1.3236906208765236,0.057518430561645406,
532.0,1.2661721903148782,0.0009640420074146635,nan,0,0,gated_complementary,1.3084048381417699,0.042232647826891956,
532.0,1.2661721903148782,0.0009640420074146635,nan,0,0,pll,1.2646344745383578,-0.0015377157765206206,
532.0,1.2661721903148782,0.0009640420074146635,nan,0,0,cann_no_cue,1.3236906205487642,0.05751843023388581,0.7961706624136404
532.0,1.2661721903148782,0.0009640420074146635,nan,0,0,cann_sparse_cue,1.2663912062492793,0.00021901593440087908,0.7961706624136404
532.0,1.2661721903148782,0.0009640420074146635,nan,0,0,cann_gated_cue,1.3085271630969557,0.04235497278207756,0.7961706624136403
534.0,1.2677486036349987,0.0010583311109140436,nan,0,0,dead_reckoning,1.3256187048913528,0.057870101256353834,
534.0,1.2677486036349987,0.0010583311109140436,nan,0,0,gated_complementary,1.3103329221565991,0.042584318521600384,
534.0,1.2677486036349987,0.0010583311109140436,nan,0,0,pll,1.266331984846404,-0.0014166187885944481,
534.0,1.2677486036349987,0.0010583311109140436,nan,0,0,cann_no_cue,1.3256187045635168,0.0578701009285183,0.7961706624038987
534.0,1.2677486036349987,0.0010583311109140436,nan,0,0,cann_sparse_cue,1.2683192902640323,0.0005706866290333679,0.7961706624038988
534.0,1.2677486036349987,0.0010583311109140436,nan,0,0,cann_gated_cue,1.3104552471117084,0.042706643476709605,0.7961706624038986
536.0,1.2693286743356245,0.000783952111726799,nan,0,0,dead_reckoning,1.3277353671131809,0.05840669277755639,
536.0,1.2693286743356245,0.000783952111726799,nan,0,0,gated_complementary,1.3124495843784272,0.04312091004280294,
536.0,1.2693286743356245,0.000783952111726799,nan,0,0,pll,1.2682180733614492,-0.0011106009741750356,
536.0,1.2693286743356245,0.000783952111726799,nan,0,0,cann_no_cue,1.3277353667852452,0.058406692449620934,0.7961706624099333
536.0,1.2693286743356245,0.000783952111726799,nan,0,0,cann_sparse_cue,1.2704359524857607,0.001107278150136004,0.7961706624099336
536.0,1.2693286743356245,0.000783952111726799,nan,0,0,cann_gated_cue,1.3125719093334367,0.04324323499781224,0.7961706624099334
538.0,1.270913304716525,0.0010003347547524514,nan,0,0,dead_reckoning,1.3293032713366346,0.05838996662010931,
538.0,1.270913304716525,0.0010003347547524514,nan,0,0,gated_complementary,1.3140174886018807,0.04310418388535542,
538.0,1.270913304716525,0.0010003347547524514,nan,0,0,pll,1.2695554038781198,-0.001357900838405257,
538.0,1.270913304716525,0.0010003347547524514,nan,0,0,cann_no_cue,1.3293032710086572,0.05838996629213211,0.7961706623939364
538.0,1.270913304716525,0.0010003347547524514,nan,0,0,cann_sparse_cue,1.2720038567091725,0.001090551992647626,0.7961706623939363
538.0,1.270913304716525,0.0010003347547524514,nan,0,0,cann_gated_cue,1.314139813556849,0.04322650884032386,0.7961706623939363
540.0,1.272503389078241,0.0008724160409249376,1.2714609838157094,1,0,dead_reckoning,1.3313039408461396,0.05880055176789867,
540.0,1.272503389078241,0.0008724160409249376,1.2714609838157094,1,0,gated_complementary,1.3160181581113857,0.04351476903314477,
540.0,1.272503389078241,0.0008724160409249376,1.2714609838157094,1,0,pll,1.2713932417482756,-0.001110147329965283,
540.0,1.272503389078241,0.0008724160409249376,1.2714609838157094,1,0,cann_no_cue,1.3313039405180784,0.058800551439837534,0.796170662406155
540.0,1.272503389078241,0.0008724160409249376,1.2714609838157094,1,0,cann_sparse_cue,1.2717596988347124,-0.0007436902435284942,0.8542892304122257
540.0,1.272503389078241,0.0008724160409249376,1.2714609838157094,1,0,cann_gated_cue,1.3161404830662702,0.043637093988029285,0.7961706624061551
542.0,1.2740998121531772,0.0010788011957620814,nan,0,0,dead_reckoning,1.3330487729279894,0.058948960774812154,
542.0,1.2740998121531772,0.0010788011957620814,nan,0,0,gated_complementary,1.3177629901932355,0.04366317804005826,
542.0,1.2740998121531772,0.0010788011957620814,nan,0,0,pll,1.2729142743300859,-0.0011855378230913871,
542.0,1.2740998121531772,0.0010788011957620814,nan,0,0,cann_no_cue,1.3330487725998719,0.05894896044669462,0.7961706623985735
542.0,1.2740998121531772,0.0010788011957620814,nan,0,0,cann_sparse_cue,1.273501075729855,-0.0005987364233224213,0.7961706623985737
542.0,1.2740998121531772,0.0010788011957620814,nan,0,0,cann_gated_cue,1.3178853151480636,0.04378550299488637,0.7961706623985735
544.0,1.275703447553482,0.0007163059858476941,nan,0,0,dead_reckoning,1.3352063753195136,0.05950292776603128,
544.0,1.275703447553482,0.0007163059858476941,nan,0,0,gated_complementary,1.3199205925847597,0.04421714503127738,
544.0,1.275703447553482,0.0007163059858476941,nan,0,0,pll,1.2748480772215705,-0.0008553703319114092,
544.0,1.275703447553482,0.0007163059858476941,nan,0,0,cann_no_cue,1.3352063749912908,0.059502927437808495,0.796170662411318
544.0,1.275703447553482,0.0007163059858476941,nan,0,0,cann_sparse_cue,1.275658678121274,-4.47694322081027e-05,0.7961706624113181
544.0,1.275703447553482,0.0007163059858476941,nan,0,0,cann_gated_cue,1.3200429175394828,0.04433946998600069,0.796170662411318
546.0,1.2773151562384344,0.0007532596084159638,nan,0,0,dead_reckoning,1.336638987291209,0.05932383105277461,
546.0,1.2773151562384344,0.0007532596084159638,nan,0,0,gated_complementary,1.321353204556455,0.04403804831802072,
546.0,1.2773151562384344,0.0007532596084159638,nan,0,0,pll,1.2760568896932263,-0.0012582665452081088,
546.0,1.2773151562384344,0.0007532596084159638,nan,0,0,cann_no_cue,1.3366389869629542,0.059323830724519855,0.7961706623907245
546.0,1.2773151562384344,0.0007532596084159638,nan,0,0,cann_sparse_cue,1.2770912900929372,-0.00022386614549718686,0.7961706623907246
546.0,1.2773151562384344,0.0007532596084159638,nan,0,0,cann_gated_cue,1.321475529511146,0.044160373272711606,0.7961706623907246
548.0,1.2789357850040282,0.0011108131496724402,nan,0,0,dead_reckoning,1.338145506508041,0.059209721504013046,
548.0,1.2789357850040282,0.0011108131496724402,nan,0,0,gated_complementary,1.322859723773287,0.04392393876925915,
548.0,1.2789357850040282,0.0011108131496724402,nan,0,0,pll,1.2773396094100187,-0.0015961755940097078,
548.0,1.2789357850040282,0.0011108131496724402,nan,0,0,cann_no_cue,1.3381455061797505,0.05920972117572232,0.7961706623924432
548.0,1.2789357850040282,0.0011108131496724402,nan,0,0,cann_sparse_cue,1.2785978093097334,-0.0003379756942947232,0.7961706623924432
548.0,1.2789357850040282,0.0011108131496724402,nan,0,0,cann_gated_cue,1.3229820487279425,0.044046263723914514,0.7961706623924433
550.0,1.280566164997405,0.0008603301639350748,nan,0,0,dead_reckoning,1.3403671328073858,0.059800967809980676,
550.0,1.280566164997405,0.0008603301639350748,nan,0,0,gated_complementary,1.325081350072632,0.04451518507522678,
550.0,1.280566164997405,0.0008603301639350748,nan,0,0,pll,1.279337436209324,-0.0012287287880807796,
550.0,1.280566164997405,0.0008603301639350748,nan,0,0,cann_no_cue,1.340367132478981,0.05980096748157582,0.7961706624135361
550.0,1.280566164997405,0.0008603301639350748,nan,0,0,cann_sparse_cue,1.280819435608964,0.0002532706115587757,0.7961706624135362
550.0,1.280566164997405,0.0008603301639350748,nan,0,0,cann_gated_cue,1.325203675027173,0.04463751002976801,0.7961706624135362
552.0,1.2822071102587396,0.0008377546430808459,nan,0,0,dead_reckoning,1.342087793135256,0.05988068287651638,
552.0,1.2822071102587396,0.0008377546430808459,nan,0,0,gated_complementary,1.326802010400502,0.044594900141762484,
552.0,1.2822071102587396,0.0008377546430808459,nan,0,0,pll,1.2808342970371545,-0.0013728132215851119,
552.0,1.2822071102587396,0.0008377546430808459,nan,0,0,cann_no_cue,1.3420877928067962,0.059880682548056896,0.7961706623979108
552.0,1.2822071102587396,0.0008377546430808459,nan,0,0,cann_sparse_cue,1.2825400959367794,0.00033298567803985435,0.7961706623979108
552.0,1.2822071102587396,0.0008377546430808459,nan,0,0,cann_gated_cue,1.3269243353549882,0.04471722509624865,0.7961706623979108
554.0,1.2838594162931365,0.0009163376464522752,nan,0,0,dead_reckoning,1.3437633024214177,0.059903886128281236,
554.0,1.2838594162931365,0.0009163376464522752,nan,0,0,gated_complementary,1.3284775196866638,0.04461810339352734,
554.0,1.2838594162931365,0.0009163376464522752,nan,0,0,pll,1.2822860068232766,-0.0015734094698598433,
554.0,1.2838594162931365,0.0009163376464522752,nan,0,0,cann_no_cue,1.3437633020929083,0.05990388579977157,0.7961706623966976
554.0,1.2838594162931365,0.0009163376464522752,nan,0,0,cann_sparse_cue,1.2842156052228912,0.00035618892975453065,0.7961706623966975
554.0,1.2838594162931365,0.0009163376464522752,nan,0,0,cann_gated_cue,1.3285998446411003,0.04474042834796377,0.7961706623966975
556.0,1.285523858675044,0.0007825527904383898,nan,0,0,dead_reckoning,1.3455959777143223,0.06007211903927834,
556.0,1.285523858675044,0.0007825527904383898,nan,0,0,gated_complementary,1.3303101949795684,0.04478633630452444,
556.0,1.285523858675044,0.0007825527904383898,nan,0,0,pll,1.2838948826161416,-0.0016289760589023317,
556.0,1.285523858675044,0.0007825527904383898,nan,0,0,cann_no_cue,1.3455959773857482,0.06007211871070428,0.79617066240106
556.0,1.285523858675044,0.0007825527904383898,nan,0,0,cann_sparse_cue,1.2860482805157312,0.0005244218406872392,0.7961706624010602
556.0,1.285523858675044,0.0007825527904383898,nan,0,0,cann_gated_cue,1.3304325199339402,0.04490866125889603,0.7961706624010599
558.0,1.2872011916876323,0.0011491931950314345,nan,0,0,dead_reckoning,1.347161083295199,0.05995989160756654,
558.0,1.2872011916876323,0.0011491931950314345,nan,0,0,gated_complementary,1.3318753005604451,0.044674108872812646,
558.0,1.2872011916876323,0.0011491931950314345,nan,0,0,pll,1.2852361886969788,-0.001965002990653275,
558.0,1.2872011916876323,0.0011491931950314345,nan,0,0,cann_no_cue,1.347161082966584,0.05995989127895207,0.7961706623938669
558.0,1.2872011916876323,0.0011491931950314345,nan,0,0,cann_sparse_cue,1.2876133860965673,0.00041219440893502934,0.796170662393867
558.0,1.2872011916876323,0.0011491931950314345,nan,0,0,cann_gated_cue,1.3319976255147763,0.04479643382714382,0.7961706623938669
560.0,1.2888921469995258,0.0007081003567956165,1.289307232493533,1,0,dead_reckoning,1.3494594696852618,0.060567322685735725,
560.0,1.2888921469995258,0.0007081003567956165,1.289307232493533,1,0,gated_complementary,1.334173686950508,0.045281539950982275,
560.0,1.2888921469995258,0.0007081003567956165,1.289307232493533,1,0,pll,1.2883090040402676,-0.0005831429592584314,
560.0,1.2888921469995258,0.0007081003567956165,1.289307232493533,1,0,cann_no_cue,1.3494594693565205,0.06056732235699469,0.7961706624162812
560.0,1.2888921469995258,0.0007081003567956165,1.289307232493533,1,0,cann_sparse_cue,1.2893782298749021,0.0004860828753763258,0.8542892424940925
560.0,1.2888921469995258,0.0007081003567956165,1.289307232493533,1,0,cann_gated_cue,1.3342960119047125,0.045403864905186886,0.7961706624162814
562.0,1.2905974323812068,0.0009054933407514534,nan,0,0,dead_reckoning,1.3508756703988531,0.06027823801764631,
562.0,1.2905974323812068,0.0009054933407514534,nan,0,0,gated_complementary,1.3355898876640993,0.04499245528289242,
562.0,1.2905974323812068,0.0009054933407514534,nan,0,0,pll,1.2896012280991458,-0.0009962042820612638,
562.0,1.2905974323812068,0.0009054933407514534,nan,0,0,cann_no_cue,1.3508756700700804,0.060278237688873304,0.7961706623903548
562.0,1.2905974323812068,0.0009054933407514534,nan,0,0,cann_sparse_cue,1.2907925692082012,0.00019513682699434654,0.7961706623903549
562.0,1.2905974323812068,0.0009054933407514534,nan,0,0,cann_gated_cue,1.3357122126182723,0.0451147802370655,0.7961706623903545
564.0,1.292317730463346,0.0009990775292763423,nan,0,0,dead_reckoning,1.352686657080356,0.06036892661701021,
564.0,1.292317730463346,0.0009990775292763423,nan,0,0,gated_complementary,1.337400874345602,0.045083143882256316,
564.0,1.292317730463346,0.0009990775292763423,nan,0,0,pll,1.2912882381259356,-0.0010294923374103426,
564.0,1.292317730463346,0.0009990775292763423,nan,0,0,cann_no_cue,1.3526866567515212,0.06036892628817547,0.7961706624004345
564.0,1.292317730463346,0.0009990775292763423,nan,0,0,cann_sparse_cue,1.2926035558896423,0.00028582542629607133,0.7961706624004347
564.0,1.292317730463346,0.0009990775292763423,nan,0,0,cann_gated_cue,1.3375231992997132,0.045205468836367224,0.7961706624004348
566.0,1.2940536975392354,0.0009258282448495679,nan,0,0,dead_reckoning,1.3546848121389088,0.06063111459967363,
566.0,1.2940536975392354,0.0009258282448495679,nan,0,0,gated_complementary,1.3393990294041547,0.04534533186491929,
566.0,1.2940536975392354,0.0009258282448495679,nan,0,0,pll,1.2931624165297753,-0.0008912810094603429,
566.0,1.2940536975392354,0.0009258282448495679,nan,0,0,cann_no_cue,1.35468481180999,0.060631114270754516,0.7961706624060754
566.0,1.2940536975392354,0.0009258282448495679,nan,0,0,cann_sparse_cue,1.2946017109481112,0.0005480134088760025,0.7961706624060755
566.0,1.2940536975392354,0.0009258282448495679,nan,0,0,cann_gated_cue,1.339521354358182,0.04546765681894671,0.7961706624060754
568.0,1.2958059624134286,0.0007979872148909121,nan,0,0,dead_reckoning,1.3565364686286077,0.06073050621517906,
568.0,1.2958059624134286,0.0007979872148909121,nan,0,0,gated_complementary,1.3412506858938538,0.045444723480425164,
568.0,1.2958059624134286,0.0007979872148909121,nan,0,0,pll,1.2948900963647614,-0.0009158660486674464,
568.0,1.2958059624134286,0.0007979872148909121,nan,0,0,cann_no_cue,1.3565364682996217,0.06073050588619289,0.796170662401613
568.0,1.2958059624134286,0.0007979872148909121,nan,0,0,cann_sparse_cue,1.296453367437743,0.0006474050243143736,0.7961706624016133
568.0,1.2958059624134286,0.0007979872148909121,nan,0,0,cann_gated_cue,1.3413730108478141,0.045567048434385526,0.7961706624016133
570.0,1.2975751252986025,0.0007957555585587909,nan,0,0,dead_reckoning,1.3581324430583896,0.06055731775978712,
570.0,1.2975751252986025,0.0007957555585587909,nan,0,0,gated_complementary,1.3428466603236355,0.04527153502503278,
570.0,1.2975751252986025,0.0007957555585587909,nan,0,0,pll,1.2963620941398302,-0.0012130311587723597,
570.0,1.2975751252986025,0.0007957555585587909,nan,0,0,cann_no_cue,1.3581324427293602,0.06055731743075743,0.7961706623946391
570.0,1.2975751252986025,0.0007957555585587909,nan,0,0,cann_sparse_cue,1.2980493418674817,0.0004742165688789157,0.796170662394639
570.0,1.2975751252986025,0.0007957555585587909,nan,0,0,cann_gated_cue,1.3429689852775526,0.04539385997895007,0.796170662394639
572.0,1.2993617567625808,0.001025282867525846,nan,0,0,dead_reckoning,1.3597239541755073,0.06036219741292648,
572.0,1.2993617567625808,0.001025282867525846,nan,0,0,gated_complementary,1.3444381714407532,0.04507641467817258,
572.0,1.2993617567625808,0.001025282867525846,nan,0,0,pll,1.2978296286022346,-0.0015321281603464243,
572.0,1.2993617567625808,0.001025282867525846,nan,0,0,cann_no_cue,1.3597239538464354,0.060362197083854596,0.7961706623945265
572.0,1.2993617567625808,0.001025282867525846,nan,0,0,cann_sparse_cue,1.299640852984557,0.00027909622197608286,0.7961706623945265
572.0,1.2993617567625808,0.001025282867525846,nan,0,0,cann_gated_cue,1.3445604963946278,0.045198739632047236,0.7961706623945265
574.0,1.3011663967273637,0.0007754933938448328,nan,0,0,dead_reckoning,1.3617745199105589,0.06060812318319542,
574.0,1.3011663967273637,0.0007754933938448328,nan,0,0,gated_complementary,1.346488737175805,0.04532234044844152,
574.0,1.3011663967273637,0.0007754933938448328,nan,0,0,pll,1.2997562176825732,-0.0014101790447904605,
574.0,1.3011663967273637,0.0007754933938448328,nan,0,0,cann_no_cue,1.361774519581397,0.060608122854033386,0.7961706624077541
574.0,1.3011663967273637,0.0007754933938448328,nan,0,0,cann_sparse_cue,1.3016914187195183,0.0005250219921544286,0.796170662407754
574.0,1.3011663967273637,0.0007754933938448328,nan,0,0,cann_gated_cue,1.3466110621295895,0.04544466540222558,0.7961706624077541
576.0,1.3029895535219223,0.001074472449161484,nan,0,0,dead_reckoning,1.3633255066982484,0.06033595317632612,
576.0,1.3029895535219223,0.001074472449161484,nan,0,0,gated_complementary,1.3480397239634947,0.04505017044157267,
576.0,1.3029895535219223,0.001074472449161484,nan,0,0,pll,1.3011832278155497,-0.0018063257063722915,
576.0,1.3029895535219223,0.001074472449161484,nan,0,0,cann_no_cue,1.3633255063690466,0.06033595284712412,0.7961706623935191
576.0,1.3029895535219223,0.001074472449161484,nan,0,0,cann_sparse_cue,1.3032424055071679,0.0002528519852456057,0.7961706623935192
576.0,1.3029895535219223,0.001074472449161484,nan,0,0,cann_gated_cue,1.3481620489172388,0.04517249539531676,0.7961706623935189
578.0,1.3048317029904157,0.0007090003804599574,nan,0,0,dead_reckoning,1.3654744515965715,0.060642748606155816,
578.0,1.3048317029904157,0.0007090003804599574,nan,0,0,gated_complementary,1.3501886688618177,0.04535696587140192,
578.0,1.3048317029904157,0.0007090003804599574,nan,0,0,pll,1.3032081960591597,-0.0016235069312560135,
578.0,1.3048317029904157,0.0007090003804599574,nan,0,0,cann_no_cue,1.365474451267266,0.060642748276850345,0.7961706624110232
578.0,1.3048317029904157,0.0007090003804599574,nan,0,0,cann_sparse_cue,1.3053913504053873,0.000559647414971387,0.7961706624110232
578.0,1.3048317029904157,0.0007090003804599574,nan,0,0,cann_gated_cue,1.3503109938154583,0.04547929082504254,0.796170662411023
580.0,1.3066932876573998,0.0008822950748758131,1.220785631909518,1,0,dead_reckoning,1.3668924523574915,0.06019916470009168,
580.0,1.3066932876573998,0.0008822950748758131,1.220785631909518,1,0,gated_complementary,1.3516066696227376,0.044913381965337784,
580.0,1.3066932876573998,0.0008822950748758131,1.220785631909518,1,0,pll,1.3045022201653667,-0.0021910674920331275,
580.0,1.3066932876573998,0.0008822950748758131,1.220785631909518,1,0,cann_no_cue,1.366892452028155,0.06019916437075512,0.7961706623903951
580.0,1.3066932876573998,0.0008822950748758131,1.220785631909518,1,0,cann_sparse_cue,1.2309104792128462,-0.07578280844455332,0.8542745313710881
580.0,1.3066932876573998,0.0008822950748758131,1.220785631909518,1,0,cann_gated_cue,1.351728994576347,0.045035706918947316,0.796170662390395
582.0,1.3085747159514876,0.0009885227331771574,nan,0,0,dead_reckoning,1.3686570425072428,0.060082326555755294,
582.0,1.3085747159514876,0.0009885227331771574,nan,0,0,gated_complementary,1.3533712597724892,0.0447965438210014,
582.0,1.3085747159514876,0.0009885227331771574,nan,0,0,pll,1.3061428336604053,-0.0024318822910824878,
582.0,1.3085747159514876,0.0009885227331771574,nan,0,0,cann_no_cue,1.368657042177849,0.06008232622636145,0.7961706623991222
582.0,1.3085747159514876,0.0009885227331771574,nan,0,0,cann_sparse_cue,1.2326175555302887,-0.07595716042119882,0.7961706623991224
582.0,1.3085747159514876,0.0009885227331771574,nan,0,0,cann_gated_cue,1.3534935847260416,0.04491886877455409,0.7961706623991223
584.0,1.3104763614888275,0.0007770807443363948,nan,0,0,dead_reckoning,1.3706340879735972,0.06015772648476947,
584.0,1.3104763614888275,0.0007770807443363948,nan,0,0,gated_complementary,1.3553483052388435,0.04487194375001602,
584.0,1.3104763614888275,0.0007770807443363948,nan,0,0,pll,1.3079959024720467,-0.002480459016780845,
584.0,1.3104763614888275,0.0007770807443363948,nan,0,0,cann_no_cue,1.370634087644122,0.060157726155294355,0.7961706624054115
584.0,1.3104763614888275,0.0007770807443363948,nan,0,0,cann_sparse_cue,1.2345946009965618,-0.07588176049226547,0.7961706624054115
584.0,1.3104763614888275,0.0007770807443363948,nan,0,0,cann_gated_cue,1.3554706301923147,0.044994268703486995,0.7961706624054115
586.0,1.3123985624176533,0.0011235725580883236,nan,0,0,dead_reckoning,1.3721882494622701,0.05978968704461707,
586.0,1.3123985624176533,0.0011235725580883236,nan,0,0,gated_complementary,1.3569024667275162,0.044503904309863174,
586.0,1.3123985624176533,0.0011235725580883236,nan,0,0,pll,1.3094260873060064,-0.0029724751116466663,
586.0,1.3123985624176533,0.0011235725580883236,nan,0,0,cann_no_cue,1.3721882491327548,0.05978968671510154,0.796170662393597
586.0,1.3123985624176533,0.0011235725580883236,nan,0,0,cann_sparse_cue,1.2361487624851946,-0.07624979993245873,0.796170662393597
586.0,1.3123985624176533,0.0011235725580883236,nan,0,0,cann_gated_cue,1.3570247916809473,0.04462622926329374,0.7961706623935969
588.0,1.3143416208250573,0.0010123672374380006,nan,0,0,dead_reckoning,1.3744353945784469,0.060093773753389534,
588.0,1.3143416208250573,0.0010123672374380006,nan,0,0,gated_complementary,1.359149611843693,0.04480799101863564,
588.0,1.3143416208250573,0.0010123672374380006,nan,0,0,pll,1.31154925576747,-0.002792365057587176,
588.0,1.3143416208250573,0.0010123672374380006,nan,0,0,cann_no_cue,1.374435394248813,0.06009377342375544,0.7961706624144385
588.0,1.3143416208250573,0.0010123672374380006,nan,0,0,cann_sparse_cue,1.2383959076012527,-0.07594571322380439,0.7961706624144386
588.0,1.3143416208250573,0.0010123672374380006,nan,0,0,cann_gated_cue,1.3592719367970056,0.044930315971948076,0.7961706624144385
590.0,1.3163058022070273,0.0008482259039404493,nan,0,0,dead_reckoning,1.376460129053323,0.060154326846295625,
590.0,1.3163058022070273,0.0008482259039404493,nan,0,0,gated_complementary,1.361174346318569,0.04486854411154173,
590.0,1.3163058022070273,0.0008482259039404493,nan,0,0,pll,1.3134500135876328,-0.002855788619394506,
590.0,1.3163058022070273,0.0008482259039404493,nan,0,0,cann_no_cue,1.3764601287236005,0.06015432651657315,0.7961706624069214
590.0,1.3163058022070273,0.0008482259039404493,nan,0,0,cann_sparse_cue,1.2404206420760406,-0.07588516013098667,0.7961706624069214
590.0,1.3163058022070273,0.0008482259039404493,nan,0,0,cann_gated_cue,1.3612966712717933,0.04499086906476624,0.7961706624069214
592.0,1.3182913350026757,0.0007732904119332687,nan,0,0,dead_reckoning,1.3781565808612037,0.05986524585852804,
592.0,1.3182913350026757,0.0007732904119332687,nan,0,0,gated_complementary,1.3628707981264498,0.04457946312377414,
592.0,1.3182913350026757,0.0007732904119332687,nan,0,0,pll,1.3150224887408006,-0.003268846261875069,
592.0,1.3182913350026757,0.0007732904119332687,nan,0,0,cann_no_cue,1.378156580531429,0.059865245528753164,0.7961706623972565
592.0,1.3182913350026757,0.0007732904119332687,nan,0,0,cann_sparse_cue,1.2421170938838695,-0.07617424111880622,0.7961706623972564
592.0,1.3182913350026757,0.0007732904119332687,nan,0,0,cann_gated_cue,1.362993123079622,0.04470178807694625,0.7961706623972563
594.0,1.3202984101934803,0.0007774746569083037,nan,0,0,dead_reckoning,1.3797031616850703,0.05940475149159008,
594.0,1.3202984101934803,0.0007774746569083037,nan,0,0,gated_complementary,1.3644173789503165,0.044118968756836185,
594.0,1.3202984101934803,0.0007774746569083037,nan,0,0,pll,1.316445092909954,-0.0038533172835260032,
594.0,1.3202984101934803,0.0007774746569083037,nan,0,0,cann_no_cue,1.3797031613552566,0.059404751161776126,0.796170662393411
594.0,1.3202984101934803,0.0007774746569083037,nan,0,0,cann_sparse_cue,1.243663674707697,-0.07663473548578326,0.7961706623934109
594.0,1.3202984101934803,0.0007774746569083037,nan,0,0,cann_gated_cue,1.3645397039034493,0.044241293709968765,0.7961706623934109
596.0,1.3223271809682373,0.001064309232373335,nan,0,0,dead_reckoning,1.3812581109988868,0.05893093003064953,
596.0,1.3223271809682373,0.001064309232373335,nan,0,0,gated_complementary,1.365972328264133,0.04364514729589564,
596.0,1.3223271809682373,0.001064309232373335,nan,0,0,pll,1.3178760655690576,-0.004451115399179528,
596.0,1.3223271809682373,0.001064309232373335,nan,0,0,cann_no_cue,1.3812581106690338,0.0589309297007965,0.7961706623936163
596.0,1.3223271809682373,0.001064309232373335,nan,0,0,cann_sparse_cue,1.2452186240214742,-0.07710855694676333,0.7961706623936162
596.0,1.3223271809682373,0.001064309232373335,nan,0,0,cann_gated_cue,1.3660946532172265,0.04376747224898914,0.7961706623936162
598.0,1.3243777624543172,0.0008685525876784383,nan,0,0,dead_reckoning,1.3833867294636335,0.05900896700931657,
598.0,1.3243777624543172,0.0008685525876784383,nan,0,0,gated_complementary,1.3681009467288796,0.043723184274562676,
598.0,1.3243777624543172,0.0008685525876784383,nan,0,0,pll,1.3198807073790912,-0.004497055075225909,
598.0,1.3243777624543172,0.0008685525876784383,nan,0,0,cann_no_cue,1.3833867291336799,0.05900896667936273,0.796170662410335
598.0,1.3243777624543172,0.0008685525876784383,nan,0,0,cann_sparse_cue,1.2473472424861203,-0.0770305199681971,0.7961706624103351
598.0,1.3243777624543172,0.0008685525876784383,nan,0,0,cann_gated_cue,1.3682232716818723,0.04384550922755537,0.796170662410335
600.0,1.3264502315156905,0.0008491440533364699,1.3280328787776146,1,0,dead_reckoning,1.3851238346389905,0.058673603123299944,
600.0,1.3264502315156905,0.0008491440533364699,1.3280328787776146,1,0,gated_complementary,1.3698380519042366,0.04338782038854605,
600.0,1.3264502315156905,0.0008491440533364699,1.3280328787776146,1,0,pll,1.3247633573386748,-0.0016868741770155182,
600.0,1.3264502315156905,0.0008491440533364699,1.3280328787776146,1,0,cann_no_cue,1.3851238343089805,0.0586736027932897,0.7961706623983607
600.0,1.3264502315156905,0.0008491440533364699,1.3280328787776146,1,0,cann_sparse_cue,1.31874399646368,-0.007706235052010513,0.8542768605423894
600.0,1.3264502315156905,0.0008491440533364699,1.3280328787776146,1,0,cann_gated_cue,1.369960376857173,0.04351014534148234,0.7961706623983605
