seed,satellite_id,timestamp,attitude_error_deg,attitude_nees,gyro_nis,star_tracker_nis
20260729,sat_01,0.0,0.09052554007857454,3.286143553737128,0.04064004403052845,1.2714850532830964
20260729,sat_01,2.0,0.09072560465844862,3.1719469719307534,3.272350970695684,nan
20260729,sat_01,4.0,0.09078552631518545,2.852693462445707,3.156920435923721,nan
20260729,sat_01,6.0,0.08861127343762881,2.327964491688259,0.8852549622234132,nan
20260729,sat_01,8.0,0.09114831734773964,2.053740155219519,1.7969422045740395,nan
20260729,sat_01,10.0,0.05496799370860506,1.8244625832385535,0.13481228543569374,1.931441889629131
20260729,sat_01,12.0,0.05280843822600565,1.3635359847281903,6.481688379060347,nan
20260729,sat_01,14.0,0.05314218507015088,1.1017360071889937,0.5877893652926538,nan
20260729,sat_01,16.0,0.05847733950788785,1.0652231228179698,4.3470789098917315,nan
20260729,sat_01,18.0,0.06137318431033293,0.9450116600874693,0.16736085162982084,nan
20260729,sat_01,20.0,0.06599824990798751,2.6331231997205187,1.6191508855572685,1.4288459769169424
20260729,sat_01,22.0,0.06837438432287486,2.318798327766981,0.7060221853489649,nan
20260729,sat_01,24.0,0.06879791892110701,1.9361104964295532,3.929729333213867,nan
20260729,sat_01,26.0,0.07062405140472826,1.6966259163418265,2.923718930855526,nan
20260729,sat_01,28.0,0.07234121374798647,1.4945342594554913,1.4992621021784112,nan
20260729,sat_01,30.0,0.05202832988404464,1.7380784024494635,0.9405502166974958,1.4418087956624577
20260729,sat_01,32.0,0.05772299899360711,1.825697113625359,2.4534619825355524,nan
20260729,sat_01,34.0,0.06213745939299036,1.8150245165893093,1.5732760433526878,nan
20260729,sat_01,36.0,0.06830195480186162,1.8932115059375534,0.6843243154715077,nan
20260729,sat_01,38.0,0.07542363426557577,2.0061175762597188,1.7378019212483107,nan
20260729,sat_01,40.0,0.04287481735650917,1.3025659694985423,3.4253197688112085,4.663317861499715
20260729,sat_01,42.0,0.047801444439977823,1.4225629182914625,1.1189323038830927,nan
20260729,sat_01,44.0,0.05329147507347272,1.5595225431830886,10.871886879050782,nan
20260729,sat_01,46.0,0.06120870617687243,1.8223774771784331,5.935529519550749,nan
20260729,sat_01,48.0,0.06896125915073999,2.0583697699349255,3.8808455985041546,nan
20260729,sat_01,50.0,0.08419377829632707,5.578445519994505,0.675062481132877,2.453500181074563
20260729,sat_01,52.0,0.09149295982129417,5.905159501077182,2.3305368168564367,nan
20260729,sat_01,54.0,0.09721310082489562,5.992448550510806,2.1856737104377233,nan
20260729,sat_01,56.0,0.1029633081127095,6.06129229064532,0.9680353583901224,nan
20260729,sat_01,58.0,0.10905466590193408,6.151153862125192,1.4895963412315085,nan
20260729,sat_01,60.0,0.07131116928741245,4.419896368111713,0.9972853967700108,7.410560342597257
20260729,sat_01,62.0,0.07846135160907666,4.8642981726237595,3.596120200296346,nan
20260729,sat_01,64.0,0.08153360719091604,4.785051272345796,3.864207959986753,nan
20260729,sat_01,66.0,0.08325635223044862,4.555733014424192,6.4226835599422705,nan
20260729,sat_01,68.0,0.08847395540516623,4.709287785401932,0.9008478471281518,nan
20260729,sat_01,70.0,0.04192498798124063,1.6736054233398163,1.72394275030605,3.6117025477941116
20260729,sat_01,72.0,0.04396492499034496,1.690518205588081,2.8282488956314973,nan
20260729,sat_01,74.0,0.04336610548142993,1.5131317951475505,2.46373142865826,nan
20260729,sat_01,76.0,0.041904039611738275,1.3021597652959023,5.568790410947283,nan
20260729,sat_01,78.0,0.04149510076324205,1.1791026832415055,2.867474937485139,nan
20260729,sat_01,80.0,0.02170079305901807,0.48695801345198275,2.137940248885667,1.767726855515465
20260729,sat_01,82.0,0.022164721684619706,0.47024614496165124,0.31029655040677684,nan
20260729,sat_01,84.0,0.022976902783459558,0.4683589719699867,3.306728312681546,nan
20260729,sat_01,86.0,0.025718286507038078,0.5446506769126793,1.5285964393850766,nan
20260729,sat_01,88.0,0.027750653997449488,0.5895578027750091,1.9973934732615337,nan
20260729,sat_01,90.0,0.029383854483529773,0.9606817534209648,1.8304802062555043,2.4431005839841546
20260729,sat_01,92.0,0.030994704073059154,0.9952762537843736,2.018852706520827,nan
20260729,sat_01,94.0,0.03024174263513897,0.8831587592497392,11.601135141758006,nan
20260729,sat_01,96.0,0.03459955572200311,1.0788671583309364,2.467519315101681,nan
20260729,sat_01,98.0,0.0384504602160095,1.2451947610341658,0.763080657095438,nan
20260729,sat_01,100.0,0.051645243920142886,3.1692941139266413,5.913797985390929,1.7111965770472595
20260729,sat_01,102.0,0.0516081872107133,2.9604923618798606,1.4769483975622142,nan
20260729,sat_01,104.0,0.05440903187475566,3.0807998925148166,0.3578538620717149,nan
20260729,sat_01,106.0,0.05841817362972913,3.3286869157140666,2.435835924229936,nan
20260729,sat_01,108.0,0.05770748750553944,3.0481854833245428,1.7632211783983616,nan
20260729,sat_01,110.0,0.03953874125503262,1.9701861857583975,1.0696300346360545,3.678629144589888
20260729,sat_01,112.0,0.04030527000961912,1.9221642342394842,4.926027495498039,nan
20260729,sat_01,114.0,0.04255574264794533,2.0134172874855247,0.8609519822732249,nan
20260729,sat_01,116.0,0.04930879325445707,2.5423219224671665,3.628311505762202,nan
20260729,sat_01,118.0,0.050755986801659506,2.536187904156261,5.43959174738295,nan
20260729,sat_01,120.0,0.04274840725827616,2.4268517385003037,0.17994058212712707,4.73967314720382
20260729,sat_02,0.0,0.10384122285029497,4.32398164270767,0.004696508246544658,1.2819094443717312
20260729,sat_02,2.0,0.1072175038926872,4.429967855090466,1.6822605905518313,nan
20260729,sat_02,4.0,0.11039141313198117,4.217959709414827,1.0776513649358412,nan
20260729,sat_02,6.0,0.11808732348814521,4.134496985572509,2.6896375106651904,nan
20260729,sat_02,8.0,0.11809432986640345,3.447712019520336,2.650886324776927,nan
20260729,sat_02,10.0,0.09389460982415446,5.323482658183654,1.41556021667965,1.7764538083867183
20260729,sat_02,12.0,0.09541060003396584,4.450972634770924,3.7153091545748334,nan
20260729,sat_02,14.0,0.09906815986345789,3.828930119160111,4.169766125023334,nan
20260729,sat_02,16.0,0.10261235971560394,3.280093670013411,0.8514798831095909,nan
20260729,sat_02,18.0,0.10442794996413096,2.7361808843969575,6.245919067167858,nan
20260729,sat_02,20.0,0.04735937695853107,1.3558616670360242,1.568732138692956,1.1670454155371528
20260729,sat_02,22.0,0.04389001021928393,0.9554528583864248,1.0944068212762932,nan
20260729,sat_02,24.0,0.040075075221834344,0.6569540347708054,2.7899590930564555,nan
20260729,sat_02,26.0,0.03407937845718093,0.39508448463428175,7.685109954415223,nan
20260729,sat_02,28.0,0.03123228355514317,0.2786053457990973,1.832938632285949,nan
20260729,sat_02,30.0,0.05060192568126511,1.6444923598149743,3.8025457818288944,1.2805406011466767
20260729,sat_02,32.0,0.05505534137802859,1.6613502892559446,1.2058329978398374,nan
20260729,sat_02,34.0,0.06026700279306008,1.7079287959282685,1.1880655237733344,nan
20260729,sat_02,36.0,0.06764276311219375,1.857383612282552,6.072145002953609,nan
20260729,sat_02,38.0,0.07541798768393997,2.006395294087759,3.5184147841707714,nan
20260729,sat_02,40.0,0.08816925933616121,5.507515102084815,4.9116411232568895,2.9934867512075902
20260729,sat_02,42.0,0.09441404474056422,5.5483527239735935,4.8178606997888345,nan
20260729,sat_02,44.0,0.1024565546686861,5.762512651921452,3.106977005501502,nan
20260729,sat_02,46.0,0.10814289285530342,5.686572504664621,4.280027608346489,nan
20260729,sat_02,48.0,0.1140633036040355,5.629064799460268,0.9665322117715001,nan
20260729,sat_02,50.0,0.04229361987997902,1.4072943246151597,2.614289081591392,5.832109742589035
20260729,sat_02,52.0,0.04721119177039551,1.5718366752487403,3.1269464221315655,nan
20260729,sat_02,54.0,0.04893776035183641,1.5180937798108298,4.400479530965133,nan
20260729,sat_02,56.0,0.04815457612376951,1.3253164604315022,5.902445774484949,nan
20260729,sat_02,58.0,0.04992931377239738,1.2888482967341353,2.5939342875774156,nan
20260729,sat_02,60.0,0.054967000293092066,2.6260869769417026,0.6399785917614207,4.387648129082356
20260729,sat_02,62.0,0.05510560775159361,2.399469001689278,1.937268149036381,nan
20260729,sat_02,64.0,0.05497530065946978,2.175552548881557,1.2189542719014672,nan
20260729,sat_02,66.0,0.05724486928027736,2.15389228082338,0.8385629847084901,nan
20260729,sat_02,68.0,0.0599500472891296,2.162378170755895,1.0825813975651328,nan
20260729,sat_02,70.0,0.012662585298931462,0.1526871282678616,7.0756075991840826,2.9840180056017
20260729,sat_02,72.0,0.011226316786168632,0.11023359856643564,1.5262187768648023,nan
20260729,sat_02,74.0,0.012198169184375964,0.11972484866707232,0.37368641991152124,nan
20260729,sat_02,76.0,0.01378244901932667,0.14086312537221124,2.1823632627126237,nan
20260729,sat_02,78.0,0.012470490858745298,0.10649531640117327,1.5380549858776291,nan
20260729,sat_02,80.0,0.03500396776210731,1.2667477731287162,0.9237070537734505,1.0427576153964369
20260729,sat_02,82.0,0.03763245171163675,1.3553413350966843,2.9282123587453115,nan
20260729,sat_02,84.0,0.03907584007511811,1.3543127396269032,5.802478615088616,nan
20260729,sat_02,86.0,0.04163029997373495,1.4267706897943802,0.22312242690820955,nan
20260729,sat_02,88.0,0.0439619153560481,1.479252430862464,2.4593446131038745,nan
20260729,sat_02,90.0,0.023258619989266857,0.6019148229935206,1.6045873854279873,2.0133396808002426
20260729,sat_02,92.0,0.022565189439671514,0.5275563246046382,1.345151740571892,nan
20260729,sat_02,94.0,0.024823134980420693,0.5950560581692474,3.727207061941317,nan
20260729,sat_02,96.0,0.02790666707551942,0.701874122578842,1.06183582781152,nan
20260729,sat_02,98.0,0.03223190518965587,0.8750324192242446,2.345258795464402,nan
20260729,sat_02,100.0,0.03679803435132099,1.6093140012275926,1.129602173039907,1.1699156857024573
20260729,sat_02,102.0,0.038056047956471474,1.610148614341713,1.1191545378647438,nan
20260729,sat_02,104.0,0.0353723600054492,1.3024409316325791,6.611479414318255,nan
20260729,sat_02,106.0,0.03872067218429715,1.4628359433483227,6.448411304308963,nan
20260729,sat_02,108.0,0.036286389002568135,1.2056438353094203,3.8129723083389138,nan
20260729,sat_02,110.0,0.02393271450568274,0.721952297465998,3.815184154708624,1.45668828207668
20260729,sat_02,112.0,0.028490783046536537,0.9606164557902002,4.371527937779088,nan
20260729,sat_02,114.0,0.02809250029999393,0.877547474087371,3.3886033805270004,nan
20260729,sat_02,116.0,0.02752372828064031,0.7922488866168196,3.2671522829535364,nan
20260729,sat_02,118.0,0.02818111651708113,0.7820293272809016,4.663315257807846,nan
20260729,sat_02,120.0,0.02277977396674706,0.6892406953309166,0.4181894304418547,0.24314516765411337
20260729,sat_03,0.0,0.05280440055811155,1.118110112876883,0.043941095959007914,1.4832847183598163
20260729,sat_03,2.0,0.0491719686277025,0.9317615045107578,10.054654635986267,nan
20260729,sat_03,4.0,0.048279346748395985,0.8067802971998934,1.2400450227696056,nan
20260729,sat_03,6.0,0.04823340651500829,0.689783605247922,5.550309760632856,nan
20260729,sat_03,8.0,0.04331968590145951,0.4639202957707627,3.4200580608418703,nan
20260729,sat_03,10.0,0.04630741203204393,1.2948405990479663,5.690047118365408,0.2979511515677448
20260729,sat_03,12.0,0.044055879549300306,0.9490052071653994,5.70238643102874,nan
20260729,sat_03,14.0,0.04244321205042158,0.7027937889842144,1.6229035875588633,nan
20260729,sat_03,16.0,0.043746189727971646,0.5961839126007635,1.408137394109046,nan
20260729,sat_03,18.0,0.04575785753483898,0.5253833439694596,1.2524446384209076,nan
20260729,sat_03,20.0,0.057460213871293984,1.9957583835331745,0.37137289248900346,0.8982985289152087
20260729,sat_03,22.0,0.061169674781008786,1.855626596161927,0.7752061416196673,nan
20260729,sat_03,24.0,0.06434405340498792,1.6932322874817878,3.877406845456823,nan
20260729,sat_03,26.0,0.06935216292965132,1.635720893311208,0.8226572432837094,nan
20260729,sat_03,28.0,0.07160950173138218,1.4641348384878257,3.0883357789590082,nan
20260729,sat_03,30.0,0.04842598588172468,1.50568396205416,1.3206711534429294,5.695546529468192
20260729,sat_03,32.0,0.057295945197195226,1.7986507946135943,7.81630761131767,nan
20260729,sat_03,34.0,0.06278862493495077,1.8530138053160212,5.9508294815966005,nan
20260729,sat_03,36.0,0.07023335018558782,2.0013691253605796,0.5750823211834868,nan
20260729,sat_03,38.0,0.07759518790381502,2.12273079315502,0.21138589801236454,nan
20260729,sat_03,40.0,0.024372471023564428,0.4208721057945666,2.5816398678100114,3.1674555655093912
20260729,sat_03,42.0,0.028560283515315095,0.5077583954878705,2.0460705299383446,nan
20260729,sat_03,44.0,0.030652485977747796,0.5158194142689614,6.579565589197072,nan
20260729,sat_03,46.0,0.03400582696218699,0.5623358779828884,0.10733410309597366,nan
20260729,sat_03,48.0,0.035505991841815285,0.5454607284540479,5.880430360740934,nan
20260729,sat_03,50.0,0.05275788559047625,2.190254061703306,4.524529609529607,6.021219874002161
20260729,sat_03,52.0,0.05517706019988206,2.1475455239090575,0.7882764854446538,nan
20260729,sat_03,54.0,0.060059453880522674,2.2871093448304722,8.150556318181762,nan
20260729,sat_03,56.0,0.06393711984737702,2.3371104175967226,0.8985830724465909,nan
20260729,sat_03,58.0,0.0682891273455891,2.411824500865156,1.6173546309150222,nan
20260729,sat_03,60.0,0.011974956122607575,0.12465321445176954,11.161335452989363,3.166025102851979
20260729,sat_03,62.0,0.009950896779870095,0.07825452945353774,2.701434292982493,nan
20260729,sat_03,64.0,0.007856200931494531,0.044434448768406624,1.6865469390893855,nan
20260729,sat_03,66.0,0.008782199262754217,0.05069339753306799,0.4814357162905036,nan
20260729,sat_03,68.0,0.009061195239178067,0.049392786774225594,4.085449212258881,nan
20260729,sat_03,70.0,0.016969465575888607,0.2741722099340681,0.35992196173904534,0.6782277674749215
20260729,sat_03,72.0,0.015516164028281251,0.21053956400299845,2.846802514436719,nan
20260729,sat_03,74.0,0.014859078708244426,0.1776326887104538,1.3467182860187663,nan
20260729,sat_03,76.0,0.012348989935040017,0.11307141010054333,1.4599653092409701,nan
20260729,sat_03,78.0,0.009750559598568246,0.06509709672988935,1.334915478479744,nan
20260729,sat_03,80.0,0.04618359675787689,2.2048614614304483,1.2891055461085608,2.1768353039263943
20260729,sat_03,82.0,0.04623489214647975,2.0454557509674762,0.40611852824895295,nan
20260729,sat_03,84.0,0.04489363625282647,1.7873542471043915,3.0915280872609068,nan
20260729,sat_03,86.0,0.045629773484368856,1.7137801437534999,3.016261649317511,nan
20260729,sat_03,88.0,0.04819786503930739,1.777677690408785,0.9654568391463838,nan
20260729,sat_03,90.0,0.04422516347237514,2.1758957177208247,2.619278473564977,2.361788428561036
20260729,sat_03,92.0,0.04029757170074839,1.6821357827257961,4.609467730584206,nan
20260729,sat_03,94.0,0.03824383617450808,1.4121054712884114,0.8351094454742994,nan
20260729,sat_03,96.0,0.03848635201409675,1.3345726994784841,0.6860789391025652,nan
20260729,sat_03,98.0,0.03840881919478706,1.2422029527278438,0.8275595709965189,nan
20260729,sat_03,100.0,0.034789030899298905,1.4379585071150052,4.151177102978385,0.046405495460808736
20260729,sat_03,102.0,0.03410701287715801,1.2928748037381286,2.0132058794685705,nan
20260729,sat_03,104.0,0.034136254622512754,1.2125328659099623,2.448349234951761,nan
20260729,sat_03,106.0,0.03482312493464291,1.1826583821134924,1.5256493358017906,nan
20260729,sat_03,108.0,0.04044670882726493,1.497234161666353,5.467794150436081,nan
20260729,sat_03,110.0,0.032427018523090025,1.3253403519487001,3.4196605784093053,5.5763682767464555
20260729,sat_03,112.0,0.03225231311040398,1.2310072167451447,2.0623641169870344,nan
20260729,sat_03,114.0,0.029745183820702466,0.9838690589532726,4.225994440319434,nan
20260729,sat_03,116.0,0.029505160028188787,0.9104947552286136,0.3132728875029822,nan
20260729,sat_03,118.0,0.02907251449125019,0.8323094227786676,3.592231023489863,nan
20260729,sat_03,120.0,0.034442636553149934,1.575683115071305,8.289117297841035,0.7502850702811303
20260730,sat_01,0.0,0.049204821316090414,0.9708668308316923,0.03586238596583903,1.4557544271627145
20260730,sat_01,2.0,0.04888626320865792,0.9209640349471249,2.308740281683987,nan
20260730,sat_01,4.0,0.047274765748329416,0.7735512957174773,1.9658470966273731,nan
20260730,sat_01,6.0,0.04421247135347204,0.5795647502662322,1.578970889428533,nan
20260730,sat_01,8.0,0.037181919424343686,0.34176831810649655,6.35527543737096,nan
20260730,sat_01,10.0,0.04499898773853779,1.2226918738163455,3.154241679128803,1.6271117699811184
20260730,sat_01,12.0,0.05660301374908399,1.5665504310926206,3.0834215386475643,nan
20260730,sat_01,14.0,0.06702871911287432,1.7528270483866242,0.37953334163893315,nan
20260730,sat_01,16.0,0.07536581060289675,1.769496781339147,3.133733412503889,nan
20260730,sat_01,18.0,0.08277117132542912,1.7190499608330048,1.8284293743371518,nan
20260730,sat_01,20.0,0.04571543509648688,1.2632830872575707,3.985627821315801,4.536999415477776
20260730,sat_01,22.0,0.050679740068641344,1.2737507402605917,2.5128370662614787,nan
20260730,sat_01,24.0,0.05600159232856224,1.2826157510360612,2.9514820961331725,nan
20260730,sat_01,26.0,0.05843536845802058,1.161264373881266,2.9302191819731975,nan
20260730,sat_01,28.0,0.0650105976043785,1.206670200626941,5.570738546052109,nan
20260730,sat_01,30.0,0.04623357467548906,1.3728259583586475,7.475559801228404,1.9521588406233452
20260730,sat_01,32.0,0.04972651579310774,1.3553956308812716,1.1473556614667062,nan
20260730,sat_01,34.0,0.05321326021703584,1.3317132400114688,1.1419871379830602,nan
20260730,sat_01,36.0,0.05403115433215273,1.1853380972336645,7.065577931050504,nan
20260730,sat_01,38.0,0.05559494213853359,1.0906040626314768,2.0176801234155155,nan
20260730,sat_01,40.0,0.050659013962580754,1.8181862942583709,2.2241108032524686,4.739668385004511
20260730,sat_01,42.0,0.05367300511779792,1.7931120657037671,2.844844395542551,nan
20260730,sat_01,44.0,0.058831335294792675,1.9000269529709133,1.4517664775934338,nan
20260730,sat_01,46.0,0.06225889156606738,1.8848038105511051,1.3199447659921395,nan
20260730,sat_01,48.0,0.06318059622504645,1.727123854583612,3.4818228297078297,nan
20260730,sat_01,50.0,0.024989348421569337,0.49128982646334957,1.057398709612427,1.949511013016494
20260730,sat_01,52.0,0.02756671849442916,0.5358971442170473,2.2526402526373857,nan
20260730,sat_01,54.0,0.030736607174741252,0.598802436501391,6.042006267450356,nan
20260730,sat_01,56.0,0.03260091069046491,0.6073697475949201,0.4197318434358429,nan
20260730,sat_01,58.0,0.03419835603201759,0.6045673680983034,0.4163430787496119,nan
20260730,sat_01,60.0,0.02584004676859394,0.5804784436552358,0.6045371654837587,0.5230455693969319
20260730,sat_01,62.0,0.027592880644260128,0.6017686434332729,3.7277689423404703,nan
20260730,sat_01,64.0,0.028012141763266673,0.5649962112257929,2.4270103302542627,nan
20260730,sat_01,66.0,0.030570082877894162,0.6144617607192832,4.3226379326150965,nan
20260730,sat_01,68.0,0.03540461973363511,0.7544437876049273,2.673343793074711,nan
20260730,sat_01,70.0,0.05604810025096157,2.990849166827389,1.1551731060587553,4.491837423846031
20260730,sat_01,72.0,0.05649443024508331,2.7910493630989532,2.1672857128597394,nan
20260730,sat_01,74.0,0.06083441227220403,2.977288337526316,5.392807792643666,nan
20260730,sat_01,76.0,0.06579096313968757,3.209333999262075,4.024292634860862,nan
20260730,sat_01,78.0,0.06998954907666777,3.3539973146664472,2.096045296294718,nan
20260730,sat_01,80.0,0.039335531278823284,1.5993543020689858,2.0647439830052683,2.4163502911655668
20260730,sat_01,82.0,0.037397170909696305,1.3380961976321493,6.294854707678199,nan
20260730,sat_01,84.0,0.03837767840944041,1.306010057921986,1.4814529844119508,nan
20260730,sat_01,86.0,0.04072041978264561,1.364684913281101,1.5765118306121595,nan
20260730,sat_01,88.0,0.04204007844166206,1.3522832232716242,1.3407266655105727,nan
20260730,sat_01,90.0,0.05787516075136502,3.7264925145082417,6.04382844715199,0.7382657764111931
20260730,sat_01,92.0,0.06037823808458449,3.776453046846867,0.35469145932692026,nan
20260730,sat_01,94.0,0.059640270653530184,3.434403462788533,3.9935114357156336,nan
20260730,sat_01,96.0,0.06372108701131725,3.6587529629766786,3.052962253834419,nan
20260730,sat_01,98.0,0.06458618610647954,3.5127865965493976,1.4123037018766367,nan
20260730,sat_01,100.0,0.06067843464169121,4.374873767860983,0.5854446337463103,0.7514808962065564
20260730,sat_01,102.0,0.06260578206188386,4.356589029756478,1.7648990029588862,nan
20260730,sat_01,104.0,0.06301749265426282,4.132685440363996,1.7155310153426893,nan
20260730,sat_01,106.0,0.06546569023064111,4.180249016985787,0.2131478124078966,nan
20260730,sat_01,108.0,0.06729052767324174,4.144584479421791,3.5023922280071536,nan
20260730,sat_01,110.0,0.05454971497985436,3.749716356165146,5.538329962323678,3.879751967167909
20260730,sat_01,112.0,0.05879561636650573,4.0899632856293495,4.984035946405999,nan
20260730,sat_01,114.0,0.0612270079957398,4.167336462613433,1.4286665897970656,nan
20260730,sat_01,116.0,0.0630990698539027,4.1627740838205884,2.181329011150536,nan
20260730,sat_01,118.0,0.06256387222252868,3.853285171487492,1.249516025859994,nan
20260730,sat_01,120.0,0.03433418689371563,1.5654717227413153,1.4331541165395028,5.318839578621453
20260730,sat_02,0.0,0.07537928150373556,2.2784961393409136,0.02183627846774389,1.3350655030942162
20260730,sat_02,2.0,0.07828382974481944,2.3616432529174034,0.9617402651133733,nan
20260730,sat_02,4.0,0.07914067294483004,2.1678743958920794,2.7833425733190587,nan
20260730,sat_02,6.0,0.08105107663192988,1.9477737821205878,1.7526967416887835,nan
20260730,sat_02,8.0,0.08553253723925408,1.8085990295457124,2.511026645563425,nan
20260730,sat_02,10.0,0.018583266466581226,0.20852649656912498,1.1795661478538209,1.7581477503633374
20260730,sat_02,12.0,0.01578742112012795,0.12186755242823206,7.379270722692783,nan
20260730,sat_02,14.0,0.01665004070816855,0.10815673314169316,0.20844798599796033,nan
20260730,sat_02,16.0,0.016413639354045377,0.08392855236637634,3.6212465793689677,nan
20260730,sat_02,18.0,0.021012467580098303,0.11078133647212196,3.666319445105649,nan
20260730,sat_02,20.0,0.06981862339441751,2.94666820967604,0.8100553688759713,1.0069898764160488
20260730,sat_02,22.0,0.0776599850555268,2.991156016780929,0.17107071297880747,nan
20260730,sat_02,24.0,0.08583982287311383,3.013801341333872,4.1773929368620015,nan
20260730,sat_02,26.0,0.09221959116126971,2.8925135101879667,1.9637448231954335,nan
20260730,sat_02,28.0,0.0996497339870936,2.8355149102940205,0.4675108398349872,nan
20260730,sat_02,30.0,0.021388591076667296,0.29376083517704094,2.547660741990073,2.958432471688041
20260730,sat_02,32.0,0.02190345442136612,0.2629030822273571,1.3303923578997487,nan
20260730,sat_02,34.0,0.021093151827790584,0.20916652677087205,1.721572094215973,nan
20260730,sat_02,36.0,0.021695303289841393,0.1910219349566331,0.6567815574530859,nan
20260730,sat_02,38.0,0.02041504648415608,0.1469716078806515,1.936212748204054,nan
20260730,sat_02,40.0,0.06038425581756932,2.5836132514943726,9.515974914045788,1.2230853957616339
20260730,sat_02,42.0,0.06517205218622915,2.6441333167887833,2.4354778484799264,nan
20260730,sat_02,44.0,0.06918528562033546,2.6280506656877383,1.2222298444150859,nan
20260730,sat_02,46.0,0.07074288778820315,2.433859863681347,3.8136042295156094,nan
20260730,sat_02,48.0,0.07212898970047465,2.251293602905561,6.7245818030142654,nan
20260730,sat_02,50.0,0.03766079894043351,1.1157763866822334,5.57933270428201,9.006231511803893
20260730,sat_02,52.0,0.04038987495912802,1.1503304354888921,2.421506205868637,nan
20260730,sat_02,54.0,0.04289959777870846,1.1664558065570951,0.7728946586928738,nan
20260730,sat_02,56.0,0.045260148138895284,1.1706259922052065,5.290515251374072,nan
20260730,sat_02,58.0,0.04769894708912753,1.1761796302355523,1.7986295635272593,nan
20260730,sat_02,60.0,0.046873711019819624,1.910008292350603,3.509413952944544,0.13642043170519594
20260730,sat_02,62.0,0.0504095157578538,2.008362141150133,0.23629773261147524,nan
20260730,sat_02,64.0,0.0500805595461013,1.8058138831164092,5.132441883171543,nan
20260730,sat_02,66.0,0.05341102462968973,1.8755213942775861,1.454127990951206,nan
20260730,sat_02,68.0,0.05268354110036425,1.670431116222881,2.5344813203004666,nan
20260730,sat_02,70.0,0.033993836956800395,1.1002021932223878,0.9586043044567156,2.7996280157215114
20260730,sat_02,72.0,0.03603190453410889,1.135338954638256,3.53033583894877,nan
20260730,sat_02,74.0,0.03649771330933007,1.0716508487138174,1.5784173544620226,nan
20260730,sat_02,76.0,0.03609657783354203,0.9661006559648835,1.377598313071079,nan
20260730,sat_02,78.0,0.037151043780270614,0.9450048867261759,3.559535996348789,nan
20260730,sat_02,80.0,0.013224968228614227,0.18081606037583373,2.61172714791604,1.4517198584966045
20260730,sat_02,82.0,0.011086897868143151,0.11762793040453241,2.8184027073386853,nan
20260730,sat_02,84.0,0.008612592469454661,0.06578669394365601,1.9022970581971395,nan
20260730,sat_02,86.0,0.008503858790369268,0.059516954949675765,2.403186969628727,nan
20260730,sat_02,88.0,0.010658188221346072,0.08691277780673563,1.2145763846428657,nan
20260730,sat_02,90.0,0.04208492701382934,1.9711492524793623,0.638663407180478,2.6693210471770565
20260730,sat_02,92.0,0.043738531082483406,1.9825077459762213,0.7758674402556276,nan
20260730,sat_02,94.0,0.045582632323935876,2.0069894769976844,0.8808263212515435,nan
20260730,sat_02,96.0,0.04587002533819702,1.8966959139091213,1.0577757585478234,nan
20260730,sat_02,98.0,0.04443594057571929,1.663493220469702,1.8547965802002477,nan
20260730,sat_02,100.0,0.03464300912993867,1.426066485131163,0.3673606431172815,3.858965555034964
20260730,sat_02,102.0,0.03570198854461981,1.416798816951893,0.5997003901075637,nan
20260730,sat_02,104.0,0.03509595244121517,1.2817820980540027,1.4651554993002813,nan
20260730,sat_02,106.0,0.03776738276595388,1.391218983991425,1.357655139931839,nan
20260730,sat_02,108.0,0.03698330564673902,1.2518887293393917,2.3649870990100323,nan
20260730,sat_02,110.0,0.021124928242995687,0.5623338546406714,4.996485886118914,4.435034181141968
20260730,sat_02,112.0,0.023629260784362432,0.6605544668502432,5.021985614077507,nan
20260730,sat_02,114.0,0.022164112544704854,0.5460844064832736,1.971693581896429,nan
20260730,sat_02,116.0,0.028946805881712195,0.876050918152317,7.943763125602882,nan
20260730,sat_02,118.0,0.03301148087419987,1.0728296908107495,4.191145523011771,nan
20260730,sat_02,120.0,0.01630763539998061,0.35313135314240385,3.0146047033621124,1.339611223016838
20260730,sat_03,0.0,0.07027216400686968,1.980208742747021,0.023907072380103,1.3799653889892518
20260730,sat_03,2.0,0.06828303603187122,1.7967734242877427,2.2889142544053103,nan
20260730,sat_03,4.0,0.06380571822661336,1.409113106918867,0.7371090322492708,nan
20260730,sat_03,6.0,0.05893091637267882,1.029657441025226,0.3092983725176984,nan
20260730,sat_03,8.0,0.05787700282088902,0.8280757997939461,1.2474790116152354,nan
20260730,sat_03,10.0,0.04504436364081059,1.2251518320020647,5.197178118318628,0.43478834239753794
20260730,sat_03,12.0,0.046044771927617655,1.0366542478290133,0.5872404655930562,nan
20260730,sat_03,14.0,0.04787087837868118,0.8940912374420986,1.9248198538959636,nan
20260730,sat_03,16.0,0.050070886256823974,0.7810879337321845,1.9058844637375145,nan
20260730,sat_03,18.0,0.052424467350499986,0.6896358799497089,6.3244625841259685,nan
20260730,sat_03,20.0,0.09323050925048708,5.254170864951064,3.3094161087114986,6.321193050204751
20260730,sat_03,22.0,0.10255988371520187,5.216766093758437,1.348170163540832,nan
20260730,sat_03,24.0,0.11289961128683669,5.213501484007644,4.30693046864272,nan
20260730,sat_03,26.0,0.12330547613332946,5.1714321931615626,0.5728228448033863,nan
20260730,sat_03,28.0,0.1340208387006397,5.1290549645916865,17.706129796251968,nan
20260730,sat_03,30.0,0.06364935512870698,2.6018158707926884,2.96979504328358,8.82183562562846
20260730,sat_03,32.0,0.06652467836248818,2.4256796821971602,3.6808151067071364,nan
20260730,sat_03,34.0,0.06833755159143134,2.1961144027447856,4.433365223957975,nan
20260730,sat_03,36.0,0.07185413012742842,2.096130745633021,3.980530944034898,nan
20260730,sat_03,38.0,0.07378381730215153,1.9207144171490016,1.4432682899605866,nan
20260730,sat_03,40.0,0.021215025879137022,0.3188412271856942,3.19894841939126,2.9049930690646355
20260730,sat_03,42.0,0.01947622373583258,0.23608727797883727,5.4832150651755995,nan
20260730,sat_03,44.0,0.01981751590448336,0.21558973911794563,0.20761683061959535,nan
20260730,sat_03,46.0,0.021403035493590357,0.2227542932148869,0.6623340769458697,nan
20260730,sat_03,48.0,0.023465179237771635,0.23825854382794842,1.2685141944323126,nan
20260730,sat_03,50.0,0.04799989670957094,1.812862322967243,1.959185948107585,0.44807088584894017
20260730,sat_03,52.0,0.0494895624766905,1.7274638907237991,2.936347981927803,nan
20260730,sat_03,54.0,0.05357529262800764,1.819744607806409,3.3821196757837813,nan
20260730,sat_03,56.0,0.05744308915218692,1.8862756419896896,2.6998334979933554,nan
20260730,sat_03,58.0,0.06167460888386548,1.9670956588151973,3.250862917544372,nan
20260730,sat_03,60.0,0.06453054023360161,3.6199084844648475,1.6528753840400718,1.026855291534087
20260730,sat_03,62.0,0.06627361872270328,3.471345733543348,16.02605611591301,nan
20260730,sat_03,64.0,0.06844355560442344,3.3728331060349017,4.632504484027019,nan
20260730,sat_03,66.0,0.07174346260364386,3.383980414363723,3.0684467083336475,nan
20260730,sat_03,68.0,0.0753566083059324,3.4176001118569883,0.6073451879580631,nan
20260730,sat_03,70.0,0.05305569475049335,2.6807157684845424,0.0941724882386844,1.8231834086602434
20260730,sat_03,72.0,0.053919807151302394,2.543261977348528,0.8960615465337193,nan
20260730,sat_03,74.0,0.05746107690597344,2.6572137508426676,1.29373894646664,nan
20260730,sat_03,76.0,0.0620697953314952,2.85772142768765,3.0992310242063326,nan
20260730,sat_03,78.0,0.0625209115502261,2.677591883870772,1.328334160321881,nan
20260730,sat_03,80.0,0.06706804248675763,4.650325593162548,1.5119185217391913,0.38076363087515547
20260730,sat_03,82.0,0.07127030783988507,4.861014447967978,2.0969791145301255,nan
20260730,sat_03,84.0,0.07484250816147106,4.968121244165788,10.38305504101672,nan
20260730,sat_03,86.0,0.07912630901547607,5.154238908634194,1.2358680258029853,nan
20260730,sat_03,88.0,0.08256873031485847,5.217828695788036,1.1984486111763606,nan
20260730,sat_03,90.0,0.04626462581475359,2.381954049031671,3.494008791296389,3.1157499905979913
20260730,sat_03,92.0,0.04715356036180508,2.3039667528703305,2.4886712690034583,nan
20260730,sat_03,94.0,0.046830070490716955,2.1180913384721984,2.0049870795346445,nan
20260730,sat_03,96.0,0.04821367804175486,2.0952680908629375,0.40164534205445146,nan
20260730,sat_03,98.0,0.046999051794860164,1.8607043131628136,1.9576363793994795,nan
20260730,sat_03,100.0,0.056976230559052585,3.857857851321606,1.4296345482506285,0.9655643290959826
20260730,sat_03,102.0,0.056164186045579344,3.5067319432538486,0.6085108786360764,nan
20260730,sat_03,104.0,0.058000453146268026,3.50130058334942,3.300990643557663,nan
20260730,sat_03,106.0,0.06278192570945192,3.845071321288018,4.426198663578194,nan
20260730,sat_03,108.0,0.06558204258196182,3.937412803268315,0.7196395672586898,nan
20260730,sat_03,110.0,0.04637205432169074,2.7097748258863974,2.004805294868796,1.5312284825201767
20260730,sat_03,112.0,0.045990498265413154,2.5025206977885115,2.394589011112058,nan
20260730,sat_03,114.0,0.05160170326996171,2.9601947720241717,6.719809167796694,nan
20260730,sat_03,116.0,0.05257995941616523,2.890665823022727,1.5261393571429998,nan
20260730,sat_03,118.0,0.04830470165309816,2.2971493611220777,4.849459746572706,nan
20260730,sat_03,120.0,0.03242504677833486,1.3965140666802587,0.5350464409375777,2.458643468440842
20260731,sat_01,0.0,0.07531499405884191,2.2746113537216135,0.004648787304521425,1.3047576467905304
20260731,sat_01,2.0,0.07351459103110246,2.082651918979368,0.10353127536408144,nan
20260731,sat_01,4.0,0.07446331300699745,1.9191867086543901,1.8410139175996632,nan
20260731,sat_01,6.0,0.06795656431645974,1.369240029845049,5.088737644336355,nan
20260731,sat_01,8.0,0.06545391937639755,1.0591174774505596,0.4541464891613166,nan
20260731,sat_01,10.0,0.023422034124094628,0.33125361094917605,2.4394440839564724,1.2098539365328234
20260731,sat_01,12.0,0.027087680883655894,0.35876324454841424,5.47762063940659,nan
20260731,sat_01,14.0,0.030040334275821888,0.35205955555059393,5.593721391199905,nan
20260731,sat_01,16.0,0.03658063715013504,0.4168446619094682,0.433667714021192,nan
20260731,sat_01,18.0,0.03988412383913847,0.3990890263575944,4.09138658478181,nan
20260731,sat_01,20.0,0.07034469279514297,2.9913404623978392,0.5219084596039747,2.0127570143693045
20260731,sat_01,22.0,0.07509823715460974,2.7972838120339008,1.8854856734736982,nan
20260731,sat_01,24.0,0.08004210329561756,2.6207431854669965,1.7390913193999413,nan
20260731,sat_01,26.0,0.08487872149986574,2.450759607075267,4.3693505076070025,nan
20260731,sat_01,28.0,0.09235811154560548,2.4362838559388935,6.130523257225294,nan
20260731,sat_01,30.0,0.01990543888195457,0.2544474161499187,3.5322773853569225,4.38300599632698
20260731,sat_01,32.0,0.022267528636930697,0.2717360473362848,1.5927720375512195,nan
20260731,sat_01,34.0,0.026670141372807144,0.3344221892713457,1.722962468144326,nan
20260731,sat_01,36.0,0.031695559592294205,0.4077289886386796,2.224224465768914,nan
20260731,sat_01,38.0,0.03577138913958986,0.4512657570401892,3.5415309603437635,nan
20260731,sat_01,40.0,0.0794278833615453,4.470807298245617,5.820360589054304,2.3495244986575585
20260731,sat_01,42.0,0.08581454283939287,4.585246428937856,3.0489164843961243,nan
20260731,sat_01,44.0,0.09227364725246327,4.675916829579236,1.1686202769766312,nan
20260731,sat_01,46.0,0.0946679924759816,4.359788701829638,13.653801929875556,nan
20260731,sat_01,48.0,0.09882153602597159,4.227427461118704,1.9915546947926845,nan
20260731,sat_01,50.0,0.03763597365633562,1.1145508798589017,1.459900634837094,3.93185199292597
20260731,sat_01,52.0,0.04049306933591565,1.1564821388921362,7.357784628839716,nan
20260731,sat_01,54.0,0.0404216491533647,1.0358375235203146,1.200928620684885,nan
20260731,sat_01,56.0,0.03959251131792348,0.8960581916606012,2.310681582104799,nan
20260731,sat_01,58.0,0.045655379151954445,1.077820827723118,8.81112983905164,nan
20260731,sat_01,60.0,0.03921407850080007,1.3365442921911952,4.212963238608468,1.8462875349099122
20260731,sat_01,62.0,0.040494940279827266,1.2957114321633343,4.255811535876735,nan
20260731,sat_01,64.0,0.04175482361616175,1.254925102621296,0.24890806141330604,nan
20260731,sat_01,66.0,0.04331499293635029,1.2330846483086184,0.4030657991151199,nan
20260731,sat_01,68.0,0.0471163360654258,1.335510929789655,2.29385161779503,nan
20260731,sat_01,70.0,0.06753916081174659,4.343215450361342,4.726947112176328,1.5830965488541158
20260731,sat_01,72.0,0.06765017711593492,4.0024585706069935,2.170414850804838,nan
20260731,sat_01,74.0,0.06781482020835221,3.7000249999482646,2.6403289452756056,nan
20260731,sat_01,76.0,0.06893983213421057,3.5241266832589657,2.030782574526117,nan
20260731,sat_01,78.0,0.07221078032493555,3.570520717101722,5.833513154427157,nan
20260731,sat_01,80.0,0.045235414744403686,2.1151486814791993,1.0889113810887368,1.8641635720225114
20260731,sat_01,82.0,0.048558627746611197,2.256133263547806,2.333754643754394,nan
20260731,sat_01,84.0,0.04833050483341031,2.0713705314493165,1.9643482457836776,nan
20260731,sat_01,86.0,0.048834044095582764,1.9629266410581951,3.6570210887593273,nan
20260731,sat_01,88.0,0.052648659789616095,2.1211424837585344,2.637233149219735,nan
20260731,sat_01,90.0,0.03895011369250484,1.6880745967075397,5.3554106869218785,1.5099148443360462
20260731,sat_01,92.0,0.04069604580173454,1.715928198087182,1.6291646634584007,nan
20260731,sat_01,94.0,0.04214174338713596,1.7151396505753096,3.5307146228185364,nan
20260731,sat_01,96.0,0.04467069900497033,1.7985585444173124,1.6610383966058468,nan
20260731,sat_01,98.0,0.046705471696568183,1.8375345098900615,0.8144308918001224,nan
20260731,sat_01,100.0,0.026405948597241623,0.828775749258657,1.8095456477553136,1.99856197352778
20260731,sat_01,102.0,0.028409590370204716,0.8974204661395202,1.5268098941002552,nan
20260731,sat_01,104.0,0.025821747973474477,0.694126960667786,8.839391485156161,nan
20260731,sat_01,106.0,0.026529335427372968,0.6867301907612358,0.8794541909732341,nan
20260731,sat_01,108.0,0.025655121106626856,0.6026941437575413,1.375302088438232,nan
20260731,sat_01,110.0,0.02698353029388545,0.917518683606814,5.304824895510393,2.758484112805263
20260731,sat_01,112.0,0.02628860682895733,0.817657230801889,1.855321526044028,nan
20260731,sat_01,114.0,0.026008726691335297,0.7520094967446151,1.8830999148561118,nan
20260731,sat_01,116.0,0.023276997633231995,0.5665093968528903,2.951006707084823,nan
20260731,sat_01,118.0,0.02672613475775691,0.7031949474644063,2.144471390054681,nan
20260731,sat_01,120.0,0.04816966151496719,3.081467477595238,1.0285864512414518,1.1997467563986648
20260731,sat_02,0.0,0.026177236870287633,0.27478433472551583,0.023728933429085292,1.378149617124829
20260731,sat_02,2.0,0.02675777457975027,0.27590961891242166,1.721417548593051,nan
20260731,sat_02,4.0,0.021250313437998526,0.1562990586883398,5.608881762280372,nan
20260731,sat_02,6.0,0.016611021304718435,0.08180880370973821,3.6617172662782025,nan
20260731,sat_02,8.0,0.01786018836552818,0.07885736355457056,0.4402614236818442,nan
20260731,sat_02,10.0,0.05004924782687844,1.5125496586069382,4.55310560623406,0.7928651370014144
20260731,sat_02,12.0,0.05522294833990183,1.4910829528578038,0.2092328820759675,nan
20260731,sat_02,14.0,0.061897556713041,1.4946967168053635,0.43505018585080313,nan
20260731,sat_02,16.0,0.06899196820235778,1.4827752204488647,0.23448407022636947,nan
20260731,sat_02,18.0,0.07697531194478689,1.4866272056624228,2.5907937333620557,nan
20260731,sat_02,20.0,0.02130405566492184,0.27438186734206693,3.6650581087820746,2.8380617223982196
20260731,sat_02,22.0,0.025700809528041275,0.32766849076952614,1.6446758341954626,nan
20260731,sat_02,24.0,0.02977771644355147,0.36280109609949973,1.1842120681823878,nan
20260731,sat_02,26.0,0.034302531916502135,0.40038858320572057,0.7956288838958269,nan
20260731,sat_02,28.0,0.03926432642745636,0.4404601075651213,3.0773438511081537,nan
20260731,sat_02,30.0,0.0365080585764928,0.8560505569158581,3.0457487469841995,0.07731280426495502
20260731,sat_02,32.0,0.03961940631394479,0.8604604930213815,0.34358705531353134,nan
20260731,sat_02,34.0,0.042137877656543206,0.8351234368577523,7.062817812719345,nan
20260731,sat_02,36.0,0.0456699637843786,0.8469384366841646,0.12657676940977303,nan
20260731,sat_02,38.0,0.05186923999457291,0.9493917265278718,4.392349273393593,nan
20260731,sat_02,40.0,0.057123992387141616,2.312067766948317,6.966477581788958,1.0527183561918159
20260731,sat_02,42.0,0.06055674571852644,2.282806763416208,0.7727070595771427,nan
20260731,sat_02,44.0,0.06513801852035712,2.3295016895124303,0.8706249877765355,nan
20260731,sat_02,46.0,0.06932961970328312,2.3375271054397575,0.6261471048056604,nan
20260731,sat_02,48.0,0.07267784690546267,2.2856056370252635,2.72962764552921,nan
20260731,sat_02,50.0,0.07502378147520732,4.428545889416677,4.091829884789865,0.0032089684658246497
20260731,sat_02,52.0,0.07768475264302996,4.256167181284231,1.4538736441333624,nan
20260731,sat_02,54.0,0.07905188635414868,3.961456542013988,1.5409918407192449,nan
20260731,sat_02,56.0,0.08037600240575245,3.692428274336411,1.6501357144383575,nan
20260731,sat_02,58.0,0.08449449522843529,3.691125183454587,2.7314017117128895,nan
20260731,sat_02,60.0,0.05977866035506331,3.1062942457542966,0.9810076854875585,1.369059065275306
20260731,sat_02,62.0,0.061444956948659195,2.983660579574752,1.8219062475110717,nan
20260731,sat_02,64.0,0.06367833818285196,2.9192569877706727,1.1599461599557659,nan
20260731,sat_02,66.0,0.06541137895627812,2.8125640001139534,3.67769388011065,nan
20260731,sat_02,68.0,0.06670084260370757,2.677105423208931,1.1487210773615004,nan
20260731,sat_02,70.0,0.029460318467241585,0.8266002919893521,0.7058246327652048,2.334609021818787
20260731,sat_02,72.0,0.03123190742197627,0.8533637841529252,2.4577542506152126,nan
20260731,sat_02,74.0,0.03153558928815004,0.8004124224119902,2.2701922784881705,nan
20260731,sat_02,76.0,0.03211127643526318,0.764874480340652,2.5677445229387548,nan
20260731,sat_02,78.0,0.031488787310020964,0.6791997293782959,1.1843447411830765,nan
20260731,sat_02,80.0,0.023074180490319382,0.5505156217487204,0.29828046294494426,0.187761220236486
20260731,sat_02,82.0,0.022470507932045667,0.4832958553709391,3.004816895974723,nan
20260731,sat_02,84.0,0.01997986036573088,0.3541329636141041,1.044394444511352,nan
20260731,sat_02,86.0,0.023257616141490915,0.4453908931263243,4.838612935664533,nan
20260731,sat_02,88.0,0.022799420162033675,0.39792751645270746,0.8256491911177254,nan
20260731,sat_02,90.0,0.03273534360784744,1.192542720816075,1.785996046758725,0.8438415570462842
20260731,sat_02,92.0,0.03480822608582009,1.2555439476683488,1.4709143443202979,nan
20260731,sat_02,94.0,0.035794472106464595,1.237541620554539,0.029636789105047388,nan
20260731,sat_02,96.0,0.04071668614204049,1.4943940829599622,4.149442284000994,nan
20260731,sat_02,98.0,0.043469779070982845,1.591805601281642,1.1799032862827374,nan
20260731,sat_02,100.0,0.0331276880159541,1.3042337707857268,3.1755816320991417,0.5399838221245638
20260731,sat_02,102.0,0.03345154844968535,1.2440234259537408,1.1748182965785845,nan
20260731,sat_02,104.0,0.03297164914464259,1.1315245543872325,0.8097443001704036,nan
20260731,sat_02,106.0,0.03180361107655328,0.9866990536919368,3.6502441114959807,nan
20260731,sat_02,108.0,0.033638187024123314,1.0358532173897714,0.6666898255691478,nan
20260731,sat_02,110.0,0.03597677900844193,1.6309164557744324,4.8878137757713205,0.8831852425400069
20260731,sat_02,112.0,0.035483060620692626,1.489501294189344,4.338411925026484,nan
20260731,sat_02,114.0,0.035286299100352185,1.3840524725795074,0.6142977931256973,nan
20260731,sat_02,116.0,0.03621795549572223,1.3713545305750747,0.14260730113972525,nan
20260731,sat_02,118.0,0.039729851981240835,1.5537553149535808,2.7447042557972194,nan
20260731,sat_02,120.0,0.05023396441134007,3.351257515238083,3.2039484588036418,1.1460531781320855
20260731,sat_03,0.0,0.07244404686806243,2.104503830052029,0.020344666515265532,1.4178930754119432
20260731,sat_03,2.0,0.06706085984501255,1.7330271772365102,1.1759090029497143,nan
20260731,sat_03,4.0,0.0631624282110564,1.3808369228033408,3.4587118683658757,nan
20260731,sat_03,6.0,0.06501952301606295,1.2534032267428656,3.2716992775997022,nan
20260731,sat_03,8.0,0.06056089417358354,0.9066514672174215,3.1546532861421994,nan
20260731,sat_03,10.0,0.07372858678347916,3.2823863376571127,3.833482701152014,1.4706027947258755
20260731,sat_03,12.0,0.07245927827740045,2.5671182066947353,2.207734499833478,nan
20260731,sat_03,14.0,0.07245743031970678,2.048155058944472,2.6314730735611023,nan
20260731,sat_03,16.0,0.07417119501940592,1.7137124408989892,2.812281867567845,nan
20260731,sat_03,18.0,0.07734558291116526,1.5009176585199906,2.2511611526865742,nan
20260731,sat_03,20.0,0.06272760710680865,2.3784721624662115,0.4817137293541197,2.1326406499737343
20260731,sat_03,22.0,0.06533342838464337,2.116892190547238,0.08643168888853889,nan
20260731,sat_03,24.0,0.06958302619610904,1.9802241909282843,3.539515876223299,nan
20260731,sat_03,26.0,0.07294274509168042,1.8094670925129663,1.0983679459296318,nan
20260731,sat_03,28.0,0.07685369326922765,1.6863792596175144,2.162596972038145,nan
20260731,sat_03,30.0,0.047011562378832,1.4190417148112142,8.836252500360004,1.4842580723358298
20260731,sat_03,32.0,0.054078049998155554,1.6023666256628915,4.1864847742561855,nan
20260731,sat_03,34.0,0.05981111967646548,1.6816019996365947,1.4389166916056664,nan
20260731,sat_03,36.0,0.06536887827098875,1.7339606560040703,2.5190582440072977,nan
20260731,sat_03,38.0,0.07453896608160684,1.9591178133602332,5.66500076656556,nan
20260731,sat_03,40.0,0.051564966610986473,1.8841115471533225,3.1161325768504398,2.1594710692550225
20260731,sat_03,42.0,0.05602624481782941,1.9542265792217541,1.3807416307238154,nan
20260731,sat_03,44.0,0.05962058945524563,1.9518211225519024,2.438124809157708,nan
20260731,sat_03,46.0,0.06390574672826696,1.9863777737672454,0.13675165652526514,nan
20260731,sat_03,48.0,0.0645091190727112,1.801046511038228,5.6471065856546545,nan
20260731,sat_03,50.0,0.03629860015187204,1.036764475842182,1.0402991078660444,1.175507881309263
20260731,sat_03,52.0,0.03682379131893736,0.9564266876913338,0.22246148079811962,nan
20260731,sat_03,54.0,0.0398459671456643,1.0066145530148563,2.327624560643583,nan
20260731,sat_03,56.0,0.04128216199865024,0.974248780952056,0.545741108018976,nan
20260731,sat_03,58.0,0.04201825438468941,0.9130012363147606,1.3066917989345757,nan
20260731,sat_03,60.0,0.039379973734028455,1.3477809288975,0.9657358509286758,1.252098090404055
20260731,sat_03,62.0,0.040073766494893706,1.2688243496054525,3.1862123364910926,nan
20260731,sat_03,64.0,0.041693863819986465,1.2511576353361393,3.750443692514269,nan
20260731,sat_03,66.0,0.044654851045935966,1.310450032507947,3.9527200580028232,nan
20260731,sat_03,68.0,0.04297233499924018,1.1108373416567132,2.709288666863874,nan
20260731,sat_03,70.0,0.024158668797609417,0.5557065765758759,4.726668213252884,3.7713624977496742
20260731,sat_03,72.0,0.02459778807035871,0.5291459363142066,4.121804732698665,nan
20260731,sat_03,74.0,0.02719443341156672,0.5949833977855482,3.500831571292795,nan
20260731,sat_03,76.0,0.03158317430042312,0.7396192569190887,2.5289719430535067,nan
20260731,sat_03,78.0,0.034867864857140406,0.8324501050184365,0.3356750231681803,nan
20260731,sat_03,80.0,0.021482229800979767,0.4769965831254971,5.608501573452685,0.8792615327931023
20260731,sat_03,82.0,0.0222545112608383,0.4738448800662305,1.832779274937765,nan
20260731,sat_03,84.0,0.02586219325165004,0.5930655112730334,1.3950342017420208,nan
20260731,sat_03,86.0,0.03155828035166733,0.819656080526415,6.720308002825365,nan
20260731,sat_03,88.0,0.03141095108861338,0.7549222746799402,4.796858203431645,nan
20260731,sat_03,90.0,0.018521455694514473,0.3817670809500104,3.138045754588396,2.2537936501355045
20260731,sat_03,92.0,0.021001622457353757,0.45706341900208247,0.7860462504776575,nan
20260731,sat_03,94.0,0.022820700499415127,0.5030326806038433,0.6357929223849695,nan
20260731,sat_03,96.0,0.027621179140193446,0.6877695989413517,4.07406629974866,nan
20260731,sat_03,98.0,0.030656168394706064,0.7918035207886251,2.482183416582103,nan
20260731,sat_03,100.0,0.06141892303952483,4.483635160751526,1.24298364969092,1.969867345075302
20260731,sat_03,102.0,0.06719119259375286,5.019701403310767,6.726204610552031,nan
20260731,sat_03,104.0,0.06772662046345514,4.775007773303562,3.067565713960469,nan
20260731,sat_03,106.0,0.07217339751221466,5.0824742940629175,1.9849451624218521,nan
20260731,sat_03,108.0,0.07233987302759178,4.791731218304639,8.69777403656163,nan
20260731,sat_03,110.0,0.07993347397752242,8.053318638846807,1.4556143080538053,1.4498283220421853
20260731,sat_03,112.0,0.07888632909688194,7.364584008862017,5.036232956828299,nan
20260731,sat_03,114.0,0.07993943530588679,7.1058777165755815,0.6887109093048449,nan
20260731,sat_03,116.0,0.08464351201613408,7.492907775953478,2.9714291386115352,nan
20260731,sat_03,118.0,0.08177829872441313,6.585592000654723,4.896432295792924,nan
20260731,sat_03,120.0,0.07787057801855324,8.054192230812797,5.304058684825821,1.0583436976442728
20260732,sat_01,0.0,0.06330546678545851,1.6070402694447237,0.10366860361600003,1.2768839302399686
20260732,sat_01,2.0,0.07014893034834904,1.8963076974921027,4.301824016153133,nan
20260732,sat_01,4.0,0.07589498301484608,1.9936490370639808,0.7506678157327894,nan
20260732,sat_01,6.0,0.08390642167070723,2.087318857316477,2.3920498050232957,nan
20260732,sat_01,8.0,0.08730479842222813,1.884190182456769,1.710943926664299,nan
20260732,sat_01,10.0,0.03554618557533237,0.7629568427731542,2.1180084049989265,2.140045512742823
20260732,sat_01,12.0,0.03514680037591736,0.6039950637146537,8.05876399479524,nan
20260732,sat_01,14.0,0.03615695413130462,0.5100186537115621,3.819353760624183,nan
20260732,sat_01,16.0,0.03720225994076291,0.43112843078918556,2.182256561523017,nan
20260732,sat_01,18.0,0.03814445301065099,0.3650415908102509,3.18498237497096,nan
20260732,sat_01,20.0,0.030523946082686028,0.5632178503285081,2.6653602981422684,0.0763984442494704
20260732,sat_01,22.0,0.031628941281177034,0.49616565379074673,3.716367529626652,nan
20260732,sat_01,24.0,0.030152231305946464,0.37187183638483134,7.69120002656339,nan
20260732,sat_01,26.0,0.031737957285173986,0.3426204727046184,2.1509850740886574,nan
20260732,sat_01,28.0,0.03488768163467533,0.3475910773861248,1.691005871437274,nan
20260732,sat_01,30.0,0.07475310522245904,3.5886648989892134,0.5311808339322462,0.8433776795287817
20260732,sat_01,32.0,0.0818776906396596,3.6743969336668014,1.4114815995469596,nan
20260732,sat_01,34.0,0.08842050965953713,3.6764936819809404,2.187654892891484,nan
20260732,sat_01,36.0,0.09692883571328267,3.8142409807706636,1.8800937404857712,nan
20260732,sat_01,38.0,0.10624572403420518,3.982434738377386,3.4556252525430695,nan
20260732,sat_01,40.0,0.09766008431167778,6.758294417033413,1.2759374710623077,1.6974542261820875
20260732,sat_01,42.0,0.10433336376001366,6.777148215204533,0.5548060747735011,nan
20260732,sat_01,44.0,0.11173987931963196,6.856223217302031,0.4423256687619416,nan
20260732,sat_01,46.0,0.11762084785728767,6.729507892896439,4.042458032994527,nan
20260732,sat_01,48.0,0.12756933776810944,7.043939171946114,4.967770942140188,nan
20260732,sat_01,50.0,0.06431017355875339,3.254314366219215,1.5856401117766514,5.171697007117677
20260732,sat_01,52.0,0.06721100576614857,3.186265433238916,1.2577244366644138,nan
20260732,sat_01,54.0,0.07058467694399488,3.1587872470314924,1.5202811274755152,nan
20260732,sat_01,56.0,0.07302172003834445,3.048234441676052,4.496579000302379,nan
20260732,sat_01,58.0,0.07494108243065054,2.9043586954906884,2.3767391511803324,nan
20260732,sat_01,60.0,0.0585954631284166,2.9852527220507445,0.7852410838011415,1.3995726066730318
20260732,sat_01,62.0,0.06065392198802905,2.9081621568949654,1.4501938373742869,nan
20260732,sat_01,64.0,0.06245204269421874,2.8088064881435466,0.43358439503919105,nan
20260732,sat_01,66.0,0.0625624749300144,2.5738880235274966,3.851191333273407,nan
20260732,sat_01,68.0,0.0639108154964119,2.4587445068789178,4.903268594005532,nan
20260732,sat_01,70.0,0.041522474821652264,1.6421307169666548,6.024645347685405,1.214985123916781
20260732,sat_01,72.0,0.042689336647489376,1.5943644476848122,1.0362692116812027,nan
20260732,sat_01,74.0,0.04422705595486271,1.574393062915521,1.9857557381231628,nan
20260732,sat_01,76.0,0.04416538037617268,1.447027908574099,2.648205653120708,nan
20260732,sat_01,78.0,0.04171030320710874,1.1919140796823835,4.548799294354675,nan
20260732,sat_01,80.0,0.01469628163366975,0.22325730479966788,1.7443255868134906,4.3284165021889915
20260732,sat_01,82.0,0.012859104460205424,0.158218879099361,2.685580177983032,nan
20260732,sat_01,84.0,0.012818530463655855,0.1457067471341606,0.7140153110318279,nan
20260732,sat_01,86.0,0.011617967951849682,0.11110297452539578,1.0560423977973952,nan
20260732,sat_01,88.0,0.011742103631055142,0.1055070259305768,0.9121107618340494,nan
20260732,sat_01,90.0,0.04228583336693499,1.9899038696119749,2.599620841939471,5.301038578703603
20260732,sat_01,92.0,0.04350190361187497,1.9610394129795603,1.372142860392934,nan
20260732,sat_01,94.0,0.043646437809350534,1.8399949052511921,4.177497566516889,nan
20260732,sat_01,96.0,0.04506767429547208,1.8308844186302493,2.12434708332426,nan
20260732,sat_01,98.0,0.04293941806178484,1.5533096830935755,3.202633260272243,nan
20260732,sat_01,100.0,0.04258010004674938,2.154459608948111,1.3827644065902351,2.536411078622049
20260732,sat_01,102.0,0.04617535613112537,2.370086146570617,2.7109303273322114,nan
20260732,sat_01,104.0,0.04955697572897571,2.5558774190650584,1.844950834400363,nan
20260732,sat_01,106.0,0.054786406946016226,2.9277502519120886,2.914772789925882,nan
20260732,sat_01,108.0,0.05789440690349451,3.068044391129998,0.6686539133750635,nan
20260732,sat_01,110.0,0.04700462596400219,2.783997145711668,2.063788529602542,2.1986104852112596
20260732,sat_01,112.0,0.04896872792863845,2.8368999744182437,0.8077542784208568,nan
20260732,sat_01,114.0,0.052034037175256724,3.0097241860290738,2.103258226889496,nan
20260732,sat_01,116.0,0.05422830148152046,3.0744405276103466,0.09277784381234272,nan
20260732,sat_01,118.0,0.05197297965857742,2.659018471344089,5.356755065778685,nan
20260732,sat_01,120.0,0.07218058434157344,6.918814730901934,3.5227742403841313,2.169428306414476
20260732,sat_02,0.0,0.055005696331775274,1.213276184935565,0.09771642380954672,1.3050525891069964
20260732,sat_02,2.0,0.062373925535659375,1.49925383119923,2.263714074959571,nan
20260732,sat_02,4.0,0.06502059876339458,1.4632971687054992,5.99985357824073,nan
20260732,sat_02,6.0,0.0687311033269978,1.4006195961649335,1.2460428220824187,nan
20260732,sat_02,8.0,0.07238039826799902,1.2951247481174066,0.9219710656625952,nan
20260732,sat_02,10.0,0.07752373746908743,3.6289493389098206,1.7041185229239353,3.7483888709552726
20260732,sat_02,12.0,0.083827784539238,3.4359349087822717,6.794698471284606,nan
20260732,sat_02,14.0,0.09097607762103536,3.2290916870871413,0.8714615889214471,nan
20260732,sat_02,16.0,0.09911628447875641,3.060572458042741,0.2226424152053516,nan
20260732,sat_02,18.0,0.1082757921302378,2.941761628309494,3.031862002197683,nan
20260732,sat_02,20.0,0.06358320504704511,2.4438800869525754,2.7356461137207804,4.0010893092171225
20260732,sat_02,22.0,0.06882870896198474,2.3496042140461517,0.5386873708437164,nan
20260732,sat_02,24.0,0.07372739349347521,2.2233456440142696,1.400512003090784,nan
20260732,sat_02,26.0,0.0776103164867901,2.0486996001637534,1.7830278730812394,nan
20260732,sat_02,28.0,0.08310808884282832,1.9722785549899557,1.812267103217511,nan
20260732,sat_02,30.0,0.061202964046449065,2.4052977575475856,4.160739415500843,1.7682148191568354
20260732,sat_02,32.0,0.06538759458094133,2.3429055218044885,1.3586660529325478,nan
20260732,sat_02,34.0,0.06945156722880381,2.2675848566106453,1.7270238802360458,nan
20260732,sat_02,36.0,0.07353003050580036,2.1941317625302035,1.941786136776729,nan
20260732,sat_02,38.0,0.07713919222514357,2.0983228718339033,3.9968469520091725,nan
20260732,sat_02,40.0,0.05270730048377273,1.9682566226152185,0.6983570268526702,0.9248337320960428
20260732,sat_02,42.0,0.054171592004419074,1.8266260174780322,0.9860435178194079,nan
20260732,sat_02,44.0,0.05623492664080287,1.7360224436554696,1.0759758216662891,nan
20260732,sat_02,46.0,0.05861868347123134,1.670795582270582,1.326873759486732,nan
20260732,sat_02,48.0,0.06177922388502433,1.6512678035328991,0.35734936181091886,nan
20260732,sat_02,50.0,0.06097302668220328,2.925314739285706,5.328683970091282,0.9513793794500381
20260732,sat_02,52.0,0.06336051218602753,2.8315351462553924,1.7482469608768365,nan
20260732,sat_02,54.0,0.06694829976449175,2.8414465600360024,3.3741894980123712,nan
20260732,sat_02,56.0,0.06799743281562076,2.642909154841384,4.165403574490439,nan
20260732,sat_02,58.0,0.07040871049040442,2.563390892747341,4.143774215661503,nan
20260732,sat_02,60.0,0.05796041998242335,2.9205614376830424,6.0863297097763125,1.2425731219429983
20260732,sat_02,62.0,0.060950105739430396,2.936169093118709,3.179745826972027,nan
20260732,sat_02,64.0,0.06533860838347698,3.073898348887115,3.606950588990122,nan
20260732,sat_02,66.0,0.06723905916615798,2.97250653995264,0.8238461710003726,nan
20260732,sat_02,68.0,0.06820530143408433,2.79972822798949,1.1522648519162806,nan
20260732,sat_02,70.0,0.0421414213833104,1.6914824928336234,3.431780695533077,3.9388731797531418
20260732,sat_02,72.0,0.04373657222906379,1.6736073804609983,1.6467554663292678,nan
20260732,sat_02,74.0,0.04429968710617079,1.579557200042259,8.067307486894604,nan
20260732,sat_02,76.0,0.04603100187513666,1.5717975426950348,0.7654458901754326,nan
20260732,sat_02,78.0,0.04748440550977919,1.5446739853228337,2.5904790790186625,nan
20260732,sat_02,80.0,0.055513672581483334,3.186450249217882,2.368865067078075,0.1386029725100156
20260732,sat_02,82.0,0.05640956948785513,3.045545163979741,1.7947329682665034,nan
20260732,sat_02,84.0,0.05643927154040478,2.825585563029743,2.594365816248377,nan
20260732,sat_02,86.0,0.05876151681450784,2.842869410689925,2.055926156973288,nan
20260732,sat_02,88.0,0.06102721347184337,2.8507130147760673,0.8272926254903775,nan
20260732,sat_02,90.0,0.04750277081149216,2.511265690923209,0.6078433563428881,1.3174133040503877
20260732,sat_02,92.0,0.04660691110771576,2.25098185127658,3.843600475745187,nan
20260732,sat_02,94.0,0.05030381439134914,2.444160709141059,2.098471985455211,nan
20260732,sat_02,96.0,0.05254371982602829,2.488647284145533,0.9764093902685785,nan
20260732,sat_02,98.0,0.052047987778956854,2.282103523569614,0.9436937411808156,nan
20260732,sat_02,100.0,0.043017780294895606,2.1988532872697224,2.9086308223715203,3.74572594812608
20260732,sat_02,102.0,0.04432676603989081,2.184020392635788,5.923143003189547,nan
20260732,sat_02,104.0,0.04677774903432669,2.2771816058498224,1.5121259105442948,nan
20260732,sat_02,106.0,0.04851917173563298,2.296186542314896,1.0778075760441104,nan
20260732,sat_02,108.0,0.04760239174164633,2.0741393951364966,3.1036780247387274,nan
20260732,sat_02,110.0,0.07069225940403144,6.297355312145202,1.1101214556155221,1.6588849681321116
20260732,sat_02,112.0,0.07559728747537212,6.761574016141688,1.709951421686117,nan
20260732,sat_02,114.0,0.07854858479738787,6.858939560105285,2.1679475019732237,nan
20260732,sat_02,116.0,0.08143406379625558,6.933590223573837,0.12236022186628126,nan
20260732,sat_02,118.0,0.08471268374626613,7.06470888367822,0.4312364268225578,nan
20260732,sat_02,120.0,0.05089865738676431,3.440456727516348,3.7295104024162837,5.7118369250025
20260732,sat_03,0.0,0.08305849849192595,2.766383899419323,0.022315247075676798,1.3940084891199673
20260732,sat_03,2.0,0.08084182447543077,2.518482894464498,2.4591527649736804,nan
20260732,sat_03,4.0,0.07770793633721364,2.090034104935817,2.490459033959988,nan
20260732,sat_03,6.0,0.07712336884896634,1.7634791204872429,0.8702035448159552,nan
20260732,sat_03,8.0,0.07674362430327533,1.455897999886038,0.9586868739422121,nan
20260732,sat_03,10.0,0.07998367984466839,3.862911873480001,2.316307221196051,1.2771809416572426
20260732,sat_03,12.0,0.08738701389128528,3.7338873010294704,4.38782365387956,nan
20260732,sat_03,14.0,0.09522413653386687,3.5376424424644153,1.2536884914620823,nan
20260732,sat_03,16.0,0.10057325221712105,3.1511444452366266,7.323821658437563,nan
20260732,sat_03,18.0,0.10822110553686189,2.93868762224533,1.1917794723172261,nan
20260732,sat_03,20.0,0.06684339254071153,2.7010413873140595,2.193398962991236,1.0870860167293488
20260732,sat_03,22.0,0.0718878150579873,2.5633369889860194,4.771202806905097,nan
20260732,sat_03,24.0,0.07595567933843167,2.3600799769805247,2.264705697110619,nan
20260732,sat_03,26.0,0.0823408324633444,2.306459166591328,3.0089856108281507,nan
20260732,sat_03,28.0,0.08925872983842556,2.2755146664737618,3.7546241421359374,nan
20260732,sat_03,30.0,0.07198128212764635,3.3270762360456048,3.8321603625851224,0.8595019277698737
20260732,sat_03,32.0,0.07879172377139743,3.4020083382552793,2.4214191576286765,nan
20260732,sat_03,34.0,0.08568057557077123,3.4513375275364244,0.22207555250675837,nan
20260732,sat_03,36.0,0.08803019870068692,3.1451432817741902,12.880727850479238,nan
20260732,sat_03,38.0,0.09438141893993311,3.141706785632225,0.772945172609143,nan
20260732,sat_03,40.0,0.08948343508310276,5.673101819570022,1.1055772084287057,0.40994325353823874
20260732,sat_03,42.0,0.09610600832875049,5.749232343767352,3.24407527133,nan
20260732,sat_03,44.0,0.10339287099308543,5.868608716315089,4.611074612847088,nan
20260732,sat_03,46.0,0.10677097405816008,5.543550721201889,5.581019691918312,nan
20260732,sat_03,48.0,0.11105872271487412,5.336782253813504,0.8281293074591201,nan
20260732,sat_03,50.0,0.07741411230973547,4.714899762886623,5.716462815184684,1.81492860508949
20260732,sat_03,52.0,0.08008955016642647,4.523364963274545,0.9897472645636542,nan
20260732,sat_03,54.0,0.08058579481299054,4.116258531112274,6.538752599129883,nan
20260732,sat_03,56.0,0.08289669916637059,3.927218157359683,3.050044908270467,nan
20260732,sat_03,58.0,0.08563962853635135,3.7914874161997707,0.18628277920672331,nan
20260732,sat_03,60.0,0.04890528126605506,2.0787287898264837,1.4212373474340856,5.132100967528749
20260732,sat_03,62.0,0.05172760634881369,2.114191127585628,2.513571982037897,nan
20260732,sat_03,64.0,0.0525650446789745,1.9888377801747785,3.34009460980759,nan
20260732,sat_03,66.0,0.05922926359236176,2.305639137960724,7.745420268062725,nan
20260732,sat_03,68.0,0.06463200320973078,2.51309663653777,5.707687283356316,nan
20260732,sat_03,70.0,0.0315980168147639,0.9506674889655072,0.13024057600506164,4.505468020040081
20260732,sat_03,72.0,0.0331090065939477,0.9587233355594026,1.15297289227115,nan
20260732,sat_03,74.0,0.03322680731214255,0.8882788988651982,0.9616448305458651,nan
20260732,sat_03,76.0,0.033803535560872386,0.8473586796672739,6.992914664226733,nan
20260732,sat_03,78.0,0.03458052252947251,0.8188864657338323,3.488007020385411,nan
20260732,sat_03,80.0,0.039605908277801215,1.6215527527204805,1.2659121098040695,1.3894665213585677
20260732,sat_03,82.0,0.04196841661595972,1.6854219374622852,2.53110925978008,nan
20260732,sat_03,84.0,0.044947505856559905,1.7917214309212592,2.5768075357285793,nan
20260732,sat_03,86.0,0.04521568381054093,1.6830238270458955,4.27473542690761,nan
20260732,sat_03,88.0,0.04599920246741625,1.6194569221518091,0.4968660312308033,nan
20260732,sat_03,90.0,0.05474132339137608,3.3344737641421567,1.8180298628933929,0.15593230645027317
20260732,sat_03,92.0,0.06022001801604471,3.757510576036224,3.8981786293722474,nan
20260732,sat_03,94.0,0.062159347871820717,3.731596919913124,0.8364306874308459,nan
20260732,sat_03,96.0,0.06464347139494235,3.7664029146687716,1.1768773841975404,nan
20260732,sat_03,98.0,0.0709804722668562,4.2439276736847065,4.258176292831403,nan
20260732,sat_03,100.0,0.04674945899320315,2.5974630048936853,2.084460169600457,2.0464716334004884
20260732,sat_03,102.0,0.04891979597074573,2.6607271981915734,0.4221275798542103,nan
20260732,sat_03,104.0,0.05104974418962966,2.7128004165629482,0.9683208241369026,nan
20260732,sat_03,106.0,0.05572832746786926,3.030003206584,3.859833278943158,nan
20260732,sat_03,108.0,0.05675168658498847,2.948788794447677,2.6391831042254577,nan
20260732,sat_03,110.0,0.0427328679898127,2.3009988982299423,2.551029196145148,4.076025752828961
20260732,sat_03,112.0,0.04044024927272978,1.9348359815691576,7.9570584422206,nan
20260732,sat_03,114.0,0.04416897914436563,2.1686385835349755,1.8380562550046067,nan
20260732,sat_03,116.0,0.04651745304878846,2.2622449946623284,0.7700094164983601,nan
20260732,sat_03,118.0,0.05295909187145991,2.76079170082897,3.6403179325574517,nan
20260732,sat_03,120.0,0.052524575178863615,3.6633117001021023,1.035637959874517,1.3454917766902095
20260733,sat_01,0.0,0.08064599584533873,2.6080140054762677,0.07174996627702009,1.5658123080869724
20260733,sat_01,2.0,0.07385503837304709,2.1019816534341604,5.933182341966411,nan
20260733,sat_01,4.0,0.06863122083315301,1.6303197273419638,1.3363746199730515,nan
20260733,sat_01,6.0,0.06434680538569168,1.2276193132213178,2.194696287611099,nan
20260733,sat_01,8.0,0.05256133471416698,0.6829602098821128,9.743676598222361,nan
20260733,sat_01,10.0,0.024928575080842636,0.37523966154352634,3.6292828760362057,0.21692747615383318
20260733,sat_01,12.0,0.020379333240703297,0.20307236290893013,2.6536561221490675,nan
20260733,sat_01,14.0,0.016370273272932605,0.10455859318141557,4.268957980709519,nan
20260733,sat_01,16.0,0.014884711698546316,0.06902926147578983,5.355371166786545,nan
20260733,sat_01,18.0,0.014433221146884188,0.05227620595149012,1.1252891588380205,nan
20260733,sat_01,20.0,0.08308140805621966,4.172525385023352,0.6485411886245118,2.7752203842966514
20260733,sat_01,22.0,0.08783423132379183,3.826314042214217,1.5373882576911349,nan
20260733,sat_01,24.0,0.09407152980600901,3.619648717323297,1.2463672337987035,nan
20260733,sat_01,26.0,0.0988356192533737,3.3225836718418886,1.6851009638698509,nan
20260733,sat_01,28.0,0.10521289264489395,3.1611287562949855,1.487137264874729,nan
20260733,sat_01,30.0,0.04390566155459416,1.2378140005867193,1.908998460455128,2.078259971144419
20260733,sat_01,32.0,0.043327834632185785,1.0286977871857363,1.6412040700888872,nan
20260733,sat_01,34.0,0.04426270741415142,0.9210066679426683,2.008666582122471,nan
20260733,sat_01,36.0,0.04527116309947227,0.8317094638339918,3.185940855874546,nan
20260733,sat_01,38.0,0.04556453687786086,0.7321248752237153,1.8284949846638596,nan
20260733,sat_01,40.0,0.03599330382109101,0.9180061797825508,10.13705419281836,2.543081635023489
20260733,sat_01,42.0,0.04282297006406368,1.1416718148112401,1.8685913753662238,nan
20260733,sat_01,44.0,0.04504144888789181,1.1139757623617237,11.070613822430342,nan
20260733,sat_01,46.0,0.04956806936483267,1.1950490535069835,0.7776409752649465,nan
20260733,sat_01,48.0,0.05684620764599861,1.3985855987524358,2.5073878383084054,nan
20260733,sat_01,50.0,0.04266435687620213,1.4321586207051686,2.230202670766904,2.1578735481905102
20260733,sat_01,52.0,0.044931776750386516,1.4238572546481716,6.602248629436011,nan
20260733,sat_01,54.0,0.04795310459399749,1.4577927208373258,0.9360654163980977,nan
20260733,sat_01,56.0,0.05118908891722841,1.4978008609299966,0.43247144452664005,nan
20260733,sat_01,58.0,0.05063556362936486,1.3257700986017493,4.192753886400352,nan
20260733,sat_01,60.0,0.07091898687662404,4.373148617840493,0.6090992847094409,1.5452073692026052
20260733,sat_01,62.0,0.07311025331253086,4.225466290962079,1.08966407398538,nan
20260733,sat_01,64.0,0.0767222038616102,4.239246454443259,0.9211520888295431,nan
20260733,sat_01,66.0,0.08072348379895274,4.285312126600809,0.5637111733833109,nan
20260733,sat_01,68.0,0.0844691296988773,4.295294185802836,1.692271563820185,nan
20260733,sat_01,70.0,0.09927335293867731,9.386886570514442,9.828142073656943,1.1175503929796986
20260733,sat_01,72.0,0.10316098351988043,9.311101583722122,6.127535137407482,nan
20260733,sat_01,74.0,0.10960000547550655,9.668889997918587,2.638490608066978,nan
20260733,sat_01,76.0,0.11429474040236969,9.69129243222839,0.9077657390280071,nan
20260733,sat_01,78.0,0.11805156971728589,9.54798207126516,1.6224090656524082,nan
20260733,sat_01,80.0,0.06785016555209812,4.759209357404125,2.426890691179754,8.002738226248075
20260733,sat_01,82.0,0.07049410091504321,4.755376427791907,0.2628250972411409,nan
20260733,sat_01,84.0,0.07337250816149044,4.7743761266620615,1.7879896232584747,nan
20260733,sat_01,86.0,0.07563985995844627,4.709630812574028,3.317371446331738,nan
20260733,sat_01,88.0,0.07887866388066893,4.761610751498772,2.6836450970076426,nan
20260733,sat_01,90.0,0.08729821611035965,8.479759579143888,1.4461454246721073,0.3453906293860617
20260733,sat_01,92.0,0.09028564177986596,8.445310524262048,3.448255085238894,nan
20260733,sat_01,94.0,0.0938871652951785,8.512276603865978,1.6267793369360302,nan
20260733,sat_01,96.0,0.09718993675140153,8.512725942181193,1.364627963070789,nan
20260733,sat_01,98.0,0.10187036578035048,8.740476400996833,2.650237193722996,nan
20260733,sat_01,100.0,0.08489049884268647,8.56461209266363,4.334470265769349,4.996015248838475
20260733,sat_01,102.0,0.08780368222399706,8.571062391851305,4.315887738879805,nan
20260733,sat_01,104.0,0.0900948555972347,8.449005733980432,0.14462203087133801,nan
20260733,sat_01,106.0,0.08876943819531591,7.6876313823187346,3.896743849901027,nan
20260733,sat_01,108.0,0.0915481164752381,7.6731201457615725,1.2907909079194986,nan
20260733,sat_01,110.0,0.09617456654617214,11.657235323652056,3.540384273046373,0.13785448946726087
20260733,sat_01,112.0,0.09692095461724311,11.115662322074002,0.6132228131280666,nan
20260733,sat_01,114.0,0.09666512739980578,10.389277084123032,1.7866715518905314,nan
20260733,sat_01,116.0,0.09985740625801671,10.427396836800142,0.8195024446748606,nan
20260733,sat_01,118.0,0.10360362839814005,10.568368942367677,2.5065969489425113,nan
20260733,sat_01,120.0,0.05528389172570757,4.0592931700014345,1.2913906920376719,7.659146662047626
20260733,sat_02,0.0,0.07613320423274424,2.324301838287592,0.020306755484846416,1.382273941097679
20260733,sat_02,2.0,0.07757624534473602,2.3191344251633774,3.67609257750195,nan
20260733,sat_02,4.0,0.0802107934275738,2.2268656672085116,0.19154928272186744,nan
20260733,sat_02,6.0,0.08015910677142575,1.905083470919951,0.9427202973858395,nan
20260733,sat_02,8.0,0.08239880207118097,1.6784336123362427,3.3224468565571965,nan
20260733,sat_02,10.0,0.06133939638649732,2.2719056731486154,3.3712066581066495,0.2781727246238572
20260733,sat_02,12.0,0.0624528404818827,1.9070962695322806,3.8307162667884933,nan
20260733,sat_02,14.0,0.06387166504235435,1.5916406782265895,0.13752431917342942,nan
20260733,sat_02,16.0,0.06625214125295513,1.367472029073741,1.9576518348294303,nan
20260733,sat_02,18.0,0.06335728525946827,1.0072841657264318,8.729458528285358,nan
20260733,sat_02,20.0,0.03588148316636428,0.7782670092816442,0.6521067613423974,1.0937689420062295
20260733,sat_02,22.0,0.03381374697709933,0.567053369118141,2.7605933836677528,nan
20260733,sat_02,24.0,0.03278935145184667,0.439722179292513,4.022665545963918,nan
20260733,sat_02,26.0,0.030219562439461976,0.31058053796655616,5.021803902413527,nan
20260733,sat_02,28.0,0.028529804582207705,0.23240381372998883,3.4619670601147785,nan
20260733,sat_02,30.0,0.06607650161031264,2.8036095328388093,4.802989693062879,1.0430966061122888
20260733,sat_02,32.0,0.06865707411514879,2.583110550146391,2.714496975371241,nan
20260733,sat_02,34.0,0.07139888547457968,2.3966336314294843,0.13139931853463255,nan
20260733,sat_02,36.0,0.07649657043344418,2.374942353244947,3.6260092263462,nan
20260733,sat_02,38.0,0.07998147034256944,2.2560926950880877,0.3825918598366057,nan
20260733,sat_02,40.0,0.02732425800624012,0.529120185888011,5.459424158327653,3.755185721091494
20260733,sat_02,42.0,0.032293688105502906,0.6493879493229713,10.36010204945952,nan
20260733,sat_02,44.0,0.036814739228234694,0.7443717615895001,0.9742248602168448,nan
20260733,sat_02,46.0,0.04090259155469647,0.8139495663493606,2.6169187478846876,nan
20260733,sat_02,48.0,0.044873562515299885,0.8717576469319335,2.063766760198358,nan
20260733,sat_02,50.0,0.07532045395604299,4.46383489560591,1.8649802340618207,2.3521007167048413
20260733,sat_02,52.0,0.07980677379706301,4.492168143492724,1.739049821203602,nan
20260733,sat_02,54.0,0.08530453703640076,4.613247806916878,2.53156440243368,nan
20260733,sat_02,56.0,0.0920007119434377,4.838218191342701,4.325761179267697,nan
20260733,sat_02,58.0,0.09811341164230579,4.977639864622613,0.8291949183326384,nan
20260733,sat_02,60.0,0.06443431996870984,3.609127489150939,8.220227695451385,1.8679477132137374
20260733,sat_02,62.0,0.06641964293998176,3.4865070656647776,4.487004330589273,nan
20260733,sat_02,64.0,0.07095639288419783,3.6248920826741338,2.509992398832599,nan
20260733,sat_02,66.0,0.0734778193506268,3.549387473072533,1.7340286354508296,nan
20260733,sat_02,68.0,0.07681896633531293,3.551332815956622,0.8286127145302847,nan
20260733,sat_02,70.0,0.059312087090743495,3.349577151727182,6.720599140711358,3.1133416602579294
20260733,sat_02,72.0,0.06087350653453427,3.240784954583952,1.5243010092434037,nan
20260733,sat_02,74.0,0.06071208105216018,2.9655688618683267,1.8961000844654625,nan
20260733,sat_02,76.0,0.059863507110207465,2.6572982969648073,1.6918002014179363,nan
20260733,sat_02,78.0,0.05874756172843759,2.3632910055780396,2.2711531807352765,nan
20260733,sat_02,80.0,0.0954836085308354,9.42385955429506,2.8852107588058633,1.9476217369176905
20260733,sat_02,82.0,0.09957933253601159,9.487411782867277,0.6653643200986933,nan
20260733,sat_02,84.0,0.10164722951824715,9.161715649686585,3.5305983124428217,nan
20260733,sat_02,86.0,0.1038980288349422,8.884181536811788,2.058519453440455,nan
20260733,sat_02,88.0,0.10853500379755272,9.013103625022584,1.0095365035372528,nan
20260733,sat_02,90.0,0.07023866544630726,5.488817541714528,0.7474513678643742,3.596020830472094
20260733,sat_02,92.0,0.07275464635750799,5.483477727942059,2.2518064265411524,nan
20260733,sat_02,94.0,0.07663075188171052,5.670072383983872,1.3629748573721723,nan
20260733,sat_02,96.0,0.08188726863280625,6.042311815230583,4.308083603311589,nan
20260733,sat_02,98.0,0.08297490929599678,5.7977728929581644,4.088721736413379,nan
20260733,sat_02,100.0,0.07283920242615552,6.30413381699087,1.8477708585806796,2.0039824708641487
20260733,sat_02,102.0,0.07423095615449786,6.124673942430178,0.6787961960402336,nan
20260733,sat_02,104.0,0.07827330279696965,6.375727907482576,1.3057073541043613,nan
20260733,sat_02,106.0,0.08058670450217495,6.334178527080429,0.25579525295703576,nan
20260733,sat_02,108.0,0.08241094731743079,6.2163551477668415,3.465252106617711,nan
20260733,sat_02,110.0,0.05652036004585697,4.0256790857708715,1.7140595436971082,5.431502762149979
20260733,sat_02,112.0,0.059300589721533105,4.160678477602101,2.079816677787683,nan
20260733,sat_02,114.0,0.06407954442110188,4.564887710340182,2.2419406391253376,nan
20260733,sat_02,116.0,0.06629740146813085,4.595630519091195,0.9452780777066275,nan
20260733,sat_02,118.0,0.07205537802000157,5.111315673450395,2.6020649450086992,nan
20260733,sat_02,120.0,0.025733786393650246,0.8794432064978954,2.262284893962088,7.2561366107921845
20260733,sat_03,0.0,0.048761663115892986,0.9534575593882488,0.009832483883271804,1.3911036528283431
20260733,sat_03,2.0,0.0484858152337174,0.9059351706691869,1.1983317969732536,nan
20260733,sat_03,4.0,0.04783950457599413,0.792136576817142,0.05561638208095128,nan
20260733,sat_03,6.0,0.04433335540188033,0.5827306898782232,1.1950724466530025,nan
20260733,sat_03,8.0,0.03837757504624629,0.36409136984674806,4.302539663342899,nan
20260733,sat_03,10.0,0.08928138448284642,4.813163283937715,1.4761926686515465,1.0363892776863424
20260733,sat_03,12.0,0.09313792457509425,4.241559514913433,2.0830023771420136,nan
20260733,sat_03,14.0,0.10053088357186277,3.9431062259856615,5.524621368646291,nan
20260733,sat_03,16.0,0.10786053747579381,3.6246420585961503,4.257181395107523,nan
20260733,sat_03,18.0,0.11474991794294771,3.3043797683570313,1.412011598702799,nan
20260733,sat_03,20.0,0.07125912077055681,3.069892669049797,3.483464149927416,1.1473884519387423
20260733,sat_03,22.0,0.07222797198572249,2.5880539712819837,2.3071198521815046,nan
20260733,sat_03,24.0,0.07532581266170468,2.321680365267492,2.074948323520693,nan
20260733,sat_03,26.0,0.07804313743317288,2.0726859265746373,1.7957449508579888,nan
20260733,sat_03,28.0,0.08154886069936715,1.9001843288835163,0.9074797023690662,nan
20260733,sat_03,30.0,0.07958245472179051,4.06783848275484,4.117800169144812,0.23619238810778764
20260733,sat_03,32.0,0.08018947789273519,3.525031523553758,1.6020579578121477,nan
20260733,sat_03,34.0,0.0806193288812751,3.0570098422156846,0.5940777552731489,nan
20260733,sat_03,36.0,0.08081379557867512,2.652018709971205,1.733588406658805,nan
20260733,sat_03,38.0,0.07864639920237398,2.1827450101037624,3.2855966636391516,nan
20260733,sat_03,40.0,0.06856157180884503,3.3306849915019585,0.8107707811684589,1.5364765951674462
20260733,sat_03,42.0,0.06967153699608776,3.0217166980510015,0.8822436847301532,nan
20260733,sat_03,44.0,0.07057385004901605,2.734438506572552,0.3986561698931233,nan
20260733,sat_03,46.0,0.07237404679054597,2.547133852522424,0.5147068175865728,nan
20260733,sat_03,48.0,0.07555730672228733,2.4700556435796406,0.9443871462502138,nan
20260733,sat_03,50.0,0.08017347293915328,5.05639944197474,0.7878549677530238,1.3688038460752603
20260733,sat_03,52.0,0.0847957344772729,5.069806344330696,1.5324269564885724,nan
20260733,sat_03,54.0,0.08996863835088212,5.129704276830484,2.9481534406356578,nan
20260733,sat_03,56.0,0.09198116488237337,4.834209592784141,4.307362644596008,nan
20260733,sat_03,58.0,0.09343918378935981,4.512590304602969,2.3473243751799395,nan
20260733,sat_03,60.0,0.036374101957451485,1.150212481673817,4.190771458420989,8.199759375590798
20260733,sat_03,62.0,0.042853646988509644,1.451473290496014,8.02101481924507,nan
20260733,sat_03,64.0,0.04459905703856044,1.4322469808376,2.934132008719822,nan
20260733,sat_03,66.0,0.046149921484291895,1.4003538683324321,2.6918985742797887,nan
20260733,sat_03,68.0,0.04693335251044021,1.3258152984486937,1.6336362617891986,nan
20260733,sat_03,70.0,0.023891283559085923,0.543437644250852,1.661820614293494,3.5124042402565547
20260733,sat_03,72.0,0.023562242251142382,0.48551195474812336,8.747103022600072,nan
20260733,sat_03,74.0,0.02503138823254703,0.504088783725492,2.613992176387811,nan
20260733,sat_03,76.0,0.025445254475684097,0.48008336297218074,0.7593950429862386,nan
20260733,sat_03,78.0,0.026900339768964547,0.49550339961419154,0.3666531966935031,nan
20260733,sat_03,80.0,0.0478993916258015,2.371459658145316,3.3945146835554914,2.9460810789526475
20260733,sat_03,82.0,0.05268829916885488,2.655960174983588,3.2546231055261297,nan
20260733,sat_03,84.0,0.052677032133278914,2.460404241290777,2.867845191438511,nan
20260733,sat_03,86.0,0.05459369430074998,2.4528847307437265,2.327514371579916,nan
20260733,sat_03,88.0,0.057056247211046525,2.4907698728042003,0.4664692994676305,nan
20260733,sat_03,90.0,0.03704972599530263,1.5277412303223386,3.4420773234630393,6.100419775384499
20260733,sat_03,92.0,0.03782173074008706,1.482476351441328,1.7874120142902061,nan
20260733,sat_03,94.0,0.04084378071767275,1.6114529233235677,1.3380827631360408,nan
20260733,sat_03,96.0,0.041712838234267705,1.568590858610863,0.6728702875163581,nan
20260733,sat_03,98.0,0.044099684625966695,1.638532942507743,3.0370444966311005,nan
20260733,sat_03,100.0,0.0414521778093976,2.04189768126991,1.3998267884076974,1.9084689261302987
20260733,sat_03,102.0,0.04345552284523228,2.0990936698019373,10.363984364972268,nan
20260733,sat_03,104.0,0.04430876100134722,2.0431351400428057,1.55428026830665,nan
20260733,sat_03,106.0,0.04499546750511184,1.9748297352762794,2.90398158391343,nan
20260733,sat_03,108.0,0.046398236832523504,1.9704837729054376,3.05314342490371,nan
20260733,sat_03,110.0,0.013065600696058414,0.21511190865750024,3.1613628521378834,7.676668293696522
20260733,sat_03,112.0,0.01490611789313209,0.26288082082114295,2.296907314518015,nan
20260733,sat_03,114.0,0.011548237277568553,0.14824681060568662,4.058503453087175,nan
20260733,sat_03,116.0,0.013425960196517912,0.18845268162013454,2.151797402057153,nan
20260733,sat_03,118.0,0.014127193342295074,0.1964499599554641,0.17036813785915672,nan
20260733,sat_03,120.0,0.024775519370647994,0.8153779776865371,0.5513281771983325,3.452973367628464
20260734,sat_01,0.0,0.07563366464062038,2.2939006093203402,0.07371836977696054,1.2648393665959112
20260734,sat_01,2.0,0.07750605711336518,2.314942397226642,2.7780085521256126,nan
20260734,sat_01,4.0,0.08116275363364157,2.2800504189969875,11.446670817709396,nan
20260734,sat_01,6.0,0.08750226348710452,2.2701391502667643,1.5325068216391156,nan
20260734,sat_01,8.0,0.09173196323720884,2.080223118952135,1.5283139155159904,nan
20260734,sat_01,10.0,0.06079240395530282,2.231605002416051,4.992832907073103,5.131262641653961
20260734,sat_01,12.0,0.0720356665011787,2.5371690270074225,0.8586456019516839,nan
20260734,sat_01,14.0,0.08593552753429945,2.880906861862104,4.076752550389925,nan
20260734,sat_01,16.0,0.09790410846401663,2.985694506212212,2.6991170637935626,nan
20260734,sat_01,18.0,0.11035127981850247,3.0549331272875255,4.887519397096601,nan
20260734,sat_01,20.0,0.046584069691552606,1.3117841474258944,0.5700680223011996,2.7262145962144886
20260734,sat_01,22.0,0.05214617699838164,1.3486546769449985,3.1701162740144144,nan
20260734,sat_01,24.0,0.058936428136229825,1.4207897580366498,0.34209032394667305,nan
20260734,sat_01,26.0,0.06472304088325796,1.4249355050981312,0.9350836354303327,nan
20260734,sat_01,28.0,0.0741448118188732,1.5700165344591452,3.876883519743515,nan
20260734,sat_01,30.0,0.056178751666163707,2.0269838330812595,1.876846203671775,1.9829399243281491
20260734,sat_01,32.0,0.06383669860473894,2.2337372786136935,3.1545852904510103,nan
20260734,sat_01,34.0,0.0698629313141277,2.295424392729542,7.185762650102391,nan
20260734,sat_01,36.0,0.07600892006871687,2.3457121680879918,0.17763353797445505,nan
20260734,sat_01,38.0,0.08212704740893903,2.3798042777469988,1.8136918821292856,nan
20260734,sat_01,40.0,0.029233662642360606,0.6054048083073311,3.764826812014376,5.1173368076859775
20260734,sat_01,42.0,0.030882071064491343,0.5935390364630913,3.9274996807225566,nan
20260734,sat_01,44.0,0.0323130997363603,0.573090259319568,0.2009689812844657,nan
20260734,sat_01,46.0,0.03707525506323289,0.6682610491443982,4.362856291959999,nan
20260734,sat_01,48.0,0.03882984108753907,0.6522169408239716,0.9233738238928636,nan
20260734,sat_01,50.0,0.0404614236138135,1.2883337629014402,4.004185890302762,2.023549981545254
20260734,sat_01,52.0,0.042210298808643895,1.2568507533822222,3.2016164855135103,nan
20260734,sat_01,54.0,0.046009644930623345,1.342277394068986,1.0331943155223748,nan
20260734,sat_01,56.0,0.04888727775345004,1.366394762394592,1.8264661126689248,nan
20260734,sat_01,58.0,0.05315355254667066,1.461212508898557,0.8504029320030329,nan
20260734,sat_01,60.0,0.0733571836498709,4.678519018309512,4.55581411531901,0.4794460984681329
20260734,sat_01,62.0,0.07698490482522594,4.684603529186141,1.4818084440016055,nan
20260734,sat_01,64.0,0.08236094526561688,4.884559888495905,0.8594013955454591,nan
20260734,sat_01,66.0,0.08431151859097165,4.674027417028927,3.4075567183858397,nan
20260734,sat_01,68.0,0.09030726066080737,4.908812500612992,1.449907561844943,nan
20260734,sat_01,70.0,0.059223128573210417,3.3397845432334505,3.5382886497724035,4.378021973719227
20260734,sat_01,72.0,0.06309122040075979,3.4815171165753265,0.4859926090937332,nan
20260734,sat_01,74.0,0.06333270146733923,3.227473020660809,5.904958544526918,nan
20260734,sat_01,76.0,0.06406839027226097,3.0440952866675866,1.407282906542586,nan
20260734,sat_01,78.0,0.06647989072509622,3.0267776060534324,2.1921804042766673,nan
20260734,sat_01,80.0,0.06666986351076194,4.594865043933124,1.4138046400413042,0.08735362568953925
20260734,sat_01,82.0,0.06691762884202292,4.284881157233779,3.71924266481729,nan
20260734,sat_01,84.0,0.06912451225987323,4.237439465065062,1.844080905570628,nan
20260734,sat_01,86.0,0.06870899806880922,3.8858499020378447,6.157539934251646,nan
20260734,sat_01,88.0,0.06710659449919382,3.4461301522465715,8.276439108024462,nan
20260734,sat_01,90.0,0.05382281117436492,3.2232373786271076,3.9632668126122024,0.8404106923978358
20260734,sat_01,92.0,0.05152826297694086,2.750817465383831,3.369987049764483,nan
20260734,sat_01,94.0,0.05139887921341616,2.5511035535111035,1.253636584934829,nan
20260734,sat_01,96.0,0.05533915357483437,2.759796321097007,3.8176777201326844,nan
20260734,sat_01,98.0,0.05755511658407353,2.7898200220154337,3.8953593293513875,nan
20260734,sat_01,100.0,0.0487790427788809,2.8273842716914954,5.051592743016909,0.6409408351007062
20260734,sat_01,102.0,0.04741174216490445,2.4986693133405837,2.3990165140501203,nan
20260734,sat_01,104.0,0.04924184173300547,2.5234315839967874,3.128069343210297,nan
20260734,sat_01,106.0,0.051636085443020376,2.600755406985421,6.726637595740723,nan
20260734,sat_01,108.0,0.050313589658632946,2.3172026247889583,1.696668997216765,nan
20260734,sat_01,110.0,0.0441444798530209,2.455701179405399,3.235023153656855,0.9473010273291905
20260734,sat_01,112.0,0.04404148219048045,2.29489033572458,1.5496325247109566,nan
20260734,sat_01,114.0,0.04373705831741755,2.1265662248792623,0.28405556405961885,nan
20260734,sat_01,116.0,0.043575456799113524,1.9852834804243564,0.3259317653456187,nan
20260734,sat_01,118.0,0.04752360544238835,2.2233584829693473,3.7365086367408464,nan
20260734,sat_01,120.0,0.04336848439032846,2.49766965383794,7.997923885466113,1.0803759670532909
20260734,sat_02,0.0,0.14669858720490803,8.62970595717326,0.030176310877407075,1.2259480268893839
20260734,sat_02,2.0,0.14395101581190195,7.9853803943975965,2.9188388794304005,nan
20260734,sat_02,4.0,0.14771192171456396,7.551843830128412,8.44476807254595,nan
20260734,sat_02,6.0,0.14342012137444018,6.098436463081265,4.018483480633513,nan
20260734,sat_02,8.0,0.14742731180259333,5.372853859835615,8.949070056980428,nan
20260734,sat_02,10.0,0.05504859328154457,1.82979819033269,0.8407806554246081,2.560865800057462
20260734,sat_02,12.0,0.04710052576906486,1.0847224405448168,0.33396597828350033,nan
20260734,sat_02,14.0,0.039856858959296616,0.6197653958798979,3.541358760616624,nan
20260734,sat_02,16.0,0.033728719739094075,0.3544014437592141,1.3184549825227425,nan
20260734,sat_02,18.0,0.027564543470580235,0.19063298030455123,3.4310170194789205,nan
20260734,sat_02,20.0,0.026966076285428662,0.43956506976401954,1.071225496706435,0.18113889364647834
20260734,sat_02,22.0,0.03641424800360837,0.657662928047491,3.8142126052074605,nan
20260734,sat_02,24.0,0.048276622630726504,0.9533716396894587,3.4481738518112692,nan
20260734,sat_02,26.0,0.057597606489110324,1.1285420547704257,5.904718409377805,nan
20260734,sat_02,28.0,0.07085802606977955,1.4340305281115544,3.194617476292604,nan
20260734,sat_02,30.0,0.05279243924074464,1.789997577950949,1.3087243451444945,5.39352627672443
20260734,sat_02,32.0,0.05170586607910882,1.4654654328605792,0.5194566955733776,nan
20260734,sat_02,34.0,0.05144490786884809,1.2446677216719904,2.369742659643796,nan
20260734,sat_02,36.0,0.05083169037223308,1.0490877446361226,0.7799928436363173,nan
20260734,sat_02,38.0,0.053054398080153706,0.9931441561206358,7.27226856754256,nan
20260734,sat_02,40.0,0.06041503432132033,2.5860190670771734,2.453435182320285,2.098971944826672
20260734,sat_02,42.0,0.060989162055784175,2.3153266668430903,0.024131031145343054,nan
20260734,sat_02,44.0,0.06069194683879566,2.0220916554068467,2.2190741688462086,nan
20260734,sat_02,46.0,0.05991953929329616,1.7457604191196723,1.0675753291795582,nan
20260734,sat_02,48.0,0.06093606588596628,1.6064585127491326,2.6965958671294805,nan
20260734,sat_02,50.0,0.04328223706472035,1.4739442097488231,1.1381153159040505,0.3528510391138735
20260734,sat_02,52.0,0.041541728291619236,1.2170080562960224,4.603992810899529,nan
20260734,sat_02,54.0,0.040049024150250016,1.0166344966133507,0.6362270118389093,nan
20260734,sat_02,56.0,0.04038957742972851,0.9322315602261944,0.6742737844920929,nan
20260734,sat_02,58.0,0.039998471707339965,0.8270241355791415,3.4702497109247914,nan
20260734,sat_02,60.0,0.04211422874808087,1.5415420377574232,1.6481370841639205,2.8731792501811304
20260734,sat_02,62.0,0.043350644940418105,1.485002006207849,2.3245725197278064,nan
20260734,sat_02,64.0,0.04804637875786192,1.6618206809399942,3.937174310402938,nan
20260734,sat_02,66.0,0.04923705129211471,1.593633522833958,1.212701039299426,nan
20260734,sat_02,68.0,0.048389408295347346,1.4090590195777255,3.0396323721736707,nan
20260734,sat_02,70.0,0.056113020026263206,2.9985115738056294,0.9443814351179236,6.876177191838893
20260734,sat_02,72.0,0.05682734977208028,2.8248376669822957,1.4518647341860202,nan
20260734,sat_02,74.0,0.06375599472664606,3.271119650335918,13.885094128169703,nan
20260734,sat_02,76.0,0.06582281140997365,3.2134404091317013,0.3315517096372776,nan
20260734,sat_02,78.0,0.0682717774656375,3.19250806410212,0.53219698576979,nan
20260734,sat_02,80.0,0.05115479500629497,2.705063518477659,1.8667927440307586,5.464667967231719
20260734,sat_02,82.0,0.050589071033436246,2.448889336370761,7.566522020720566,nan
20260734,sat_02,84.0,0.05329366369869659,2.5187525185958592,2.3418582033970687,nan
20260734,sat_02,86.0,0.05682803776165724,2.658172806168719,0.8190006217357444,nan
20260734,sat_02,88.0,0.056475966359348574,2.440801263339784,3.447554214808492,nan
20260734,sat_02,90.0,0.04019164092282153,1.7974605868063314,2.6680661178014096,1.6932428027838495
20260734,sat_02,92.0,0.039094752373380524,1.583565483777171,3.8821598621580837,nan
20260734,sat_02,94.0,0.04018191627158895,1.559268849285592,2.496490114433223,nan
20260734,sat_02,96.0,0.041689331063062926,1.5664384541450873,0.12881654314554528,nan
20260734,sat_02,98.0,0.04329849331733253,1.5791184886235934,5.2655426834212715,nan
20260734,sat_02,100.0,0.06243914333893782,4.63287961164374,1.2542314978903268,1.4845404050003908
20260734,sat_02,102.0,0.06741676596909275,5.052415943375248,3.392510004737948,nan
20260734,sat_02,104.0,0.0729817442770118,5.543684467692406,7.3931582528865825,nan
20260734,sat_02,106.0,0.07607915425636246,5.646332600443109,1.6972284541533003,nan
20260734,sat_02,108.0,0.07669451310862316,5.384834820349277,1.4270022197435959,nan
20260734,sat_02,110.0,0.054742935655652296,3.7763255696268327,1.1315349323132093,3.433981743808896
20260734,sat_02,112.0,0.05692660707065393,3.83403460966919,2.2761559383891443,nan
20260734,sat_02,114.0,0.05872997112688731,3.8342838806407356,0.2267026849154194,nan
20260734,sat_02,116.0,0.059244949385118796,3.669695027968871,1.6640701167993672,nan
20260734,sat_02,118.0,0.05946756931371239,3.4812963549375198,4.580071864048637,nan
20260734,sat_02,120.0,0.050127455465679795,3.3366291116663467,0.050373445736261895,4.665163320343777
20260734,sat_03,0.0,0.09611354385909411,3.7043622708110355,0.0004159284093102922,1.2293829925975492
20260734,sat_03,2.0,0.09752523674246187,3.6652208486394775,1.055545335237277,nan
20260734,sat_03,4.0,0.10075487523858312,3.5136078504200023,1.4132601308027446,nan
20260734,sat_03,6.0,0.10732477811755824,3.4150482213279476,2.7888942380353776,nan
20260734,sat_03,8.0,0.10341855960205781,2.643889686290863,6.274553515858837,nan
20260734,sat_03,10.0,0.049612947058987354,1.4862935947026226,2.8671143502061063,1.5803618350849198
20260734,sat_03,12.0,0.047802181667740334,1.11726495454793,1.708509855865041,nan
20260734,sat_03,14.0,0.045875463617958044,0.8210299814347716,1.0821707386303345,nan
20260734,sat_03,16.0,0.04343264057047586,0.5876155266161313,2.5620955402500805,nan
20260734,sat_03,18.0,0.04254572847812359,0.45413378480235317,2.665194477925734,nan
20260734,sat_03,20.0,0.051718511560814244,1.6169129431066378,1.9190553562537938,0.07398562927972818
20260734,sat_03,22.0,0.05218851144218099,1.350833038598744,0.5304084676029854,nan
20260734,sat_03,24.0,0.05167598372102937,1.0922489609695616,2.412405196755489,nan
20260734,sat_03,26.0,0.05285882477470293,0.9503112243424646,4.658633837403773,nan
20260734,sat_03,28.0,0.053696118718140284,0.8233003753105508,1.7305636569048488,nan
20260734,sat_03,30.0,0.10830603622471402,7.533172530506814,6.080582953774621,3.4458493479514267
20260734,sat_03,32.0,0.11865601109238169,7.716677217853018,2.945533365595233,nan
20260734,sat_03,34.0,0.12770918091165168,7.66959625120228,3.9838478919818607,nan
20260734,sat_03,36.0,0.1383993780262544,7.7763341766444425,1.0457541994006057,nan
20260734,sat_03,38.0,0.14764057638770253,7.6904411457304,0.8837355846416325,nan
20260734,sat_03,40.0,0.05727658143504669,2.324434272532216,0.010472530399209238,6.0662206624547546
20260734,sat_03,42.0,0.06215021756870805,2.404553719031152,3.2710064564724197,nan
20260734,sat_03,44.0,0.06548413346827063,2.354462129753343,1.6319905334826765,nan
20260734,sat_03,46.0,0.07247898879859442,2.5549497778206427,4.660739935534604,nan
20260734,sat_03,48.0,0.07620793268067093,2.5134129282034405,0.6480560095122875,nan
20260734,sat_03,50.0,0.03911591640417272,1.203744592318526,1.2726771443974594,3.3618079058735426
20260734,sat_03,52.0,0.04059746834897789,1.1622587942200844,2.367809275106124,nan
20260734,sat_03,54.0,0.04420088299379294,1.2383701005766359,1.7046214141150315,nan
20260734,sat_03,56.0,0.048148482285350507,1.3249098872680967,0.812990897017787,nan
20260734,sat_03,58.0,0.049659878294946766,1.2749670534206012,3.194893791395177,nan
20260734,sat_03,60.0,0.03209410883913708,0.8953162591234678,3.1203594461187403,1.2800002485945579
20260734,sat_03,62.0,0.03296100625251348,0.8585146669196669,5.7390827469238435,nan
20260734,sat_03,64.0,0.03482253949406934,0.8729176622747955,0.5506632715017065,nan
20260734,sat_03,66.0,0.03619746623006307,0.8612405169664996,0.049293614001164505,nan
20260734,sat_03,68.0,0.042488453710775885,1.0862036129699137,5.012896874850816,nan
20260734,sat_03,70.0,0.05276132075858787,2.6504605078826766,3.72816995383866,1.962118412474335
20260734,sat_03,72.0,0.05599320589189402,2.7419087077832534,0.7433811989790032,nan
20260734,sat_03,74.0,0.05682953487597665,2.5983555491592827,1.0461139447528724,nan
20260734,sat_03,76.0,0.057885626082336654,2.4845644283610078,2.6720267102160595,nan
20260734,sat_03,78.0,0.05730532797994391,2.248636586485721,2.853499521625548,nan
20260734,sat_03,80.0,0.009228624291719948,0.08806058369888824,1.0482612285853914,5.8180442874956375
20260734,sat_03,82.0,0.00850865007696321,0.06928915484895594,0.5518936287342816,nan
20260734,sat_03,84.0,0.007295623848396643,0.047208002247623185,0.8264390010377256,nan
20260734,sat_03,86.0,0.009590251900896308,0.07569738631578156,2.788720434670352,nan
20260734,sat_03,88.0,0.013322142489740672,0.13578321050281328,4.096508591474781,nan
20260734,sat_03,90.0,0.024969127453630037,0.693637174853749,2.385123793258115,0.36223514290085396
20260734,sat_03,92.0,0.02750121377570839,0.7834942605392466,0.8388419643103454,nan
20260734,sat_03,94.0,0.029595902392131567,0.8457454667853088,0.46585775150720854,nan
20260734,sat_03,96.0,0.03153540904074671,0.8961362151026419,3.450515947337254,nan
20260734,sat_03,98.0,0.03149604604767224,0.8354081035168553,2.9969360882544276,nan
20260734,sat_03,100.0,0.0351747165277719,1.470163370153814,3.03402994009022,0.924567520414652
20260734,sat_03,102.0,0.03654069725042321,1.4841438536668996,0.316232104697649,nan
20260734,sat_03,104.0,0.042488591472768365,1.878695755246416,3.3781169525076136,nan
20260734,sat_03,106.0,0.04192838141355776,1.7147149100991927,3.013536890855166,nan
20260734,sat_03,108.0,0.045336111356537555,1.881331384908668,2.1540285335696314,nan
20260734,sat_03,110.0,0.03508536174539836,1.5512332300960758,1.6104527867342349,1.0529168945124012
20260734,sat_03,112.0,0.03689714789843826,1.6107344828380301,1.7236246342590942,nan
20260734,sat_03,114.0,0.039847418283861895,1.7651640729521594,2.7312530734493365,nan
20260734,sat_03,116.0,0.0440784083533827,2.0314335832009642,1.4510325527575039,nan
20260734,sat_03,118.0,0.04772328720184818,2.2421762189362426,3.1560346320986072,nan
20260734,sat_03,120.0,0.03951711254598328,2.0740041569726686,4.279181867065748,0.7185075613495828
20260735,sat_01,0.0,0.11023574109685477,4.872917862747167,0.05679724140725595,1.6162393919298044
20260735,sat_01,2.0,0.10466734707636344,4.221739296091496,1.2197398236937163,nan
20260735,sat_01,4.0,0.10304563456818713,3.6752748040678833,4.173561554894646,nan
20260735,sat_01,6.0,0.10039325478796093,2.988290056283919,3.826222911944643,nan
20260735,sat_01,8.0,0.09682620893053363,2.3176912650342993,7.818382223414443,nan
20260735,sat_01,10.0,0.028073955642361356,0.4759018321324912,3.9441783886192923,2.6056141558999744
20260735,sat_01,12.0,0.037899272903970785,0.7023133460300601,5.152425085691073,nan
20260735,sat_01,14.0,0.049665671096345246,0.9623467171778783,3.58410786964754,nan
20260735,sat_01,16.0,0.06422261712928726,1.2849092468343493,0.1893939835957887,nan
20260735,sat_01,18.0,0.0767913308072297,1.4795833698719285,2.6677250025630057,nan
20260735,sat_01,20.0,0.051947302893419124,1.631249871203573,4.124471471010263,1.7229175660121478
20260735,sat_01,22.0,0.06271863839692068,1.950986201423847,5.501257374593119,nan
20260735,sat_01,24.0,0.07104589057765559,2.064629055674862,6.653657931942446,nan
20260735,sat_01,26.0,0.08252427491077383,2.3165177560303487,4.478950880350881,nan
20260735,sat_01,28.0,0.09571401153405745,2.616299513970988,2.8698185013110575,nan
20260735,sat_01,30.0,0.07864222508635757,3.9718156615634412,11.416465445096808,5.323566605936443
20260735,sat_01,32.0,0.0872134760006842,4.168854452191495,4.2177524945257625,nan
20260735,sat_01,34.0,0.09531147715535111,4.2717313772775,2.716401915826183,nan
20260735,sat_01,36.0,0.1013714325761647,4.17169178436722,2.2010195312322764,nan
20260735,sat_01,38.0,0.10852552183940198,4.154859730192375,1.2793198230953133,nan
20260735,sat_01,40.0,0.09797343810705351,6.802554720632299,3.6733433831829645,1.4063865531940096
20260735,sat_01,42.0,0.10511706218822489,6.880255989546107,2.791780813491491,nan
20260735,sat_01,44.0,0.11173952449555731,6.857168517529966,1.838221825132906,nan
20260735,sat_01,46.0,0.1175310845471462,6.720197337850147,0.42048396953870737,nan
20260735,sat_01,48.0,0.12309838154799163,6.559826409885718,4.085959638711557,nan
20260735,sat_01,50.0,0.07238944085049925,4.123428012399345,2.2860596930319472,3.4449273240341682
20260735,sat_01,52.0,0.07643726236883025,4.121057511847326,0.5366019423813089,nan
20260735,sat_01,54.0,0.07948804521742926,4.005754045989,1.3322839138205316,nan
20260735,sat_01,56.0,0.07980437958626342,3.6405103295156596,3.638763235741867,nan
20260735,sat_01,58.0,0.08386421797339001,3.6368023434264884,1.363955820873331,nan
20260735,sat_01,60.0,0.06592344451415304,3.776903445781379,2.364476216716719,4.893267307092393
20260735,sat_01,62.0,0.07072761823600018,3.9521934169199824,4.054491535687819,nan
20260735,sat_01,64.0,0.07565804511731544,4.119658468358429,0.8012650479976212,nan
20260735,sat_01,66.0,0.0821088994391873,4.430338161959945,1.65841365417653,nan
20260735,sat_01,68.0,0.08585664720071146,4.433969068394908,1.0036858421532435,nan
20260735,sat_01,70.0,0.09491309508666415,8.577393001190595,8.699560509017584,10.362732302996347
20260735,sat_01,72.0,0.09952824194536151,8.66330462110061,0.4984074683636688,nan
20260735,sat_01,74.0,0.102193675426371,8.402353220636599,1.4440993653368221,nan
20260735,sat_01,76.0,0.10313156229534322,7.88668138813969,2.3524851543132415,nan
20260735,sat_01,78.0,0.10896270808160098,8.129895998217181,2.2545380470626917,nan
20260735,sat_01,80.0,0.1053052703746071,11.461691995402557,1.8545242210679502,0.667739676736017
20260735,sat_01,82.0,0.10997135068283771,11.570288323113928,4.501893048592001,nan
20260735,sat_01,84.0,0.11300749386941687,11.323350850034977,2.8758555646555894,nan
20260735,sat_01,86.0,0.1174530376674706,11.352839645735221,0.9917144361192538,nan
20260735,sat_01,88.0,0.12048122572875923,11.105561408739963,9.553129332746902,nan
20260735,sat_01,90.0,0.0877564043011043,8.567456425296905,2.38871761183045,9.240227754899909
20260735,sat_01,92.0,0.08917777164991272,8.2377943386771,0.36859577774328894,nan
20260735,sat_01,94.0,0.09016185977971028,7.8485461422497185,2.1282357091431923,nan
20260735,sat_01,96.0,0.09166001730754841,7.5698166739416095,2.4749617546686764,nan
20260735,sat_01,98.0,0.09271113192769778,7.237440395676209,0.42300812539557925,nan
20260735,sat_01,100.0,0.05223559215267896,3.241885942428124,2.64751416793371,7.767694552458502
20260735,sat_01,102.0,0.05374784876381017,3.2107376190494525,6.677250249654398,nan
20260735,sat_01,104.0,0.05596024226193291,3.2586048413053046,2.2113103819182593,nan
20260735,sat_01,106.0,0.057266085145961244,3.198357889066304,3.296924795892004,nan
20260735,sat_01,108.0,0.056115197301659155,2.881949510958135,2.8646220265958093,nan
20260735,sat_01,110.0,0.05642189974132503,4.011544152775122,1.0140734968807843,1.9771009922725047
20260735,sat_01,112.0,0.05702336259059065,3.847188231988637,0.11125306115339545,nan
20260735,sat_01,114.0,0.05546508448109768,3.4200503542427736,3.4389130843361673,nan
20260735,sat_01,116.0,0.0523901263394812,2.8698245228518857,2.2093527341487986,nan
20260735,sat_01,118.0,0.050663595078517455,2.527034557393014,1.0027340160540474,nan
20260735,sat_01,120.0,0.035721453431760114,1.694540762631352,1.3553580712327897,5.303394692142688
20260735,sat_02,0.0,0.06849545343830489,1.8813422598678216,0.00667090909107318,1.3503687768843986
20260735,sat_02,2.0,0.07149619004912909,1.969852893820294,2.625504604030272,nan
20260735,sat_02,4.0,0.07044251083090464,1.7175015071690092,3.766381959977551,nan
20260735,sat_02,6.0,0.07192402916484061,1.5337617840199809,3.6896224462679434,nan
20260735,sat_02,8.0,0.07455567286624314,1.374122712400062,2.3368072047041726,nan
20260735,sat_02,10.0,0.07990944531749362,3.855817142183237,2.0017616385748416,1.8335418318609518
20260735,sat_02,12.0,0.08422034864705426,3.4680515477916147,0.3427518683134245,nan
20260735,sat_02,14.0,0.08972478027664169,3.1405214503354157,4.050413587044959,nan
20260735,sat_02,16.0,0.09505527551174735,2.814384198991994,1.2987241702832684,nan
20260735,sat_02,18.0,0.09946050809408119,2.481615772150125,0.3282922952539739,nan
20260735,sat_02,20.0,0.02898405745907208,0.5078132661717706,4.927701634605125,1.921175790731874
20260735,sat_02,22.0,0.026866942673994153,0.3579950259599619,0.7573851181234634,nan
20260735,sat_02,24.0,0.024447109978054927,0.24443889349931425,2.910800126119804,nan
20260735,sat_02,26.0,0.026500574128911623,0.23884288409682625,9.259981344449114,nan
20260735,sat_02,28.0,0.030530027191263857,0.2661281197114268,10.205042858684703,nan
20260735,sat_02,30.0,0.05933867969130943,2.2610672950915367,0.2824742215411759,1.0835510631132368
20260735,sat_02,32.0,0.06430835362849462,2.2663715757537077,0.97598849553063,nan
20260735,sat_02,34.0,0.07066058300884111,2.347534358203423,5.587957460028008,nan
20260735,sat_02,36.0,0.07480319282761172,2.271219580802062,3.2379495350818477,nan
20260735,sat_02,38.0,0.0820646359497333,2.375423761103286,4.4993769637880145,nan
20260735,sat_02,40.0,0.06861487063591958,3.3355654683272373,4.3247686777284065,2.8894655806828053
20260735,sat_02,42.0,0.07281728108658733,3.3004507800199594,0.9195689089931236,nan
20260735,sat_02,44.0,0.07810922919472435,3.3492872507692315,2.1840153725087754,nan
20260735,sat_02,46.0,0.08224523188145752,3.2892208384994195,1.0917273531487883,nan
20260735,sat_02,48.0,0.0875407549822028,3.3157474690144495,2.1734174721592385,nan
20260735,sat_02,50.0,0.09177573659323296,6.626372221244097,4.1453597692741235,1.4679393843327997
20260735,sat_02,52.0,0.09520763695073753,6.392069599308996,2.0399183012201303,nan
20260735,sat_02,54.0,0.09880482636534259,6.18771964616589,0.6650594193236989,nan
20260735,sat_02,56.0,0.10350021611633338,6.121842879624538,0.4843732952301128,nan
20260735,sat_02,58.0,0.1067928781801766,5.895665757944455,2.1286692218808403,nan
20260735,sat_02,60.0,0.06602690193547943,3.7893562955426723,4.815579323667622,4.4387764021160985
20260735,sat_02,62.0,0.06969760575011444,3.8386815094280093,3.342996199504281,nan
20260735,sat_02,64.0,0.07321177805111667,3.858464195572969,0.9313234353353664,nan
20260735,sat_02,66.0,0.07536953768788274,3.7338890671488194,7.053960002675881,nan
20260735,sat_02,68.0,0.07942412333510114,3.7955134991411317,1.296078078009834,nan
20260735,sat_02,70.0,0.06356638470576031,3.847800580771775,1.1515944844907633,3.80329601521389
20260735,sat_02,72.0,0.0662170567903408,3.8352658457989053,0.9536961834559448,nan
20260735,sat_02,74.0,0.06855264687331196,3.7816867024629253,3.407248982961515,nan
20260735,sat_02,76.0,0.07156803546872496,3.7986745653629934,1.2581947523537815,nan
20260735,sat_02,78.0,0.07675105259459913,4.034549226753698,2.036297764045544,nan
20260735,sat_02,80.0,0.06076159407038664,3.816930701802384,4.608953272408704,1.387221103384241
20260735,sat_02,82.0,0.0653217531214213,4.083390859889791,1.42387211891368,nan
20260735,sat_02,84.0,0.06764782558596226,4.05876058449592,0.9536581843532499,nan
20260735,sat_02,86.0,0.07243572218621848,4.319281748952894,1.677317830243745,nan
20260735,sat_02,88.0,0.07730224928588621,4.573422572450963,2.9122386844660544,nan
20260735,sat_02,90.0,0.04254183407229941,2.0140493141090547,1.026691174059867,3.3794437357723197
20260735,sat_02,92.0,0.04464588589163293,2.0654447805399583,1.2062271082228322,nan
20260735,sat_02,94.0,0.049872498126737004,2.4023704806846267,6.121407903333568,nan
20260735,sat_02,96.0,0.055018702293339126,2.7285557773137596,2.4273240688492583,nan
20260735,sat_02,98.0,0.056667099681097066,2.7050802598340242,1.247681856885458,nan
20260735,sat_02,100.0,0.05857464723161936,4.077260614970662,1.1933291097639678,0.41161133295818214
20260735,sat_02,102.0,0.05998194332278679,3.9996596128243507,2.9783780072799693,nan
20260735,sat_02,104.0,0.06482086603089852,4.373343582997514,1.4757838726636319,nan
20260735,sat_02,106.0,0.06817232821316695,4.53391992350292,1.3735885193398687,nan
20260735,sat_02,108.0,0.0693488104661639,4.403017410485601,5.545434536051554,nan
20260735,sat_02,110.0,0.07430932763375417,6.9600485568683474,1.0253144357729165,2.1681693413152
20260735,sat_02,112.0,0.07240877813784372,6.204975401700231,7.682699056557733,nan
20260735,sat_02,114.0,0.07461232897469659,6.190580406104992,0.38471498407885185,nan
20260735,sat_02,116.0,0.0763614545342868,6.0986299644441875,1.212623956596436,nan
20260735,sat_02,118.0,0.07453027865719652,5.470227212337281,2.647350747206408,nan
20260735,sat_02,120.0,0.0477348930552384,3.02644883641654,2.649638142504304,6.116543787605435
20260735,sat_03,0.0,0.08922429539656793,3.1923502863912363,0.011208926755996771,1.5009000300281383
20260735,sat_03,2.0,0.08849628734953018,3.017991806543735,2.9492841680764954,nan
20260735,sat_03,4.0,0.08121868120028136,2.283173918870447,6.262719586484742,nan
20260735,sat_03,6.0,0.07530803755364239,1.6814736169443354,1.3496885948196227,nan
20260735,sat_03,8.0,0.07063988079846134,1.233560453376124,0.006740216938138319,nan
20260735,sat_03,10.0,0.028549129133559607,0.49215333210754425,9.111356468443724,1.7566207496431632
20260735,sat_03,12.0,0.03131832985517587,0.479570611141244,1.661755849565037,nan
20260735,sat_03,14.0,0.03537633608752108,0.4882079914371073,2.377824210694916,nan
20260735,sat_03,16.0,0.04318624541065086,0.5809266379259763,1.1992590872645041,nan
20260735,sat_03,18.0,0.051647613097667265,0.6691633720185002,1.153545588211837,nan
20260735,sat_03,20.0,0.093198363276001,5.250837603067656,3.6036479923361595,1.7684239841447975
20260735,sat_03,22.0,0.10534157171379675,5.50426419935679,1.0477182181989195,nan
20260735,sat_03,24.0,0.11746480148007031,5.644634771875409,4.66400365182306,nan
20260735,sat_03,26.0,0.12739042248400512,5.521044216473597,4.08242757038634,nan
20260735,sat_03,28.0,0.13863519971869434,5.490002813773078,0.6314808374862502,nan
20260735,sat_03,30.0,0.05266581677660528,1.7812400548992737,0.7144889853916732,5.611484429675868
20260735,sat_03,32.0,0.05826611956413265,1.8606096887438528,4.638668950844283,nan
20260735,sat_03,34.0,0.06414842875997034,1.934851428993021,0.15051804678536698,nan
20260735,sat_03,36.0,0.07071469555422859,2.0297820515235587,1.6164859212552607,nan
20260735,sat_03,38.0,0.07581075497188731,2.0272604868477813,1.7958841082857433,nan
20260735,sat_03,40.0,0.06532846385878355,3.0240544723439085,2.862439462443496,0.33938253411285535
20260735,sat_03,42.0,0.06987562621065402,3.039654430015039,0.9049012091942316,nan
20260735,sat_03,44.0,0.07460706889822422,3.0562572181694536,0.11143509660725298,nan
20260735,sat_03,46.0,0.07780621883124056,2.944366850974708,1.1088394997700846,nan
20260735,sat_03,48.0,0.08341572816005385,3.011221307022573,4.814867138330398,nan
20260735,sat_03,50.0,0.06831980413538088,3.6723187795290526,1.2785306557117873,2.6762782859424883
20260735,sat_03,52.0,0.07265820038235532,3.723012684057046,0.10405566504415847,nan
20260735,sat_03,54.0,0.07467206794798176,3.53445856890354,4.069739957686219,nan
20260735,sat_03,56.0,0.07661980552667838,3.355146345084913,1.6426973957192998,nan
20260735,sat_03,58.0,0.08080757924573437,3.37586179955393,0.8530022209435072,nan
20260735,sat_03,60.0,0.04736305469494371,1.9499651677256649,2.4216855195070024,3.862246736247311
20260735,sat_03,62.0,0.04841092941077823,1.852073316130039,0.43676207336469564,nan
20260735,sat_03,64.0,0.050981898502199696,1.871191644506607,6.142369722428034,nan
20260735,sat_03,66.0,0.04934468177255,1.6006560213556884,3.8883548123416816,nan
20260735,sat_03,68.0,0.050956294189925214,1.5624565649117097,1.6332841001295642,nan
20260735,sat_03,70.0,0.04976296067027929,2.3577250333614317,0.8607419922986309,0.38864232191525117
20260735,sat_03,72.0,0.05133883821433999,2.304956089182092,2.578474599341594,nan
20260735,sat_03,74.0,0.054690138265552156,2.406337904772949,1.2398661362241672,nan
20260735,sat_03,76.0,0.05612347282737745,2.3356275031282743,6.427495107900247,nan
20260735,sat_03,78.0,0.05682908686687536,2.211414191008962,1.4508568871639427,nan
20260735,sat_03,80.0,0.04650953519091566,2.2358923323909226,1.9950399888248462,1.7082507201940846
20260735,sat_03,82.0,0.04656062025526206,2.0741854581283983,0.8296231513458895,nan
20260735,sat_03,84.0,0.04657028961787513,1.923126894190652,1.2313309889617172,nan
20260735,sat_03,86.0,0.046776631202629246,1.8008567192519538,2.134134783374984,nan
20260735,sat_03,88.0,0.04736680850625441,1.7167556895630336,2.4734664693328727,nan
20260735,sat_03,90.0,0.041149076034655875,1.8842695064494155,2.998631282697093,1.3749922612711976
20260735,sat_03,92.0,0.04166951254637968,1.7992186409225719,1.060778190891933,nan
20260735,sat_03,94.0,0.04432877777583192,1.8978910648696403,1.4167249141591676,nan
20260735,sat_03,96.0,0.04568629847247895,1.8813714023125634,0.9754931167262183,nan
20260735,sat_03,98.0,0.050280190828203244,2.1295959362807046,2.9405534193287597,nan
20260735,sat_03,100.0,0.040472710932640314,1.946848999338717,0.2046338809956094,4.972526469499728
20260735,sat_03,102.0,0.04383238601425994,2.136125031342869,3.4666494551257108,nan
20260735,sat_03,104.0,0.04726926078429567,2.325888657977153,2.303253978198671,nan
20260735,sat_03,106.0,0.048265655060739335,2.27298940169799,3.561938273506162,nan
20260735,sat_03,108.0,0.04842303340527258,2.1470169278925324,0.8908206087838074,nan
20260735,sat_03,110.0,0.03088439503915988,1.2022814344304311,0.78817774638939,1.2387081145196108
20260735,sat_03,112.0,0.030099243485115446,1.0722010338000711,2.9343978133651265,nan
20260735,sat_03,114.0,0.033828641311944865,1.2725839446563714,2.4535527319934465,nan
20260735,sat_03,116.0,0.04003750771295645,1.676556179625214,4.755253342191395,nan
20260735,sat_03,118.0,0.03887020754303003,1.4879145399862295,3.0162862747827077,nan
20260735,sat_03,120.0,0.04880797983837474,3.164383985930384,1.220469762863349,0.2668064529967453
20260736,sat_01,0.0,0.05611641579078085,1.2627697995593221,0.02006453116248308,1.3311926512834402
20260736,sat_01,2.0,0.05933672501839389,1.3567985618264349,1.1171119512685759,nan
20260736,sat_01,4.0,0.05853466566060706,1.1859187068583341,2.814201610208676,nan
20260736,sat_01,6.0,0.05816370551461309,1.0030311914758636,0.36426282681820815,nan
20260736,sat_01,8.0,0.06221173037507655,0.9567748350569384,1.7119872411252586,nan
20260736,sat_01,10.0,0.03996470425209104,0.9644284059634622,1.6434548242102751,0.5139687770920794
20260736,sat_01,12.0,0.04130211071879858,0.8340768587400589,2.053454542213265,nan
20260736,sat_01,14.0,0.043424207676880086,0.7356483508133409,2.926966562138513,nan
20260736,sat_01,16.0,0.045844523466812524,0.6547222403068073,1.6544095878755725,nan
20260736,sat_01,18.0,0.04798184628935502,0.5776435792172082,1.2084635593206452,nan
20260736,sat_01,20.0,0.06855876416137736,2.841358535347294,6.392914451985713,2.8414663385054997
20260736,sat_01,22.0,0.07339945342961013,2.6721362139112195,6.377025577341568,nan
20260736,sat_01,24.0,0.07926169425141841,2.569859402424892,0.44152632064833003,nan
20260736,sat_01,26.0,0.08581618102329829,2.505113077852514,0.7926499007432655,nan
20260736,sat_01,28.0,0.08991881060144502,2.309166298483146,2.0533916319786427,nan
20260736,sat_01,30.0,0.05745936931984051,2.1202447887983986,1.2590850160140976,1.8305293496745347
20260736,sat_01,32.0,0.06182010697695785,2.0945196238160384,5.268305222611322,nan
20260736,sat_01,34.0,0.06827123304942527,2.1916032352084756,6.530249461574997,nan
20260736,sat_01,36.0,0.07394429704853703,2.2194844821194906,0.19688944075225678,nan
20260736,sat_01,38.0,0.07874475873089215,2.187251674611857,0.5964981594041128,nan
20260736,sat_01,40.0,0.06470499895496776,2.966247655340172,1.7250202232608003,1.2087959933721795
20260736,sat_01,42.0,0.07263941072942914,3.284323710458868,9.349619097844334,nan
20260736,sat_01,44.0,0.07770212131968639,3.3144302513815083,0.8728571413617612,nan
20260736,sat_01,46.0,0.08207043562092316,3.2751975383506915,2.0744911502570536,nan
20260736,sat_01,48.0,0.08799876259253667,3.350461047683289,1.5307242223047912,nan
20260736,sat_01,50.0,0.05409870297273612,2.3027720430707648,1.7409445889295223,2.590851346924007
20260736,sat_01,52.0,0.05541553014785791,2.1658224955494956,3.7991707223546145,nan
20260736,sat_01,54.0,0.05712691576345366,2.0688392677808083,1.082464916551492,nan
20260736,sat_01,56.0,0.060974367152080114,2.125092999271847,4.321422412822529,nan
20260736,sat_01,58.0,0.06574175296460888,2.2346850480324894,1.9564055290008577,nan
20260736,sat_01,60.0,0.0649884797981848,3.670976891914122,1.8625716547548739,3.202785349432525
20260736,sat_01,62.0,0.06899782428451795,3.761833725567424,0.2954841963625028,nan
20260736,sat_01,64.0,0.07129567442145167,3.658963852074321,2.5902278077840903,nan
20260736,sat_01,66.0,0.07496847456447994,3.6940567685212162,0.07109073335290664,nan
20260736,sat_01,68.0,0.08176502315270472,4.02232849538651,2.878807447342104,nan
20260736,sat_01,70.0,0.02289685677750817,0.49924904328735553,3.1623004037750215,7.0611257613656875
20260736,sat_01,72.0,0.02470006637929635,0.5336708870407146,1.0809063288422236,nan
20260736,sat_01,74.0,0.02824758881222618,0.6421086273008816,3.3834615938971337,nan
20260736,sat_01,76.0,0.03152205755927459,0.7369919001512651,3.497406105691549,nan
20260736,sat_01,78.0,0.031856531419257005,0.6951409521580403,8.2525431120967,nan
20260736,sat_01,80.0,0.026346063918044192,0.7176030742026434,2.2904171432360174,0.19077753366987743
20260736,sat_01,82.0,0.02927533639255796,0.8201838268989596,4.904395708730332,nan
20260736,sat_01,84.0,0.031451636154651956,0.8773673369048196,0.06794438333408316,nan
20260736,sat_01,86.0,0.0345218817208484,0.9811273181866231,0.9520552520674956,nan
20260736,sat_01,88.0,0.035228490351465754,0.9498785532648881,0.6631983421625782,nan
20260736,sat_01,90.0,0.052209413169976855,3.0325753150038364,1.6339787523659557,5.64368844644003
20260736,sat_01,92.0,0.05477606558906039,3.1081901702232893,0.8134517029152132,nan
20260736,sat_01,94.0,0.05817477182883372,3.2678631621107095,8.308315453893071,nan
20260736,sat_01,96.0,0.05810953601088949,3.042930939460592,1.6124013354331233,nan
20260736,sat_01,98.0,0.06017124788558464,3.0491130456153828,2.0589081415139026,nan
20260736,sat_01,100.0,0.0425352564156454,2.149820165249926,0.9544063872936308,2.6379015636600824
20260736,sat_01,102.0,0.04185355387868992,1.9471069084347112,2.7258622028875417,nan
20260736,sat_01,104.0,0.043591151678226615,1.9775085358202078,1.1929978574760836,nan
20260736,sat_01,106.0,0.04688041472986059,2.143683268427415,3.352604306260294,nan
20260736,sat_01,108.0,0.04883097465866179,2.1825301578082197,2.88932380520564,nan
20260736,sat_01,110.0,0.056293153144458985,3.9935360088673235,3.195944989567627,0.7518091377791872
20260736,sat_01,112.0,0.05432042337360866,3.491471978821452,6.871149561457442,nan
20260736,sat_01,114.0,0.058129303415955784,3.756791425254972,2.9436083957078822,nan
20260736,sat_01,116.0,0.06024904799198595,3.7958522197058833,2.691011410488778,nan
20260736,sat_01,118.0,0.05641888577719489,3.134048176783045,6.053890204752587,nan
20260736,sat_01,120.0,0.04184641322371976,2.3256490378067145,1.5931622493232802,0.9651540557183053
20260736,sat_02,0.0,0.04139593678466816,0.6871630282500368,0.06780089860136128,1.3970743064139193
20260736,sat_02,2.0,0.040066331823796,0.6186278287173277,2.3081080331225143,nan
20260736,sat_02,4.0,0.040826547027355505,0.5769260435935073,7.682977573137293,nan
20260736,sat_02,6.0,0.03862397365386084,0.4423166645501422,4.191511787819546,nan
20260736,sat_02,8.0,0.03832129668303455,0.36304397403607525,2.9147558055702727,nan
20260736,sat_02,10.0,0.10750659666381487,6.978791321099642,2.1275068456608444,3.039172414663723
20260736,sat_02,12.0,0.11831612270789835,6.844795746795665,0.5447723979211981,nan
20260736,sat_02,14.0,0.12855032568127792,6.44738249924387,5.172349937138694,nan
20260736,sat_02,16.0,0.13857178962646613,5.982500259838112,0.6836562670284076,nan
20260736,sat_02,18.0,0.15063076688319268,5.693828395354093,4.958889856033279,nan
20260736,sat_02,20.0,0.06849093245570631,2.8357232446275784,5.08500291038025,5.191158277951577
20260736,sat_02,22.0,0.07478865895555191,2.774175134849163,1.6368076045190598,nan
20260736,sat_02,24.0,0.08248043993349102,2.782695337185767,1.5380438091042714,nan
20260736,sat_02,26.0,0.09017569887617752,2.765967414614427,3.775785903788818,nan
20260736,sat_02,28.0,0.0968765497800577,2.6802087910543175,1.7116117871671601,nan
20260736,sat_02,30.0,0.07058391325661444,3.199276568104145,4.549395509873202,2.6116077342384925
20260736,sat_02,32.0,0.0738568224833439,2.9893367565725244,2.40569607199113,nan
20260736,sat_02,34.0,0.07593660454487607,2.7110764533570793,1.0702347161877939,nan
20260736,sat_02,36.0,0.07800919483520155,2.469893072131,2.303318206281899,nan
20260736,sat_02,38.0,0.08099431126774968,2.313678811543343,0.7735608721449945,nan
20260736,sat_02,40.0,0.07357475657997484,3.836107430034727,2.420515281049946,1.403134808685924
20260736,sat_02,42.0,0.07581281627170997,3.5786671595418875,1.2896936132445196,nan
20260736,sat_02,44.0,0.07832022992036389,3.3686929252092046,5.331536277023039,nan
20260736,sat_02,46.0,0.07913528285519425,3.046473577143198,2.4371169307593163,nan
20260736,sat_02,48.0,0.08125296741330115,2.8579244553872676,0.6655760308488552,nan
20260736,sat_02,50.0,0.049270265866489506,1.9101419403858801,1.2204807239473958,2.374422495563456
20260736,sat_02,52.0,0.04805678598046536,1.628890329459619,3.2117387787966356,nan
20260736,sat_02,54.0,0.049663595264855004,1.5636856247856594,1.3653894680291185,nan
20260736,sat_02,56.0,0.051058190062349865,1.4902322117442866,2.140437847734233,nan
20260736,sat_02,58.0,0.04939617593211324,1.261744955686225,1.628304315639655,nan
20260736,sat_02,60.0,0.05527020853583649,2.6561505988214047,1.9268675069576888,1.3873968558651963
20260736,sat_02,62.0,0.05940530207748976,2.789756952817783,4.846777358598527,nan
20260736,sat_02,64.0,0.06293780352011455,2.8527352640267187,3.7049018349322793,nan
20260736,sat_02,66.0,0.062452102990850966,2.5648754473034208,4.306726071277227,nan
20260736,sat_02,68.0,0.061304207030593846,2.2623723061758754,3.0052752459260845,nan
20260736,sat_02,70.0,0.023419308653489585,0.5223684110007041,0.2830702632185438,2.672935891865357
20260736,sat_02,72.0,0.020927799749609097,0.38314968457995835,5.404511258909028,nan
20260736,sat_02,74.0,0.020096055629304114,0.32504198683649194,3.118408722817038,nan
20260736,sat_02,76.0,0.018820743291641177,0.262757456253355,0.8025823122653648,nan
20260736,sat_02,78.0,0.021270086303273508,0.3099038039727352,3.9753898470786515,nan
20260736,sat_02,80.0,0.03400632957638443,1.1954425748744126,1.390633750235442,1.470588187988144
20260736,sat_02,82.0,0.03163989646137009,0.9578889387306613,3.450476354780515,nan
20260736,sat_02,84.0,0.031026945638375953,0.8536899850134217,0.5492479882790541,nan
20260736,sat_02,86.0,0.03287033144189227,0.8892951625364214,1.1394024953881523,nan
20260736,sat_02,88.0,0.03080162130902254,0.7259660146022126,3.237236757701983,nan
20260736,sat_02,90.0,0.02544189969432898,0.7201819343776293,5.018434658589827,1.2353367723199091
20260736,sat_02,92.0,0.027402435025642304,0.7779075696032589,3.044870493685791,nan
20260736,sat_02,94.0,0.028388894330433415,0.7782229635559323,4.964048430908292,nan
20260736,sat_02,96.0,0.026050344740422324,0.6115702685381496,5.87327694212059,nan
20260736,sat_02,98.0,0.025783417863347813,0.5598790208377625,3.233043506832474,nan
20260736,sat_02,100.0,0.02821744051769705,0.9462152393839549,1.0740035767293143,0.15588721557133778
20260736,sat_02,102.0,0.02670067748923842,0.7925828026000035,4.0644552222684736,nan
20260736,sat_02,104.0,0.031055105478792516,1.0038710897368985,3.09269343710626,nan
20260736,sat_02,106.0,0.0312885522854337,0.9551235809447383,0.511781039867813,nan
20260736,sat_02,108.0,0.03394082462116734,1.0547066723613616,1.8824180360285003,nan
20260736,sat_02,110.0,0.04201064399422557,2.2243878017742276,1.2911750771357884,0.10050096256152084
20260736,sat_02,112.0,0.04439406984851097,2.332308287023115,6.532169720166795,nan
20260736,sat_02,114.0,0.04611479235559376,2.364690333021412,0.5899342790518205,nan
20260736,sat_02,116.0,0.04595651765017872,2.2088864557729346,6.963301754836752,nan
20260736,sat_02,118.0,0.04544664736349081,2.033954245081264,1.3708816920761198,nan
20260736,sat_02,120.0,0.03148420683653836,1.3166405482966477,3.684707659596592,2.0369440070537816
20260736,sat_03,0.0,0.14972691155776868,8.989672251543784,0.03487465388494374,1.1891086234050308
20260736,sat_03,2.0,0.15411964600170397,9.15344524339096,1.5016807876034735,nan
20260736,sat_03,4.0,0.15938197570335477,8.792410560536752,0.2905562381918612,nan
20260736,sat_03,6.0,0.16298650475805893,7.876166999930749,0.9568688822386511,nan
20260736,sat_03,8.0,0.1652517104247914,6.750847283047997,1.715695974112961,nan
20260736,sat_03,10.0,0.11873777855694306,8.513218004453144,7.505670244325206,1.333207050294627
20260736,sat_03,12.0,0.12094769200007763,7.152454286372785,1.885482537191261,nan
20260736,sat_03,14.0,0.12029702264436856,5.645633531021767,1.5779704272180382,nan
20260736,sat_03,16.0,0.11876947422123876,4.3942650715687455,1.362080763844156,nan
20260736,sat_03,18.0,0.1213518646644699,3.69478521682786,2.7476418060270085,nan
20260736,sat_03,20.0,0.02925394503338761,0.5173164760607412,2.029454824765926,4.874110538705155
20260736,sat_03,22.0,0.032345224735373844,0.5188898895830447,0.41796071768048293,nan
20260736,sat_03,24.0,0.038976161729720134,0.6213860214316046,2.1583283303317176,nan
20260736,sat_03,26.0,0.04755590672030373,0.7692820854422769,0.20447452947387726,nan
20260736,sat_03,28.0,0.057395331174198205,0.9408096325831696,0.48637677913216243,nan
20260736,sat_03,30.0,0.018864555308102934,0.22849345160675671,0.814294433475429,2.754110262984779
20260736,sat_03,32.0,0.018963959059589773,0.1970453219985205,0.838186937189293,nan
20260736,sat_03,34.0,0.022948854008925757,0.24756680165354278,4.117562507831441,nan
20260736,sat_03,36.0,0.029580441875691702,0.35509925042400603,1.6765659916101,nan
20260736,sat_03,38.0,0.035480892895418996,0.4439825183181012,2.6853078655526135,nan
20260736,sat_03,40.0,0.018417020542457266,0.24030867162284958,1.2218013157913377,1.9035829330836982
20260736,sat_03,42.0,0.01514587644374399,0.14279480158116536,2.9059262249971347,nan
20260736,sat_03,44.0,0.013714537266880704,0.10326754971182509,1.1395731568584846,nan
20260736,sat_03,46.0,0.013160431116044641,0.08422521924556968,5.193288410464614,nan
20260736,sat_03,48.0,0.016194140694313183,0.1134852434119917,1.561966637419615,nan
20260736,sat_03,50.0,0.039537364480260476,1.2296680609181327,1.0484298725200083,0.7978426671529786
20260736,sat_03,52.0,0.042088572843181474,1.2490120174898025,1.5553562889621335,nan
20260736,sat_03,54.0,0.04701846980288056,1.4010160049686884,1.168148457567305,nan
20260736,sat_03,56.0,0.05135408639670334,1.5068743604044146,0.8067975468245047,nan
20260736,sat_03,58.0,0.05752947043701654,1.7105990836298057,4.3558431357234255,nan
20260736,sat_03,60.0,0.03144664652532211,0.8597835328796805,0.9765255732741148,4.4017745210472405
20260736,sat_03,62.0,0.036128394069786796,1.0317575982746208,5.7889880818294195,nan
20260736,sat_03,64.0,0.042885179272726434,1.3243758719492935,6.191194179705632,nan
20260736,sat_03,66.0,0.04812202568523639,1.5226893429626265,1.7124373615765287,nan
20260736,sat_03,68.0,0.05362459678795082,1.7308315791874238,0.4163726560478105,nan
20260736,sat_03,70.0,0.03755773192344966,1.3433168431189626,2.399877838570103,1.0318059514313127
20260736,sat_03,72.0,0.039741690072174714,1.3815304568256668,7.203816558426404,nan
20260736,sat_03,74.0,0.0412839074868546,1.3715028205668083,4.72796798207759,nan
20260736,sat_03,76.0,0.04304906397417025,1.3744179118461544,1.373297284268114,nan
20260736,sat_03,78.0,0.04854958978617556,1.6143086545962326,1.1788180973831741,nan
20260736,sat_03,80.0,0.03163433309809662,1.034346810596448,4.0181109762464216,6.404589403726063
20260736,sat_03,82.0,0.03609362326927201,1.2463646053100104,5.162252812616693,nan
20260736,sat_03,84.0,0.03898379959769111,1.3474721232322817,1.0797365424231282,nan
20260736,sat_03,86.0,0.03969149908624486,1.2964666504183595,0.7154612397167384,nan
20260736,sat_03,88.0,0.04408952200652356,1.487211186377963,2.800991642648873,nan
20260736,sat_03,90.0,0.024932893736314504,0.6916760418308527,1.0393663538534956,4.270474453489259
20260736,sat_03,92.0,0.027026099309667227,0.7567187843496649,1.830556315764517,nan
20260736,sat_03,94.0,0.029914693084643777,0.8641321991236236,2.3398820855379183,nan
20260736,sat_03,96.0,0.033145033514640425,0.9900011176974133,1.7512658077333636,nan
20260736,sat_03,98.0,0.038501605989397995,1.2484206224125245,3.911508474057713,nan
20260736,sat_03,100.0,0.04958078507049671,2.920978472713081,1.7332332218561337,0.8510927499003758
20260736,sat_03,102.0,0.05497284579313737,3.3590535071966707,1.9558835024787362,nan
20260736,sat_03,104.0,0.05659632628448628,3.3334181654832125,1.7240044030034667,nan
20260736,sat_03,106.0,0.05976213053432458,3.4836192425312924,1.6715132458844768,nan
20260736,sat_03,108.0,0.06333966508531778,3.6722546236295495,1.072429283200304,nan
20260736,sat_03,110.0,0.038440718477753384,1.8621037545772503,3.309504274466979,5.122566584678012
20260736,sat_03,112.0,0.04130661675638676,2.0187243434058066,1.1896831407339383,nan
20260736,sat_03,114.0,0.04707181726723335,2.4632169909997224,4.654993325070729,nan
20260736,sat_03,116.0,0.05086604907208375,2.7051974067202598,0.6967248207730053,nan
20260736,sat_03,118.0,0.053736771411066135,2.8427133272279383,3.115767750065779,nan
20260736,sat_03,120.0,0.059955373182198395,4.774222463938581,3.6856083650655043,1.5408165698709797
20260737,sat_01,0.0,0.06890956105334589,1.904159339899856,0.0786765560586482,1.2766531771852865
20260737,sat_01,2.0,0.06687242243892991,1.723296563996463,1.1791002794663163,nan
20260737,sat_01,4.0,0.06855497763793567,1.6266673846012356,4.304832666971186,nan
20260737,sat_01,6.0,0.06497961011541169,1.2518470681826541,3.0612084328284106,nan
20260737,sat_01,8.0,0.06414940857587771,1.0172638089099133,1.0899890883618786,nan
20260737,sat_01,10.0,0.0690155170097672,2.876175700366989,1.1946502972231117,3.418359230515943
20260737,sat_01,12.0,0.0787620614627491,3.03308339340917,1.5007347194235816,nan
20260737,sat_01,14.0,0.08970114978198734,3.138866821532951,0.2925498437877555,nan
20260737,sat_01,16.0,0.1022590866719324,3.257154025109343,4.055557905341753,nan
20260737,sat_01,18.0,0.11298853709764389,3.2026768501768075,0.8816503639900996,nan
20260737,sat_01,20.0,0.14548525574036028,12.795096536026819,2.046003472733107,2.6890868756642137
20260737,sat_01,22.0,0.15949312202478924,12.617478234075488,4.360897901373506,nan
20260737,sat_01,24.0,0.17431034989313926,12.429571440350689,1.4468244759624147,nan
20260737,sat_01,26.0,0.1906650373266963,12.367335018919144,2.1340581162859356,nan
20260737,sat_01,28.0,0.20612332363264263,12.135694913399849,2.080308553981366,nan
20260737,sat_01,30.0,0.07421540935032946,3.537006957894313,3.3540626200825616,8.292723372889292
20260737,sat_01,32.0,0.07706126650940222,3.2544866460771686,3.253699662584684,nan
20260737,sat_01,34.0,0.07889711633412494,2.9268081680324443,2.796251098219094,nan
20260737,sat_01,36.0,0.08193158915476835,2.724836660461415,1.4332483917678487,nan
20260737,sat_01,38.0,0.0864330200721769,2.6352335108991176,2.6815324419339874,nan
20260737,sat_01,40.0,0.06547012191178224,3.0368335056823117,3.7420768852146966,2.034511083105086
20260737,sat_01,42.0,0.06715148783642154,2.806825471881584,3.920735757497089,nan
20260737,sat_01,44.0,0.07030289639705951,2.7132766430373603,1.0283718063048337,nan
20260737,sat_01,46.0,0.07379194776150641,2.6478058911589986,1.674699692823674,nan
20260737,sat_01,48.0,0.07875570565534555,2.683620841603626,1.588389973979736,nan
20260737,sat_01,50.0,0.033606596402400386,0.8886419991511398,0.65150945697638,2.4855546309474925
20260737,sat_01,52.0,0.03708207111389069,0.9698349119261882,2.8899635215540598,nan
20260737,sat_01,54.0,0.04081610178216914,1.0561616580625395,4.837160615458402,nan
20260737,sat_01,56.0,0.045814773946412146,1.1997853132269252,4.142215257924909,nan
20260737,sat_01,58.0,0.0498641471235255,1.2856979722531652,2.029086380085724,nan
20260737,sat_01,60.0,0.07392507888217341,4.751304810185583,1.4111817048380115,1.325022777155493
20260737,sat_01,62.0,0.07953629124189565,5.00032191706198,0.4178393775377212,nan
20260737,sat_01,64.0,0.08312158164715791,4.9752520155318845,2.341650643306954,nan
20260737,sat_01,66.0,0.0861062846163357,4.875138796012728,1.6908535390795243,nan
20260737,sat_01,68.0,0.09229248259849043,5.12712860534352,7.065385809990377,nan
20260737,sat_01,70.0,0.07802209157196542,5.796996149249478,2.897571391825063,2.8494981946323774
20260737,sat_01,72.0,0.08079545766464166,5.71012093631942,0.6018217015543316,nan
20260737,sat_01,74.0,0.08277095424337617,5.513207388295662,6.384209970140195,nan
20260737,sat_01,76.0,0.08486283048378926,5.34131871031177,0.6100204678872283,nan
20260737,sat_01,78.0,0.08843007812901064,5.355975601670906,1.2364108711818917,nan
20260737,sat_01,80.0,0.0705374684237417,5.143692201340369,1.1380811282054184,0.8375326214539556
20260737,sat_01,82.0,0.07186267952602055,4.9417944557955575,3.029628253997014,nan
20260737,sat_01,84.0,0.07220841892755732,4.624164955873759,0.6384539197524002,nan
20260737,sat_01,86.0,0.07400785117015887,4.508510776552819,1.4340352569106636,nan
20260737,sat_01,88.0,0.07830611070597103,4.6924887761509595,4.15837510131027,nan
20260737,sat_01,90.0,0.0447053091883633,2.2242829517705607,1.3446092209697562,5.583113373223343
20260737,sat_01,92.0,0.043499274943537246,1.9609251645328785,1.2440964330481292,nan
20260737,sat_01,94.0,0.04612788005341127,2.0553358789991147,2.0863089156506707,nan
20260737,sat_01,96.0,0.050672039659242336,2.3147093593190546,11.009373982166794,nan
20260737,sat_01,98.0,0.05192975554584806,2.2720188004602972,1.9278109029344739,nan
20260737,sat_01,100.0,0.05764636702669803,3.9490086180418738,4.378716528328756,2.682542356182132
20260737,sat_01,102.0,0.06097466013684484,4.13296448129696,1.0448775260081913,nan
20260737,sat_01,104.0,0.05943628884461264,3.676716246175674,3.5919932879189576,nan
20260737,sat_01,106.0,0.06625787873188206,4.282606405419978,8.026788414341995,nan
20260737,sat_01,108.0,0.06548135240933495,3.925251264042413,2.3186749917340332,nan
20260737,sat_01,110.0,0.03446998550399246,1.497124361822157,0.803623489013457,5.210821020063093
20260737,sat_01,112.0,0.03538544615761324,1.4813118756792956,1.32699189381166,nan
20260737,sat_01,114.0,0.0326232079964514,1.182980525281279,6.5986206937587015,nan
20260737,sat_01,116.0,0.03415400602026658,1.2194610733243123,3.7133530470174536,nan
20260737,sat_01,118.0,0.03765318285789583,1.3955117895277862,2.4556984528337096,nan
20260737,sat_01,120.0,0.02050238043070645,0.5582198141267912,3.1795719119901076,2.7623293153125545
20260737,sat_02,0.0,0.09681305538415844,3.758478951111429,0.05101065682108187,1.169115703244878
20260737,sat_02,2.0,0.10295052906307343,4.084367481846142,1.7188946251143662,nan
20260737,sat_02,4.0,0.10656678778290476,3.9306966830033656,0.8195198960040968,nan
20260737,sat_02,6.0,0.10915590396718249,3.53264626729894,8.523525569674916,nan
20260737,sat_02,8.0,0.11131141312150043,3.062932660106595,0.6048306608468857,nan
20260737,sat_02,10.0,0.031928184936991386,0.6155567876784098,0.9371752490539618,2.7198289790934096
20260737,sat_02,12.0,0.03154555154436571,0.4865513473630508,2.0826003048575332,nan
20260737,sat_02,14.0,0.03318109438481452,0.4294951800358079,0.3535727665252098,nan
20260737,sat_02,16.0,0.036311142039486655,0.4106923299088439,1.047141562476886,nan
20260737,sat_02,18.0,0.042071010995719686,0.4440409687180731,1.8375583751516489,nan
20260737,sat_02,20.0,0.04110969035589168,1.021662334226927,2.93924457789371,1.403016787885793
20260737,sat_02,22.0,0.04302721316546622,0.9183104051469789,0.6031294797245245,nan
20260737,sat_02,24.0,0.04439478721168114,0.8062689409570105,1.0664726011733505,nan
20260737,sat_02,26.0,0.04850551369064715,0.8003882985108354,1.9147101982806718,nan
20260737,sat_02,28.0,0.05373027686250762,0.8245328302826469,2.2178319668602207,nan
20260737,sat_02,30.0,0.06304609499586683,2.552275139819894,0.6280379195936792,0.4666890943369771
20260737,sat_02,32.0,0.06676306483716207,2.442432863114419,1.639949637455662,nan
20260737,sat_02,34.0,0.06997839283877703,2.302052146299344,1.382095263178715,nan
20260737,sat_02,36.0,0.07437071299123965,2.2445481540844874,0.6762474739709645,nan
20260737,sat_02,38.0,0.07936576464475592,2.221167367212358,1.9043843729727905,nan
20260737,sat_02,40.0,0.06295490976957432,2.8078991320017224,0.6999943814081915,4.3927516564648315
20260737,sat_02,42.0,0.06872626266734064,2.939906804164564,6.665783460120181,nan
20260737,sat_02,44.0,0.07425813118991774,3.0269977700463717,6.468431105027006,nan
20260737,sat_02,46.0,0.07944182348140973,3.0685931298631512,0.3794401933415108,nan
20260737,sat_02,48.0,0.08660266007125417,3.244789345071875,1.1571998038122537,nan
20260737,sat_02,50.0,0.043129138266205166,1.4634637901291863,1.7981331655542547,2.188846527846217
20260737,sat_02,52.0,0.04559630939937435,1.4661599393320424,1.932135287474197,nan
20260737,sat_02,54.0,0.049543116755369786,1.5558510046867373,0.3174636576075509,nan
20260737,sat_02,56.0,0.055060766229512045,1.7326724928156945,1.6532071608602699,nan
20260737,sat_02,58.0,0.06118371273396014,1.9352975261122434,1.880700640751916,nan
20260737,sat_02,60.0,0.06748756694440644,3.9595907904041727,1.8874312786538643,1.0390581164447186
20260737,sat_02,62.0,0.07142205313286083,4.031836871709677,4.0970940888703975,nan
20260737,sat_02,64.0,0.07534538408167847,4.087665115958195,2.3685437255285295,nan
20260737,sat_02,66.0,0.07805322851787769,4.005600701046589,1.6624403269190844,nan
20260737,sat_02,68.0,0.07898265242987118,3.7545106736823297,8.168995506307292,nan
20260737,sat_02,70.0,0.0747872387565013,5.325985260431897,2.5398605146873945,1.6694927481739614
20260737,sat_02,72.0,0.07779304378979943,5.29324164000094,3.511568863062616,nan
20260737,sat_02,74.0,0.07846605964322761,4.954250249257211,3.4958861180263856,nan
20260737,sat_02,76.0,0.0809648363829413,4.861661770301623,4.868041693781794,nan
20260737,sat_02,78.0,0.08465267756588357,4.907899865173833,1.811234048049548,nan
20260737,sat_02,80.0,0.08018159245268347,6.646425329061009,0.7728442707764087,0.2697189805957176
20260737,sat_02,82.0,0.08435261337287733,6.809023852261642,0.8706850847296018,nan
20260737,sat_02,84.0,0.0912448966845449,7.383727749450245,13.653671073824576,nan
20260737,sat_02,86.0,0.09229780188424436,7.012341345417278,1.9840419393239186,nan
20260737,sat_02,88.0,0.09658680731847588,7.139376904237224,3.5107530275393066,nan
20260737,sat_02,90.0,0.06063183921469834,4.090302718941495,0.676696410504085,3.8436706852216704
20260737,sat_02,92.0,0.06499393959033264,4.37629374436436,5.778183932553304,nan
20260737,sat_02,94.0,0.06722759566669094,4.364115112577046,1.8173587825323532,nan
20260737,sat_02,96.0,0.07320532789830014,4.829140678438794,2.660547578778645,nan
20260737,sat_02,98.0,0.0788581393535378,5.237034957006111,2.6423005455261293,nan
20260737,sat_02,100.0,0.04631247591788923,2.5485861643443335,0.1376061074581269,3.5344200931638934
20260737,sat_02,102.0,0.04905721632428684,2.6750644624417097,2.533506572022773,nan
20260737,sat_02,104.0,0.049351204449106435,2.5346375012395317,1.374681597741722,nan
20260737,sat_02,106.0,0.05025847740378182,2.463783907651455,1.682983977920908,nan
20260737,sat_02,108.0,0.053455997618249075,2.615662839640777,0.877067760411396,nan
20260737,sat_02,110.0,0.05961343778784003,4.478001420511403,2.1804834824472183,0.6195584894919777
20260737,sat_02,112.0,0.058366137951383956,4.0302982650574695,2.6033530248583996,nan
20260737,sat_02,114.0,0.04978048703080948,2.754690271328395,18.08586795829002,nan
20260737,sat_02,116.0,0.051062890080148735,2.7259744608969507,1.5573342128691015,nan
20260737,sat_02,118.0,0.05560527256993175,3.0435824339297533,4.998431089866459,nan
20260737,sat_02,120.0,0.050383599938055454,3.3711912414037437,3.7740939185448266,0.46529878076073095
20260737,sat_03,0.0,0.017874201347797773,0.12811431620272723,0.017475179825275904,1.3432184372624247
20260737,sat_03,2.0,0.021940295527567003,0.1855037059712066,0.9074033928736313,nan
20260737,sat_03,4.0,0.026221220932875468,0.23797534075598428,1.866061826226986,nan
20260737,sat_03,6.0,0.03284658812522887,0.3198789858935419,2.3113536017690373,nan
20260737,sat_03,8.0,0.038790243451479446,0.3719690713590691,3.3164415063620587,nan
20260737,sat_03,10.0,0.0758987939068977,3.478445366595742,1.5264266034557123,0.4731606447221627
20260737,sat_03,12.0,0.08517608974812994,3.5473125978959,0.4510221164149958,nan
20260737,sat_03,14.0,0.09199044691828429,3.301396638483005,2.609495351344112,nan
20260737,sat_03,16.0,0.09781308519394252,2.980469677878657,2.0886748142045537,nan
20260737,sat_03,18.0,0.10669684676341695,2.856392807216191,1.4053465793332816,nan
20260737,sat_03,20.0,0.059425953253860915,2.1347363559284993,0.35991486446049564,2.9616432830172874
20260737,sat_03,22.0,0.06596646395122652,2.1582594585965467,2.6902064942257096,nan
20260737,sat_03,24.0,0.07158255177383664,2.095928229467239,0.153909482981867,nan
20260737,sat_03,26.0,0.07997029425174546,2.175333423371441,3.96180395745085,nan
20260737,sat_03,28.0,0.0850659889967247,2.0665672953573404,5.8132313866644,nan
20260737,sat_03,30.0,0.043557174599122346,1.2182267458250708,1.638514716719539,2.393400267296125
20260737,sat_03,32.0,0.04757781184557886,1.2404085161977487,1.6972855777396663,nan
20260737,sat_03,34.0,0.051647621311733484,1.2540128739156773,0.3343471353721655,nan
20260737,sat_03,36.0,0.05656692261894085,1.2986086423024454,3.761955922153546,nan
20260737,sat_03,38.0,0.061193670178307534,1.32056830860163,3.4360306081016256,nan
20260737,sat_03,40.0,0.07002859460167264,3.4738046471645925,1.5233299736399595,0.9769124464255501
20260737,sat_03,42.0,0.07440788022175755,3.44539432355581,1.2027717169429346,nan
20260737,sat_03,44.0,0.07653172590869313,3.214444978463156,2.7355568392017,nan
20260737,sat_03,46.0,0.07929281375982529,3.056283884759183,0.35482852168416773,nan
20260737,sat_03,48.0,0.08355636793973192,3.0196594774968206,2.062997743771586,nan
20260737,sat_03,50.0,0.07986564259824831,5.017509826314431,2.6098753231301712,0.6919907126029753
20260737,sat_03,52.0,0.0831230839434339,4.87163872513147,1.3751835079455397,nan
20260737,sat_03,54.0,0.08386160088913194,4.456793119591539,3.7638148246389798,nan
20260737,sat_03,56.0,0.0852177650749414,4.14922550569867,2.824118953124333,nan
20260737,sat_03,58.0,0.087136586428065,3.9241770394420357,3.9285719067927967,nan
20260737,sat_03,60.0,0.10356289110456326,9.322321989451238,0.8947949293833228,6.944586701319524
20260737,sat_03,62.0,0.10696341166997952,9.040831319432623,1.512469162179556,nan
20260737,sat_03,64.0,0.11116436122821177,8.895549605160603,3.0682217483175926,nan
20260737,sat_03,66.0,0.11284563296606558,8.369977273267441,5.915777158681477,nan
20260737,sat_03,68.0,0.11611186655109139,8.111578871281527,0.7843633777158308,nan
20260737,sat_03,70.0,0.07448731782828046,5.283422049452711,0.5822645688603879,8.956423393365606
20260737,sat_03,72.0,0.0790751867519664,5.469320843389667,0.9079079803989456,nan
20260737,sat_03,74.0,0.0810081830864931,5.280631789356868,2.5134888946811627,nan
20260737,sat_03,76.0,0.08321476680816746,5.135617906962018,1.6555140759149765,nan
20260737,sat_03,78.0,0.0909382759709742,5.6638446180779685,11.115280978843407,nan
20260737,sat_03,80.0,0.09655000999943243,9.636118948637975,1.9444697454269935,2.5550605672527738
20260737,sat_03,82.0,0.10103667059795834,9.767853814384496,0.22517854148528682,nan
20260737,sat_03,84.0,0.10279159220438962,9.369935609610405,2.0102605718881676,nan
20260737,sat_03,86.0,0.11006537731466734,9.971161320111882,3.6391814234242803,nan
20260737,sat_03,88.0,0.11316996086328246,9.80037825260003,2.7948725617401675,nan
20260737,sat_03,90.0,0.040358260807085586,1.812068595779806,0.30836167153457283,15.19819772213567
20260737,sat_03,92.0,0.04258547819409519,1.8786375150785646,1.6591809444674703,nan
20260737,sat_03,94.0,0.042339510058508806,1.7308652427026625,2.824094698324919,nan
20260737,sat_03,96.0,0.04570250888196539,1.8821015381045023,1.122350293544456,nan
20260737,sat_03,98.0,0.04322009650216906,1.5730706908909629,6.484074401769871,nan
20260737,sat_03,100.0,0.052590183267020835,3.2869364175227735,5.429641147976437,2.9987640404891023
20260737,sat_03,102.0,0.05671474569086173,3.5760252254139417,1.52755011564556,nan
20260737,sat_03,104.0,0.059421800393330164,3.6753061790470323,2.8014177876379676,nan
20260737,sat_03,106.0,0.06352878893825527,3.93737495589065,1.2184825313311383,nan
20260737,sat_03,108.0,0.06641304004675304,4.03813994789531,0.629514463154716,nan
20260737,sat_03,110.0,0.05984484007143293,4.513594340190551,1.213859576581086,0.9493263935085478
20260737,sat_03,112.0,0.06268612193625253,4.649797618936638,0.6609352630669852,nan
20260737,sat_03,114.0,0.06152819485040985,4.209118051908378,5.864867115511389,nan
20260737,sat_03,116.0,0.06356633718559862,4.225429940432866,2.904693059323771,nan
20260737,sat_03,118.0,0.06646766856562557,4.350019003669978,1.166605204091976,nan
20260737,sat_03,120.0,0.0359137184185414,1.7131573125660031,1.8212477996445327,4.335905214453787
20260738,sat_01,0.0,0.07965329162423096,2.5442029848736474,0.0778138428033306,1.4222037530414346
20260738,sat_01,2.0,0.08822551059347794,2.999554179351552,7.337171885124584,nan
20260738,sat_01,4.0,0.08772389102576632,2.663570387855731,10.32175505682861,nan
20260738,sat_01,6.0,0.09007716494293865,2.405682141768953,2.4361015700843676,nan
20260738,sat_01,8.0,0.0927947464295751,2.1286691105484232,1.4152363583538512,nan
20260738,sat_01,10.0,0.052106489905459984,1.6394512325093042,6.820430762341902,2.424604600739576
20260738,sat_01,12.0,0.05893915431588926,1.6985231085127643,3.7134874806593228,nan
20260738,sat_01,14.0,0.06541408436295462,1.6693688551909718,2.349620086183814,nan
20260738,sat_01,16.0,0.07134937661431898,1.585867812850196,1.9098899708468573,nan
20260738,sat_01,18.0,0.08209339245736458,1.6909360648412433,2.6711918386702944,nan
20260738,sat_01,20.0,0.014277895293707064,0.1232298232839423,2.1430073143774906,2.598588668433939
20260738,sat_01,22.0,0.018817375329841325,0.1756306496769494,7.276345242127379,nan
20260738,sat_01,24.0,0.02213819250420568,0.20048875725274998,5.795838499523787,nan
20260738,sat_01,26.0,0.028457377723050587,0.27551944676767176,5.3271252360347034,nan
20260738,sat_01,28.0,0.03480313727149858,0.3460195552181455,0.8035214614472058,nan
20260738,sat_01,30.0,0.08368759748834051,4.497936993792483,2.4208233945133113,2.6237901924045595
20260738,sat_01,32.0,0.09163315866297661,4.602361100008528,1.0181286595669095,nan
20260738,sat_01,34.0,0.1005706478358125,4.75656990528797,2.340616509914824,nan
20260738,sat_01,36.0,0.10780083666733152,4.7181895885156,2.137510281248463,nan
20260738,sat_01,38.0,0.11930189702589111,5.021897695855143,13.947333100617477,nan
20260738,sat_01,40.0,0.06680183905624883,3.1621422298533544,2.0959277501335793,2.339422366587949
20260738,sat_01,42.0,0.07130547456940091,3.165544514344825,0.4242141541704254,nan
20260738,sat_01,44.0,0.0761285435801985,3.18247895031525,1.3329600305225617,nan
20260738,sat_01,46.0,0.07858956559026163,3.004311717496282,1.8875002333831226,nan
20260738,sat_01,48.0,0.08245727590011566,2.942981183399683,0.7958001383496331,nan
20260738,sat_01,50.0,0.03474668916939042,0.9501290319163662,6.200648703376656,2.4245947603306837
20260738,sat_01,52.0,0.03572783302073223,0.9005046912358059,3.7149384388561275,nan
20260738,sat_01,54.0,0.03683587715426561,0.860432546899389,2.4919995418744856,nan
20260738,sat_01,56.0,0.04003730602455749,0.9165471780888613,1.734421053101348,nan
20260738,sat_01,58.0,0.041328525761377445,0.8834790901413302,0.2998162740019973,nan
20260738,sat_01,60.0,0.028963381364020237,0.7290836318358266,3.6331571219348033,3.0774535391189404
20260738,sat_01,62.0,0.029893238392667984,0.7060541891868399,10.710326764810176,nan
20260738,sat_01,64.0,0.03261007898814518,0.765403427997601,1.1547369424926897,nan
20260738,sat_01,66.0,0.036227079399995366,0.8625100402675875,1.2453659293722918,nan
20260738,sat_01,68.0,0.03904060083298828,0.9169109936588007,2.383115656761577,nan
20260738,sat_01,70.0,0.032096960598920476,0.98094550364102,7.53189387448415,1.0131133981983242
20260738,sat_01,72.0,0.03458617622310381,1.0461946295027755,1.0726085453823107,nan
20260738,sat_01,74.0,0.03682772260753308,1.091241679656767,1.1364292742058792,nan
20260738,sat_01,76.0,0.03891281944913776,1.1228424765011196,2.132879104549419,nan
20260738,sat_01,78.0,0.040547960803834646,1.1258799639815762,0.7504807703749252,nan
20260738,sat_01,80.0,0.050022503263217076,2.5864910971982127,1.946405255953461,0.5217445200930004
20260738,sat_01,82.0,0.0517663441923302,2.563986691761771,0.3647580512062138,nan
20260738,sat_01,84.0,0.05244978474743523,2.4393810353468224,1.5990080392150539,nan
20260738,sat_01,86.0,0.054665145865048906,2.459437234423019,0.8272470917468153,nan
20260738,sat_01,88.0,0.05779600355097022,2.555946551076439,1.6362972988076865,nan
20260738,sat_01,90.0,0.021772167075959727,0.5274296200626314,1.697591809891083,3.4591995071568222
20260738,sat_01,92.0,0.02129049659621273,0.46961605808136847,2.5041913810480354,nan
20260738,sat_01,94.0,0.024162509522499057,0.5637820945555444,3.200014496393494,nan
20260738,sat_01,96.0,0.025753495681620515,0.5977170045300367,0.23760727052822028,nan
20260738,sat_01,98.0,0.020733640725922733,0.36206251371958803,6.451805590439115,nan
20260738,sat_01,100.0,0.041551733499625404,2.0519478683219963,3.115361590302907,1.6909013352939812
20260738,sat_01,102.0,0.041982534295747956,1.9595531928044796,0.9381632136255448,nan
20260738,sat_01,104.0,0.04060315420648318,1.7161181330629551,2.183633418051207,nan
20260738,sat_01,106.0,0.03625541833154769,1.2824451747497156,15.91088915200357,nan
20260738,sat_01,108.0,0.037475388723374324,1.285819025388448,1.9085368165605014,nan
20260738,sat_01,110.0,0.04743849772011692,2.835787959573285,7.621053366279666,3.0804503181002456
20260738,sat_01,112.0,0.04911450550709923,2.853975105803345,0.39149540877043726,nan
20260738,sat_01,114.0,0.04856473373053295,2.6218327252440377,2.676787003827397,nan
20260738,sat_01,116.0,0.05108914252147423,2.728909480724054,1.706838386178992,nan
20260738,sat_01,118.0,0.055483450540076355,3.030531344212614,3.3912616642140603,nan
20260738,sat_01,120.0,0.06763827445405068,6.076659688005483,4.253804377101216,5.850434760530774
20260738,sat_02,0.0,0.07947715576322399,2.5329635270351103,0.06696913321533017,1.3239341121077035
20260738,sat_02,2.0,0.08118746807693696,2.5400811805741856,3.5211477457660556,nan
20260738,sat_02,4.0,0.07931506162398351,2.1774264364124893,3.715342101946468,nan
20260738,sat_02,6.0,0.08254253860591712,2.020092542401006,0.9657736416406896,nan
20260738,sat_02,8.0,0.08446035412543672,1.7635054643622317,0.898710990634193,nan
20260738,sat_02,10.0,0.04685360583409759,1.3255460886419312,3.9580019333150926,1.8676323482525394
20260738,sat_02,12.0,0.04902387396903023,1.1751369161471623,3.5399346975132717,nan
20260738,sat_02,14.0,0.05242288676072458,1.0722145620662542,2.071615398413276,nan
20260738,sat_02,16.0,0.05574158820044533,0.9680338417537044,0.9016626858392922,nan
20260738,sat_02,18.0,0.06099628500049761,0.9336296534634768,1.1424565804282223,nan
20260738,sat_02,20.0,0.047104678642303936,1.341395265920387,0.6561734178643803,0.2971479323781953
20260738,sat_02,22.0,0.05159719083744244,1.320602592340737,1.1176232900219978,nan
20260738,sat_02,24.0,0.057153245286417236,1.3363716052359411,5.970823695534288,nan
20260738,sat_02,26.0,0.06363498436856592,1.3776676505503427,2.6229931621570133,nan
20260738,sat_02,28.0,0.06738468984940035,1.296980268298076,3.450301518661663,nan
20260738,sat_02,30.0,0.09533620537585467,5.836581493486904,0.4251566882798944,0.2454179685764846
20260738,sat_02,32.0,0.10358368899877898,5.879977160148569,0.5551145276861645,nan
20260738,sat_02,34.0,0.11201412856997246,5.899058633515076,0.47601529784665625,nan
20260738,sat_02,36.0,0.11860534916175343,5.709377834712445,2.9873768357845876,nan
20260738,sat_02,38.0,0.12733796921174179,5.718687337997554,0.3631133573865936,nan
20260738,sat_02,40.0,0.10879452797488964,8.387358683257878,3.41491387299871,9.0425753030579
20260738,sat_02,42.0,0.1167369300042076,8.484378280510008,10.363664921975497,nan
20260738,sat_02,44.0,0.12181444873762728,8.148257602248648,1.738650976493842,nan
20260738,sat_02,46.0,0.1258034418907914,7.698335044729973,7.656158145343056,nan
20260738,sat_02,48.0,0.1292463481124442,7.230259963693992,1.1859448123416974,nan
20260738,sat_02,50.0,0.09909723295772127,7.728154805151587,3.0977153295608773,2.970291021915902
20260738,sat_02,52.0,0.10254696990364727,7.418350857363597,1.6713463047044415,nan
20260738,sat_02,54.0,0.10650506371358828,7.1928701313711425,4.264342589560794,nan
20260738,sat_02,56.0,0.1081966758064379,6.693209255347214,4.148940909878072,nan
20260738,sat_02,58.0,0.11423557184219929,6.749574766058309,4.388983415426982,nan
20260738,sat_02,60.0,0.03855024777152349,1.2918217995504466,6.224477283279137,7.307306543375713
20260738,sat_02,62.0,0.03771543784131757,1.1241045140606525,0.9867663493335265,nan
20260738,sat_02,64.0,0.037682518262873776,1.0222397641703944,0.5333056654472936,nan
20260738,sat_02,66.0,0.03795998235002021,0.9471130904428186,6.139125201335478,nan
20260738,sat_02,68.0,0.034919193972888056,0.7335744525561883,8.2494060693464,nan
20260738,sat_02,70.0,0.0432969990520095,1.7850828954838445,2.0339226404418858,3.1529071427816566
20260738,sat_02,72.0,0.04454883770694874,1.7358581021262014,4.021716231616297,nan
20260738,sat_02,74.0,0.04478077282709765,1.613696924171609,6.90379870884623,nan
20260738,sat_02,76.0,0.04733971661145293,1.6620892702574679,1.3062651174304045,nan
20260738,sat_02,78.0,0.05002369617372898,1.7138977365431962,0.30975520882342633,nan
20260738,sat_02,80.0,0.036570173326849094,1.3824471155095106,3.387322306638205,2.2519460276914947
20260738,sat_02,82.0,0.04096286521209228,1.6055556871183652,3.5227677515383524,nan
20260738,sat_02,84.0,0.043998947658756324,1.716793089494655,1.5654691606028939,nan
20260738,sat_02,86.0,0.04748732203420691,1.8561060137073568,5.153212434731413,nan
20260738,sat_02,88.0,0.048424003103049486,1.7943419286218496,1.1915233597894794,nan
20260738,sat_02,90.0,0.030918483948039262,1.0635394203983013,0.8859345082182946,5.2392775967716085
20260738,sat_02,92.0,0.034497007865243005,1.2327786962643486,1.5172367172711372,nan
20260738,sat_02,94.0,0.031813286259347186,0.9772359694856604,6.037941273393529,nan
20260738,sat_02,96.0,0.035330412925827615,1.1247612246964105,2.880694183416007,nan
20260738,sat_02,98.0,0.03970518696969756,1.327520947203828,5.228178578734304,nan
20260738,sat_02,100.0,0.05291614068091627,3.326986457430233,1.1422401414069097,0.7680471039091156
20260738,sat_02,102.0,0.05257855249861876,3.0726043103454987,1.7033371455959274,nan
20260738,sat_02,104.0,0.05394618949808224,3.028422936237408,8.395815631761485,nan
20260738,sat_02,106.0,0.05189901880471769,2.627136551982,3.5750003195881743,nan
20260738,sat_02,108.0,0.05417849938399843,2.686723688871619,1.4577407552080626,nan
20260738,sat_02,110.0,0.0388140037106911,1.898196681799006,1.8889326710334342,1.3731684894945504
20260738,sat_02,112.0,0.039777086191829764,1.8717592377741896,5.475169640661692,nan
20260738,sat_02,114.0,0.044403712709645965,2.191619219794778,3.517601335140829,nan
20260738,sat_02,116.0,0.04424952004422059,2.0469631879003938,4.734525235166869,nan
20260738,sat_02,118.0,0.04492608269090666,1.9867069038522442,0.8753609598916965,nan
20260738,sat_02,120.0,0.039667866188705304,2.089842970396609,3.7040654479169204,6.254999615868499
20260738,sat_03,0.0,0.10948209328681428,4.806516367915728,0.016760309526453205,1.2058545267841114
20260738,sat_03,2.0,0.11193161784066184,4.82805537176144,0.6527103769477923,nan
20260738,sat_03,4.0,0.11272158196527762,4.397818485797533,0.37001653269189316,nan
20260738,sat_03,6.0,0.10836937234035897,3.4818739417270357,7.586024068366716,nan
20260738,sat_03,8.0,0.10871192967247358,2.9214916934007014,1.8385952939267114,nan
20260738,sat_03,10.0,0.05743874698975331,1.9921487958849824,1.2561785228089721,2.5389283370989943
20260738,sat_03,12.0,0.057643829048951434,1.6246917014332565,4.787056906524926,nan
20260738,sat_03,14.0,0.05955635984025675,1.3837654572971765,1.8963118469547435,nan
20260738,sat_03,16.0,0.060679650752608574,1.1469687793877785,3.87395994251287,nan
20260738,sat_03,18.0,0.06587150347722216,1.0885845739102593,0.15217481738403763,nan
20260738,sat_03,20.0,0.06863874165422355,2.8480683116344223,0.31842707293642325,0.8335971467551105
20260738,sat_03,22.0,0.07162472459512068,2.544570910386826,4.181920539064811,nan
20260738,sat_03,24.0,0.07344852767262298,2.206799297955529,0.7794843885129181,nan
20260738,sat_03,26.0,0.07763061991500539,2.0500611694008977,2.2084255075885237,nan
20260738,sat_03,28.0,0.08299110584226407,1.9670928008372535,2.7301931917082523,nan
20260738,sat_03,30.0,0.052619895659580224,1.7780449921074215,1.1020108518474845,1.3401797857799058
20260738,sat_03,32.0,0.05317895990608295,1.549784556069975,1.3841351010559402,nan
20260738,sat_03,34.0,0.05375976254701777,1.3587772710606114,0.20306218999346037,nan
20260738,sat_03,36.0,0.05569025470027375,1.2587019213658264,5.313570894237266,nan
20260738,sat_03,38.0,0.058012654021851635,1.186864089931642,0.46441226416907233,nan
20260738,sat_03,40.0,0.026477033240055462,0.49668303829431276,0.6535206889762979,2.9747971199864622
20260738,sat_03,42.0,0.027060347255204,0.45578850492578027,2.2978987491313254,nan
20260738,sat_03,44.0,0.030392911887073153,0.5070782244192524,1.3229153523611714,nan
20260738,sat_03,46.0,0.03403810227433975,0.5633470440236408,0.983241636206089,nan
20260738,sat_03,48.0,0.03904812980996869,0.6596697012846213,8.947437337731822,nan
20260738,sat_03,50.0,0.0481733531388941,1.8255715116366478,2.0568020183709264,2.7032607128386017
20260738,sat_03,52.0,0.05098479815844529,1.8328927379047268,0.2093681298417569,nan
20260738,sat_03,54.0,0.05372159319448829,1.8290640604611696,0.9570640231833634,nan
20260738,sat_03,56.0,0.053701040547497504,1.6478417466548458,5.8744608163897905,nan
20260738,sat_03,58.0,0.05781927751284842,1.7279819719228098,2.0341620880900333,nan
20260738,sat_03,60.0,0.05902105736651079,3.027335310063075,4.877098868363033,0.9310742551888562
20260738,sat_03,62.0,0.06354653609852558,3.1903408827763884,2.4745261603615556,nan
20260738,sat_03,64.0,0.06689274509708462,3.220406543950471,5.569598299037722,nan
20260738,sat_03,66.0,0.07052436320035897,3.26842562008908,0.9678922959738476,nan
20260738,sat_03,68.0,0.07050956401287603,2.990560204455633,4.185222823246523,nan
20260738,sat_03,70.0,0.08620860760952169,7.076346108300932,2.2266076816421707,1.7148067252642034
20260738,sat_03,72.0,0.09192376477931319,7.390261701732353,1.2862532340886164,nan
20260738,sat_03,74.0,0.0954744964243795,7.3343474502685355,6.342798924264585,nan
20260738,sat_03,76.0,0.10331445910996603,7.915363369250075,3.556176384710917,nan
20260738,sat_03,78.0,0.10735410852302837,7.892472921643107,1.9196088789051886,nan
20260738,sat_03,80.0,0.0650359940048442,4.372490542642337,4.943244090071804,4.5429713721598395
20260738,sat_03,82.0,0.06843795943913586,4.4819863102740385,1.454397403220956,nan
20260738,sat_03,84.0,0.07057658579581193,4.417535261981945,0.6988505681431316,nan
20260738,sat_03,86.0,0.07561709455882128,4.706834692338546,4.890635166143784,nan
20260738,sat_03,88.0,0.07435469561288097,4.230889510435613,8.447897919879829,nan
20260738,sat_03,90.0,0.08753847930328176,8.527140523994865,0.5353607497660493,0.9356707692014056
20260738,sat_03,92.0,0.09017537605548911,8.425674356546224,0.9349190941196146,nan
20260738,sat_03,94.0,0.09454350473455322,8.632667452285638,1.6715243008459044,nan
20260738,sat_03,96.0,0.09659206521087926,8.409270701196801,0.8742532205904938,nan
20260738,sat_03,98.0,0.10137862330315113,8.65699616256164,3.405540794113575,nan
20260738,sat_03,100.0,0.0511231325138613,3.1053234018668796,1.0429271299483174,9.703375598114983
20260738,sat_03,102.0,0.05273141578825905,3.090360434188657,10.433754378178831,nan
20260738,sat_03,104.0,0.05565759559438869,3.2232782632350956,2.4248774356902807,nan
20260738,sat_03,106.0,0.059138213637638055,3.410698141380328,1.2945326359583176,nan
20260738,sat_03,108.0,0.06052478650280014,3.3525007060378575,0.25206446914844616,nan
20260738,sat_03,110.0,0.0430877396272846,2.3391897959637573,8.354334448724352,1.0280728212053707
20260738,sat_03,112.0,0.043761735560492905,2.265537156638448,5.168263799827295,nan
20260738,sat_03,114.0,0.043581287616246085,2.1111820072696776,1.8487267241334426,nan
20260738,sat_03,116.0,0.04579276336114775,2.192168304366659,1.6172885617304598,nan
20260738,sat_03,118.0,0.0440350051522966,1.9086378225199663,1.317584855854947,nan
20260738,sat_03,120.0,0.05033419698029563,3.3643741814786132,1.7007373030787636,3.1541440695841256
20260739,sat_01,0.0,0.10384122285029497,4.323981642707645,0.004696508246544658,1.281909444371732
20260739,sat_01,2.0,0.10726568763453252,4.433950416780069,1.6822605905518313,nan
20260739,sat_01,4.0,0.11051478339691356,4.227392650621359,1.0776513649358412,nan
20260739,sat_01,6.0,0.11828520018504222,4.148364605458116,2.6896375106651904,nan
20260739,sat_01,8.0,0.11834512281456638,3.462370814678721,2.650886324776927,nan
20260739,sat_01,10.0,0.09403533136256828,5.3394513563676504,1.41556021667965,1.7750922295763452
20260739,sat_01,12.0,0.09546235618440828,4.455802912539141,3.715033175213044,nan
20260739,sat_01,14.0,0.09905194524453581,3.8276769278086413,4.170151705653409,nan
20260739,sat_01,16.0,0.10251622632043744,3.273950598120823,0.8515405905916043,nan
20260739,sat_01,18.0,0.10426068049083427,2.727422261084584,6.245763308075377,nan
20260739,sat_01,20.0,0.04725298043984645,1.349776415689949,1.5686493530489813,1.1615777913307583
20260739,sat_01,22.0,0.04374985170200805,0.9493600436904049,1.0943794318151916,nan
20260739,sat_01,24.0,0.03990244906674408,0.6513058880239785,2.7898137925841335,nan
20260739,sat_01,26.0,0.033867583949634045,0.3901883164762431,7.685191689878175,nan
20260739,sat_01,28.0,0.030954133981820526,0.2736643186412937,1.8329996536539575,nan
20260739,sat_01,30.0,0.05051944009355795,1.6391346675718061,3.8024981299518057,1.2809035415181798
20260739,sat_01,32.0,0.05494344650311111,1.6546026936557245,1.2058326942256992,nan
20260739,sat_01,34.0,0.060126550033148325,1.6999753912700457,1.1880031031028406,nan
20260739,sat_01,36.0,0.06749688900641859,1.8493780396845243,6.072312069428124,nan
20260739,sat_01,38.0,0.07524037533415061,1.996952419778518,3.5181574405017426,nan
20260739,sat_01,40.0,0.0883472270792083,5.529770133655416,4.911906696524509,2.963224684216114
20260739,sat_01,42.0,0.09460442234480951,5.570748862106977,4.817112104614422,nan
20260739,sat_01,44.0,0.10266018559320228,5.785438149697181,3.107090826668703,nan
20260739,sat_01,46.0,0.10833356578819814,5.706638925346438,4.279306617496353,nan
20260739,sat_01,48.0,0.11424581093073838,5.647088395494864,0.9662640369576333,nan
20260739,sat_01,50.0,0.04249053210233864,1.4204276417132418,2.6146396210380813,5.836150431168063
20260739,sat_01,52.0,0.04739770801177755,1.5842788143834525,3.1279354538962894,nan
20260739,sat_01,54.0,0.04909414754398213,1.5278092570963675,4.3997407784871205,nan
20260739,sat_01,56.0,0.04828316244700799,1.3324012730363937,5.9014409262153436,nan
20260739,sat_01,58.0,0.05004148934788478,1.2946436334481575,2.5938207959763435,nan
20260739,sat_01,60.0,0.055171876434245024,2.6456971331751014,0.6400188349353213,4.372288827467245
20260739,sat_01,62.0,0.05527731334082863,2.4144437351937293,1.9369052199061978,nan
20260739,sat_01,64.0,0.05512054382159503,2.1870620973262453,1.2182840089536868,nan
20260739,sat_01,66.0,0.057363171092599925,2.1628034943422287,0.8390304590971189,nan
20260739,sat_01,68.0,0.06003753392990281,2.1686945044450296,1.0827141647634884,nan
20260739,sat_01,70.0,0.012659798125901003,0.15262023325048563,7.075055475755057,2.987635974847149
20260739,sat_01,72.0,0.011212105691002927,0.1099549086099853,1.5264095458244167,nan
20260739,sat_01,74.0,0.012183671579412376,0.11944058133447139,0.37382681104649595,nan
20260739,sat_01,76.0,0.01376513416939566,0.1405094921031717,2.1827347284083025,nan
20260739,sat_01,78.0,0.012447885904473328,0.10610961085288113,1.5383546472826062,nan
20260739,sat_01,80.0,0.03495379176144444,1.2631188161715339,0.9237376117178495,1.0456423958498895
20260739,sat_01,82.0,0.03756461201875471,1.3504592645059104,2.9281123419334287,nan
20260739,sat_01,84.0,0.038994932675781226,1.348710194589961,5.80242672705406,nan
20260739,sat_01,86.0,0.04154417566417084,1.4208733376491336,0.22318134217827826,nan
20260739,sat_01,88.0,0.043864922666836136,1.4727323160377093,2.4594957554536583,nan
20260739,sat_01,90.0,0.023192369953433618,0.598490413810728,1.604471067754763,2.0083904532668235
20260739,sat_01,92.0,0.02246964444392172,0.5230978978267778,1.345350589353615,nan
20260739,sat_01,94.0,0.02469974777395665,0.5891547671097067,3.727072392482257,nan
20260739,sat_01,96.0,0.02776288631060057,0.6946599598661511,1.0618198518306814,nan
20260739,sat_01,98.0,0.03206459609865553,0.8659712742496598,2.345079409703521,nan
20260739,sat_01,100.0,0.036678494432360834,1.5988751517718975,1.129655507565007,1.1705827860414275
20260739,sat_01,102.0,0.03791368762528191,1.598124585673837,1.1193046190266513,nan
20260739,sat_01,104.0,0.03520770364567775,1.2903435886421133,6.612164825585558,nan
20260739,sat_01,106.0,0.03852207098916681,1.4478690736543096,6.4478479271595655,nan
20260739,sat_01,108.0,0.03608519728074379,1.1923121024107508,3.813313287352436,nan
20260739,sat_01,110.0,0.023837564148127235,0.7162226241371463,3.8149794232199126,1.448197859320689
20260739,sat_01,112.0,0.028410597269632076,0.955215699083698,4.371064488344395,nan
20260739,sat_01,114.0,0.028037198659960655,0.8740944783263136,3.3891417756004203,nan
20260739,sat_01,116.0,0.0274872717644042,0.7901498274886415,3.267173987951372,nan
20260739,sat_01,118.0,0.028163369002617306,0.7810426517265562,4.663529610860778,nan
20260739,sat_01,120.0,0.02278398374704599,0.6894940902015243,0.41828116979211244,0.24278055529856601
20260739,sat_02,0.0,0.05280440053050289,1.1181101128768922,0.043941095959007914,1.4832847183598177
20260739,sat_02,2.0,0.049248381404807466,0.9346596548599545,10.054654635986267,nan
20260739,sat_02,4.0,0.048292219719178936,0.8072106025782858,1.2400450227696056,nan
20260739,sat_02,6.0,0.04820760361960859,0.6890458087163475,5.550309760632856,nan
20260739,sat_02,8.0,0.043274902626549754,0.46296161500905697,3.4200580608418703,nan
20260739,sat_02,10.0,0.04626889855094497,1.292687698510452,5.690047118365408,0.29927724359539887
20260739,sat_02,12.0,0.043996884392472166,0.9464652553908128,5.702650953061194,nan
20260739,sat_02,14.0,0.04238184971787596,0.7007630328902642,1.6229069958509246,nan
20260739,sat_02,16.0,0.04367408230268113,0.5942199607756671,1.4080431889973648,nan
20260739,sat_02,18.0,0.045669057073877875,0.5233459427390775,1.252381448490039,nan
20260739,sat_02,20.0,0.057468356520033174,1.9963240336817742,0.37135545973867057,0.8956068650019142
20260739,sat_02,22.0,0.061237447795470405,1.8597406385438942,0.7751130563171995,nan
20260739,sat_02,24.0,0.06445923271050517,1.6992993484248395,3.8774553233572986,nan
20260739,sat_02,26.0,0.06950623224539565,1.6429959279886375,0.8226741403796527,nan
20260739,sat_02,28.0,0.07179878698696096,1.4718842073289973,3.088223856644289,nan
20260739,sat_02,30.0,0.048309349947187205,1.4984401025321012,1.3207218056936751,5.710682476982595
20260739,sat_02,32.0,0.057160249325019646,1.7901411670682315,7.815908013250658,nan
20260739,sat_02,34.0,0.06265147370785161,1.8449264776394014,5.951002346813211,nan
20260739,sat_02,36.0,0.07008572012466094,1.9929624212401493,0.5750576345120084,nan
20260739,sat_02,38.0,0.07744719046218203,2.114638527967701,0.21136401235426294,nan
20260739,sat_02,40.0,0.02457720372197996,0.4279734463179658,2.5817431344014126,3.1534863179029515
20260739,sat_02,42.0,0.02876319513802432,0.5150002714686216,2.046484079853413,nan
20260739,sat_02,44.0,0.030828554128717066,0.5217638890153715,6.579120202287587,nan
20260739,sat_02,46.0,0.03416547590602653,0.567630402697892,0.10734127893023532,nan
20260739,sat_02,48.0,0.035617821620983835,0.5489046865646444,5.879925811052768,nan
20260739,sat_02,50.0,0.05265534203979585,2.1817468459198244,4.524314862245107,6.032189655438198
20260739,sat_02,52.0,0.05508297882871194,2.1402279076320205,0.7884916933249962,nan
20260739,sat_02,54.0,0.059979795163034005,2.2810470432181273,8.14977830072943,nan
20260739,sat_02,56.0,0.06387036127560151,2.3322340959757453,0.8983154678107899,nan
20260739,sat_02,58.0,0.06822537339091472,2.407326248608233,1.6174949832944485,nan
20260739,sat_02,60.0,0.012021220747271978,0.12561801031756578,11.161690785115178,3.1627765442568423
20260739,sat_02,62.0,0.010031364401974763,0.07952489020458121,2.7015255072045545,nan
20260739,sat_02,64.0,0.007982630917789708,0.045875714480979206,1.6866027479261063,nan
20260739,sat_02,66.0,0.008951556394512776,0.052667101774021265,0.48148347023362814,nan
20260739,sat_02,68.0,0.009220009406632007,0.051139212507339646,4.085329763501495,nan
20260739,sat_02,70.0,0.01690335453298303,0.2720403341301201,0.3599490799687691,0.6823993565411431
20260739,sat_02,72.0,0.015457646738324362,0.20895482565823656,2.8467147371006587,nan
20260739,sat_02,74.0,0.014831369496220858,0.1769712587659533,1.346809191274507,nan
20260739,sat_02,76.0,0.012318465000421722,0.11251340648287787,1.460063329769625,nan
20260739,sat_02,78.0,0.00973517458583152,0.06489223864548055,1.3349567413760277,nan
20260739,sat_02,80.0,0.04622972849984802,2.2092699118770014,1.2890303988283787,2.17249021911677
20260739,sat_02,82.0,0.046299358942218614,2.0511659170563443,0.4061668599200935,nan
20260739,sat_02,84.0,0.044986965426623234,1.794795906779657,3.091838698654698,nan
20260739,sat_02,86.0,0.04572695816201163,1.7210907729148917,3.0162120123687624,nan
20260739,sat_02,88.0,0.04830446150644836,1.7855526241716198,0.9654872042006459,nan
20260739,sat_02,90.0,0.044162701673490116,2.1697557724900984,2.6191408972332924,2.3751225372408564
20260739,sat_02,92.0,0.04024521451112677,1.677769474436802,4.609809900616912,nan
20260739,sat_02,94.0,0.03819309454417137,1.4083625394344308,0.8349689996098076,nan
20260739,sat_02,96.0,0.038439017889369306,1.3312933851657358,0.685824124518776,nan
20260739,sat_02,98.0,0.0383879669535033,1.2408561033253596,0.8277602768033854,nan
20260739,sat_02,100.0,0.03480263305331369,1.4390851091921,4.151291023285678,0.04479930610379378
20260739,sat_02,102.0,0.03411149767558281,1.2932166136288032,2.012421719124579,nan
20260739,sat_02,104.0,0.03417334809556592,1.215171569165185,2.4489820619920892,nan
20260739,sat_02,106.0,0.03487570796198419,1.1862350414640757,1.5258861926700196,nan
20260739,sat_02,108.0,0.04050588192181979,1.501621271837063,5.46783658193663,nan
20260739,sat_02,110.0,0.03231577296792047,1.3162608909846076,3.4196401151992273,5.589416747677116
20260739,sat_02,112.0,0.032136505594121165,1.2221810473099763,2.062576418073046,nan
20260739,sat_02,114.0,0.02960371769875449,0.9745313976379609,4.226146801990077,nan
20260739,sat_02,116.0,0.029346972885878918,0.900756710088079,0.31314375285064655,nan
20260739,sat_02,118.0,0.028937565346049996,0.8245985657301037,3.592824639349916,nan
20260739,sat_02,120.0,0.034392383715256096,1.5710858872136533,8.289654389715714,0.7492527281444386
20260739,sat_03,0.0,0.04805366449935298,0.9259709699521272,0.0073804637578357545,1.3111523026636207
20260739,sat_03,2.0,0.047849560838481874,0.8823185865020502,1.8621709531287536,nan
20260739,sat_03,4.0,0.050499427746579874,0.882683808444382,2.1092202635822694,nan
20260739,sat_03,6.0,0.05457147232576537,0.8829718013670682,3.0795071572254527,nan
20260739,sat_03,8.0,0.056369245782241804,0.7855191592722358,1.0366089513046255,nan
20260739,sat_03,10.0,0.029050957728334596,0.5096140028373171,2.3434006812675214,1.393322784746027
20260739,sat_03,12.0,0.03302955384704445,0.5334055288517112,4.7603905104317725,nan
20260739,sat_03,14.0,0.03843128464873359,0.5761706874479792,5.377201071593028,nan
20260739,sat_03,16.0,0.040341229908741165,0.5069249338000427,4.095866450120414,nan
20260739,sat_03,18.0,0.04699114282965957,0.5539652104065943,3.3963111007369435,nan
20260739,sat_03,20.0,0.06139360484442896,2.2785708111795144,2.1834454867783313,3.3557867155625574
20260739,sat_03,22.0,0.06860080796297813,2.3343317681941276,2.293737360273978,nan
20260739,sat_03,24.0,0.07884998852069283,2.5435062875860424,10.661141304527682,nan
20260739,sat_03,26.0,0.08768717238319278,2.6159143727397094,0.35191775298501426,nan
20260739,sat_03,28.0,0.09353593471572487,2.4990868420536354,5.188625881302833,nan
20260739,sat_03,30.0,0.03278239878217987,0.6900186293040534,2.0002448487803997,2.6549662579000235
20260739,sat_03,32.0,0.034206295494668,0.6410936425840887,5.148838352640584,nan
20260739,sat_03,34.0,0.03578854348562862,0.602038403270019,4.978981079706644,nan
20260739,sat_03,36.0,0.0385145170380054,0.6019037666376091,3.13256589623857,nan
20260739,sat_03,38.0,0.04013966998106327,0.568114141172372,1.5285835672873787,nan
20260739,sat_03,40.0,0.06100934349219968,2.6369115264384266,2.1366749309876694,1.193008414052361
20260739,sat_03,42.0,0.06309227923128738,2.4775111508232324,1.4660725614719732,nan
20260739,sat_03,44.0,0.06640910114701085,2.4207761135458545,2.1483180742650756,nan
20260739,sat_03,46.0,0.0676883152992726,2.2276451849165406,2.0263214119406188,nan
20260739,sat_03,48.0,0.07159259743247236,2.2172998907616486,4.462004476974625,nan
20260739,sat_03,50.0,0.07275276003411087,4.1637464604177,3.076563238381586,2.3535689564546867
20260739,sat_03,52.0,0.0768697157439389,4.166477128114453,1.912500340364004,nan
20260739,sat_03,54.0,0.08109064159238276,4.167479403215763,0.6705856372043832,nan
20260739,sat_03,56.0,0.08660765969108923,4.286158258291947,0.7610327114556514,nan
20260739,sat_03,58.0,0.09249419323332855,4.422134803117492,0.7159168508698394,nan
20260739,sat_03,60.0,0.06023820770658417,3.154610680336233,0.5602521176157199,3.721825104950289
20260739,sat_03,62.0,0.062119092887569866,3.0499123023033454,2.49157827656782,nan
20260739,sat_03,64.0,0.06490209923977452,3.033029698123301,0.14050274292498477,nan
20260739,sat_03,66.0,0.06574792310813084,2.842229698575604,1.6417903509489142,nan
20260739,sat_03,68.0,0.06668387529076646,2.6763835880122846,1.4644936408667903,nan
20260739,sat_03,70.0,0.02940865081558972,0.8235715296911145,0.6398103163675513,2.6869446953193097
20260739,sat_03,72.0,0.03278602099405556,0.9402138046195219,2.5786153815781923,nan
20260739,sat_03,74.0,0.03389170995855909,0.9243159279028278,2.9224193570481702,nan
20260739,sat_03,76.0,0.035799087296593535,0.9505160109451045,2.814211085157299,nan
20260739,sat_03,78.0,0.033246378793196245,0.7570432768460296,5.848230668716837,nan
20260739,sat_03,80.0,0.019281164040761842,0.3843009759041144,1.8094346357482713,1.369756472123968
20260739,sat_03,82.0,0.018297455825619195,0.3203606051934352,2.4889995876133946,nan
20260739,sat_03,84.0,0.01880289434541083,0.31351804461973665,6.88932222858251,nan
20260739,sat_03,86.0,0.02060904200860525,0.3495774530958716,1.1815597652326573,nan
20260739,sat_03,88.0,0.02356864019238841,0.42505558030373075,4.228733095652107,nan
20260739,sat_03,90.0,0.03826760970550451,1.629525714042726,0.25469638442490466,2.5542777755730075
20260739,sat_03,92.0,0.03655848420571565,1.3848158195689355,3.103991011101028,nan
20260739,sat_03,94.0,0.03730719688483866,1.3441414276586787,1.4601331685999397,nan
20260739,sat_03,96.0,0.03789774651568324,1.2944302599891642,1.1907314176897636,nan
20260739,sat_03,98.0,0.04296504466813818,1.554862003973366,3.843404402821739,nan
20260739,sat_03,100.0,0.042400667782439914,2.1363958108081875,1.3692117621868305,1.255339400902597
20260739,sat_03,102.0,0.04251714440552294,2.0094495407194395,2.1958910754496754,nan
20260739,sat_03,104.0,0.042345688466789363,1.8662001253127973,0.4940993678810282,nan
20260739,sat_03,106.0,0.0448020532504418,1.9579316562684486,0.9603034965688728,nan
20260739,sat_03,108.0,0.0452520353843758,1.8745099348333083,1.0317978913611456,nan
20260739,sat_03,110.0,0.040127433404764684,2.0295184482464155,0.3154361750850416,1.8413736549338915
20260739,sat_03,112.0,0.041173615644724985,2.006193832634175,1.0694470209430247,nan
20260739,sat_03,114.0,0.04715275774288615,2.4723020125015074,5.228830076714085,nan
20260739,sat_03,116.0,0.049735855072657674,2.5870311681166926,1.9913420589453528,nan
20260739,sat_03,118.0,0.05028184842773782,2.489698776092267,1.9260589394412984,nan
20260739,sat_03,120.0,0.041663435730836786,2.30514373540384,2.483842698887309,7.9353858043849
20260740,sat_01,0.0,0.07537928150373556,2.2784961393409264,0.02183627846774389,1.3350655030942176
20260740,sat_01,2.0,0.07831983425848917,2.3638161023376156,0.9617402651133733,nan
20260740,sat_01,4.0,0.07924754168430062,2.1737332092223234,2.7833425733190587,nan
20260740,sat_01,6.0,0.08121331130450064,1.9555790804973852,1.7526967416887835,nan
20260740,sat_01,8.0,0.08572315523546932,1.8166693255504693,2.511026645563425,nan
20260740,sat_01,10.0,0.01861079993682457,0.2091448662051924,1.1795661478538209,1.76424104054182
20260740,sat_01,12.0,0.015790203171603977,0.12191048898422432,7.379529999857346,nan
20260740,sat_01,14.0,0.016621267464847555,0.10778312692409353,0.20839747104865575,nan
20260740,sat_01,16.0,0.016362304717438013,0.08340412859917473,3.621292209202229,nan
20260740,sat_01,18.0,0.020886295319013513,0.10945439526168621,3.6664809181132796,nan
20260740,sat_01,20.0,0.0699215708585284,2.955364215882578,0.8101549727838071,0.9966719322388453
20260740,sat_01,22.0,0.07779548117998253,3.0016025365815184,0.1710198527631405,nan
20260740,sat_01,24.0,0.0860114944028809,3.025868043339573,4.177644483527019,nan
20260740,sat_01,26.0,0.09240532675691158,2.904176918705054,1.9636363343193561,nan
20260740,sat_01,28.0,0.09984661577779277,2.846730776991716,0.4674523179101918,nan
20260740,sat_01,30.0,0.021447592315837965,0.2953832882075916,2.5474829991063164,2.9666008255663443
20260740,sat_01,32.0,0.021968724310848994,0.2644717198644811,1.3309342314466797,nan
20260740,sat_01,34.0,0.021163875722325053,0.210570957954404,1.7217524110432618,nan
20260740,sat_01,36.0,0.021757637988559758,0.1921205345310317,0.6565010645821452,nan
20260740,sat_01,38.0,0.020501424306234348,0.14821743508859317,1.936489453742475,nan
20260740,sat_01,40.0,0.06036862205047462,2.5822745929063395,9.515653349227035,1.2259486770334098
20260740,sat_01,42.0,0.06521302595377096,2.647456535077351,2.435750265795491,nan
20260740,sat_01,44.0,0.06927833436862091,2.6351201770349153,1.222461392715119,nan
20260740,sat_01,46.0,0.0708819068066648,2.4434292178995176,3.8139489160972975,nan
20260740,sat_01,48.0,0.0723111640646241,2.262673524824466,6.724685880432334,nan
20260740,sat_01,50.0,0.0374961629675186,1.1060432051826594,5.579400421530187,9.029066811591875
20260740,sat_01,52.0,0.040216577915221145,1.1404802014685924,2.4216694024849623,nan
20260740,sat_01,54.0,0.04272181667731667,1.1568063897128127,0.7728724383556517,nan
20260740,sat_01,56.0,0.045060331751879706,1.160309217571313,5.290578223222141,nan
20260740,sat_01,58.0,0.0474654017159189,1.1646849510557737,1.7988511554627238,nan
20260740,sat_01,60.0,0.046736492703263695,1.8988390018497927,3.509615104431135,0.1359517151072813
20260740,sat_01,62.0,0.05026456469426941,1.996824005276612,0.23620140399037018,nan
20260740,sat_01,64.0,0.049930952392117256,1.7950342969016857,5.1329088494405175,nan
20260740,sat_01,66.0,0.0532622984866804,1.8650823225128603,1.4542566932174474,nan
20260740,sat_01,68.0,0.05250629805779251,1.6592007787043452,2.534617669458368,nan
20260740,sat_01,70.0,0.03390192616488849,1.094257441470622,0.9584611667375329,2.7932793175848536
20260740,sat_01,72.0,0.03595177686474265,1.1302909030223414,3.5312943924743783,nan
20260740,sat_01,74.0,0.036366673129159144,1.063964015774712,1.5777211241051698,nan
20260740,sat_01,76.0,0.03591527692661775,0.9564137180220531,1.3772216038006808,nan
20260740,sat_01,78.0,0.03701452200155957,0.9380657207415267,3.5603871655719974,nan
20260740,sat_01,80.0,0.013002431774025325,0.17478044931094744,2.6117862485040457,1.4505517667178984
20260740,sat_01,82.0,0.010832535353525071,0.11229088726687451,2.819067069602554,nan
20260740,sat_01,84.0,0.008400373621110053,0.06258314232261565,1.9033342996214366,nan
20260740,sat_01,86.0,0.008331235934417373,0.05712370759428882,2.403288913363398,nan
20260740,sat_01,88.0,0.01048787585255027,0.08415563079968683,1.2143382881951372,nan
20260740,sat_01,90.0,0.04186857254361015,1.9509318220615275,0.6384336385557496,2.6865293093624496
20260740,sat_01,92.0,0.043519345968151546,1.96268421197574,0.776584039659528,nan
20260740,sat_01,94.0,0.04533823686339249,1.9855217238623726,0.8801639697444308,nan
20260740,sat_01,96.0,0.04561877212190825,1.8759692938248707,1.0584219378514002,nan
20260740,sat_01,98.0,0.04416587161468389,1.643328520650366,1.8550623383438984,nan
20260740,sat_01,100.0,0.03461832973555097,1.4240310294292378,0.3670832792094714,3.840096960153208
20260740,sat_01,102.0,0.03571609602466121,1.4179141348173816,0.6005384656570506,nan
20260740,sat_01,104.0,0.03516565973660742,1.2868748423742649,1.4661249814310808,nan
20260740,sat_01,106.0,0.03788228325206207,1.3996926217501036,1.3579791945692112,nan
20260740,sat_01,108.0,0.03717578473876717,1.2649504361310948,2.3659923506667617,nan
20260740,sat_01,110.0,0.02101316345660358,0.5563966835248018,4.995097497860031,4.453515585539909
20260740,sat_01,112.0,0.023534726752275,0.6552769270596874,5.021382398497034,nan
20260740,sat_01,114.0,0.02204301262228764,0.5401305496017428,1.97103665952399,nan
20260740,sat_01,116.0,0.028800047461262964,0.8671863592617124,7.941835699433119,nan
20260740,sat_01,118.0,0.03280404997035753,1.0593850578412163,4.189527210363752,nan
20260740,sat_01,120.0,0.016319683942604385,0.35365291915508024,3.0158602875871643,1.327164803591426
20260740,sat_02,0.0,0.07027216400686968,1.9802087427470334,0.023907072380103,1.3799653889892536
20260740,sat_02,2.0,0.06823288294553109,1.7941349769225527,2.2889142544053103,nan
20260740,sat_02,4.0,0.06374096133784357,1.406254306320718,0.7371090322492708,nan
20260740,sat_02,6.0,0.05884070012031094,1.0265072225085214,0.3092983725176984,nan
20260740,sat_02,8.0,0.0577705925369198,0.8250335374906455,1.2474790116152354,nan
20260740,sat_02,10.0,0.045018066427411095,1.2237217073089104,5.197178118318628,0.43302670440570973
20260740,sat_02,12.0,0.046019059983486814,1.0354968740490116,0.5872942311344311,nan
20260740,sat_02,14.0,0.04783701850707822,0.8928271463498434,1.9246038328316755,nan
20260740,sat_02,16.0,0.05001308767937361,0.7792862181042632,1.9057169448160014,nan
20260740,sat_02,18.0,0.05233588153516877,0.6873077960209253,6.324428542963495,nan
20260740,sat_02,20.0,0.09334942492742773,5.2675823855930695,3.309469993210266,6.305369771549003
20260740,sat_02,22.0,0.10273137875662292,5.234225058921975,1.3482285002784948,nan
20260740,sat_02,24.0,0.11311530618030496,5.2334365979438475,4.306833122751974,nan
20260740,sat_02,26.0,0.12354563696295541,5.191588493158573,0.5728488437204955,nan
20260740,sat_02,28.0,0.13429592633671816,5.15012188990352,17.706646106593666,nan
20260740,sat_02,30.0,0.06396355589961772,2.627566675606823,2.9698964767967055,8.816225170360475
20260740,sat_02,32.0,0.06679359879451699,2.4453320494525688,3.680046175194858,nan
20260740,sat_02,34.0,0.06855325204483112,2.210003305933848,4.433004494458668,nan
20260740,sat_02,36.0,0.07202862488575887,2.106328810385371,3.980714946042774,nan
20260740,sat_02,38.0,0.07389256045440683,1.9263871130996697,1.4428991262571986,nan
20260740,sat_02,40.0,0.021094785165731014,0.31523740669943096,3.1987601115302247,2.9101869898696977
20260740,sat_02,42.0,0.01934411206910835,0.23289546623276067,5.483171320262745,nan
20260740,sat_02,44.0,0.019693104157566817,0.21289188942017764,0.20753300464147884,nan
20260740,sat_02,46.0,0.02130285931972471,0.22067500817490576,0.6623494001802476,nan
20260740,sat_02,48.0,0.02339593358055788,0.236855962856643,1.2686391408350195,nan
20260740,sat_02,50.0,0.04799934575603959,1.8128226734845978,1.959291108088843,0.44719886311928925
20260740,sat_02,52.0,0.04952318509180688,1.729814250570242,2.936511174624957,nan
20260740,sat_02,54.0,0.053649217650763234,1.824772667345348,3.382003181917247,nan
20260740,sat_02,56.0,0.057569266825508704,1.8945738881755574,2.6998131079251695,nan
20260740,sat_02,58.0,0.06185408227389901,1.9785628067163856,3.2508810352719424,nan
20260740,sat_02,60.0,0.0646793826332185,3.636626893606363,1.6528433254358024,1.0247315456624506
20260740,sat_02,62.0,0.06647691954251993,3.492675262549964,16.02605312334324,nan
20260740,sat_02,64.0,0.06872526363404236,3.4006541378923307,4.6322387136466014,nan
20260740,sat_02,66.0,0.07208429092735105,3.416207973594243,3.0685770607530487,nan
20260740,sat_02,68.0,0.07577256078681459,3.4554316799633438,0.6073219312898834,nan
20260740,sat_02,70.0,0.05332754020027579,2.7082567409653553,0.09418054898358734,1.838353752442029
20260740,sat_02,72.0,0.05423023218276223,2.5726302454194547,0.8956359813903282,nan
20260740,sat_02,74.0,0.05780790202717596,2.6893877223029317,1.2942674770184852,nan
20260740,sat_02,76.0,0.062449906129630646,2.8928297309095674,3.099473327842608,nan
20260740,sat_02,78.0,0.0629368212648119,2.713334842020213,1.3280425315722917,nan
20260740,sat_02,80.0,0.06732088549938124,4.685456569380804,1.5119331721110187,0.38295195494661527
20260740,sat_02,82.0,0.07154258953826184,4.898229653186345,2.098047251793376,nan
20260740,sat_02,84.0,0.07512477210214988,5.00566871066055,10.38215917055555,nan
20260740,sat_02,86.0,0.07940198608103612,5.190220019111004,1.235849029272687,nan
20260740,sat_02,88.0,0.08283302946053996,5.251290520766679,1.1984920862535589,nan
20260740,sat_02,90.0,0.046447312961146035,2.4008031672726866,3.4933342835606584,3.125683197004608
20260740,sat_02,92.0,0.04732165325235365,2.3204240499026527,2.488355567285024,nan
20260740,sat_02,94.0,0.04697194031120413,2.130946854629643,2.0047049412739053,nan
20260740,sat_02,96.0,0.04832766658509895,2.1051910175293003,0.40174981054143577,nan
20260740,sat_02,98.0,0.047072323887314124,1.86651560652438,1.9570057820531743,nan
20260740,sat_02,100.0,0.05703959716560231,3.866447129071605,1.4296527201351146,0.9585322189655251
20260740,sat_02,102.0,0.05619550090645182,3.510647943336037,0.6081782513074031,nan
20260740,sat_02,104.0,0.05799550246173139,3.5007085880427065,3.3012532412872004,nan
20260740,sat_02,106.0,0.06275573257956185,3.841870336287713,4.427218626724492,nan
20260740,sat_02,108.0,0.06553797755646318,3.9321310122446453,0.7197876242025996,nan
20260740,sat_02,110.0,0.04632629966866912,2.704432940436705,2.0045723849438293,1.5304904980275773
20260740,sat_02,112.0,0.04594541470956186,2.4976200274557785,2.3954103734891428,nan
20260740,sat_02,114.0,0.05157709294512628,2.957376016790136,6.720902763326082,nan
20260740,sat_02,116.0,0.052560971172731626,2.888583311988282,1.5256656844942402,nan
20260740,sat_02,118.0,0.04829354267212318,2.2960931439016865,4.849172330063863,nan
20260740,sat_02,120.0,0.03240971135419054,1.3951970970565286,0.5351815605498786,2.460094768520415
20260740,sat_03,0.0,0.060365394484953656,1.4612361868755803,0.02143598298542581,1.2474401129608634
20260740,sat_03,2.0,0.06202890436774576,1.4827119493163736,1.0454704140873912,nan
20260740,sat_03,4.0,0.06582915190004769,1.4999136851980235,2.245391197390769,nan
20260740,sat_03,6.0,0.07266381928119757,1.565484196184388,2.762480978986887,nan
20260740,sat_03,8.0,0.07233236787583458,1.2934018904409235,2.0142065504137445,nan
20260740,sat_03,10.0,0.060559315422924004,2.2145045158036845,2.86154897482405,3.9040520818708235
20260740,sat_03,12.0,0.06843367898553264,2.289820306512618,3.1524097915251086,nan
20260740,sat_03,14.0,0.07368823789205635,2.1183704938019416,1.134422267857181,nan
20260740,sat_03,16.0,0.07955807966507374,1.9717396077434637,2.7411718226111277,nan
20260740,sat_03,18.0,0.08131674973884359,1.6590650556546727,9.508953891753713,nan
20260740,sat_03,20.0,0.11018740147457537,7.339021467706438,1.536925745297957,2.9894948073262673
20260740,sat_03,22.0,0.12028665143596502,7.175611982360154,1.9164872052062494,nan
20260740,sat_03,24.0,0.13216978522347408,7.144580374970942,4.522462689491298,nan
20260740,sat_03,26.0,0.14317540359752257,6.971694030916925,5.700347162776055,nan
20260740,sat_03,28.0,0.1544391686504877,6.81025023306445,2.1261799791509617,nan
20260740,sat_03,30.0,0.11590015138043892,8.624922131028653,5.099180202041996,1.5178463992146076
20260740,sat_03,32.0,0.12222676383423241,8.185540897817717,0.4138887023659057,nan
20260740,sat_03,34.0,0.12990527479345637,7.9322157804336655,1.6185238108796076,nan
20260740,sat_03,36.0,0.1374545472225045,7.666371156219701,0.8124460141002711,nan
20260740,sat_03,38.0,0.14274183130706977,7.18398152116537,2.3957169138537258,nan
20260740,sat_03,40.0,0.09437946665679998,6.310549736780952,0.7276898191185018,3.2588964793733246
20260740,sat_03,42.0,0.09733107890997843,5.896339754225549,0.672384603367502,nan
20260740,sat_03,44.0,0.09994270091998377,5.483087420818804,0.895752679259335,nan
20260740,sat_03,46.0,0.10607737898056926,5.471293830823205,3.905470058612167,nan
20260740,sat_03,48.0,0.111822113799958,5.409924184477288,1.915676343288404,nan
20260740,sat_03,50.0,0.07410761626496483,4.321236666366833,4.021147427779762,7.2554769463641895
20260740,sat_03,52.0,0.07641352362508061,4.118270742000263,0.8767722882468827,nan
20260740,sat_03,54.0,0.08212212256326078,4.275521433654459,5.845498659319744,nan
20260740,sat_03,56.0,0.0840149918372514,4.034833462857908,5.759866557938716,nan
20260740,sat_03,58.0,0.08686285678667782,3.9016153830657863,0.28491541669034676,nan
20260740,sat_03,60.0,0.021820323700930247,0.4139335878994141,1.332421650550971,4.855699336246702
20260740,sat_03,62.0,0.023748451641704218,0.44578410541372643,2.8593545629735093,nan
20260740,sat_03,64.0,0.025426729012680557,0.4655349564761666,1.2487433777704704,nan
20260740,sat_03,66.0,0.026438143265369533,0.459572151550784,0.3151539073722283,nan
20260740,sat_03,68.0,0.027647793907828018,0.4600519447464973,1.440544254586007,nan
20260740,sat_03,70.0,0.0232468783713307,0.5145447805629039,3.215109326127352,1.2243651574624321
20260740,sat_03,72.0,0.02589136425633097,0.586249474521592,1.2410598499056398,nan
20260740,sat_03,74.0,0.027476424973405522,0.6073662829947759,1.6313297651382697,nan
20260740,sat_03,76.0,0.027905734880051533,0.5773740781909833,5.062498650855167,nan
20260740,sat_03,78.0,0.03104997695842601,0.6600858670743037,2.90121835064547,nan
20260740,sat_03,80.0,0.03060014006746835,0.9679729025829873,2.2358908938490463,1.748047603831902
20260740,sat_03,82.0,0.03293132658829583,1.0376927015549071,0.3329675250723227,nan
20260740,sat_03,84.0,0.03775456718122979,1.2640988356586196,6.13881054805672,nan
20260740,sat_03,86.0,0.039172348544510634,1.262967883394533,5.561170794931023,nan
20260740,sat_03,88.0,0.04033185348923128,1.2446487649902866,2.2701221865880497,nan
20260740,sat_03,90.0,0.07677465699111434,6.557789190906242,1.5860389859104185,2.4953963359675946
20260740,sat_03,92.0,0.08318705442081104,7.168752192563278,5.4451433385680215,nan
20260740,sat_03,94.0,0.08639802129134715,7.207542100578382,1.2312349696226927,nan
20260740,sat_03,96.0,0.09145383147357013,7.536485204667409,2.9337648964188308,nan
20260740,sat_03,98.0,0.0959809685626948,7.757761302801619,0.106330772280486,nan
20260740,sat_03,100.0,0.07942418730353211,7.495082446759731,0.6299628408657912,1.6217250679992892
20260740,sat_03,102.0,0.08235581865575485,7.538370269291995,4.305845119388196,nan
20260740,sat_03,104.0,0.08457455287670519,7.443174195052906,1.0932145718643396,nan
20260740,sat_03,106.0,0.08699987278906372,7.382118133390578,3.305430912174948,nan
20260740,sat_03,108.0,0.08960583289795311,7.348801167659291,0.5628409351417056,nan
20260740,sat_03,110.0,0.08734517136602878,9.613654328804285,2.25404502332795,4.87815858458288
20260740,sat_03,112.0,0.0896140823242994,9.501190374727097,2.5508312490851783,nan
20260740,sat_03,114.0,0.09345434506548332,9.708824634279711,0.7693213556699691,nan
20260740,sat_03,116.0,0.09047943103582279,8.559172857112774,7.251870251917696,nan
20260740,sat_03,118.0,0.09659900835148141,9.185908351309898,3.0299153717655773,nan
20260740,sat_03,120.0,0.06448230482281223,5.52205227753144,2.845482057281017,4.57217980440059
20260741,sat_01,0.0,0.026177236870287633,0.2747843347255185,0.023728933429085292,1.378149617124829
20260741,sat_01,2.0,0.02664648844131496,0.27361936390263497,1.721417548593051,nan
20260741,sat_01,4.0,0.02110069517096536,0.15410588677292733,5.608881762280372,nan
20260741,sat_01,6.0,0.016418713120942157,0.07992555792849065,3.6617172662782025,nan
20260741,sat_01,8.0,0.0176068600501342,0.07663624228882782,0.4402614236818442,nan
20260741,sat_01,10.0,0.050039444810142254,1.5119572531505807,4.55310560623406,0.7918920947578532
20260741,sat_01,12.0,0.05519548488229725,1.4896001448603364,0.20928295512930065,nan
20260741,sat_01,14.0,0.06184879655628356,1.4923425327099542,0.43501012010418894,nan
20260741,sat_01,16.0,0.06892184045244826,1.4797621304569384,0.23441541122717313,nan
20260741,sat_01,18.0,0.07687776012855163,1.4828612396800995,2.5906046076053446,nan
20260741,sat_01,20.0,0.02145304510281309,0.27823292195297755,3.6649226131559836,2.830135513932993
20260741,sat_01,22.0,0.025818984743351946,0.3306883406434527,1.6446602701114874,nan
20260741,sat_01,24.0,0.02986065723643053,0.3648242716237175,1.183963517339588,nan
20260741,sat_01,26.0,0.03435227011580981,0.40154949112364074,0.7958880351019975,nan
20260741,sat_01,28.0,0.03929154776784981,0.44106944904193524,3.077718713485223,nan
20260741,sat_01,30.0,0.03647587043324755,0.8545414256215829,3.0455019301952833,0.07858160069342872
20260741,sat_01,32.0,0.03955908290890638,0.8578416848682435,0.34348338268046485,nan
20260741,sat_01,34.0,0.04204328667787797,0.8313775358547155,7.0631918367663475,nan
20260741,sat_01,36.0,0.0455384515646465,0.8420667725940815,0.1266172315916261,nan
20260741,sat_01,38.0,0.051706256299657305,0.9434333544836934,4.392267353199408,nan
20260741,sat_01,40.0,0.057071293232237315,2.307802136276497,6.9666386945738985,1.0510972450617337
20260741,sat_01,42.0,0.0605296701083205,2.2807633073629248,0.7728927897958229,nan
20260741,sat_01,44.0,0.06513806822870842,2.3295015123622047,0.8704731409961344,nan
20260741,sat_01,46.0,0.06935998435698591,2.339570379338773,0.6262201112713094,nan
20260741,sat_01,48.0,0.07274778567762717,2.290001084777335,2.7297027102569333,nan
20260741,sat_01,50.0,0.07507343928607307,4.43440723797226,4.092142598933734,0.0035442538607011334
20260741,sat_01,52.0,0.07776984581930083,4.265491641985968,1.453788346726368,nan
20260741,sat_01,54.0,0.07916800321786802,3.9730965566605616,1.5409933866719059,nan
20260741,sat_01,56.0,0.08052480200448633,3.706104550718185,1.650069239079612,nan
20260741,sat_01,58.0,0.08467532579707741,3.7069318612123148,2.7315635863067453,nan
20260741,sat_01,60.0,0.059911892310445594,3.1201517581842575,0.9809541738132286,1.3727472905090898
20260741,sat_01,62.0,0.061605952223196356,2.9993106780225656,1.8219094938465605,nan
20260741,sat_01,64.0,0.0638586142371859,2.935802589440865,1.1598978383125327,nan
20260741,sat_01,66.0,0.06562722543971541,2.831148896526059,3.6780593623748574,nan
20260741,sat_01,68.0,0.06694397131757096,2.6966489066150574,1.148533583203327,nan
20260741,sat_01,70.0,0.029535226245138088,0.8308069761939733,0.7059210573502738,2.3507481461926494
20260741,sat_01,72.0,0.03129303062709393,0.8567044800004726,2.4574712232075946,nan
20260741,sat_01,74.0,0.03160512739845266,0.8039426261139955,2.2707389930651023,nan
20260741,sat_01,76.0,0.03218821594274166,0.768540007811632,2.567852415064665,nan
20260741,sat_01,78.0,0.0315973344773837,0.6838855407382913,1.1846062401084034,nan
20260741,sat_01,80.0,0.02307935579291048,0.5507611600821913,0.2982158860301411,0.1925444848234114
20260741,sat_01,82.0,0.022434729559804262,0.4817570766150506,3.0036204716242816,nan
20260741,sat_01,84.0,0.019915933346943165,0.3518695757722048,1.0445026181798527,nan
20260741,sat_01,86.0,0.023201416236715653,0.44323914099087197,4.839040663922747,nan
20260741,sat_01,88.0,0.02271676820723145,0.3950460432429047,0.8254590271611149,nan
20260741,sat_01,90.0,0.03250464342486704,1.1757958795672077,1.7862114094463526,0.8578983470054351
20260741,sat_01,92.0,0.03455423386798534,1.2372906271255588,1.4709407197348991,nan
20260741,sat_01,94.0,0.03551709879816086,1.2184394995760435,0.02964171327910211,nan
20260741,sat_01,96.0,0.04040588081729495,1.471670188377396,4.148333083099617,nan
20260741,sat_01,98.0,0.04312478233107079,1.5666424100251726,1.1793738640765443,nan
20260741,sat_01,100.0,0.03287701914849734,1.2845718169697433,3.176151736192542,0.5350321408961312
20260741,sat_01,102.0,0.03317421858739933,1.2234825571848784,1.1755617807246326,nan
20260741,sat_01,104.0,0.03267295668071792,1.1111167382888152,0.8102278608941518,nan
20260741,sat_01,106.0,0.0314725675432062,0.9662650483174632,3.6500991856221305,nan
20260741,sat_01,108.0,0.0332642420996534,1.0129508872805704,0.6663718506766658,nan
20260741,sat_01,110.0,0.035763139603104364,1.6116043843838002,4.888489218631136,0.8803135831046871
20260741,sat_01,112.0,0.035258615846403135,1.4707182224561897,4.33933007838627,nan
20260741,sat_01,114.0,0.035033976807409835,1.3643306943256315,0.6146678519327573,nan
20260741,sat_01,116.0,0.035936259379258574,1.3501072503713965,0.14246821445023267,nan
20260741,sat_01,118.0,0.03940482836175259,1.5284392684271177,2.7438758271833104,nan
20260741,sat_01,120.0,0.05011345380596602,3.33520342614977,3.2035254255093952,1.1339115298048683
20260741,sat_02,0.0,0.07244404686806243,2.1045038300520265,0.020344666515265532,1.417893075411944
20260741,sat_02,2.0,0.06707874135236266,1.733951510163503,1.1759090029497143,nan
20260741,sat_02,4.0,0.06314397329851042,1.3800301208198904,3.4587118683658757,nan
20260741,sat_02,6.0,0.06490836431600777,1.2491211511688027,3.2716992775997022,nan
20260741,sat_02,8.0,0.06036117185085139,0.9006812138620004,3.1546532861421994,nan
20260741,sat_02,10.0,0.07373878638264886,3.283294611481131,3.833482701152014,1.4636137383460235
20260741,sat_02,12.0,0.07254313962335572,2.573063730748805,2.2077744812260818,nan
20260741,sat_02,14.0,0.07260463812861007,2.0564855019015758,2.6311318153702548,nan
20260741,sat_02,16.0,0.07437175266641596,1.7229921529445162,2.812072690617307,nan
20260741,sat_02,18.0,0.07759674278375543,1.5106803286719859,2.2513524061373964,nan
20260741,sat_02,20.0,0.06268371240165607,2.375144915537912,0.48166716333579523,2.1452669834948837
20260741,sat_02,22.0,0.06522260097918303,2.1097166860587735,0.08643685071543224,nan
20260741,sat_02,24.0,0.06942321586657382,1.971138931142249,3.5393751352876026,nan
20260741,sat_02,26.0,0.07273951599982936,1.7993982800501813,1.0983341062075744,nan
20260741,sat_02,28.0,0.07663049874177334,1.6765989123119291,2.16267519841111,nan
20260741,sat_02,30.0,0.04702661790046717,1.4199519253485902,8.836548993100305,1.473677370309948
20260741,sat_02,32.0,0.054068669459672467,1.6018131080253155,4.185893175516125,nan
20260741,sat_02,34.0,0.059802294549321774,1.681109802212625,1.439257035087862,nan
20260741,sat_02,36.0,0.06534214060331808,1.7325478592980952,2.5188634700947796,nan
20260741,sat_02,38.0,0.07450495750578517,1.9573372586322657,5.6647330921235035,nan
20260741,sat_02,40.0,0.051615040374008304,1.8877763015907671,3.1158882494515305,2.1534130034256704
20260741,sat_02,42.0,0.05607279014162897,1.9574797874733205,1.3808921653928015,nan
20260741,sat_02,44.0,0.05965165313538098,1.95386139922195,2.4375118490892125,nan
20260741,sat_02,46.0,0.06393478806031569,1.9881900843152107,0.13667649495149442,nan
20260741,sat_02,48.0,0.06454277635615725,1.80293284443441,5.647281253376372,nan
20260741,sat_02,50.0,0.03629449197243247,1.03653168670276,1.0402358845349162,1.1772714319793471
20260741,sat_02,52.0,0.03682309167540897,0.9563916157222274,0.22242465107901682,nan
20260741,sat_02,54.0,0.03984880073625959,1.0067581951814546,2.327767827396055,nan
20260741,sat_02,56.0,0.041282398781693624,0.9742595797854248,0.5459330364690527,nan
20260741,sat_02,58.0,0.04201347833404775,0.9127923684518346,1.306445532957844,nan
20260741,sat_02,60.0,0.039428435673629615,1.351099733103777,0.9657366093915103,1.2485608276562374
20260741,sat_02,62.0,0.04018074566925523,1.2756066265126786,3.1862252329865095,nan
20260741,sat_02,64.0,0.041861930576235044,1.2612633894129037,3.750312236699846,nan
20260741,sat_02,66.0,0.044871557399506115,1.3231978332175802,3.952744093472724,nan
20260741,sat_02,68.0,0.043259062509842454,1.1257084632327867,2.709375344129521,nan
20260741,sat_02,70.0,0.023929233087814958,0.5452020494634144,4.72679044258939,3.798010329989546
20260741,sat_02,72.0,0.024278042139271972,0.5154787886443029,4.121625620327114,nan
20260741,sat_02,74.0,0.02678605110072891,0.5772472796758553,3.500441512799495,nan
20260741,sat_02,76.0,0.031101692943144223,0.7172390314986153,2.5286159337406184,nan
20260741,sat_02,78.0,0.03433675521225883,0.8072809282865496,0.33566129138313955,nan
20260741,sat_02,80.0,0.021235643902661586,0.46611001950029285,5.608820004180409,0.8639720705184071
20260741,sat_02,82.0,0.021988912032705112,0.4626034513924886,1.8336290330417502,nan
20260741,sat_02,84.0,0.02556798553775598,0.5796506571773232,1.3946952086424433,nan
20260741,sat_02,86.0,0.03121331165594661,0.8018360560147256,6.7196251047816125,nan
20260741,sat_02,88.0,0.031074090505989763,0.738819603539806,4.797718566723398,nan
20260741,sat_02,90.0,0.018803991028303758,0.39350345362042993,3.138144420510261,2.22499789527528
20260741,sat_02,92.0,0.021307452585121664,0.47047222659224963,0.7869094831008823,nan
20260741,sat_02,94.0,0.023133947617237947,0.5169374571644656,0.6357253733267049,nan
20260741,sat_02,96.0,0.027966270982138337,0.7050627059772414,4.075268880263898,nan
20260741,sat_02,98.0,0.030986466973107297,0.8089591843232806,2.481948413550731,nan
20260741,sat_02,100.0,0.06172300537302743,4.528140179346053,1.242815721857406,1.942455678667889
20260741,sat_02,102.0,0.06752599084395314,5.069848737931202,6.72632385953002,nan
20260741,sat_02,104.0,0.06809331672888519,4.826853103107534,3.066891000663084,nan
20260741,sat_02,106.0,0.07255772968006168,5.136746507107856,1.9846979445016646,nan
20260741,sat_02,108.0,0.07277200622784577,4.849146974514319,8.698612318229436,nan
20260741,sat_02,110.0,0.08007718562815802,8.082313243833006,1.454955200474912,1.4765063768973088
20260741,sat_02,112.0,0.07902876176934266,7.391216107071118,5.03400704070089,nan
20260741,sat_02,114.0,0.08009055599563354,7.1327868127697815,0.6885533617533084,nan
20260741,sat_02,116.0,0.08481270715142629,7.522913229065475,2.9721486367252177,nan
20260741,sat_02,118.0,0.08197138661316927,6.616748124552779,4.896609322355851,nan
20260741,sat_02,120.0,0.07793912474970356,8.068394457289884,5.303555260115553,1.0734418163006372
20260741,sat_03,0.0,0.11014530005476171,4.864925339139663,0.04282758645863549,1.3061564910739087
20260741,sat_03,2.0,0.11306833564150535,4.92665232891516,8.23665023346334,nan
20260741,sat_03,4.0,0.11801115164083445,4.8203627150418225,0.8399935445522159,nan
20260741,sat_03,6.0,0.12327487286433508,4.505762427088831,1.0941197927504263,nan
20260741,sat_03,8.0,0.1276730910604513,4.029722270124501,0.9050542758330611,nan
20260741,sat_03,10.0,0.09539002656238683,5.49443901353931,4.3971396331352,0.9399354184962979
20260741,sat_03,12.0,0.09796156280770557,4.692123209142748,2.3514343270897267,nan
20260741,sat_03,14.0,0.10099156299193913,3.9789455919281465,1.1728952911304935,nan
20260741,sat_03,16.0,0.10423377366782384,3.3844354294180143,2.1621145258827577,nan
20260741,sat_03,18.0,0.10411596809645877,2.719722755513986,3.8512881494756606,nan
20260741,sat_03,20.0,0.05641356281468802,1.9238158591860215,0.8177128518873938,8.099559372646617
20260741,sat_03,22.0,0.06836621105139744,2.3181966658507913,2.412185446115843,nan
20260741,sat_03,24.0,0.07663531282319518,2.402312814018476,12.29951135572584,nan
20260741,sat_03,26.0,0.0869896002437481,2.5740252603102087,2.974675028805967,nan
20260741,sat_03,28.0,0.09977765670782279,2.8431966942652656,1.2306304986612815,nan
20260741,sat_03,30.0,0.06869203253742438,3.030261693498952,0.8414273869722592,5.430139215643074
20260741,sat_03,32.0,0.07408359258982737,3.0078683268037016,4.708862646650823,nan
20260741,sat_03,34.0,0.07891220868043743,2.92783565267404,3.5991635670465607,nan
20260741,sat_03,36.0,0.08574726813171829,2.984231827414416,5.449039366214622,nan
20260741,sat_03,38.0,0.0935864764293149,3.089005307774226,5.113294781421594,nan
20260741,sat_03,40.0,0.07616869114194444,4.11107151678058,5.019475584490337,1.2462836745965236
20260741,sat_03,42.0,0.08152991806307394,4.138288567054239,0.4353748759052523,nan
20260741,sat_03,44.0,0.08616904408534509,4.077049856004823,1.434984740997972,nan
20260741,sat_03,46.0,0.09109291714389621,4.035938354454295,1.055386815906151,nan
20260741,sat_03,48.0,0.09826756344442683,4.179135062640522,2.082924701594417,nan
20260741,sat_03,50.0,0.06323196480104537,3.1463565302436898,8.723568702802107,2.151267637659778
20260741,sat_03,52.0,0.06922981860448771,3.3807732085228124,8.860357724508237,nan
20260741,sat_03,54.0,0.07408715845723145,3.480271419394243,2.4480268882424556,nan
20260741,sat_03,56.0,0.07786412772337506,3.4660283887961105,4.711552888048939,nan
20260741,sat_03,58.0,0.08243106260786512,3.5138709532000734,5.369972734097951,nan
20260741,sat_03,60.0,0.06573900713174251,3.757274962571307,3.0605302090579385,0.7448830202564592
20260741,sat_03,62.0,0.06473668753475599,3.312571056500188,12.415144232936214,nan
20260741,sat_03,64.0,0.06436869818140742,2.983527847296184,2.776572355753132,nan
20260741,sat_03,66.0,0.06717282112493661,2.9668266699280474,0.6955739440638828,nan
20260741,sat_03,68.0,0.07139711134931914,3.068087195938641,2.4799966628727304,nan
20260741,sat_03,70.0,0.03201984042657039,0.9762539608751902,7.9571757050254135,3.6369414741116324
20260741,sat_03,72.0,0.03548453829089849,1.1012485758001012,3.7664708843594306,nan
20260741,sat_03,74.0,0.03756084227555135,1.1351055082084769,2.915072181417169,nan
20260741,sat_03,76.0,0.04121813027016412,1.2597965394886395,0.3873695915387877,nan
20260741,sat_03,78.0,0.043254449621004075,1.2811686686052002,1.5967128348555033,nan
20260741,sat_03,80.0,0.06707103545460918,4.650286681367184,4.2821735374597205,1.7533432468240318
20260741,sat_03,82.0,0.06900537157237316,4.556262486812235,2.6821643394570844,nan
20260741,sat_03,84.0,0.06849537858234696,4.160409876029419,2.5383560193538535,nan
20260741,sat_03,86.0,0.06922639600641806,3.944320288250025,1.4795201563040918,nan
20260741,sat_03,88.0,0.07029748661444707,3.781258818234331,0.7482306040929982,nan
20260741,sat_03,90.0,0.07125551510370112,5.649977321915496,2.5441484449655904,2.412586865186535
20260741,sat_03,92.0,0.07126634982463309,5.262586072002611,3.9578544788874153,nan
20260741,sat_03,94.0,0.07206054249908972,5.015179432268164,1.7123987543077486,nan
20260741,sat_03,96.0,0.06930029462541623,4.328747568358851,2.7056850391574545,nan
20260741,sat_03,98.0,0.07046671427840863,4.182847715370828,0.44858199627935846,nan
20260741,sat_03,100.0,0.030940639428015785,1.1375934813785558,0.6527056733586462,4.295380436072293
20260741,sat_03,102.0,0.03024497020018913,1.0168423479969722,0.35152244629680746,nan
20260741,sat_03,104.0,0.029342794733679057,0.8960758669582551,1.5526497564918729,nan
20260741,sat_03,106.0,0.029262385648859284,0.8352575380953282,0.1342413465914969,nan
20260741,sat_03,108.0,0.029382825217186638,0.7902777009682515,0.40660520431814234,nan
20260741,sat_03,110.0,0.007252701144847934,0.06628363063076065,1.6124735805178654,1.929710499507435
20260741,sat_03,112.0,0.0099396949812144,0.11689228449192776,2.199234993861234,nan
20260741,sat_03,114.0,0.010855185426826492,0.13099933029121108,2.4439057938753677,nan
20260741,sat_03,116.0,0.010624747990722837,0.11802361384589204,2.7470841616274755,nan
20260741,sat_03,118.0,0.012652896178187092,0.15761467388713313,1.7901353479107114,nan
20260741,sat_03,120.0,0.041777917661178096,2.318232871714463,1.3592733829106727,7.413318451018477
20260742,sat_01,0.0,0.055005696305271495,1.2132761849355602,0.09771642380954672,1.3050525891069973
20260742,sat_01,2.0,0.0624880075956406,1.5047431079640616,2.263714074959571,nan
20260742,sat_01,4.0,0.06521862136552375,1.4722237047974567,5.99985357824073,nan
20260742,sat_01,6.0,0.0689628784333839,1.410081702085075,1.2460428220824187,nan
20260742,sat_01,8.0,0.07260150247885286,1.3030491807733882,0.9219710656625952,nan
20260742,sat_01,10.0,0.07756814450508616,3.6331077403152205,1.7041185229239353,3.7511685708917684
20260742,sat_01,12.0,0.0838798454192638,3.440204356939203,6.795362253657997,nan
20260742,sat_01,14.0,0.09102549656413884,3.232601687743773,0.8712476082142542,nan
20260742,sat_01,16.0,0.09916692323364398,3.0637017905840884,0.22268632505123206,nan
20260742,sat_01,18.0,0.10833136353307579,2.9447834581884194,3.0320264564045956,nan
20260742,sat_01,20.0,0.06359445190587801,2.4447449108756754,2.735905068741819,4.00309538036672
20260742,sat_01,22.0,0.0687823518408837,2.3464399868213843,0.538667027848076,nan
20260742,sat_01,24.0,0.07363472582633812,2.217759062056547,1.4003555147357507,nan
20260742,sat_01,26.0,0.07747526522692373,2.04157411273807,1.7829647915253972,nan
20260742,sat_01,28.0,0.08292952183005503,1.963810116072981,1.8123918006964772,nan
20260742,sat_01,30.0,0.06093976608913317,2.3846532923962718,4.160738854638888,1.7800877411035636
20260742,sat_01,32.0,0.06509710064850577,2.322131381948317,1.35872342556212,nan
20260742,sat_01,34.0,0.06912315461963946,2.2461855412962373,1.7268783924121174,nan
20260742,sat_01,36.0,0.07318583225876472,2.17363152752198,1.9419123216054788,nan
20260742,sat_01,38.0,0.0767823617488603,2.078946606521419,3.9970311011806112,nan
20260742,sat_01,40.0,0.05244901903617206,1.9490117982950133,0.6984177114849994,0.9249204651590359
20260742,sat_01,42.0,0.053916138329747156,1.8094367043111668,0.9862757712019675,nan
20260742,sat_01,44.0,0.055983176753460914,1.7205109546644954,1.0759422747588394,nan
20260742,sat_01,46.0,0.05838037711924098,1.6572354245819985,1.3270684882351558,nan
20260742,sat_01,48.0,0.06153924524122585,1.6384611047695854,0.3571629890803645,nan
20260742,sat_01,50.0,0.06081975360400992,2.9106251202190414,5.328850439209421,0.9546609324544394
20260742,sat_01,52.0,0.06320644574542528,2.8177804056099016,1.7477557307134093,nan
20260742,sat_01,54.0,0.06680218515638156,2.829055269550749,3.3738994078923903,nan
20260742,sat_01,56.0,0.06785020132702238,2.6314739654871016,4.165574664619064,nan
20260742,sat_01,58.0,0.0702550122777216,2.5522090298414386,4.143443594681036,nan
20260742,sat_01,60.0,0.0579170992823619,2.9161953970252195,6.086331615807149,1.238099113231115
20260742,sat_01,62.0,0.06090509692125179,2.931831930509063,3.1794395678092306,nan
20260742,sat_01,64.0,0.06529355909062191,3.069658031384034,3.6068787730452607,nan
20260742,sat_01,66.0,0.06718840516514994,2.9680259623113603,0.8237802840695002,nan
20260742,sat_01,68.0,0.06815976233100719,2.795986620509839,1.1524591036585685,nan
20260742,sat_01,70.0,0.04207076586436354,1.6858154050034622,3.432139585170553,3.941795620760412
20260742,sat_01,72.0,0.043688838725793995,1.6699562396914092,1.6467411695141667,nan
20260742,sat_01,74.0,0.044267115251915526,1.5772350908367307,8.067333959343406,nan
20260742,sat_01,76.0,0.04603015171618492,1.5717392319329186,0.765415604928389,nan
20260742,sat_01,78.0,0.04751275447000336,1.5465188906712963,2.5905049383952403,nan
20260742,sat_01,80.0,0.055551390736840275,3.1907815598614366,2.368636306426528,0.13734693730742803
20260742,sat_01,82.0,0.0564695061912811,3.052020560699067,1.7947771393084224,nan
20260742,sat_01,84.0,0.05652979775106654,2.8346572826787715,2.594365594422692,nan
20260742,sat_01,86.0,0.05887501163209291,2.853862692069853,2.0559693990738452,nan
20260742,sat_01,88.0,0.06117223708834249,2.864279276047546,0.8272952332711212,nan
20260742,sat_01,90.0,0.04757694560046883,2.519116571585494,0.6077972261318908,1.3258128491764956
20260742,sat_01,92.0,0.04668102926633724,2.2581499250431785,3.8430586714964807,nan
20260742,sat_01,94.0,0.05038152532918515,2.4517218447929428,2.098627119553738,nan
20260742,sat_01,96.0,0.05262567794441613,2.4964211419064455,0.9764671097464901,nan
20260742,sat_01,98.0,0.0521311328706156,2.2894053149391547,0.9436037497325661,nan
20260742,sat_01,100.0,0.042934964171030675,2.190394950296325,2.908394631803225,3.759284444671458
20260742,sat_01,102.0,0.04422484866060077,2.1739888754744867,5.922898831555229,nan
20260742,sat_01,104.0,0.0466748484273967,2.2671744462753,1.5123967572806563,nan
20260742,sat_01,106.0,0.048416688659784914,2.2864966918973257,1.077872355864259,nan
20260742,sat_01,108.0,0.047470504749277546,2.062661917604034,3.1034790811856086,nan
20260742,sat_01,110.0,0.0705862665232266,6.278484171972849,1.1100293548734557,1.6650527846403613
20260742,sat_01,112.0,0.07548721014411416,6.7418958980546275,1.7091955901072948,nan
20260742,sat_01,114.0,0.07844906324025314,6.841568184625319,2.168504869289396,nan
20260742,sat_01,116.0,0.08132457736669693,6.914956852516142,0.12232494809138258,nan
20260742,sat_01,118.0,0.08458774747616277,7.043884303752186,0.43102807067429916,nan
20260742,sat_01,120.0,0.05081213953395532,3.4287705027390283,3.7297792390081814,5.701197978544478
20260742,sat_02,0.0,0.08305849849192595,2.7663838994193344,0.022315247075676798,1.3940084891199676
20260742,sat_02,2.0,0.0807400482037179,2.5121455724847817,2.4591527649736804,nan
20260742,sat_02,4.0,0.07757528199273042,2.0829044575305975,2.490459033959988,nan
20260742,sat_02,6.0,0.07692196870917195,1.7542808534204686,0.8702035448159552,nan
20260742,sat_02,8.0,0.07646299764563791,1.445269931186538,0.9586868739422121,nan
20260742,sat_02,10.0,0.07989515307257526,3.8543656366603445,2.316307221196051,1.2744904912699377
20260742,sat_02,12.0,0.08720171449360202,3.7180689857844293,4.387634520124806,nan
20260742,sat_02,14.0,0.0949802746864512,3.5195458223288925,1.2539850343191625,nan
20260742,sat_02,16.0,0.1002737004084412,3.132400262501384,7.323946539806521,nan
20260742,sat_02,18.0,0.10786943005943837,2.9196179858492712,1.191610829777099,nan
20260742,sat_02,20.0,0.0668005019742149,2.6975753039615373,2.1935282201144632,1.0727604293864579
20260742,sat_02,22.0,0.0718224749468308,2.5586782430369306,4.77003081444421,nan
20260742,sat_02,24.0,0.07586310874065956,2.354329988499675,2.2640499488982413,nan
20260742,sat_02,26.0,0.08223393120082116,2.3004735735415847,3.009295066435668,nan
20260742,sat_02,28.0,0.0891101619896622,2.2679461042633893,3.7539477823895853,nan
20260742,sat_02,30.0,0.07191305192483,3.320772510964511,3.8319744576165005,0.8575044381829093
20260742,sat_02,32.0,0.07867514005704744,3.391949491658928,2.4220750801461173,nan
20260742,sat_02,34.0,0.08550503912611469,3.4372121485684675,0.2220673500433603,nan
20260742,sat_02,36.0,0.08778919797339735,3.1279485982443775,12.880519070882741,nan
20260742,sat_02,38.0,0.0940851293093058,3.12201567431575,0.7731606828008432,nan
20260742,sat_02,40.0,0.08936340776083022,5.657892961635432,1.1053409725031755,0.40270702201556763
20260742,sat_02,42.0,0.09593400465791438,5.728671295654575,3.243811198102173,nan
20260742,sat_02,44.0,0.1031682247258499,5.843133777250187,4.610579596856941,nan
20260742,sat_02,46.0,0.10649762750789027,5.515201853348563,5.581265466704646,nan
20260742,sat_02,48.0,0.11073371890455792,5.305591535556731,0.8280601057783908,nan
20260742,sat_02,50.0,0.07724967146017625,4.69489075842967,5.716358749213766,1.8015914322770048
20260742,sat_02,52.0,0.07991398596458446,4.503555245031633,0.9896083385057335,nan
20260742,sat_02,54.0,0.08039243287324228,4.096527999605831,6.538440336669816,nan
20260742,sat_02,56.0,0.08268793195353709,3.9074607755726904,3.049750918270113,nan
20260742,sat_02,58.0,0.08541469492001437,3.771594305257236,0.18632988229636116,nan
20260742,sat_02,60.0,0.04878573476480759,2.0685779391871653,1.4209969533283064,5.122400101346818
20260742,sat_02,62.0,0.051528113394733156,2.0979147800554374,2.513674571905826,nan
20260742,sat_02,64.0,0.052266309643881737,1.9662950709569895,3.3393058742335455,nan
20260742,sat_02,66.0,0.05884300737450741,2.2756631898901745,7.745128875975019,nan
20260742,sat_02,68.0,0.06418180191219149,2.4782058035090317,5.7078837934733855,nan
20260742,sat_02,70.0,0.03147090705622697,0.9430332185785548,0.13028450691179932,4.473317630935366
20260742,sat_02,72.0,0.032994899597273065,0.9521250278847051,1.1536390412652409,nan
20260742,sat_02,74.0,0.03310482253207504,0.8817669851452793,0.9617983096393229,nan
20260742,sat_02,76.0,0.033586206322205735,0.8364950218730053,6.991653502950624,nan
20260742,sat_02,78.0,0.034378403141923516,0.80933887781425,3.4888715361009113,nan
20260742,sat_02,80.0,0.03919707830582367,1.5882477234241734,1.2661400489864953,1.4142645483692713
20260742,sat_02,82.0,0.041469893798526475,1.6456180837336134,2.5298986036420095,nan
20260742,sat_02,84.0,0.044353446240838576,1.744672324582587,2.575818941579734,nan
20260742,sat_02,86.0,0.044538405011779116,1.6329823771428122,4.275408909039998,nan
20260742,sat_02,88.0,0.04525345965022065,1.5673743969128255,0.49731235390780815,nan
20260742,sat_02,90.0,0.05422990410442818,3.27246000803689,1.817548879841762,0.16008037876686193
20260742,sat_02,92.0,0.0596366674445677,3.6850654149519073,3.895139909287476,nan
20260742,sat_02,94.0,0.06150681388441914,3.6536618857444743,0.837435179785674,nan
20260742,sat_02,96.0,0.06392521086415327,3.6831704507267626,1.1771844286652307,nan
20260742,sat_02,98.0,0.07020510507191736,4.151715935660026,4.2571364892830585,nan
20260742,sat_02,100.0,0.046207846447547586,2.5376283615672195,2.0842362475866603,2.008762707511844
20260742,sat_02,102.0,0.0483380379469634,2.5978230791830197,0.42305283412048167,nan
20260742,sat_02,104.0,0.050428047090427086,2.6471313790157818,0.9686601466442186,nan
20260742,sat_02,106.0,0.05505332172039623,2.9570495023251224,3.858048995626803,nan
20260742,sat_02,108.0,0.05601400666342944,2.872630839067134,2.6398013839608883,nan
20260742,sat_02,110.0,0.04221417379334388,2.2454746940973127,2.5497521386873485,4.045542343315985
20260742,sat_02,112.0,0.03985262786739827,1.8790116685698492,7.961171151444418,nan
20260742,sat_02,114.0,0.043524404339736686,2.1057998325013414,1.8372731009464713,nan
20260742,sat_02,116.0,0.045807552747695116,2.193717903446245,0.7703544515586866,nan
20260742,sat_02,118.0,0.052179816753503486,2.6801338500242307,3.6388369348471206,nan
20260742,sat_02,120.0,0.05203825250394813,3.5957856590773116,1.034824002113174,1.3204975816083442
20260742,sat_03,0.0,0.07980503987703555,2.553906188019293,0.03125023877132762,1.4500620255987569
20260742,sat_03,2.0,0.07383403932764912,2.1007952087377597,3.1317439246127496,nan
20260742,sat_03,4.0,0.07086143874000485,1.7380245396117502,5.754199024520663,nan
20260742,sat_03,6.0,0.06921349676677763,1.4203797260744684,2.0233600269728718,nan
20260742,sat_03,8.0,0.06164836157670152,0.9395596964016888,2.034864025949497,nan
20260742,sat_03,10.0,0.013602412840388944,0.1117245561059166,1.0143314212658303,1.0150764942594348
20260742,sat_03,12.0,0.019405666871738506,0.18412612298914705,1.2341636695911244,nan
20260742,sat_03,14.0,0.02838233813952378,0.31425959422941385,1.0330787173653824,nan
20260742,sat_03,16.0,0.03400947644804111,0.36029164331478003,4.454943190667846,nan
20260742,sat_03,18.0,0.04415929836307786,0.4892175985893401,2.2999411794874858,nan
20260742,sat_03,20.0,0.08060622741057011,3.9276484483017136,3.999385967799686,0.9041099730361493
20260742,sat_03,22.0,0.08878965258648598,3.910086679208672,6.420384970946142,nan
20260742,sat_03,24.0,0.09577781026192889,3.752269862712316,4.210103276835861,nan
20260742,sat_03,26.0,0.10496696181592366,3.7477767195126424,2.8771051493857027,nan
20260742,sat_03,28.0,0.11581943341628673,3.830822012556143,1.5505333770560226,nan
20260742,sat_03,30.0,0.03847535523582048,0.9507159236320704,1.8214678207631674,8.891320806786403
20260742,sat_03,32.0,0.042061193882421306,0.9696866105727493,0.8765570920412011,nan
20260742,sat_03,34.0,0.043805208941845836,0.9024072791542403,2.6686795314920726,nan
20260742,sat_03,36.0,0.047954361416811066,0.933651935242177,0.7306581557534498,nan
20260742,sat_03,38.0,0.0523606189836839,0.967321047088357,0.4851270211160464,nan
20260742,sat_03,40.0,0.0403450305273838,1.1532647740014395,0.5104457993383841,2.718727991609172
20260742,sat_03,42.0,0.04427296308207697,1.2201108125317548,3.7134983355448425,nan
20260742,sat_03,44.0,0.04606072337148651,1.164788225895854,4.198567321335942,nan
20260742,sat_03,46.0,0.04768717917261941,1.1058998071242225,0.6204834622318423,nan
20260742,sat_03,48.0,0.050159704875263805,1.0887519441481228,2.521421159963296,nan
20260742,sat_03,50.0,0.039582757662734946,1.2326747606461539,2.681236428034622,1.7891698226512158
20260742,sat_03,52.0,0.04151563150677042,1.2154472183018397,0.8767669801641531,nan
20260742,sat_03,54.0,0.04129236987602668,1.0807502132884375,3.4698569979500298,nan
20260742,sat_03,56.0,0.045380530516568325,1.1769253404312154,2.307674392443376,nan
20260742,sat_03,58.0,0.04790569648511712,1.1863936603970464,0.16863749313269435,nan
20260742,sat_03,60.0,0.0731176837625636,4.64657686267213,1.969915825193603,0.893518816521522
20260742,sat_03,62.0,0.07382854856972916,4.306764840319344,4.372665427371074,nan
20260742,sat_03,64.0,0.07792529770588898,4.370770906946014,2.3569675495993145,nan
20260742,sat_03,66.0,0.07927547303984385,4.130388482117117,0.8399785455088303,nan
20260742,sat_03,68.0,0.08263225568292949,4.107771056438259,1.549491870071146,nan
20260742,sat_03,70.0,0.09805845654956569,9.154616624732384,0.11355947228973153,2.1358037354881247
20260742,sat_03,72.0,0.09868496877449057,8.516455484969697,2.9444088496292844,nan
20260742,sat_03,74.0,0.1018416409938975,8.343945284662208,1.5060313270683545,nan
20260742,sat_03,76.0,0.10683018001675167,8.46185717703847,1.8292727826867783,nan
20260742,sat_03,78.0,0.11180655112787626,8.55920765102313,1.0673495922214178,nan
20260742,sat_03,80.0,0.0710244787927341,5.213711259038858,0.8479611596697489,9.255040919397526
20260742,sat_03,82.0,0.07543839417904362,5.444399021376089,2.083622335055853,nan
20260742,sat_03,84.0,0.0764433391222847,5.181017597288188,0.8268216644179148,nan
20260742,sat_03,86.0,0.07778362886290062,4.978840608948338,3.902936245595849,nan
20260742,sat_03,88.0,0.07898903107870539,4.773290901321452,1.1741401486623124,nan
20260742,sat_03,90.0,0.035124535246045134,1.3727657494282777,3.9291602608190512,5.06982216736814
20260742,sat_03,92.0,0.03396693315784671,1.195394531643687,0.9558784743122418,nan
20260742,sat_03,94.0,0.036085349670991924,1.2575406701786955,3.8191910598400605,nan
20260742,sat_03,96.0,0.031729225638972715,0.9073382011330742,6.051952115161219,nan
20260742,sat_03,98.0,0.030365607703334643,0.7766186725482731,1.5440835833560866,nan
20260742,sat_03,100.0,0.039170980440956814,1.8232891836440528,0.6331442698069598,0.9355730223072332
20260742,sat_03,102.0,0.03689445114511032,1.5130895489455454,6.330864872110906,nan
20260742,sat_03,104.0,0.03939559409613359,1.615102877992271,17.344547484471,nan
20260742,sat_03,106.0,0.03901365157999114,1.4845491904217676,2.053064788604599,nan
20260742,sat_03,108.0,0.03457323675127529,1.0940831567628648,4.086819597790482,nan
20260742,sat_03,110.0,0.04524451257763692,2.5794967456471225,4.420587456516309,0.7613062127927699
20260742,sat_03,112.0,0.04331677433864236,2.219890129683333,0.3106267518939451,nan
20260742,sat_03,114.0,0.04538867053873614,2.290163295995276,4.383857333495556,nan
20260742,sat_03,116.0,0.03988281056427789,1.6630891061127604,4.280838869061096,nan
20260742,sat_03,118.0,0.04399566435945547,1.9054946052027801,6.1288445396406726,nan
20260742,sat_03,120.0,0.015116902690039222,0.30348277413055347,0.7614165207499443,4.4240575340207835
20260743,sat_01,0.0,0.07613320423274424,2.3243018382875733,0.020306755484846416,1.3822739410976799
20260743,sat_01,2.0,0.0776642723124508,2.3244005253363773,3.67609257750195,nan
20260743,sat_01,4.0,0.08036928673451507,2.2356747706516704,0.19154928272186744,nan
20260743,sat_01,6.0,0.08039293928958875,1.9162144081112673,0.9427202973858395,nan
20260743,sat_01,8.0,0.08270876741328617,1.6910852239761813,3.3224468565571965,nan
20260743,sat_01,10.0,0.06143614210615076,2.2790779353708586,3.3712066581066495,0.2832045880194919
20260743,sat_01,12.0,0.06263084943575624,1.9179833231638832,3.831071372942561,nan
20260743,sat_01,14.0,0.06410879243764123,1.6034807308511168,0.13754596116406753,nan
20260743,sat_01,16.0,0.06653642977359996,1.3792330246561504,1.9574213286240698,nan
20260743,sat_01,18.0,0.06369921810389763,1.0181862213159991,8.7292332732559,nan
20260743,sat_01,20.0,0.036022520626853245,0.7843974078002689,0.6522161396374166,1.0985664743338581
20260743,sat_01,22.0,0.03386752704297407,0.5688589557722862,2.760591247077,nan
20260743,sat_01,24.0,0.032735535507332394,0.43828038845704126,4.022604229222568,nan
20260743,sat_01,26.0,0.030056320479258682,0.3072346092637933,5.021927002769973,nan
20260743,sat_01,28.0,0.0282866526827689,0.22845976225443432,3.4619330906879195,nan
20260743,sat_01,30.0,0.06605923567403121,2.802144862415722,4.802719173769226,1.0402984654767478
20260743,sat_01,32.0,0.06864552681672255,2.582242082992852,2.7145481661552684,nan
20260743,sat_01,34.0,0.07139962531509642,2.396683656117472,0.1314202472058175,nan
20260743,sat_01,36.0,0.07650740092022884,2.375615288622356,3.6259678967847893,nan
20260743,sat_01,38.0,0.07999901406145576,2.2570829560243233,0.38254158084696305,nan
20260743,sat_01,40.0,0.027337809073650965,0.5296452169051657,5.459337056996469,3.7550942941061702
20260743,sat_01,42.0,0.03233310350191343,0.6509743683877287,10.359994087004678,nan
20260743,sat_01,44.0,0.0368787279735466,0.7469622592013051,0.9740586014506707,nan
20260743,sat_01,46.0,0.04098323006089779,0.8171636321059437,2.6167597875256576,nan
20260743,sat_01,48.0,0.04501906238211425,0.8774211286577411,2.06395471931153,nan
20260743,sat_01,50.0,0.07538341716173914,4.471303049878491,1.8651252382218373,2.352370326159492
20260743,sat_01,52.0,0.07990208751049403,4.502907729885753,1.7392914098708745,nan
20260743,sat_01,54.0,0.08541566369486507,4.625279690121062,2.5310506641217363,nan
20260743,sat_01,56.0,0.09216502239132444,4.855520650329221,4.326457645573382,nan
20260743,sat_01,58.0,0.09830886125336781,4.997497277881594,0.8293154499105199,nan
20260743,sat_01,60.0,0.06461551028353037,3.62945406537257,8.221028482206393,1.8737272430617373
20260743,sat_01,62.0,0.06659393780886042,3.504829285838725,4.485582700458864,nan
20260743,sat_01,64.0,0.07112154179130119,3.6417855741093152,2.5091101032092635,nan
20260743,sat_01,66.0,0.07365007430051902,3.5660490982331607,1.7334133461031986,nan
20260743,sat_01,68.0,0.0770172907198539,3.5696936246906374,0.8287551650335125,nan
20260743,sat_01,70.0,0.05948496064336007,3.369129595170601,6.720912585845492,3.1143929235921703
20260743,sat_01,72.0,0.06104081351999167,3.258622129316978,1.5246789946295163,nan
20260743,sat_01,74.0,0.060871759334906704,2.9811873537311886,1.8957295604131534,nan
20260743,sat_01,76.0,0.060003715087622866,2.6697591216255234,1.6910109192166383,nan
20260743,sat_01,78.0,0.058866223759511505,2.3728466885705215,2.2701997711440676,nan
20260743,sat_01,80.0,0.09555905835289083,9.438758819371143,2.885497280723772,1.9410151567710625
20260743,sat_01,82.0,0.09963366503746499,9.497768283658967,0.6657902397060504,nan
20260743,sat_01,84.0,0.10167901435844658,9.16744708939214,3.5296534568986657,nan
20260743,sat_01,86.0,0.10392151945588717,8.888200560881803,2.0589950467318037,nan
20260743,sat_01,88.0,0.10854382467171728,9.01457035592552,1.009997058283977,nan
20260743,sat_01,90.0,0.070231426865258,5.487686920008594,0.7474156298360162,3.595847444958736
20260743,sat_01,92.0,0.0727281516530718,5.479485674906134,2.2519294874630456,nan
20260743,sat_01,94.0,0.07659046254291317,5.664113031395103,1.363159235369097,nan
20260743,sat_01,96.0,0.08183864655321424,6.035139959167568,4.308314496793404,nan
20260743,sat_01,98.0,0.08291229749925631,5.789027925182301,4.088724307295526,nan
20260743,sat_01,100.0,0.07279496262178958,6.296479357261493,1.8475993953112861,1.9995613958542329
20260743,sat_01,102.0,0.07417924263273942,6.116144813662928,0.678894863824812,nan
20260743,sat_01,104.0,0.07820802113545385,6.365099432484692,1.3057123788799334,nan
20260743,sat_01,106.0,0.0805059525725842,6.321493086361332,0.25576278765509763,nan
20260743,sat_01,108.0,0.08232606753617391,6.203559252223393,3.465151312481492,nan
20260743,sat_01,110.0,0.05652291473292836,4.026043427939987,1.713964504355796,5.418522627822432
20260743,sat_01,112.0,0.05930893068483874,4.1618491897522905,2.0795273443518787,nan
20260743,sat_01,114.0,0.06409648406595929,4.567301305422997,2.242038032022861,nan
20260743,sat_01,116.0,0.06631619233322501,4.598235717775247,0.9450757130462909,nan
20260743,sat_01,118.0,0.07206967194170222,5.113343522571579,2.6019709802362976,nan
20260743,sat_01,120.0,0.025750812030339035,0.8806075465312583,2.262117781154907,7.256692777855908
20260743,sat_02,0.0,0.048761663145790626,0.953457559388244,0.009832483883271804,1.3911036528283436
20260743,sat_02,2.0,0.048425254688664564,0.9036734954056034,1.1983317969732536,nan
20260743,sat_02,4.0,0.047754110581358346,0.789311167987107,0.05561638208095128,nan
20260743,sat_02,6.0,0.044230523235754944,0.5800305340812423,1.1950724466530025,nan
20260743,sat_02,8.0,0.03826055992328795,0.3618745143321345,4.302539663342899,nan
20260743,sat_02,10.0,0.08924025762254535,4.808730040208516,1.4761926686515465,1.0385502990424431
20260743,sat_02,12.0,0.09306695549259345,4.235097981729311,2.083195373927611,nan
20260743,sat_02,14.0,0.1004340903064558,3.9355165814321564,5.524660112006947,nan
20260743,sat_02,16.0,0.10774844097506833,3.617111439235396,4.257021684961749,nan
20260743,sat_02,18.0,0.1146158784684032,3.296663681983711,1.4120145633336565,nan
20260743,sat_02,20.0,0.07118086886424256,3.063154110403003,3.4834222556425316,1.1468730378437588
20260743,sat_02,22.0,0.0721253508524788,2.5807049828645683,2.3071855493982762,nan
20260743,sat_02,24.0,0.07519114685248525,2.3133863404152764,2.0746917782050196,nan
20260743,sat_02,26.0,0.07787835496094399,2.0639421728360747,1.7956529564952985,nan
20260743,sat_02,28.0,0.08136786866727609,1.8917582526432977,0.9074384277257949,nan
20260743,sat_02,30.0,0.07948773751647081,4.058161505458218,4.118024242896011,0.23813264775958895
20260743,sat_02,32.0,0.08010858676842579,3.5179234273976547,1.6022774035490042,nan
20260743,sat_02,34.0,0.08054488865550376,3.051367020244181,0.5941206676726056,nan
20260743,sat_02,36.0,0.08074786952084317,2.6476934904978315,1.733584538510294,nan
20260743,sat_02,38.0,0.07859888852279955,2.1801083940235975,3.2858704773589893,nan
20260743,sat_02,40.0,0.06855644632707197,3.3301867332258217,0.810691114703533,1.5354098912154808
20260743,sat_02,42.0,0.06963869341653686,3.018868311540267,0.882166177504496,nan
20260743,sat_02,44.0,0.07052009140744099,2.730274287909432,0.39869024254681323,nan
20260743,sat_02,46.0,0.07229786996740502,2.5417749893280415,0.5147532454759559,nan
20260743,sat_02,48.0,0.0754521137559296,2.463183034516264,0.9443937452401958,nan
20260743,sat_02,50.0,0.08011717059434541,5.049301013239976,0.7878143765506133,1.3674951080146172
20260743,sat_02,52.0,0.0847112382430772,5.059709042720122,1.5325349660181697,nan
20260743,sat_02,54.0,0.08984697291900176,5.115841900518671,2.947974345210987,nan
20260743,sat_02,56.0,0.09183622617905009,4.818989331326531,4.307425341525638,nan
20260743,sat_02,58.0,0.09327748542714086,4.496988709608576,2.3473507720986166,nan
20260743,sat_02,60.0,0.03640327304755811,1.1520582288253867,4.190822777507379,8.181639719668055
20260743,sat_02,62.0,0.0428998380721385,1.454602739330409,8.021289517986698,nan
20260743,sat_02,64.0,0.04464247680017789,1.4350341964948834,2.933998007010245,nan
20260743,sat_02,66.0,0.046196310979446036,1.4031660438776126,2.691708009353252,nan
20260743,sat_02,68.0,0.0469616436228808,1.3274084084973934,1.6335632117646808,nan
20260743,sat_02,70.0,0.023819921228203374,0.5401971935693793,1.6619995988336247,3.5175609544906843
20260743,sat_02,72.0,0.02343907337269304,0.48044985529139184,8.746447871243877,nan
20260743,sat_02,74.0,0.02489376842044266,0.4985618213293065,2.6142641207946706,nan
20260743,sat_02,76.0,0.02530288409059897,0.47472667171744337,0.7596539535164306,nan
20260743,sat_02,78.0,0.026749380124631572,0.4899580549324316,0.36665984473571434,nan
20260743,sat_02,80.0,0.04755922063771971,2.33789468816213,3.3945595569507163,2.974935799002244
20260743,sat_02,82.0,0.05231720764489662,2.6186776280662056,3.2531911194628167,nan
20260743,sat_02,84.0,0.05228207322616445,2.423646020042707,2.869034429616375,nan
20260743,sat_02,86.0,0.054174939845453324,2.415398469499255,2.3274229009621057,nan
20260743,sat_02,88.0,0.05660596542172939,2.4516097563243022,0.4663237533641038,nan
20260743,sat_02,90.0,0.03691560550889914,1.5166998640484557,3.4421172274170675,6.071092810450624
20260743,sat_02,92.0,0.037673283326510695,1.4708607247202183,1.7885951981655341,nan
20260743,sat_02,94.0,0.04068851433490268,1.5992217322611724,1.3388707757564655,nan
20260743,sat_02,96.0,0.041520161316544436,1.5541300670202376,0.6727298270173199,nan
20260743,sat_02,98.0,0.043870274169345407,1.6215255670815871,3.037113148237952,nan
20260743,sat_02,100.0,0.04140659840724398,2.0374030018977747,1.399761955959564,1.8942323398827408
20260743,sat_02,102.0,0.043368064966088256,2.0906449582609277,10.363792554116714,nan
20260743,sat_02,104.0,0.0441997347235308,2.0330835746631184,1.5548676547397755,nan
20260743,sat_02,106.0,0.04482368777919808,1.9597692078594253,2.9031209495262944,nan
20260743,sat_02,108.0,0.04625537219216227,1.9583563419434653,3.0545597980528405,nan
20260743,sat_02,110.0,0.013148807361063202,0.21785972247993057,3.1601566561616172,7.654165590489592
20260743,sat_02,112.0,0.01503242002172872,0.2673534635165342,2.297484711371939,nan
20260743,sat_02,114.0,0.01164108178832366,0.15063937132476257,4.0568743477960805,nan
20260743,sat_02,116.0,0.013422744607401524,0.18836095427069538,2.150440843397931,nan
20260743,sat_02,118.0,0.014122799225455349,0.19632649431766871,0.1703009994698314,nan
20260743,sat_02,120.0,0.025124408703012066,0.8385039453511401,0.5517611882744363,3.430644473044299
20260743,sat_03,0.0,0.05794739233118598,1.3465178968616573,0.059342815612947686,1.467610853332845
20260743,sat_03,2.0,0.05193865430588456,1.0395604149328068,0.6875458182190969,nan
20260743,sat_03,4.0,0.048265760113241025,0.8063183860017186,2.0109308760373255,nan
20260743,sat_03,6.0,0.042694341610867985,0.5404395887567774,0.41471857500154996,nan
20260743,sat_03,8.0,0.041837933761650195,0.4327099038037712,1.187460626424615,nan
20260743,sat_03,10.0,0.06358474602087602,2.441264579940942,3.3246636359746673,0.29283146335855004
20260743,sat_03,12.0,0.06593441666734025,2.125671155391721,4.241203967220253,nan
20260743,sat_03,14.0,0.06815362482348232,1.8122297930063125,3.727033760336295,nan
20260743,sat_03,16.0,0.07014521530266678,1.5329292678589241,1.6416921080156324,nan
20260743,sat_03,18.0,0.0736284729687934,1.360365155960808,5.244884477153636,nan
20260743,sat_03,20.0,0.09784181350046083,5.787051090797958,4.766686785971128,0.5585318202687197
20260743,sat_03,22.0,0.10720761815530967,5.7007736293984586,5.18059670918917,nan
20260743,sat_03,24.0,0.11474839308095998,5.386181147858163,1.054444232923002,nan
20260743,sat_03,26.0,0.12341525932519277,5.1811527445212056,0.20065919939149218,nan
20260743,sat_03,28.0,0.12977115593402824,4.809494838546321,2.504472787041161,nan
20260743,sat_03,30.0,0.04088971121072978,1.0735253393270625,3.080713617572228,4.186789025915582
20260743,sat_03,32.0,0.04297458518629938,1.011877118383046,3.4750192125220063,nan
20260743,sat_03,34.0,0.04433677280763941,0.9239434045694508,0.5059280293756815,nan
20260743,sat_03,36.0,0.04630313271157635,0.8698781910692354,6.317004930276675,nan
20260743,sat_03,38.0,0.05043883566659567,0.8969242650238878,2.9125977642808185,nan
20260743,sat_03,40.0,0.03889805059110875,1.0721306681781742,5.358745788935139,1.4213455242566413
20260743,sat_03,42.0,0.03953128019809077,0.9728663629585407,0.48787516996215685,nan
20260743,sat_03,44.0,0.03877676849716154,0.8255606506022638,4.438821999773299,nan
20260743,sat_03,46.0,0.03555956066760673,0.6149741491918653,9.437771506564347,nan
20260743,sat_03,48.0,0.03615468124539813,0.5656697619577851,1.6438553804202716,nan
20260743,sat_03,50.0,0.041384285920381625,1.3474906726611726,2.1492675686069,4.826509240332427
20260743,sat_03,52.0,0.0444268316205838,1.3919921780234807,2.188906616956904,nan
20260743,sat_03,54.0,0.04666226471965494,1.3802820269135765,0.8153170376996579,nan
20260743,sat_03,56.0,0.051860618447124106,1.5372756094712352,4.475392995606725,nan
20260743,sat_03,58.0,0.05474854257811098,1.5497585959310753,5.021563383244998,nan
20260743,sat_03,60.0,0.025091620077204488,0.5471683457245688,2.568552239895434,3.853332434214046
20260743,sat_03,62.0,0.026336876211510526,0.5480287906694405,2.0856806982179825,nan
20260743,sat_03,64.0,0.026192951680718182,0.49378829390593737,0.28885532936491887,nan
20260743,sat_03,66.0,0.028333442562054296,0.5275529577795858,5.293086403881316,nan
20260743,sat_03,68.0,0.02972485509853918,0.5314974795124936,4.990111568686315,nan
20260743,sat_03,70.0,0.009524192461440303,0.08638307112229282,3.5547925212065934,1.1624203694508906
20260743,sat_03,72.0,0.008629632843160378,0.06513087813810985,3.391543624482824,nan
20260743,sat_03,74.0,0.011504797283914497,0.10647735922874246,4.006938787904343,nan
20260743,sat_03,76.0,0.012846933233588442,0.12237425849455691,7.547530128300446,nan
20260743,sat_03,78.0,0.018817741933627556,0.2424637134647435,6.786026632462464,nan
20260743,sat_03,80.0,0.026273305581174067,0.7137022351582886,7.48983451778803,0.7666234397771964
20260743,sat_03,82.0,0.028911391001966928,0.7999565407438483,2.874182021049491,nan
20260743,sat_03,84.0,0.03084272274870574,0.8437428074261033,0.6362201921386024,nan
20260743,sat_03,86.0,0.03451524776470622,0.980725625467628,0.5617632298513955,nan
20260743,sat_03,88.0,0.03681041751991083,1.0370057575327116,3.4109400967941355,nan
20260743,sat_03,90.0,0.010307846241999406,0.11821849902151782,5.512946031843748,3.645537833965465
20260743,sat_03,92.0,0.011179049355560564,0.12947102386224701,0.6472789344409201,nan
20260743,sat_03,94.0,0.013662208502773623,0.18023883811995273,2.8870967722531047,nan
20260743,sat_03,96.0,0.012754858120526761,0.14660195132608653,6.318274318952895,nan
20260743,sat_03,98.0,0.014579588265910272,0.17901207962273447,0.49447920971855586,nan
20260743,sat_03,100.0,0.023808702889657862,0.6737095223167742,2.511905741296399,1.1923631072927632
20260743,sat_03,102.0,0.02226876251904053,0.551331252863157,5.720467428033042,nan
20260743,sat_03,104.0,0.020506452739967148,0.4377184193329005,1.1582367555810218,nan
20260743,sat_03,106.0,0.02038264287773311,0.4053303432322272,0.12755414104199564,nan
20260743,sat_03,108.0,0.014715390345952952,0.19827653203880818,6.502235163741187,nan
20260743,sat_03,110.0,0.017860886500569263,0.4019455345148087,0.06700522778072188,1.058044627562718
20260743,sat_03,112.0,0.015175072135567649,0.2724212792970999,3.2764446441226456,nan
20260743,sat_03,114.0,0.0180670557034103,0.36281600620464954,3.6505792923428,nan
20260743,sat_03,116.0,0.013320906515719634,0.18549888856001223,4.005593437327213,nan
20260743,sat_03,118.0,0.014244771563869349,0.19972276587726961,0.7689778900405749,nan
20260743,sat_03,120.0,0.04100132670709598,2.2326898421554184,3.796930303238378,6.491296663990095
20260744,sat_01,0.0,0.14669858720490803,8.62970595717329,0.030176310877407075,1.225948026889384
20260744,sat_01,2.0,0.1439779885141505,7.988373225618472,2.9188388794304005,nan
20260744,sat_01,4.0,0.14773840988022105,7.554552660350891,8.44476807254595,nan
20260744,sat_01,6.0,0.14342476955064007,6.098832016197397,4.018483480633513,nan
20260744,sat_01,8.0,0.1474366604872867,5.373535713292753,8.949070056980428,nan
20260744,sat_01,10.0,0.055065812381155835,1.8309431582936573,0.8407806554246081,2.5614897071330613
20260744,sat_01,12.0,0.04716055277121471,1.0874887831723117,0.3340493465183823,nan
20260744,sat_01,14.0,0.03994220608886283,0.6224217502680028,3.541017273771364,nan
20260744,sat_01,16.0,0.0338559145771429,0.3570783543410954,1.3184754037662723,nan
20260744,sat_01,18.0,0.027722604779191497,0.19282467427818356,3.4309558340380564,nan
20260744,sat_01,20.0,0.026796046429950395,0.4340396897917745,1.0711635140206686,0.18815943593643075
20260744,sat_01,22.0,0.036250442990969974,0.6517612228742771,3.813846403316801,nan
20260744,sat_01,24.0,0.048142993467803215,0.9481057387736188,3.4482759990957534,nan
20260744,sat_01,26.0,0.057458327282479835,1.1230986368794238,5.904462933380563,nan
20260744,sat_01,28.0,0.07071792861579786,1.4283774683219943,3.1939175354050926,nan
20260744,sat_01,30.0,0.05271114109025877,1.7844870702166662,1.3086280283795033,5.39413304668196
20260744,sat_01,32.0,0.05163081265485711,1.4612123351049355,0.5199578725166802,nan
20260744,sat_01,34.0,0.051387854760564705,1.2419066577879927,2.370661856221952,nan
20260744,sat_01,36.0,0.050788253727132485,1.0472939874993614,0.7799249247175881,nan
20260744,sat_01,38.0,0.05302814685947952,0.9921602586930027,7.271038492740438,nan
20260744,sat_01,40.0,0.06035823769007397,2.5811591959256694,2.454131071664216,2.103775939838389
20260744,sat_01,42.0,0.06090355349577745,2.308834499537027,0.02410645557468867,nan
20260744,sat_01,44.0,0.0605678412755638,2.0138367916712756,2.2191598128859495,nan
20260744,sat_01,46.0,0.05975639365680732,1.7362759318304593,1.0674798261993774,nan
20260744,sat_01,48.0,0.06072304402969562,1.5952577562286323,2.696748225205835,nan
20260744,sat_01,50.0,0.04322878467800318,1.4703113190301105,1.137986923247153,0.34489597279367296
20260744,sat_01,52.0,0.04143955363754892,1.2110358446270437,4.603588978998056,nan
20260744,sat_01,54.0,0.03989970873147498,1.0090760582310736,0.6360775791295994,nan
20260744,sat_01,56.0,0.04019779599945525,0.9234085775149223,0.6742965724354066,nan
20260744,sat_01,58.0,0.03980313094051781,0.8189759368355571,3.470523030917276,nan
20260744,sat_01,60.0,0.04175741330195644,1.5155307751668081,1.6482283250381453,2.890500008905181
20260744,sat_01,62.0,0.04295524073526063,1.4580357009040703,2.3249011115738245,nan
20260744,sat_01,64.0,0.047616653027506506,1.632227104686922,3.9359991411882853,nan
20260744,sat_01,66.0,0.04877963474696415,1.5641614119398652,1.2132272173611152,nan
20260744,sat_01,68.0,0.04790659628557728,1.3810819054928691,3.040373113549454,nan
20260744,sat_01,70.0,0.056095293749089364,2.9966242894704194,0.9444825943291142,6.850145619270085
20260744,sat_01,72.0,0.056798253076436656,2.8219538600085476,1.451604391437834,nan
20260744,sat_01,74.0,0.0637157963090409,3.2670065353613524,13.884887722561482,nan
20260744,sat_01,76.0,0.06577166655247126,3.2084605245382694,0.33133932689113144,nan
20260744,sat_01,78.0,0.06822587229572023,3.1882294015370856,0.5325999705655292,nan
20260744,sat_01,80.0,0.05105304231624491,2.6943115048121724,1.8663836635372788,5.470078269154323
20260744,sat_01,82.0,0.050491087808282785,2.439410251623601,7.566501353762957,nan
20260744,sat_01,84.0,0.053199289684586155,2.509837657364819,2.341580086729528,nan
20260744,sat_01,86.0,0.056741144224595266,2.650047351095257,0.8190579509940189,nan
20260744,sat_01,88.0,0.05638294033971427,2.4327639829397514,3.447319716990949,nan
20260744,sat_01,90.0,0.0400182674031725,1.7819870417957395,2.6679833212448374,1.7006929179575603
20260744,sat_01,92.0,0.03890174861529813,1.5679688088491803,3.8832908115452742,nan
20260744,sat_01,94.0,0.039943271231062075,1.5408033493029771,2.495476979539682,nan
20260744,sat_01,96.0,0.041411703869728735,1.5456458458246942,0.12876895343124947,nan
20260744,sat_01,98.0,0.04302854041448321,1.5594894038616016,5.266580950813123,nan
20260744,sat_01,100.0,0.062328843903106536,4.616523577555346,1.2542275049568712,1.481329213315081
20260744,sat_01,102.0,0.06731729552732647,5.03751448087264,3.3924268792822825,nan
20260744,sat_01,104.0,0.07288516054458302,5.529017558587809,7.391678381621186,nan
20260744,sat_01,106.0,0.07600090406962316,5.634719309917736,1.6982108409649674,nan
20260744,sat_01,108.0,0.07663500323686744,5.376476982221196,1.4273117179341561,nan
20260744,sat_01,110.0,0.05481732846349504,3.7865930701771817,1.1321087454124168,3.419300947597611
20260744,sat_01,112.0,0.05705854762115523,3.851824355172692,2.2776684419677977,nan
20260744,sat_01,114.0,0.058923325017087684,3.8595688502363616,0.22664104964228463,nan
20260744,sat_01,116.0,0.059490315749040006,3.7001510038553787,1.6633194656276118,nan
20260744,sat_01,118.0,0.059739753642927454,3.5132334825353073,4.578764823419553,nan
20260744,sat_01,120.0,0.0504253669758262,3.3764064155695235,0.050443098972238046,4.6597619786013
20260744,sat_02,0.0,0.09611354385909411,3.7043622708110147,0.0004159284093102922,1.229382992597551
20260744,sat_02,2.0,0.09752280839806227,3.6650383263181467,1.055545335237277,nan
20260744,sat_02,4.0,0.10072687172216223,3.511655011210928,1.4132601308027446,nan
20260744,sat_02,6.0,0.10725505849779984,3.410612798741591,2.7888942380353776,nan
20260744,sat_02,8.0,0.10332286394856188,2.638999143626246,6.274553515858837,nan
20260744,sat_02,10.0,0.0495942019607053,1.4851707176989777,2.8671143502061063,1.5772644389984607
20260744,sat_02,12.0,0.04785305061681712,1.1196440174881939,1.7083238784896047,nan
20260744,sat_02,14.0,0.045986599392092466,0.8250125208256051,1.0822350575914084,nan
20260744,sat_02,16.0,0.043608284607119706,0.5923774064466152,2.5619729078695412,nan
20260744,sat_02,18.0,0.042758595203730904,0.4586888645399378,2.6651429417183343,nan
20260744,sat_02,20.0,0.05180832900102451,1.622533545369109,1.9191177178160235,0.07286687529477735
20260744,sat_02,22.0,0.052298643690855746,1.356539711524831,0.5304966997698735,nan
20260744,sat_02,24.0,0.05179961896214629,1.0974807967648337,2.4120624626395992,nan
20260744,sat_02,26.0,0.05298425363393049,0.9548254241705889,4.65851936581958,nan
20260744,sat_02,28.0,0.05385227862525182,0.8280945277838226,1.730727936717583,nan
20260744,sat_02,30.0,0.10833405784711238,7.537068344872158,6.080617003709637,3.446460077588265
20260744,sat_02,32.0,0.11871174774091255,7.723921190273452,2.94594154930305,nan
20260744,sat_02,34.0,0.12777027113997388,7.676923388395606,3.9833226646116184,nan
20260744,sat_02,36.0,0.13847912044174743,7.785280414721057,1.0458942447271795,nan
20260744,sat_02,38.0,0.14773310848436155,7.700061678555866,0.8838041197988536,nan
20260744,sat_02,40.0,0.057439924610248314,2.3377054338775833,0.010462966863211737,6.062344119427588
20260744,sat_02,42.0,0.06228311130112484,2.4148412704678677,3.272052688547975,nan
20260744,sat_02,44.0,0.06556951381406233,2.3605986521152578,1.6312204511237918,nan
20260744,sat_02,46.0,0.07253936985497032,2.5592008848439343,4.661534627329987,nan
20260744,sat_02,48.0,0.07623593487449837,2.515252506799626,0.6481167757573939,nan
20260744,sat_02,50.0,0.03921874972643094,1.210081180313482,1.2727186585744628,3.3552342481378656
20260744,sat_02,52.0,0.040624981994159357,1.163834350274692,2.3677019499680987,nan
20260744,sat_02,54.0,0.04415340014948727,1.235711149672473,1.7046542181225637,nan
20260744,sat_02,56.0,0.04803670852349061,1.31876660895942,0.8130233149864656,nan
20260744,sat_02,58.0,0.049488616191300606,1.266189954377011,3.1943335857744177,nan
20260744,sat_02,60.0,0.03208628610456861,0.8948799834490198,3.1199734975367313,1.2697892585441646
20260744,sat_02,62.0,0.03294831631306046,0.8578533752634123,5.739182243170547,nan
20260744,sat_02,64.0,0.03477478150772754,0.870524339306445,0.550629105840645,nan
20260744,sat_02,66.0,0.036137875987708935,0.8584062025820338,0.049277151097865075,nan
20260744,sat_02,68.0,0.0424075055819504,1.0820674401633132,5.0129998892919865,nan
20260744,sat_02,70.0,0.05246289833323709,2.6205651459023747,3.7280055138323362,1.9855614054391864
20260744,sat_02,72.0,0.05565849160932623,2.709228880333758,0.7432530821170176,nan
20260744,sat_02,74.0,0.05645336828956467,2.564075158782438,1.0465124646134076,nan
20260744,sat_02,76.0,0.057466638596794885,2.448731385317208,2.672309632410439,nan
20260744,sat_02,78.0,0.0568322103126008,2.211664552952571,2.8538569850809257,nan
20260744,sat_02,80.0,0.009296343351829372,0.08935735941789845,1.0485257518371596,5.779002277923674
20260744,sat_02,82.0,0.008726362260686092,0.072879353688152,0.5519046552268136,nan
20260744,sat_02,84.0,0.00767236380144469,0.05220829904918009,0.826170879542538,nan
20260744,sat_02,86.0,0.010135269330720936,0.08454502922215223,2.7894034636520297,nan
20260744,sat_02,88.0,0.014021135814998972,0.15040557808836608,4.097543010495323,nan
20260744,sat_02,90.0,0.025427267446384478,0.7193239213695776,2.384536426407411,0.3526455007376522
20260744,sat_02,92.0,0.028038200474222084,0.8143890512596061,0.8389676336231933,nan
20260744,sat_02,94.0,0.03021106347309346,0.8812684592393848,0.4658481852991797,nan
20260744,sat_02,96.0,0.0322026286099967,0.934457201538723,3.4495835136141806,nan
20260744,sat_02,98.0,0.03223497545743959,0.8750664987250584,2.9962702326749033,nan
20260744,sat_02,100.0,0.035515232274594376,1.4987640219637268,3.034459076363731,0.9412001940828463
20260744,sat_02,102.0,0.03691799396680488,1.5149492008168786,0.3163214203920083,nan
20260744,sat_02,104.0,0.04290712660515054,1.9158888070189544,3.3801156510637096,nan
20260744,sat_02,106.0,0.04235877897069907,1.7500974709338522,3.011419354700627,nan
20260744,sat_02,108.0,0.04581553461431682,1.9213308861115785,2.1546514446293825,nan
20260744,sat_02,110.0,0.035513118730349166,1.5892888095371047,1.609976346648837,1.0540720310384284
20260744,sat_02,112.0,0.03734786177218257,1.6503268263356439,1.7238423931933953,nan
20260744,sat_02,114.0,0.04031685919362079,1.8070002870633133,2.7307855761349433,nan
20260744,sat_02,116.0,0.04455807441643357,2.075887485355258,1.4513291712092122,nan
20260744,sat_02,118.0,0.0482327215189915,2.2903017728896273,3.156934353479463,nan
20260744,sat_02,120.0,0.03989045164749387,2.113377680314722,4.278579091630764,0.7264908033102411
20260744,sat_03,0.0,0.04411360270166047,0.7803499488897446,0.028993780833693972,1.4029483032229497
20260744,sat_03,2.0,0.03949515786970397,0.6011152804944604,0.863818340058752,nan
20260744,sat_03,4.0,0.03828147760370855,0.5072382108158551,4.08566018864483,nan
20260744,sat_03,6.0,0.042541815841277544,0.5366037818402347,6.501119858112601,nan
20260744,sat_03,8.0,0.04028296563675309,0.4011656938497058,0.8644075350171168,nan
20260744,sat_03,10.0,0.05442748271250042,1.788764433798363,2.1920195273618863,0.4694366870824734
20260744,sat_03,12.0,0.0541081180460004,1.4314780854113394,3.3001870649252254,nan
20260744,sat_03,14.0,0.05544498822892285,1.1993041411552032,0.6128074844093114,nan
20260744,sat_03,16.0,0.05558541940556311,0.9625036582321476,2.577068322500511,nan
20260744,sat_03,18.0,0.05679272311681312,0.8092704618901723,0.025895249208245114,nan
20260744,sat_03,20.0,0.02448557526009938,0.3624416874927918,2.365297474766762,1.0805734193397971
20260744,sat_03,22.0,0.025504188157540263,0.32266261868915647,1.4944415363811965,nan
20260744,sat_03,24.0,0.02693841486582061,0.296906527756942,1.8614446260293303,nan
20260744,sat_03,26.0,0.02630390078313624,0.23543793692200687,4.0024702597659205,nan
20260744,sat_03,28.0,0.030543452191998707,0.26655144557961863,6.506811239105025,nan
20260744,sat_03,30.0,0.06355625722330728,2.5940516713475343,0.9352585098761802,0.7184044169388247
20260744,sat_03,32.0,0.07008241621057472,2.6917961799368046,4.513221380907046,nan
20260744,sat_03,34.0,0.07498465748200565,2.643793099475261,1.32974409858248,nan
20260744,sat_03,36.0,0.07911300630783895,2.540626662249175,1.8137845423550525,nan
20260744,sat_03,38.0,0.08171733835082948,2.3555400017490222,3.6242257039165535,nan
20260744,sat_03,40.0,0.08423116628768933,5.026569874080455,1.4616422205922086,0.6929695877668904
20260744,sat_03,42.0,0.08689068889953858,4.699363268162225,1.7729881160922043,nan
20260744,sat_03,44.0,0.0923979270061527,4.686622185909005,8.811106648831958,nan
20260744,sat_03,46.0,0.09644414235511638,4.522772650777114,0.831869705956622,nan
20260744,sat_03,48.0,0.0994719827881663,4.280852650294895,4.1677291500176565,nan
20260744,sat_03,50.0,0.11515822796374965,10.432916515534963,4.012466473781732,2.763015467509082
20260744,sat_03,52.0,0.12111128131793611,10.343295659077507,5.341253368285277,nan
20260744,sat_03,54.0,0.12505673125180472,9.912336260111571,4.4978773978963416,nan
20260744,sat_03,56.0,0.12567103175665686,9.025210897197796,12.563143973896542,nan
20260744,sat_03,58.0,0.1286128492901193,8.550724121224007,2.08749810482405,nan
20260744,sat_03,60.0,0.09871170785162359,8.469549974542355,1.2958694307679746,2.4476157744917932
20260744,sat_03,62.0,0.1009896569165994,8.05931540233,1.4116578319525006,nan
20260744,sat_03,64.0,0.10290705586966081,7.6232472011881285,2.9495513349372158,nan
20260744,sat_03,66.0,0.10602815895635402,7.389397186760048,0.9808516178533928,nan
20260744,sat_03,68.0,0.10924378630810003,7.180577861898858,1.0816427583942994,nan
20260744,sat_03,70.0,0.09247830045902133,8.14343889611239,0.206050611791741,2.539773784420656
20260744,sat_03,72.0,0.0934680103641374,7.640963382259097,2.5089751270034677,nan
20260744,sat_03,74.0,0.0950840139205131,7.2745497265516015,0.904055953047964,nan
20260744,sat_03,76.0,0.0965647445444381,6.915015432758585,4.134138221116633,nan
20260744,sat_03,78.0,0.09903647008922914,6.716928249242594,0.5834599653771639,nan
20260744,sat_03,80.0,0.08440750540602797,7.3655433630708576,1.447079746028602,2.020452561599391
20260744,sat_03,82.0,0.08692829324361072,7.2312481198911644,1.3149711161277695,nan
20260744,sat_03,84.0,0.08949487369092866,7.10354730372961,1.7024663849193107,nan
20260744,sat_03,86.0,0.09027291607714433,6.708525801707207,1.070695578428667,nan
20260744,sat_03,88.0,0.09195016774086485,6.470832776044503,6.8348954960562,nan
20260744,sat_03,90.0,0.0642283974915452,4.5898973095746065,0.32559529958580957,5.169945143948623
20260744,sat_03,92.0,0.06450376756975745,4.310497862785192,0.26210247861192965,nan
20260744,sat_03,94.0,0.06503436663660857,4.084066115261407,1.1297303298023882,nan
20260744,sat_03,96.0,0.068738256593951,4.257967327741627,4.810251087120672,nan
20260744,sat_03,98.0,0.06911073786673808,4.022606668001033,2.6859325598858463,nan
20260744,sat_03,100.0,0.04453187967773837,2.3561713888653566,0.6345295570992701,4.812845803598533
20260744,sat_03,102.0,0.05035797727470491,2.818491884658453,4.775080482055953,nan
20260744,sat_03,104.0,0.05513642360269279,3.1633985688239967,3.421093374763899,nan
20260744,sat_03,106.0,0.053936969850898,2.837344181757455,4.40575840128421,nan
20260744,sat_03,108.0,0.0520614564453116,2.4806751650354784,3.31231153054844,nan
20260744,sat_03,110.0,0.02668743204863541,0.8976449455510322,5.405616588906992,7.384301972731826
20260744,sat_03,112.0,0.027098639970168807,0.8689972901438402,0.34544916487034993,nan
20260744,sat_03,114.0,0.028618914791973604,0.9106834035872493,2.898732759435177,nan
20260744,sat_03,116.0,0.03261324194725158,1.1122919340537665,1.3681253624876075,nan
20260744,sat_03,118.0,0.03281609836266519,1.060382824672583,1.3216379431225094,nan
20260744,sat_03,120.0,0.03606858057992414,1.7277903596318094,0.4964867885864668,0.34781069428956646
20260745,sat_01,0.0,0.06849545341702086,1.881342259867831,0.00667090909107318,1.3503687768844002
20260745,sat_01,2.0,0.07155173842948931,1.9729150054607227,2.625504604030272,nan
20260745,sat_01,4.0,0.07050627567991251,1.7206122685529097,3.766381959977551,nan
20260745,sat_01,6.0,0.07195019922903581,1.5348780817300902,3.6896224462679434,nan
20260745,sat_01,8.0,0.07457607436310558,1.374874782544075,2.3368072047041726,nan
20260745,sat_01,10.0,0.07989312186503862,3.854241983440882,2.0017616385748416,1.8356701737242085
20260745,sat_01,12.0,0.08429413533795987,3.4741310963242578,0.34278198823690115,nan
20260745,sat_01,14.0,0.08988061394022971,3.1514400716394437,4.050405013861926,nan
20260745,sat_01,16.0,0.09527113283186643,2.827181302492435,1.298672789296454,nan
20260745,sat_01,18.0,0.09973884104042322,2.495524953972749,0.328295287706941,nan
20260745,sat_01,20.0,0.029112093202942606,0.512309747908018,4.927711732393412,1.9322519907562614
20260745,sat_01,22.0,0.027000993374987615,0.3615762329927662,0.7575470375819694,nan
20260745,sat_01,24.0,0.024602547650841897,0.24755690373918163,2.9107812169778615,nan
20260745,sat_01,26.0,0.026687362781293775,0.24222133298798748,9.26049373897104,nan
20260745,sat_01,28.0,0.030754422533282606,0.27005420621628246,10.205535996215652,nan
20260745,sat_01,30.0,0.05938945639055701,2.264938557358573,0.2825029803999532,1.0833748855992236
20260745,sat_01,32.0,0.06440810998304876,2.2734084221092674,0.9758902668941957,nan
20260745,sat_01,34.0,0.07080736108873013,2.35729772594881,5.587562425010965,nan
20260745,sat_01,36.0,0.07499859317649572,2.2831020407261575,3.237782119000019,nan
20260745,sat_01,38.0,0.08230946056218819,2.3896205475514254,4.49922299252978,nan
20260745,sat_01,40.0,0.06871016009836936,3.3448341736579845,4.324489542151454,2.896265886829853
20260745,sat_01,42.0,0.0729266956088852,3.3103736927735588,0.9196081426558078,nan
20260745,sat_01,44.0,0.07823729172084444,3.36027529124243,2.184040977798457,nan
20260745,sat_01,46.0,0.0823896314059404,3.3007765751645453,1.0915978284718975,nan
20260745,sat_01,48.0,0.08770938239565201,3.328528820124111,2.1737694135595618,nan
20260745,sat_01,50.0,0.09194956897930684,6.651499269822975,4.1451184560212,1.4551741885414553
20260745,sat_01,52.0,0.09538990602419245,6.416568884990287,2.039238008450905,nan
20260745,sat_01,54.0,0.09900143177895801,6.2123709075629385,0.6649999351375212,nan
20260745,sat_01,56.0,0.10370854981643852,6.14651477284263,0.48449103394183834,nan
20260745,sat_01,58.0,0.10702054819683093,5.920832802496961,2.1288949893028395,nan
20260745,sat_01,60.0,0.0661371528871616,3.8020232727313585,4.814958203699884,4.449665413748526
20260745,sat_01,62.0,0.0698707730165404,3.857782130539766,3.343902151437651,nan
20260745,sat_01,64.0,0.07343461063756103,3.8819903894899577,0.931683679717403,nan
20260745,sat_01,66.0,0.07563770811705522,3.7605106950091853,7.053626176579873,nan
20260745,sat_01,68.0,0.079741132713416,3.8258764795493563,1.296038166088872,nan
20260745,sat_01,70.0,0.0637840105132494,3.8741948680788227,1.151830633761454,3.811973840391782
20260745,sat_01,72.0,0.06648625027529328,3.8665154473478855,0.9537376419324348,nan
20260745,sat_01,74.0,0.06887393020280941,3.8172197150433282,3.407770519443311,nan
20260745,sat_01,76.0,0.07191603723509579,3.835710262136619,1.2579072593441136,nan
20260745,sat_01,78.0,0.07714286373568062,4.075850167327025,2.0368687874878413,nan
20260745,sat_01,80.0,0.061003970625567505,3.8474439160422924,4.6094636364423245,1.402641312298245
20260745,sat_01,82.0,0.06558831099181206,4.1167864321247984,1.4245899521588061,nan
20260745,sat_01,84.0,0.06793024085190016,4.092722437598308,0.9530508643157258,nan
20260745,sat_01,86.0,0.07273256064763203,4.3547577695305835,1.6771026665394482,nan
20260745,sat_01,88.0,0.07763629092747978,4.613036477836222,2.9128066469467524,nan
20260745,sat_01,90.0,0.04276085142205691,2.034840885206612,1.0264297509393399,3.3987105162203575
20260745,sat_01,92.0,0.04487063358073269,2.0862925035801365,1.2055733663505317,nan
20260745,sat_01,94.0,0.05012816933296124,2.427064616951765,6.12305791091347,nan
20260745,sat_01,96.0,0.05528912073087463,2.755442881558676,2.42809809916752,nan
20260745,sat_01,98.0,0.05695220768825909,2.7323682717882685,1.247524115368094,nan
20260745,sat_01,100.0,0.05877164407845747,4.104732567427085,1.1928670494215494,0.41054590238876554
20260745,sat_01,102.0,0.060188122848561905,4.027203867187009,2.9778813591608717,nan
20260745,sat_01,104.0,0.06502780028294197,4.401311050483052,1.4764245062809611,nan
20260745,sat_01,106.0,0.06837952549808757,4.56152145161918,1.373970652478692,nan
20260745,sat_01,108.0,0.06953849129104567,4.42713584367398,5.54470940573863,nan
20260745,sat_01,110.0,0.07441540851283407,6.979933132933363,1.025650485977187,2.171005617235104
20260745,sat_01,112.0,0.07248385722386436,6.217848493363404,7.681397613369057,nan
20260745,sat_01,114.0,0.07465218195841358,6.19719396899871,0.38474140289091274,nan
20260745,sat_01,116.0,0.07636895403560857,6.099826463446718,1.2122473890009944,nan
20260745,sat_01,118.0,0.07450139805519608,5.465987168585481,2.646947578987465,nan
20260745,sat_01,120.0,0.04773514422161691,3.0264780631244337,2.649337844937086,6.1061805001225755
20260745,sat_02,0.0,0.08922429539656793,3.1923502863912554,0.011208926755996771,1.50090003002814
20260745,sat_02,2.0,0.08854514613068945,3.0213252109655824,2.9492841680764954,nan
20260745,sat_02,4.0,0.08126428398849642,2.285738616014141,6.262719586484742,nan
20260745,sat_02,6.0,0.07538579592969441,1.684947794314159,1.3496885948196227,nan
20260745,sat_02,8.0,0.07077296465460743,1.2382127749674732,0.006740216938138319,nan
20260745,sat_02,10.0,0.028562082283509538,0.49259999566424856,9.111356468443724,1.761654048028665
20260745,sat_02,12.0,0.03139960546785581,0.48206300386619927,1.6619081140687024,nan
20260745,sat_02,14.0,0.03552097876970648,0.4922085420042441,2.3780003575716293,nan
20260745,sat_02,16.0,0.04336966875363839,0.5858718876762115,1.199314124835011,nan
20260745,sat_02,18.0,0.051851268134121636,0.6744508181412643,1.1535578198496992,nan
20260745,sat_02,20.0,0.0930096830673751,5.2295971349559816,3.6037934249759247,1.7959597361035204
20260745,sat_02,22.0,0.10518016226778089,5.487404867041547,1.0476350035711501,nan
20260745,sat_02,24.0,0.11734292506461998,5.632918728571529,4.66442457036172,nan
20260745,sat_02,26.0,0.12729708814382676,5.512943598634421,4.082741125055585,nan
20260745,sat_02,28.0,0.13858389585359032,5.485922079013481,0.6317263214467166,nan
20260745,sat_02,30.0,0.052837469578757776,1.7928657805200774,0.7143430155420654,5.597728187782693
20260745,sat_02,32.0,0.0584100008069405,1.8698051448382897,4.6399272867781365,nan
20260745,sat_02,34.0,0.06424552165426442,1.940708082910041,0.1507053342493176,nan
20260745,sat_02,36.0,0.07075915855717554,2.0323311714673924,1.6163973686000692,nan
20260745,sat_02,38.0,0.0758030612741318,2.026845709993847,1.795247994177118,nan
20260745,sat_02,40.0,0.0652982977625802,3.021261467624153,2.8628692528692516,0.33969479664537416
20260745,sat_02,42.0,0.06981930073887625,3.0347561992332763,0.9045290922189252,nan
20260745,sat_02,44.0,0.07452903609712984,3.0498692136876167,0.11141984370860311,nan
20260745,sat_02,46.0,0.0777063484863465,2.9368167267594343,1.10884242097405,nan
20260745,sat_02,48.0,0.08328422190961862,3.0017403028505663,4.815302456843089,nan
20260745,sat_02,50.0,0.0682442497628782,3.6642010442817456,1.2787438846719368,2.672667748699994
20260745,sat_02,52.0,0.072519419331572,3.7088053247969466,0.10405076279996311,nan
20260745,sat_02,54.0,0.07447360066951571,3.515698319173473,4.069742719818846,nan
20260745,sat_02,56.0,0.0763595381380307,3.332395347714855,1.6428306517282736,nan
20260745,sat_02,58.0,0.0804910021359302,3.3494685480991153,0.8529663959519846,nan
20260745,sat_02,60.0,0.04713522607722262,1.9312571023214404,2.4215891900346618,3.851501832964857
20260745,sat_02,62.0,0.04816009183391076,1.832938852605303,0.436835342456004,nan
20260745,sat_02,64.0,0.050728587644314704,1.8526548497152688,6.142656296711704,nan
20260745,sat_02,66.0,0.049108576888755376,1.5853879574509488,3.889222648993502,nan
20260745,sat_02,68.0,0.05072218170701367,1.5481475322066813,1.6330319247615181,nan
20260745,sat_02,70.0,0.049547620209780846,2.337370635618028,0.8604532755933791,0.39499358808858237
20260745,sat_02,72.0,0.051113807356112075,2.2848023351423263,2.5781867648923895,nan
20260745,sat_02,74.0,0.05446033509529564,2.3861685101236714,1.2396453037927302,nan
20260745,sat_02,76.0,0.05590103084695286,2.317162854542035,6.42802005865068,nan
20260745,sat_02,78.0,0.05658172363962992,2.1922180635823407,1.4504626375196854,nan
20260745,sat_02,80.0,0.04619433355018618,2.205691648385369,1.995737943409941,1.7211820950347096
20260745,sat_02,82.0,0.04619321409816086,2.0415836301985415,0.830549874689132,nan
20260745,sat_02,84.0,0.04614430368492507,1.888109689089347,1.2317163109995544,nan
20260745,sat_02,86.0,0.04630815138546186,1.7649708977322072,2.1349838260327285,nan
20260745,sat_02,88.0,0.04685905182736934,1.6801546110717462,2.473713764556364,nan
20260745,sat_02,90.0,0.04112786825471569,1.8823352307209062,2.9990128565962513,1.3419708318450656
20260745,sat_02,92.0,0.04170053647220737,1.8019072263735785,1.0618469305202762,nan
20260745,sat_02,94.0,0.044368520056195564,1.9013061768851849,1.4153623703298244,nan
20260745,sat_02,96.0,0.04579477477981792,1.8903274141130197,0.9766871508928862,nan
20260745,sat_02,98.0,0.05037263968823653,2.1374486450580252,2.9391867650254015,nan
20260745,sat_02,100.0,0.040852844442099336,1.983597697992511,0.204831192422865,4.9468759454905324
20260745,sat_02,102.0,0.044249861828040034,2.177017187008627,3.4649065126151326,nan
20260745,sat_02,104.0,0.047710682707971415,2.36954198844506,2.3020394637481356,nan
20260745,sat_02,106.0,0.048802362926762814,2.3238281823882327,3.564061188523544,nan
20260745,sat_02,108.0,0.04899964528907321,2.1984611297250654,0.8895798535320024,nan
20260745,sat_02,110.0,0.031244280284310304,1.230467841532374,0.7872436804941324,1.261856494547342
20260745,sat_02,112.0,0.030531362679947303,1.1032106820303744,2.9357737076651373,nan
20260745,sat_02,114.0,0.034297436888594594,1.3081026552359079,2.454375219456349,nan
20260745,sat_02,116.0,0.04050215478036986,1.7157016854772003,4.7554075929723325,nan
20260745,sat_02,118.0,0.03941824014156771,1.530170786350149,3.016791365230461,nan
20260745,sat_02,120.0,0.04913861720799118,3.2074077102263105,1.2194846951669382,0.2651009100648768
20260745,sat_03,0.0,0.10303398101184734,4.257015352848265,0.05495722948474476,1.2805597172531578
20260745,sat_03,2.0,0.10513028970269869,4.259153946673623,11.898464221224316,nan
20260745,sat_03,4.0,0.10634719529762979,3.9145187432164334,0.9982941698849728,nan
20260745,sat_03,6.0,0.10579256102939782,3.3183120939814406,1.2487341256018945,nan
20260745,sat_03,8.0,0.11147688582369397,3.072057050608323,4.676166028097176,nan
20260745,sat_03,10.0,0.056348228784858456,1.9172219483489972,0.5293172962792922,3.907644813588968
20260745,sat_03,12.0,0.05862061088078465,1.680213521129343,1.0383624793100434,nan
20260745,sat_03,14.0,0.06250261538848458,1.5240584132482455,0.4460337704843603,nan
20260745,sat_03,16.0,0.0680099364731377,1.4408156681208604,1.5533240120146092,nan
20260745,sat_03,18.0,0.07348365622367217,1.3547174571799698,0.410594161467982,nan
20260745,sat_03,20.0,0.034958901640502305,0.7388495176911927,0.870182589540984,3.050810055858993
20260745,sat_03,22.0,0.044066876543885795,0.9633445664449716,1.2589679962356222,nan
20260745,sat_03,24.0,0.05617104188147091,1.2910210312106787,6.002577481285319,nan
20260745,sat_03,26.0,0.06377897123459379,1.3842390297239004,9.034333728022808,nan
20260745,sat_03,28.0,0.07487622072582345,1.6019251552950087,1.5962254565809475,nan
20260745,sat_03,30.0,0.05081924497528938,1.6586408050925545,0.8398467749372406,0.6560676228541841
20260745,sat_03,32.0,0.05867315652469396,1.8869544308494088,3.3847849801630057,nan
20260745,sat_03,34.0,0.06662586431091591,2.087591762635707,3.85484031307851,nan
20260745,sat_03,36.0,0.07430266865973043,2.2415771304148806,2.102154717979853,nan
20260745,sat_03,38.0,0.08168917094255959,2.354603581780192,6.038465182332092,nan
20260745,sat_03,40.0,0.0222254409071847,0.34998436100170316,5.82611987338732,3.6209659777929666
20260745,sat_03,42.0,0.02506393399900199,0.39105355487426485,2.103701770184475,nan
20260745,sat_03,44.0,0.025552542887909292,0.3584610690649121,7.335634392226198,nan
20260745,sat_03,46.0,0.026987839633752734,0.3541999465754719,0.4221468557721054,nan
20260745,sat_03,48.0,0.027463529518862332,0.3264031936871461,3.819812106199045,nan
20260745,sat_03,50.0,0.03460977633625419,0.942348695310687,6.9558174016636105,2.369404238457095
20260745,sat_03,52.0,0.03721125556905791,0.9764031674409405,0.864886838823772,nan
20260745,sat_03,54.0,0.03858666448091068,0.9436588247581278,0.4263131641325865,nan
20260745,sat_03,56.0,0.03862304628771829,0.8523635530257878,5.690554839615759,nan
20260745,sat_03,58.0,0.04368390542076876,0.9863271309902449,8.526222203889848,nan
20260745,sat_03,60.0,0.04912821487789221,2.0977219651808614,7.01554632436546,0.17277958731902557
20260745,sat_03,62.0,0.05316276321049536,2.233144765211681,3.88005151013005,nan
20260745,sat_03,64.0,0.05577239975966394,2.2389431906624546,1.7226115590868538,nan
20260745,sat_03,66.0,0.057739073108813786,2.1911169183092696,4.1491177114003035,nan
20260745,sat_03,68.0,0.06162210254563128,2.28451970698021,0.6022831508545831,nan
20260745,sat_03,70.0,0.04162477487642039,1.6494793066219393,1.8925387537635907,1.6153673282992767
20260745,sat_03,72.0,0.04493085319637539,1.7652865372744626,1.867355018099182,nan
20260745,sat_03,74.0,0.047112375332083664,1.7854945612064879,7.018200493552761,nan
20260745,sat_03,76.0,0.054148243076789226,2.173776447378108,5.483316274919677,nan
20260745,sat_03,78.0,0.057903655826127096,2.295471564211341,2.0400780287988263,nan
20260745,sat_03,80.0,0.032749946576325906,1.1087592485821733,5.2450920174790285,3.7531945253853185
20260745,sat_03,82.0,0.03502959471443578,1.1741480388245886,0.2497193745044638,nan
20260745,sat_03,84.0,0.035684381190027925,1.1292432655543303,1.006999143654912,nan
20260745,sat_03,86.0,0.03826197376336691,1.2050336478843913,13.242289506934696,nan
20260745,sat_03,88.0,0.042812729401736804,1.4026940469479734,2.2220139949581292,nan
20260745,sat_03,90.0,0.041657549738846424,1.9306704538090738,1.8903027299335589,0.42638080966530506
20260745,sat_03,92.0,0.04457110111888886,2.0580034330983996,5.363844983385212,nan
20260745,sat_03,94.0,0.042072167917435364,1.709142686978496,5.007812125677175,nan
20260745,sat_03,96.0,0.04035094712806932,1.4671369061555066,5.5405446137004395,nan
20260745,sat_03,98.0,0.04019407656011469,1.3604988111736618,1.087034925121038,nan
20260745,sat_03,100.0,0.030293190769359744,1.090360743036422,3.5493613658135605,1.4576518257207738
20260745,sat_03,102.0,0.030227309147683085,1.0155375104617637,0.5524736195610851,nan
20260745,sat_03,104.0,0.03127800479376745,1.0180250049872361,0.5439978707008365,nan
20260745,sat_03,106.0,0.03134708543987549,0.9583982639038948,1.779519462868807,nan
20260745,sat_03,108.0,0.029735025070108285,0.8093451053589671,9.481999256550498,nan
20260745,sat_03,110.0,0.030669743670240644,1.1851538718279113,2.0186934548674635,2.615741220691158
20260745,sat_03,112.0,0.029027822015607302,0.9967754972452304,1.1701536961558197,nan
20260745,sat_03,114.0,0.027014984356671493,0.8111910876086522,3.5340928893466437,nan
20260745,sat_03,116.0,0.02323425527732529,0.5643354664931014,2.6616426984100254,nan
20260745,sat_03,118.0,0.023153529093190645,0.5276487825008117,4.586952689359439,nan
20260745,sat_03,120.0,0.046321224736402704,2.849110342366066,0.42756992774247415,2.2070486163835
20260746,sat_01,0.0,0.0413959368198856,0.687163028250045,0.06780089860136128,1.39707430641392
20260746,sat_01,2.0,0.03989573139933759,0.6133708786397131,2.3081080331225143,nan
20260746,sat_01,4.0,0.04048868958937995,0.5674169565334548,7.682977573137293,nan
20260746,sat_01,6.0,0.03817762584690583,0.43215275773169287,4.191511787819546,nan
20260746,sat_01,8.0,0.03782802736171156,0.353758043290792,2.9147558055702727,nan
20260746,sat_01,10.0,0.10739711105561921,6.964584018342912,2.1275068456608444,3.0440075574989054
20260746,sat_01,12.0,0.11822034954894615,6.833718919512605,0.5444480636026193,nan
20260746,sat_01,14.0,0.12846543237189512,6.4388693096407525,5.171787810818685,nan
20260746,sat_01,16.0,0.13849134914238223,5.975555367011465,0.6838433753113407,nan
20260746,sat_01,18.0,0.15055606105680275,5.688179887518387,4.959144591732935,nan
20260746,sat_01,20.0,0.06854594658685102,2.8402803948417628,5.085071648167129,5.183069735973436
20260746,sat_01,22.0,0.07478747291108388,2.774087059213617,1.636560510797633,nan
20260746,sat_01,24.0,0.08242313290568003,2.7788299080705148,1.5381302405756887,nan
20260746,sat_01,26.0,0.09006282311824196,2.7590473310844943,3.7760216179153634,nan
20260746,sat_01,28.0,0.09671793595061692,2.671439355685611,1.7117204911813464,nan
20260746,sat_01,30.0,0.07042665289056613,3.1850386820644143,4.549500094947771,2.615444181584999
20260746,sat_01,32.0,0.07370027983534576,2.976680892524505,2.4059154447093976,nan
20260746,sat_01,34.0,0.07577419360460627,2.699495302864251,1.0701897924724812,nan
20260746,sat_01,36.0,0.0778421499760526,2.4593300792447295,2.303141076930002,nan
20260746,sat_01,38.0,0.0808333123895265,2.304493305464634,0.7735687958270074,nan
20260746,sat_01,40.0,0.07357005385543347,3.835617580901504,2.4205130772220564,1.3958115039911665
20260746,sat_01,42.0,0.07583859728457941,3.5811028389593993,1.2900283480158634,nan
20260746,sat_01,44.0,0.07838081398709441,3.3739090220710812,5.331297887427143,nan
20260746,sat_01,46.0,0.07922274473161342,3.053214920735347,2.4370235188616003,nan
20260746,sat_01,48.0,0.08136975885910253,2.866150880063959,0.6656244271478742,nan
20260746,sat_01,50.0,0.04944167453923774,1.923454968389703,1.2204188436017096,2.370985518971776
20260746,sat_01,52.0,0.04828921912251162,1.644683402847618,3.2113085260549576,nan
20260746,sat_01,54.0,0.0499511776953058,1.581844613758069,1.365579886387219,nan
20260746,sat_01,56.0,0.05139534835878801,1.5099741653788286,2.1405675640901762,nan
20260746,sat_01,58.0,0.04979241875349313,1.282063697058359,1.628136640979503,nan
20260746,sat_01,60.0,0.05538638228783303,2.6673288678318,1.926992854296934,1.3979007345005459
20260746,sat_01,62.0,0.05956946323678706,2.805197324650214,4.847867333487896,nan
20260746,sat_01,64.0,0.06311062484349028,2.868426369788221,3.7043818000824094,nan
20260746,sat_01,66.0,0.06267517578029377,2.583234457729212,4.306657349404932,nan
20260746,sat_01,68.0,0.0615714592278713,2.2821440826056207,3.0052122326389163,nan
20260746,sat_01,70.0,0.02343164646244207,0.5229229169036232,0.28307985017179443,2.6924327008545266
20260746,sat_01,72.0,0.02091328997160942,0.3826230501284168,5.403998308256108,nan
20260746,sat_01,74.0,0.020127908337762537,0.32607749629512983,3.1196211327933825,nan
20260746,sat_01,76.0,0.018851285628540312,0.26361542142882144,0.8026591282784352,nan
20260746,sat_01,78.0,0.021243211588464112,0.3091271758008536,3.9749506929936,nan
20260746,sat_01,80.0,0.0338878803564606,1.1871326623880576,1.3911698994203199,1.4795625166490731
20260746,sat_01,82.0,0.03148345776053187,0.9484436604576902,3.449921396423159,nan
20260746,sat_01,84.0,0.0308507001428928,0.8440230736832606,0.5495518992034449,nan
20260746,sat_01,86.0,0.03266122730239938,0.8780212615359708,1.1389679961685923,nan
20260746,sat_01,88.0,0.030570580557002534,0.7151198464061574,3.2378158430192814,nan
20260746,sat_01,90.0,0.025434049439014172,0.7197360394963518,5.017893685072595,1.2228943011789921
20260746,sat_01,92.0,0.02741021840775248,0.7783478787510685,3.0460013575145597,nan
20260746,sat_01,94.0,0.02836176835025701,0.7767349749550386,4.9622733424817715,nan
20260746,sat_01,96.0,0.02598376392543887,0.608446238418685,5.872630825608811,nan
20260746,sat_01,98.0,0.02574279807738312,0.5581141815292097,3.234482642651001,nan
20260746,sat_01,100.0,0.028177724881947436,0.9435514942952582,1.0739622543906457,0.15679687217266927
20260746,sat_01,102.0,0.026643618908067192,0.7891973019129334,4.063388782274345,nan
20260746,sat_01,104.0,0.03097305127289073,0.9985715319118025,3.0918193531034297,nan
20260746,sat_01,106.0,0.031186360890143056,0.9488933134712446,0.5119567845375599,nan
20260746,sat_01,108.0,0.033835393213591455,1.04816257109942,1.883056335431453,nan
20260746,sat_01,110.0,0.041921739011056516,2.214982211118529,1.2908957296020076,0.10250318769836424
20260746,sat_01,112.0,0.044302148598939405,2.3226594514218215,6.53194576145636,nan
20260746,sat_01,114.0,0.046013722223656794,2.354336270366607,0.5896748275376187,nan
20260746,sat_01,116.0,0.04584302499136671,2.197990384200396,6.962768210715966,nan
20260746,sat_01,118.0,0.04530315041632625,2.0211307421719855,1.3714021949700526,nan
20260746,sat_01,120.0,0.03138441577402888,1.3083069484104701,3.684528794679567,2.031588657849529
20260746,sat_02,0.0,0.14972691156750548,8.989672251543805,0.03487465388494374,1.1891086234050317
20260746,sat_02,2.0,0.1541712818812761,9.159579752599178,1.5016807876034735,nan
20260746,sat_02,4.0,0.1594417575068436,8.799007546298899,0.2905562381918612,nan
20260746,sat_02,6.0,0.16306771631486508,7.8840177788457275,0.9568688822386511,nan
20260746,sat_02,8.0,0.16533054778884645,6.7572899517098195,1.715695974112961,nan
20260746,sat_02,10.0,0.11875378498249343,8.515513285494823,7.505670244325206,1.3375964405653593
20260746,sat_02,12.0,0.1209949091243233,7.158040085947696,1.8853675610771765,nan
20260746,sat_02,14.0,0.12038208606038209,5.653621027456011,1.5781537772057614,nan
20260746,sat_02,16.0,0.11888426253344486,4.402763833561172,1.36200792293923,nan
20260746,sat_02,18.0,0.12149727178309294,3.7036457438579875,2.7475652236826154,nan
20260746,sat_02,20.0,0.029263813113200754,0.5176653949591477,2.0292529368854666,4.882637064410438
20260746,sat_02,22.0,0.032203071135138955,0.5143398013147951,0.4179068402510269,nan
20260746,sat_02,24.0,0.0387349549639069,0.613721767638741,2.1583610155270536,nan
20260746,sat_02,26.0,0.0472680490028927,0.7600030955622215,0.20447459359164963,nan
20260746,sat_02,28.0,0.05709012645139755,0.9308397625318654,0.4863719205215058,nan
20260746,sat_02,30.0,0.01926053075995201,0.23818641231133697,0.8142628717062427,2.734196628898153
20260746,sat_02,32.0,0.01950822461188283,0.2085182031115862,0.8378925613908846,nan
20260746,sat_02,34.0,0.02356017623204368,0.26093171967736023,4.11793691862181,nan
20260746,sat_02,36.0,0.030188005293045495,0.3698347237672685,1.6767402344243276,nan
20260746,sat_02,38.0,0.03603951996176694,0.458070824158635,2.6848981424014307,nan
20260746,sat_02,40.0,0.018335740404429233,0.23819267101816782,1.2217739421244231,1.9200410531429488
20260746,sat_02,42.0,0.01506823646004973,0.14133532904218646,2.907118254608162,nan
20260746,sat_02,44.0,0.013576956467415533,0.10120743413901598,1.1388303246025056,nan
20260746,sat_02,46.0,0.012890680531828468,0.0808097926395071,5.192266620275258,nan
20260746,sat_02,48.0,0.01598260992451817,0.11054255090463025,1.5621732581462786,nan
20260746,sat_02,50.0,0.03926615389152105,1.21285606795026,1.0487211284025253,0.8126025314355277
20260746,sat_02,52.0,0.04182567332391818,1.2334578405770211,1.5557572160505737,nan
20260746,sat_02,54.0,0.0467727677192096,1.3864129698714396,1.1673868938854084,nan
20260746,sat_02,56.0,0.05114467966503076,1.4946124067048663,0.8069657975910343,nan
20260746,sat_02,58.0,0.05733251361877375,1.6989088512450023,4.355193396871284,nan
20260746,sat_02,60.0,0.03164077314871857,0.8704311728102677,0.976228091598616,4.380786516864003
20260746,sat_02,62.0,0.03633163842196763,1.0433981950995188,5.79038570569616,nan
20260746,sat_02,64.0,0.04306499659987833,1.3355051414780765,6.1908495050126,nan
20260746,sat_02,66.0,0.04830954157439393,1.5345789675310977,1.7131236334596005,nan
20260746,sat_02,68.0,0.05380378434181117,1.742417897584391,0.4165826783002865,nan
20260746,sat_02,70.0,0.03769160333927082,1.352909808908395,2.4003866298674197,1.0337978470858953
20260746,sat_02,72.0,0.03984602418532409,1.3887933864214894,7.203630659101461,nan
20260746,sat_02,74.0,0.04134877465101749,1.3758154417633592,4.727975519678814,nan
20260746,sat_02,76.0,0.04305091530304509,1.3745353682364188,1.3728626183259771,nan
20260746,sat_02,78.0,0.04849150413746881,1.6104473254751193,1.1791406999955312,nan
20260746,sat_02,80.0,0.03158556604906409,1.0311596615577368,4.017688858884728,6.401038242173166
20260746,sat_02,82.0,0.03611217612293165,1.2476453467607143,5.161497442348151,nan
20260746,sat_02,84.0,0.03907701460199312,1.3539228750081524,1.0795232193679962,nan
20260746,sat_02,86.0,0.03986490966569271,1.3078189801762379,0.7155991340860074,nan
20260746,sat_02,88.0,0.04433533385763915,1.5038394174443779,2.8007658306349192,nan
20260746,sat_02,90.0,0.02494052471133331,0.6920997331929457,1.0394562243234002,4.2907316116730385
20260746,sat_02,92.0,0.027010688846851164,0.7558566400334048,1.8302674602676339,nan
20260746,sat_02,94.0,0.02987160025905872,0.8616452026890334,2.3396810542356308,nan
20260746,sat_02,96.0,0.03305444625162037,0.9845981659614453,1.7510588365463224,nan
20260746,sat_02,98.0,0.038424257421922646,1.2434103858960897,3.9116339590241833,nan
20260746,sat_02,100.0,0.04962635625274919,2.926348946517236,1.7331247242130334,0.8388936785641055
20260746,sat_02,102.0,0.05502718002381771,3.3656949743631177,1.9567014943796166,nan
20260746,sat_02,104.0,0.05664785753118395,3.33948921366947,1.723482859282429,nan
20260746,sat_02,106.0,0.059794356992129934,3.4873755583669848,1.6708785996715418,nan
20260746,sat_02,108.0,0.06336070573703198,3.6746924762545956,1.0724791031471799,nan
20260746,sat_02,110.0,0.038275220460873345,1.8461054094809803,3.3092323335754013,5.13806035061797
20260746,sat_02,112.0,0.04110998473036576,1.9995513348879117,1.1903658401246902,nan
20260746,sat_02,114.0,0.04681535802237369,2.436450547992496,4.653383944082798,nan
20260746,sat_02,116.0,0.050548230232704564,2.6714986780103533,0.6963274660601496,nan
20260746,sat_02,118.0,0.053341190689324115,2.801014519968209,3.1152596968044666,nan
20260746,sat_02,120.0,0.059629060294639095,4.722396719999911,3.685437792371692,1.541733991825435
20260746,sat_03,0.0,0.0731973949030721,2.14850101434513,0.00741032683172776,1.548222469925193
20260746,sat_03,2.0,0.06867347901233725,1.8173837598950426,2.1676397820667197,nan
20260746,sat_03,4.0,0.0651721163192345,1.4701186423883623,2.9426906178496672,nan
20260746,sat_03,6.0,0.06098839206899875,1.1028185795312138,2.1378578254160145,nan
20260746,sat_03,8.0,0.057036721123990365,0.8042164356164744,1.3754966692466772,nan
20260746,sat_03,10.0,0.0490881810956799,1.455012041113349,0.057284514777743385,0.6420321985180214
20260746,sat_03,12.0,0.04960692766032714,1.203229349639984,2.1644661046692875,nan
20260746,sat_03,14.0,0.05329600393954725,1.1081604513198315,4.846032929976363,nan
20260746,sat_03,16.0,0.057247681972359805,1.0209574677892865,3.882544122412657,nan
20260746,sat_03,18.0,0.06243948303501684,0.9782104055188756,2.444552974817786,nan
20260746,sat_03,20.0,0.021855496110288305,0.28874955022436954,1.0091621652433282,1.3898918241756189
20260746,sat_03,22.0,0.027763778931945735,0.3823359653748239,0.8908658940618506,nan
20260746,sat_03,24.0,0.03364505752458252,0.46308343360883214,1.641117629010672,nan
20260746,sat_03,26.0,0.03957184201903919,0.5327585600306801,0.9363786867761832,nan
20260746,sat_03,28.0,0.044992612088411564,0.5782680611669334,0.4867936271141383,nan
20260746,sat_03,30.0,0.03254197502478111,0.6799248488783939,3.6078710354041026,0.9323954941890733
20260746,sat_03,32.0,0.033488850729021115,0.6144771857296244,1.9320908653007813,nan
20260746,sat_03,34.0,0.03361918417658128,0.5312756466867478,2.480842941494628,nan
20260746,sat_03,36.0,0.03712638823359695,0.5593576954628343,7.0109860420210595,nan
20260746,sat_03,38.0,0.03940606404088278,0.5476070163124843,0.5252206512007584,nan
20260746,sat_03,40.0,0.03636187679199662,0.9369287058891039,1.690018650238843,0.15921545010943636
20260746,sat_03,42.0,0.04098381898809182,1.0457783095381994,1.9044362576159108,nan
20260746,sat_03,44.0,0.04188228104724229,0.963307996863383,8.53569443864644,nan
20260746,sat_03,46.0,0.04455891807932937,0.9658408846798866,9.174465157859492,nan
20260746,sat_03,48.0,0.0486463052917912,1.0243432521327875,1.1093453269900442,nan
20260746,sat_03,50.0,0.024767984944933152,0.48267939326806275,10.432205237229526,0.6123960575478405
20260746,sat_03,52.0,0.02603593332551493,0.4780924141461493,0.1718070854818392,nan
20260746,sat_03,54.0,0.02886757876036579,0.5282830372364719,0.7593340062946184,nan
20260746,sat_03,56.0,0.029157367408712664,0.48592622668108726,1.0142812225351951,nan
20260746,sat_03,58.0,0.030449401866788572,0.4793606388125138,3.5535190077548267,nan
20260746,sat_03,60.0,0.050511853523442896,2.2183495245622247,0.3756972523433971,3.2739854881848847
20260746,sat_03,62.0,0.05045685817280571,2.0124732186285352,3.1183998582359798,nan
20260746,sat_03,64.0,0.05631103093191835,2.2835051819714427,7.838036993108516,nan
20260746,sat_03,66.0,0.060141940886905006,2.378524051364946,5.337629465444198,nan
20260746,sat_03,68.0,0.06167670380547122,2.2898966074621283,5.194467848382012,nan
20260746,sat_03,70.0,0.04209089770807583,1.6872690986507894,2.6032632097180475,2.284819131852399
20260746,sat_03,72.0,0.04341924977736461,1.649191192240397,3.375235795665108,nan
20260746,sat_03,74.0,0.045743548495026924,1.684016174640139,0.679354482259833,nan
20260746,sat_03,76.0,0.04592648496084262,1.564555025624812,3.095326337129647,nan
20260746,sat_03,78.0,0.05077665917058441,1.7661810051965197,3.0485172304786956,nan
20260746,sat_03,80.0,0.04455663410633544,2.052743455990032,0.37298434757816035,0.1414498986822554
20260746,sat_03,82.0,0.04225913369958801,1.709227131086626,10.01340023349213,nan
20260746,sat_03,84.0,0.04447158455405904,1.7543433519664569,0.6689181683635026,nan
20260746,sat_03,86.0,0.0442594523772276,1.6128388712076103,0.5309385519449157,nan
20260746,sat_03,88.0,0.046303274898084654,1.641150489176843,3.177175656593595,nan
20260746,sat_03,90.0,0.030715171646819358,1.0498155362125492,2.2933447324852145,0.9606260554055712
20260746,sat_03,92.0,0.032237116701593425,1.0768617225959503,9.398420850337567,nan
20260746,sat_03,94.0,0.03247197244712563,1.0184063634848464,1.7988119992792506,nan
20260746,sat_03,96.0,0.035972470144477416,1.1663833454491188,1.1944721085588865,nan
20260746,sat_03,98.0,0.03622946230623761,1.105724575659061,1.4820249417526572,nan
20260746,sat_03,100.0,0.012690755011873165,0.19135250843959178,2.5365076046718356,4.08446566137912
20260746,sat_03,102.0,0.015033875344905665,0.2512044813163245,2.414192208766837,nan
20260746,sat_03,104.0,0.015419080300399308,0.24738333180106276,2.985929437457546,nan
20260746,sat_03,106.0,0.012795645070498426,0.15967039038861439,4.906710791287587,nan
20260746,sat_03,108.0,0.012291071903043873,0.13825332866831078,0.2531896577026322,nan
20260746,sat_03,110.0,0.012751318839129284,0.20488700786961575,1.3133308706391202,0.1220912098001736
20260746,sat_03,112.0,0.015553216904614692,0.28619559246297,1.9080526476815818,nan
20260746,sat_03,114.0,0.017318841171937438,0.3334227019497831,0.772503956557772,nan
20260746,sat_03,116.0,0.021361156772867346,0.47703461992072804,2.6740323681535787,nan
20260746,sat_03,118.0,0.02280368800878866,0.5118325161939615,4.748798820788597,nan
20260746,sat_03,120.0,0.02842190224622986,1.0726803988631866,2.0720732138757363,0.2675829227854988
20260747,sat_01,0.0,0.09681305538415844,3.75847895111139,0.05101065682108187,1.169115703244879
20260747,sat_01,2.0,0.10296855543757057,4.085797962947386,1.7188946251143662,nan
20260747,sat_01,4.0,0.10658649116866604,3.932150551114268,0.8195198960040968,nan
20260747,sat_01,6.0,0.10918611217932125,3.53460232030613,8.523525569674916,nan
20260747,sat_01,8.0,0.11133338425588526,3.0641426258803515,0.6048306608468857,nan
20260747,sat_01,10.0,0.032004240964550436,0.6184929470713014,0.9371752490539618,2.7182876519476062
20260747,sat_01,12.0,0.03160127585789416,0.4882718200125389,2.0830123491332877,nan
20260747,sat_01,14.0,0.03319086959190281,0.4297483837090544,0.353584053565015,nan
20260747,sat_01,16.0,0.03628218553732219,0.41003789055085516,1.0472497089820172,nan
20260747,sat_01,18.0,0.042011732933012864,0.44279125200821023,1.837838541722153,nan
20260747,sat_01,20.0,0.041006429726191174,1.0165364063864428,2.9392883600904356,1.4066713377132953
20260747,sat_01,22.0,0.0429884754617959,0.9166577316355776,0.6030590161833692,nan
20260747,sat_01,24.0,0.04442091087292245,0.8072181628708577,1.066619064784237,nan
20260747,sat_01,26.0,0.04859883059348596,0.8034710154581369,1.9145099129581058,nan
20260747,sat_01,28.0,0.05388318905173711,0.8292328250539172,2.217685885574772,nan
20260747,sat_01,30.0,0.06313439210421563,2.5594295654020645,0.6281151561906166,0.46510847100868263
20260747,sat_01,32.0,0.066864718622221,2.44987656158703,1.639895516085756,nan
20260747,sat_01,34.0,0.07010064845060363,2.3101028662387293,1.3820503206720054,nan
20260747,sat_01,36.0,0.07451876021566112,2.2534932587603365,0.6762421398229228,nan
20260747,sat_01,38.0,0.07954271357800335,2.2310825195043043,1.9044206119613114,nan
20260747,sat_01,40.0,0.06291193246422613,2.8040669896789727,0.7000126043486752,4.40677766561081
20260747,sat_01,42.0,0.0687415650515876,2.941216557402166,6.665793737132474,nan
20260747,sat_01,44.0,0.07430988706140161,3.031219287750015,6.468141623541054,nan
20260747,sat_01,46.0,0.07954699514057628,3.0767240041549915,0.37948666126591873,nan
20260747,sat_01,48.0,0.08674903616147228,3.2557678249951065,1.1571019671661045,nan
20260747,sat_01,50.0,0.04312570561958924,1.4632290008359303,1.7980871214762326,2.2026420154500204
20260747,sat_01,52.0,0.045617633751934776,1.4675285282114896,1.9324210121335892,nan
20260747,sat_01,54.0,0.049579830705163024,1.5581532395109756,0.3173223327750766,nan
20260747,sat_01,56.0,0.055108692297251,1.7356835714363785,1.6530330440716878,nan
20260747,sat_01,58.0,0.061257130357455565,1.9399364267370893,1.8806554271571636,nan
20260747,sat_01,60.0,0.06739553436370646,3.948791614101371,1.8877775456567807,1.057125429267832
20260747,sat_01,62.0,0.07133889075281134,4.022443275791056,4.097912389448985,nan
20260747,sat_01,64.0,0.0752509477752024,4.077412871203138,2.3676441574911444,nan
20260747,sat_01,66.0,0.07797339081193558,3.997396464955043,1.662730307421452,nan
20260747,sat_01,68.0,0.07890727071412931,3.747331531900885,8.168769321887492,nan
20260747,sat_01,70.0,0.07478007968963792,5.324955700720395,2.5398529358013198,1.6633549722099932
20260747,sat_01,72.0,0.07781040332024093,5.2955913821234,3.5129093086143026,nan
20260747,sat_01,74.0,0.07849245901031571,4.957569391863476,3.4962764613196566,nan
20260747,sat_01,76.0,0.08097712529945489,4.8631206179680015,4.867117425248784,nan
20260747,sat_01,78.0,0.08467941330070133,4.9109818100474,1.8111654289759833,nan
20260747,sat_01,80.0,0.08020816953704976,6.650820418737106,0.7724420000201316,0.26845816841647807
20260747,sat_01,82.0,0.08439346310878856,6.815606335981875,0.870816908212202,nan
20260747,sat_01,84.0,0.09131030864666438,7.394301519080168,13.654527797902006,nan
20260747,sat_01,86.0,0.09237683674733521,7.024336724346577,1.9842947609687742,nan
20260747,sat_01,88.0,0.09665189256249469,7.148979820815031,3.5095098408234473,nan
20260747,sat_01,90.0,0.06076468425498151,4.108237938718536,0.6767931197807473,3.837781145995742
20260747,sat_01,92.0,0.06515606116708428,4.398144201783521,5.780513580452197,nan
20260747,sat_01,94.0,0.06740207793031715,4.38678808852199,1.818086569219932,nan
20260747,sat_01,96.0,0.0733897202319634,4.853488752207841,2.661646231643011,nan
20260747,sat_01,98.0,0.07902099613322637,5.258675770632103,2.6416478949964173,nan
20260747,sat_01,100.0,0.046455907659537395,2.564392139663574,0.1374654342955763,3.5396500929823493
20260747,sat_01,102.0,0.04919220829257623,2.6898013726771075,2.5329445830669615,nan
20260747,sat_01,104.0,0.04947556563496388,2.547422070215701,1.373857724355409,nan
20260747,sat_01,106.0,0.05036850872983916,2.474577546481015,1.682225701255687,nan
20260747,sat_01,108.0,0.05355714700457051,2.6255638915256387,0.8766835086095203,nan
20260747,sat_01,110.0,0.05969271226604011,4.489914367288032,2.179591047156402,0.615679086220303
20260747,sat_01,112.0,0.05845731488624227,4.04289456914469,2.602306400069689,nan
20260747,sat_01,114.0,0.049898968522072706,2.767813879424809,18.085325730594462,nan
20260747,sat_01,116.0,0.051207170957743624,2.741396905351692,1.5582599062901947,nan
20260747,sat_01,118.0,0.05576889482200764,3.0615170468728334,4.999592912613323,nan
20260747,sat_01,120.0,0.050474650199046386,3.383383549980424,3.7737327071693603,0.4704688108710605
20260747,sat_02,0.0,0.017874201347797773,0.1281143162027249,0.017475179825275904,1.3432184372624245
20260747,sat_02,2.0,0.021930652532784336,0.18534068174251567,0.9074033928736313,nan
20260747,sat_02,4.0,0.0261992229128668,0.23757622637384457,1.866061826226986,nan
20260747,sat_02,6.0,0.0328235698162373,0.3194308693793888,2.3113536017690373,nan
20260747,sat_02,8.0,0.03878725551485594,0.3719118689032185,3.3164415063620587,nan
20260747,sat_02,10.0,0.07587746288105511,3.476490524477863,1.5264266034557123,0.4748438282604128
20260747,sat_02,12.0,0.08515311440584415,3.5453988465627644,0.4509190237883456,nan
20260747,sat_02,14.0,0.0919734275729215,3.300173800311042,2.6096008116269163,nan
20260747,sat_02,16.0,0.09780103117939612,2.9797324656438664,2.0887709663100567,nan
20260747,sat_02,18.0,0.10669614226778233,2.8563510906711285,1.405455931423396,nan
20260747,sat_02,20.0,0.05960838028546779,2.1478633106145275,0.3599639310504257,2.9486533558796975
20260747,sat_02,22.0,0.06606329317139174,2.1646012370511696,2.6903946193136528,nan
20260747,sat_02,24.0,0.07160299998328651,2.097128093202892,0.15381406997144081,nan
20260747,sat_02,26.0,0.07991665534176519,2.172419875042694,3.962134586690714,nan
20260747,sat_02,28.0,0.08496187530885259,2.061516630132867,5.813125364432405,nan
20260747,sat_02,30.0,0.043400889751357516,1.2095019242709548,1.638729139993139,2.3940323870636195
20260747,sat_02,32.0,0.0474045223576965,1.2313914113516342,1.6970601313652591,nan
20260747,sat_02,34.0,0.05145863764999391,1.2448549823994823,0.3341912254815402,nan
20260747,sat_02,36.0,0.056370120528383014,1.289590948315194,3.761732310072258,nan
20260747,sat_02,38.0,0.060993425993582505,1.3119420950911667,3.4356110983600003,nan
20260747,sat_02,40.0,0.06992340418857004,3.4633769186406376,1.5235932953358997,0.9798517118067566
20260747,sat_02,42.0,0.0743372542242239,3.4388576257108596,1.2025127548964414,nan
20260747,sat_02,44.0,0.07650054026796008,3.211826782296288,2.7357808537048407,nan
20260747,sat_02,46.0,0.07930339654311691,3.05710086476899,0.35488173678615065,nan
20260747,sat_02,48.0,0.08361392742904016,3.0238225913173835,2.0628384214590727,nan
20260747,sat_02,50.0,0.07992923653678945,5.025504947581322,2.609731866548606,0.6916728487202568
20260747,sat_02,52.0,0.08325254433107264,4.8868268024237675,1.3751208815676885,nan
20260747,sat_02,54.0,0.08404713650131404,4.476536878287629,3.763870828181802,nan
20260747,sat_02,56.0,0.08545322649921909,4.172188038092164,2.824064809207341,nan
20260747,sat_02,58.0,0.0874049728187982,3.9483896046045235,3.9286884945924405,nan
20260747,sat_02,60.0,0.10364863199238412,9.337763809330792,0.8947751880531494,6.955705726312629
20260747,sat_02,62.0,0.1071203709217906,9.067383302208908,1.5122068918179548,nan
20260747,sat_02,64.0,0.1114046329531682,8.934044448897087,3.0684615660792183,nan
20260747,sat_02,66.0,0.11314247693012008,8.414069196615047,5.915506841477653,nan
20260747,sat_02,68.0,0.11646228756492172,8.160612424225812,0.7843202686529924,nan
20260747,sat_02,70.0,0.07456019311695816,5.2937553925406435,0.5823130226635218,8.999916000003141
20260747,sat_02,72.0,0.07913501563835182,5.477588158237872,0.908258613112984,nan
20260747,sat_02,74.0,0.08106226366838869,5.287671104046956,2.513770843968513,nan
20260747,sat_02,76.0,0.08327187022098687,5.142653278079558,1.6559116083492869,nan
20260747,sat_02,78.0,0.09099291663084401,5.670634221153444,11.116028492842247,nan
20260747,sat_02,80.0,0.0967063403258417,9.667343125976547,1.9442600245321389,2.5292054423924704
20260747,sat_02,82.0,0.10120962223105902,9.801315360169973,0.2253632343838084,nan
20260747,sat_02,84.0,0.10297343979155063,9.40310787716508,2.009336888278762,nan
20260747,sat_02,86.0,0.11026528117873834,10.00740289357935,3.6399642867828317,nan
20260747,sat_02,88.0,0.11338620349807102,9.837853747958395,2.79487967067029,nan
20260747,sat_02,90.0,0.04057410379718793,1.831503376969859,0.308392187918051,15.216829603639377
20260747,sat_02,92.0,0.04279965790947786,1.8975820158832395,1.6596466726170696,nan
20260747,sat_02,94.0,0.04257191010343646,1.7499187908466922,2.8242947692345477,nan
20260747,sat_02,96.0,0.04595565903903767,1.903009573451659,1.1230408617181773,nan
20260747,sat_02,98.0,0.043463317798109455,1.5908236680029468,6.482552461507267,nan
20260747,sat_02,100.0,0.052502462653767776,3.2759732906862826,5.429581523323088,3.0276422002604177
20260747,sat_02,102.0,0.056615816257249346,3.5635513016579976,1.5285489189461083,nan
20260747,sat_02,104.0,0.05932140846177194,3.6628864122113214,2.8027291466884994,nan
20260747,sat_02,106.0,0.06343257467968877,3.925443760719096,1.2191514163821813,nan
20260747,sat_02,108.0,0.06629677792569721,4.023998459164654,0.6289458327243664,nan
20260747,sat_02,110.0,0.05978022516588847,4.503842692027131,1.2143912465490438,0.946905354408507
20260747,sat_02,112.0,0.06261139125482934,4.638705485039344,0.6604626818365913,nan
20260747,sat_02,114.0,0.06143202297315951,4.195956334871951,5.864515161219873,nan
20260747,sat_02,116.0,0.06342197363821489,4.206244110162136,2.9028286272026245,nan
20260747,sat_02,118.0,0.0662892837208979,4.326684604542841,1.165698548210877,nan
20260747,sat_02,120.0,0.03576741193440685,1.699220894214717,1.821084430396065,4.325149169069386
20260747,sat_03,0.0,0.14211235109057146,8.098559900965967,0.02028403739753028,1.3408797423564387
20260747,sat_03,2.0,0.14263824425828653,7.840418888827806,2.003729359249464,nan
20260747,sat_03,4.0,0.1436730147966352,7.1445695703002565,3.00377364045347,nan
20260747,sat_03,6.0,0.14195331626126814,5.974433800530657,2.488402874569592,nan
20260747,sat_03,8.0,0.13787888173784388,4.699538910142215,6.144956466813992,nan
20260747,sat_03,10.0,0.03952883097644326,0.9434956622330467,1.6246189126325203,3.1259252124169516
20260747,sat_03,12.0,0.02977770518319812,0.43355994352461613,0.5592183576778362,nan
20260747,sat_03,14.0,0.021019697327563154,0.17237733381009726,5.628156851829863,nan
20260747,sat_03,16.0,0.017091825974678385,0.09100414410376086,2.9008309307615505,nan
20260747,sat_03,18.0,0.013712940118770552,0.04717560870234966,4.206355894794246,nan
20260747,sat_03,20.0,0.06447010889363533,2.5125818766064056,0.30277688747607784,1.2708604431514727
20260747,sat_03,22.0,0.07129889148468749,2.521457554640746,0.33073332232545527,nan
20260747,sat_03,24.0,0.0817300055095664,2.7325603777981877,5.641041379172442,nan
20260747,sat_03,26.0,0.09175235787742135,2.8639620118740474,1.533958855304841,nan
20260747,sat_03,28.0,0.10280257541357642,3.018758511362413,2.465337051533399,nan
20260747,sat_03,30.0,0.11263763605547762,8.147813019004747,7.527456598116241,0.1417026003177236
20260747,sat_03,32.0,0.12448837193602506,8.493906479670873,1.044734488916771,nan
20260747,sat_03,34.0,0.13472333972096587,8.5351037966302,2.2405723250042002,nan
20260747,sat_03,36.0,0.14706941851400157,8.78102302303941,3.990651126731948,nan
20260747,sat_03,38.0,0.1600011686857012,9.031771517666257,2.7413320247773076,nan
20260747,sat_03,40.0,0.07784598201220498,4.293407588519704,0.7807129290861652,6.58632300290305
20260747,sat_03,42.0,0.0834853610963404,4.338314876670897,1.2207918500710653,nan
20260747,sat_03,44.0,0.08894042183791322,4.34257062539719,0.46622766169297997,nan
20260747,sat_03,46.0,0.09279509605210384,4.187228030152415,4.773919158043673,nan
20260747,sat_03,48.0,0.1001026331522018,4.335740432981986,1.4930768954919915,nan
20260747,sat_03,50.0,0.059876602455598914,2.8208314487498933,0.9530614995328163,2.6297914287873607
20260747,sat_03,52.0,0.061303024117985966,2.6504231332751678,2.689925812440621,nan
20260747,sat_03,54.0,0.06296206315248047,2.5130268062715566,0.5295804185936999,nan
20260747,sat_03,56.0,0.0649388928754443,2.4104025010624133,3.2768406882657035,nan
20260747,sat_03,58.0,0.06796967251849076,2.388769739805011,1.73801570039006,nan
20260747,sat_03,60.0,0.02922944021284991,0.7425203155233675,0.1859991957472241,2.502587720356024
20260747,sat_03,62.0,0.029768746810385292,0.700159718283373,2.7727827545133703,nan
20260747,sat_03,64.0,0.029709296516066835,0.6352730963935762,3.3454807154925494,nan
20260747,sat_03,66.0,0.028900340757532086,0.5488999354871145,0.6223407473850138,nan
20260747,sat_03,68.0,0.03056309152807105,0.5619276372618256,3.043455122411301,nan
20260747,sat_03,70.0,0.031680665772680604,0.9557905988853229,1.2335700759080626,0.4850578295512726
20260747,sat_03,72.0,0.03330588939107314,0.9703592963701767,1.0060314182281438,nan
20260747,sat_03,74.0,0.03418832588543769,0.9406477225385712,4.194922212296177,nan
20260747,sat_03,76.0,0.034569209121017214,0.8863734297874604,0.6099648306863429,nan
20260747,sat_03,78.0,0.03438544240878294,0.8098795663827567,1.5984270910720486,nan
20260747,sat_03,80.0,0.016065261048319544,0.26677403656891163,1.2466071738897992,2.134889271580796
20260747,sat_03,82.0,0.017247619772613777,0.2846170061273619,2.08275715651686,nan
20260747,sat_03,84.0,0.019458925848872405,0.3357465023611475,1.5593029110206809,nan
20260747,sat_03,86.0,0.02148703630505732,0.37998193571508676,1.9493464748339295,nan
20260747,sat_03,88.0,0.024662901836758948,0.46539575973117064,4.8652331049080875,nan
20260747,sat_03,90.0,0.020306904241339928,0.45878552249344007,1.5782006801357507,2.222145046083858
20260747,sat_03,92.0,0.02046913913616498,0.43403965197989247,0.22271932724594434,nan
20260747,sat_03,94.0,0.016478399999138853,0.2621889060506922,6.6906421229277635,nan
20260747,sat_03,96.0,0.019077206238293013,0.3279615461758036,4.495938512803947,nan
20260747,sat_03,98.0,0.021198398142693777,0.3784558313495616,1.3154179628013591,nan
20260747,sat_03,100.0,0.030395725409167938,1.0976842067113446,1.5158266023693887,2.0883792479190113
20260747,sat_03,102.0,0.028221787290394134,0.8851897014385812,2.480487651106959,nan
20260747,sat_03,104.0,0.03141046969509238,1.0265927812270754,4.30192147630983,nan
20260747,sat_03,106.0,0.03371684340570492,1.108664712433343,1.0245619470029594,nan
20260747,sat_03,108.0,0.037575855583723616,1.29216743041225,4.436510500620189,nan
20260747,sat_03,110.0,0.04348258823017916,2.3827702930949517,2.2613160798533456,4.87400945641515
20260747,sat_03,112.0,0.04656416702864149,2.5655684429878987,0.8414707107345465,nan
20260747,sat_03,114.0,0.04946639954746195,2.7205462097534774,2.7884468399211597,nan
20260747,sat_03,116.0,0.051084452881189416,2.728918558196508,1.2049070517513392,nan
20260747,sat_03,118.0,0.048836244176871525,2.3483679736215457,5.891838556660163,nan
20260747,sat_03,120.0,0.03736111451759965,1.8537771953450424,1.3428823347162862,3.1815617772627225
20260748,sat_01,0.0,0.07947715576322399,2.53296352703511,0.06696913321533017,1.3239341121077044
20260748,sat_01,2.0,0.0812964418863233,2.5469045983325627,3.5211477457660556,nan
20260748,sat_01,4.0,0.079488194968344,2.186942816074783,3.715342101946468,nan
20260748,sat_01,6.0,0.08278556336161287,2.0320052895021736,0.9657736416406896,nan
20260748,sat_01,8.0,0.08476383995688046,1.7762016010509687,0.898710990634193,nan
20260748,sat_01,10.0,0.04696988355026407,1.3321335458241177,3.9580019333150926,1.8734244530286543
20260748,sat_01,12.0,0.04921059039293896,1.1841054421533384,3.5395180758494313,nan
20260748,sat_01,14.0,0.05267020936857654,1.08235573284168,2.071559324200054,nan
20260748,sat_01,16.0,0.056041235826420684,0.9784700666794324,0.9016912680131346,nan
20260748,sat_01,18.0,0.06134010492688887,0.9441856181773849,1.1426436271372513,nan
20260748,sat_01,20.0,0.047174355456300304,1.3453671106297773,0.6561056464712411,0.30290481100608035
20260748,sat_01,22.0,0.05166613543275667,1.3241349591137774,1.1178598104934738,nan
20260748,sat_01,24.0,0.057228182302729365,1.339879070943323,5.971565087605845,nan
20260748,sat_01,26.0,0.06371555706849592,1.3811589592971774,2.622623062164349,nan
20260748,sat_01,28.0,0.06747052036067491,1.3002863213486384,3.4500303139181323,nan
20260748,sat_01,30.0,0.09538651583846215,5.84274270111793,0.4252841442056299,0.24285180693030256
20260748,sat_01,32.0,0.10365673535519496,5.888271600202143,0.5550319310005694,nan
20260748,sat_01,34.0,0.11211314782680766,5.909489961991814,0.4761761029781897,nan
20260748,sat_01,36.0,0.11872495273652663,5.7208948257376235,2.987065985657133,nan
20260748,sat_01,38.0,0.1274854891024153,5.731940039712043,0.36315974196540846,nan
20260748,sat_01,40.0,0.10891367679283821,8.405735875564158,3.4150040873440624,9.039727766959983
20260748,sat_01,42.0,0.1168232168467932,8.49692286250327,10.364307290460632,nan
20260748,sat_01,44.0,0.12185628974884756,8.153856628447631,1.7382645146181095,nan
20260748,sat_01,46.0,0.12579575386094388,7.697397934424394,7.655572187981837,nan
20260748,sat_01,48.0,0.1291773599358466,7.222550210662115,1.1857337753574295,nan
20260748,sat_01,50.0,0.09906822074236273,7.723631452259767,3.0978803093858986,2.9611888445619767
20260748,sat_01,52.0,0.10246219240326455,7.406091250916297,1.6714272223017295,nan
20260748,sat_01,54.0,0.10635513998725014,7.172635820951196,4.264184108448054,nan
20260748,sat_01,56.0,0.1080031639242317,6.669290694544901,4.1488603392216765,nan
20260748,sat_01,58.0,0.11398924278410355,6.720499873725618,4.389033657433726,nan
20260748,sat_01,60.0,0.038407148888918864,1.2822492916297972,6.2245176624290615,7.2868615709947235
20260748,sat_01,62.0,0.037574258090929895,1.115703669256617,0.9864850522410596,nan
20260748,sat_01,64.0,0.037541421695636276,1.0145968710319782,0.5330608398339505,nan
20260748,sat_01,66.0,0.037860160812695276,0.9421359542333811,6.1391496006101,nan
20260748,sat_01,68.0,0.03482761664114216,0.729729053039837,8.249033806287066,nan
20260748,sat_01,70.0,0.04337417621863305,1.7914555771140337,2.033713643790372,3.1441316344716035
20260748,sat_01,72.0,0.044673784341465184,1.7456121217684482,4.0215068851749045,nan
20260748,sat_01,74.0,0.044945955386238426,1.6256266588320363,6.903921533977545,nan
20260748,sat_01,76.0,0.04754770828479045,1.6767297973104884,1.3060671939919244,nan
20260748,sat_01,78.0,0.05027381364895218,1.7310830846627094,0.30973788210214603,nan
20260748,sat_01,80.0,0.03653887731005683,1.3800827161014213,3.387182903270423,2.274830622618193
20260748,sat_01,82.0,0.04094431724843642,1.6041035171615294,3.523188525761107,nan
20260748,sat_01,84.0,0.044008545450869595,1.7175445258455126,1.5662876079555927,nan
20260748,sat_01,86.0,0.047478388702673485,1.8554099156137935,5.151843503568385,nan
20260748,sat_01,88.0,0.04840072909076626,1.7926199529821865,1.1913222035727586,nan
20260748,sat_01,90.0,0.031127074293755403,1.0779405121265624,0.8859821381598175,5.223245204583433
20260748,sat_01,92.0,0.034724134783702024,1.2490682788333087,1.5174107345138914,nan
20260748,sat_01,94.0,0.03207155955377919,0.9931703896521047,6.037375178021865,nan
20260748,sat_01,96.0,0.035595027687911895,1.141676055967444,2.880399777657095,nan
20260748,sat_01,98.0,0.03997229645483476,1.3454463217422283,5.228342166058363,nan
20260748,sat_01,100.0,0.05308197186872886,3.3478751551789525,1.142090686519413,0.7644758192253035
20260748,sat_01,102.0,0.05274960927073053,3.0926329802519685,1.7027438764364757,nan
20260748,sat_01,104.0,0.05414639706410188,3.050947169064522,8.397707115484703,nan
20260748,sat_01,106.0,0.05214933989148576,2.652544322638882,3.574954215633638,nan
20260748,sat_01,108.0,0.05448993658284081,2.7177055663142746,1.4583402785948827,nan
20260748,sat_01,110.0,0.039027906853931704,1.919178408355037,1.8882134159194424,1.385471141143031
20260748,sat_01,112.0,0.04003061783463913,1.8956982052401083,5.475796777717751,nan
20260748,sat_01,114.0,0.044698136962044464,2.220781809341389,3.5183544731121112,nan
20260748,sat_01,116.0,0.044614009179374345,2.080827934739827,4.734780293577442,nan
20260748,sat_01,118.0,0.04533309827177765,2.022871442534732,0.8748502123470059,nan
20260748,sat_01,120.0,0.03989256369055532,2.1135878421041188,3.703994062767542,6.2698224260899735
20260748,sat_02,0.0,0.10948209330013026,4.806516367915775,0.016760309526453205,1.2058545267841119
20260748,sat_02,2.0,0.11190348258906431,4.825628499339694,0.6527103769477923,nan
20260748,sat_02,4.0,0.11268703448274886,4.3951231041354815,0.37001653269189316,nan
20260748,sat_02,6.0,0.10833937744465347,3.479946658279768,7.586024068366716,nan
20260748,sat_02,8.0,0.10866110520343063,2.918760589843204,1.8385952939267114,nan
20260748,sat_02,10.0,0.05742624952169922,1.991282032557318,1.2561785228089721,2.537060737748347
20260748,sat_02,12.0,0.05754193322422145,1.6189528216262044,4.7870656506831,nan
20260748,sat_02,14.0,0.059375613925895174,1.3753787286155479,1.8964694857617832,nan
20260748,sat_02,16.0,0.060426907428909125,1.137433206568064,3.8740984550144058,nan
20260748,sat_02,18.0,0.06554629595660011,1.0778613987906054,0.15221912758451478,nan
20260748,sat_02,20.0,0.06845437536036911,2.832788707865307,0.31837526055855114,0.8375567212615656
20260748,sat_02,22.0,0.07145543152817,2.5325561439074273,4.181381556564338,nan
20260748,sat_02,24.0,0.07330452700614556,2.198154351025278,0.7795610497676757,nan
20260748,sat_02,26.0,0.0775128921315352,2.043847735067553,2.2081806057491504,nan
20260748,sat_02,28.0,0.08289204041891006,1.962399160138159,2.7298625550411697,nan
20260748,sat_02,30.0,0.052589572400810684,1.7759962260530473,1.1020559870467763,1.3390493820576368
20260748,sat_02,32.0,0.05322791493423176,1.5526393072397942,1.384077177486268,nan
20260748,sat_02,34.0,0.053881215394884746,1.3649239619143319,0.20304404487699848,nan
20260748,sat_02,36.0,0.055876407073824116,1.2671313986655885,5.313695315620109,nan
20260748,sat_02,38.0,0.05827393332923922,1.1975799821665514,0.46441042816769623,nan
20260748,sat_02,40.0,0.0264521391321462,0.4957498944294073,0.6535495377202405,2.9880512513863007
20260748,sat_02,42.0,0.02700708636748596,0.4539961004097689,2.297779517218145,nan
20260748,sat_02,44.0,0.030317480098988114,0.5045637778247908,1.322911609439978,nan
20260748,sat_02,46.0,0.03394801946738048,0.5603678039484691,0.9832896638401439,nan
20260748,sat_02,48.0,0.038980128057670996,0.6573711935093005,8.947566719773388,nan
20260748,sat_02,50.0,0.04786390616241045,1.8021932772877267,2.0567245678167336,2.7223744923585764
20260748,sat_02,52.0,0.05061234991890625,1.8062118889128966,0.2094298703556083,nan
20260748,sat_02,54.0,0.053291732359091584,1.7999109782416185,0.9572594649224239,nan
20260748,sat_02,56.0,0.05321227935726031,1.6179838608176975,5.875328120488124,nan
20260748,sat_02,58.0,0.05728367855520185,1.6961182932954357,2.03393134306129,nan
20260748,sat_02,60.0,0.05869398351042301,2.9938756222102607,4.876446697866495,0.9294332575434757
20260748,sat_02,62.0,0.06320587573661825,3.15622746998229,2.4739087677780374,nan
20260748,sat_02,64.0,0.06655041593354098,3.1875307338818715,5.5692646177438565,nan
20260748,sat_02,66.0,0.07016038195889109,3.2347775990131513,0.967989040961301,nan
20260748,sat_02,68.0,0.0701350556207756,2.958879309752253,4.186138683135469,nan
20260748,sat_02,70.0,0.08603326445577061,7.0475973170861455,2.226246664572182,1.712357057644447
20260748,sat_02,72.0,0.09173250941643023,7.359551981080016,1.2858425363655461,nan
20260748,sat_02,74.0,0.0952828861335672,7.304951532242695,6.344149072003913,nan
20260748,sat_02,76.0,0.10310659968576924,7.883561305503053,3.5551671724433183,nan
20260748,sat_02,78.0,0.10714060430264685,7.86112945991643,1.9195281567484364,nan
20260748,sat_02,80.0,0.0649185050065729,4.356714418158795,4.9426451174373245,4.525196997493516
20260748,sat_02,82.0,0.0683282794663875,4.46764084375274,1.4549982321040553,nan
20260748,sat_02,84.0,0.07045705054134234,4.402593844289513,0.6988516272185199,nan
20260748,sat_02,86.0,0.07549617545717595,4.691804223992714,4.890438571807182,nan
20260748,sat_02,88.0,0.0742089661218363,4.214332571590113,8.447879169220599,nan
20260748,sat_02,90.0,0.08746008674903129,8.511884304216185,0.535696022796611,0.9352281844742608
20260748,sat_02,92.0,0.0900922590957027,8.41015964037678,0.9355724422580399,nan
20260748,sat_02,94.0,0.09443978029094777,8.61374766857108,1.6706757341941834,nan
20260748,sat_02,96.0,0.09647588096750596,8.389065776327588,0.8739610949599935,nan
20260748,sat_02,98.0,0.10125214608066055,8.635423077093977,3.4048329439713263,nan
20260748,sat_02,100.0,0.05097371666777658,3.0872012210144377,1.0432903722154188,9.702002699755377
20260748,sat_02,102.0,0.052581657277230055,3.0728339938487608,10.432339222602096,nan
20260748,sat_02,104.0,0.05554319318089602,3.2100428055808212,2.4241840538692805,nan
20260748,sat_02,106.0,0.05907720353834407,3.403666086716803,1.2943059257288494,nan
20260748,sat_02,108.0,0.06051522789229014,3.351443453795612,0.2522565346916418,nan
20260748,sat_02,110.0,0.04312091148436816,2.3427937256682654,8.354959294586417,1.0298879307233793
20260748,sat_02,112.0,0.043823926717306616,2.271981732349162,5.168753593216582,nan
20260748,sat_02,114.0,0.04366376099425876,2.1191804600631357,1.849002067460337,nan
20260748,sat_02,116.0,0.04588468370286742,2.2009781268389803,1.6169886024839433,nan
20260748,sat_02,118.0,0.04414254030186111,1.9179711245261797,1.3177948259701202,nan
20260748,sat_02,120.0,0.050412284512490475,3.3748207541027915,1.7008895331526985,3.1538369721414083
20260748,sat_03,0.0,0.024729642242808877,0.24523363290424788,0.022846699378092937,1.3957408364961283
20260748,sat_03,2.0,0.023356677176591248,0.21022882922994138,0.5392639962261794,nan
20260748,sat_03,4.0,0.022574525285937574,0.1763888575876888,1.9100500898296637,nan
20260748,sat_03,6.0,0.020271948841259997,0.12184603323889746,2.3082116173231615,nan
20260748,sat_03,8.0,0.02396063993867251,0.1419309349235885,1.8868836409020004,nan
20260748,sat_03,10.0,0.07544706905347305,3.4371737942326166,2.377569754137454,1.4504948885976883
20260748,sat_03,12.0,0.08657919269818147,3.6651166041574346,2.9048104589082357,nan
20260748,sat_03,14.0,0.09448414799497178,3.4827434420286485,2.8872609803341707,nan
20260748,sat_03,16.0,0.10293662570038085,3.300789179857053,1.0887208802664323,nan
20260748,sat_03,18.0,0.11049475243276048,3.0632562861291266,2.945540682040172,nan
20260748,sat_03,20.0,0.0514046745979268,1.5975137682610239,1.908017389098869,2.750102731756198
20260748,sat_03,22.0,0.05320299708814408,1.4042034227762514,1.6803685413252916,nan
20260748,sat_03,24.0,0.05659124624746164,1.3104220950032321,1.368463895759107,nan
20260748,sat_03,26.0,0.05999110496243263,1.224717049332455,1.4370899124430065,nan
20260748,sat_03,28.0,0.06243138836091461,1.1136889241001504,2.925624814431477,nan
20260748,sat_03,30.0,0.052649513669495066,1.7801107675100765,1.4353052868943197,3.471287236572249
20260748,sat_03,32.0,0.05690172535861886,1.774509790254211,0.17938955858018943,nan
20260748,sat_03,34.0,0.06029239041703371,1.7093284053931745,3.4534051436029696,nan
20260748,sat_03,36.0,0.06436497981300461,1.681774139387996,0.5488911925330725,nan
20260748,sat_03,38.0,0.06910790951672388,1.6847650479404932,4.744287907279563,nan
20260748,sat_03,40.0,0.053503243323296465,2.0285691107731982,3.9942011150683516,0.37922889534631204
20260748,sat_03,42.0,0.05702572164387772,2.0247589516582507,4.95128738182453,nan
20260748,sat_03,44.0,0.05897180969356119,1.909830711003132,1.0002425857297483,nan
20260748,sat_03,46.0,0.06365228434533188,1.970958860997168,5.754168186596114,nan
20260748,sat_03,48.0,0.0642760141137081,1.7883847632353238,4.0410158109652095,nan
20260748,sat_03,50.0,0.030268020481966435,0.7208968535073771,0.32116658574371854,1.1783011206961176
20260748,sat_03,52.0,0.03002573288850804,0.6359123399897716,2.8160147563381153,nan
20260748,sat_03,54.0,0.03041924562378655,0.5866681375199098,1.3428953286849288,nan
20260748,sat_03,56.0,0.03010178079449503,0.5179743859217059,0.7100693103007562,nan
20260748,sat_03,58.0,0.029734990897336246,0.4572454020504761,4.380038826491603,nan
20260748,sat_03,60.0,0.039092020718945256,1.3282575815117106,7.107477387956364,4.425849742077858
20260748,sat_03,62.0,0.042043953511148986,1.3968223741156183,0.8956422088432806,nan
20260748,sat_03,64.0,0.04234250279886606,1.2906048248839066,2.481279738183328,nan
20260748,sat_03,66.0,0.04411513553260342,1.2791392925350744,2.5400224160443563,nan
20260748,sat_03,68.0,0.04367519856281375,1.1476353026827608,1.9737732931606495,nan
20260748,sat_03,70.0,0.02223411502466858,0.4706459742695893,4.908683748358465,2.6512469633633007
20260748,sat_03,72.0,0.022018162780125087,0.423944289003701,2.5965527736969833,nan
20260748,sat_03,74.0,0.02238102979924371,0.40296265064093834,1.5841295433350022,nan
20260748,sat_03,76.0,0.02310770791644672,0.39587983227697543,1.1425922359983696,nan
20260748,sat_03,78.0,0.023842693349872966,0.3892184170840995,3.105084831463687,nan
20260748,sat_03,80.0,0.050761350720100254,2.6631687496314718,1.4325692915296773,1.4251257481685897
20260748,sat_03,82.0,0.05414363622019653,2.804588486925092,5.388054066359583,nan
20260748,sat_03,84.0,0.0561798306718492,2.7984717465411597,4.172597801915778,nan
20260748,sat_03,86.0,0.05583034989664936,2.5652448289216725,1.6501106494306212,nan
20260748,sat_03,88.0,0.0589527845101723,2.6589751607259586,7.974827855905606,nan
20260748,sat_03,90.0,0.07609565516184826,6.441975529313444,0.6826172614021658,1.2059150478571838
20260748,sat_03,92.0,0.07780414869697508,6.270661550612392,3.1714015421867945,nan
20260748,sat_03,94.0,0.07540096991905863,5.489157406402244,5.577887034302662,nan
20260748,sat_03,96.0,0.07624765212133253,5.23839248619481,1.1556947767433117,nan
20260748,sat_03,98.0,0.0800116276026167,5.390742598021937,2.4953189214274394,nan
20260748,sat_03,100.0,0.07454097780649757,6.602583344322563,1.0123993244383973,2.8642341887031284
20260748,sat_03,102.0,0.07611491852010414,6.440173054706117,3.1101351350685307,nan
20260748,sat_03,104.0,0.07869372676747781,6.445052513079128,4.478124737339467,nan
20260748,sat_03,106.0,0.0802567777781474,6.2830834371026825,0.5845898015088995,nan
20260748,sat_03,108.0,0.07904041451996692,5.718995177452631,2.6880681584084996,nan
20260748,sat_03,110.0,0.05127371930659685,3.313685850760068,1.054377662947491,5.668160463590018
20260748,sat_03,112.0,0.051281930800784206,3.1122988312982893,1.278395907508393,nan
20260748,sat_03,114.0,0.051461169955117424,2.944887876140346,3.7972366301338023,nan
20260748,sat_03,116.0,0.05785970300702343,3.5013282069312055,5.945825927562663,nan
20260748,sat_03,118.0,0.06280363282332374,3.8842168490440194,1.4014743420852795,nan
20260748,sat_03,120.0,0.05974829208504334,4.741620874714237,9.016246624589963,4.393581930219979
20260749,sat_01,0.0,0.05280440053050289,1.1181101128768876,0.043941095959007914,1.4832847183598181
20260749,sat_01,2.0,0.049325827012568574,0.9376015726216989,10.054654635986267,nan
20260749,sat_01,4.0,0.04830644593243482,0.8076862724709318,1.2400450227696056,nan
20260749,sat_01,6.0,0.04818317252679829,0.6883476005929716,5.550309760632856,nan
20260749,sat_01,8.0,0.043231693129242646,0.4620375655990915,3.4200580608418703,nan
20260749,sat_01,10.0,0.046231095273766495,1.2905762467984958,5.690047118365408,0.30061309783275914
20260749,sat_01,12.0,0.0439383797541264,0.9439497813087805,5.702916453059303,nan
20260749,sat_01,14.0,0.04232103101417341,0.6987531640236482,1.622908742235082,nan
20260749,sat_01,16.0,0.043602719431448195,0.5922794735485535,1.4079493271724397,nan
20260749,sat_01,18.0,0.04558096234491095,0.5213286401871005,1.2523180849356728,nan
20260749,sat_01,20.0,0.057476776592132454,1.9969090397571612,0.3713386019574446,0.89291167407951
20260749,sat_01,22.0,0.06130396922280776,1.8637831398491618,0.7750200644121839,nan
20260749,sat_01,24.0,0.06457171105607673,1.7052346111080274,3.8775038003390625,nan
20260749,sat_01,26.0,0.06965634253240222,1.650099542197006,0.8226911496418573,nan
20260749,sat_01,28.0,0.07198314822287101,1.4794516492287517,3.0881109416578716,nan
20260749,sat_01,30.0,0.048196212899342554,1.4914302577798975,1.3207729135862116,5.7253869512354445
20260749,sat_01,32.0,0.05702533078022793,1.7817002958815806,7.815518720325614,nan
20260749,sat_01,34.0,0.06251269808199592,1.8367613993178673,5.951166120068963,nan
20260749,sat_01,36.0,0.06993478234892117,1.9843857406430052,0.5750342558201119,nan
20260749,sat_01,38.0,0.07729451087232933,2.1063066243567308,0.2113420734414364,nan
20260749,sat_01,40.0,0.024781831213384328,0.4351305233397775,2.581842567309319,3.1391865748693957
20260749,sat_01,42.0,0.028966615933540947,0.5223117972818794,2.046902072105159,nan
20260749,sat_01,44.0,0.03100587859756175,0.5277851981894195,6.578677603005887,nan
20260749,sat_01,46.0,0.03432707404881126,0.5730148146909312,0.1073486789489094,nan
20260749,sat_01,48.0,0.03573252837982479,0.5524484435233601,5.879418381108502,nan
20260749,sat_01,50.0,0.052552639790314354,2.173243043668222,4.5240967800277865,6.043273815143467
20260749,sat_01,52.0,0.054985794540691184,2.1326820880639152,0.7887080747812617,nan
20260749,sat_01,54.0,0.05989449066099978,2.2745639939277624,8.148997585900634,nan
20260749,sat_01,56.0,0.06379551514059784,2.326772928319258,0.8980464449633853,nan
20260749,sat_01,58.0,0.0681512277095083,2.402099638638706,1.6176367513914025,nan
20260749,sat_01,60.0,0.012064636219300727,0.1265267334078156,11.162045534970801,3.1588515155096086
20260749,sat_01,62.0,0.01011026827291355,0.08078045836883144,2.7016274814708123,nan
20260749,sat_01,64.0,0.008109266140812307,0.0473423461889299,1.6866655925811016,nan
20260749,sat_01,66.0,0.009122909200278877,0.05470239339167403,0.4815326579415511,nan
20260749,sat_01,68.0,0.00938157329374575,0.05294698544107071,4.085203343989883,nan
20260749,sat_01,70.0,0.016831162280389476,0.2697218417355584,0.3599776051753401,0.6868545429009393
20260749,sat_01,72.0,0.015391918160889929,0.20718189903133347,2.846623404642892,nan
20260749,sat_01,74.0,0.014795846161989003,0.17612498160212603,1.3468933823222868,nan
20260749,sat_01,76.0,0.01228020800855073,0.11181594311718254,1.4601764432038455,nan
20260749,sat_01,78.0,0.009711534983956539,0.06457789127089097,1.334999317776409,nan
20260749,sat_01,80.0,0.04626962081233839,2.213085890072515,1.2889454994278788,2.1686175179560885
20260749,sat_01,82.0,0.046356844709194586,2.056264721634522,0.40622490928879584,nan
20260749,sat_01,84.0,0.0450729537652019,1.801666159605778,3.0921732479478576,nan
20260749,sat_01,86.0,0.04581652691612831,1.7278425213783986,3.0161642333888494,nan
20260749,sat_01,88.0,0.04840301232887085,1.7928489250058322,0.9655048654988468,nan
20260749,sat_01,90.0,0.04409247763354492,2.1628629283057794,2.6190117367895147,2.3886649733116316
20260749,sat_01,92.0,0.04018471151634447,1.6727306395265171,4.610206425582763,nan
20260749,sat_01,94.0,0.03813395349330355,1.4040060383609407,0.8348396234869853,nan
20260749,sat_01,96.0,0.03838299529347565,1.327417117199832,0.6855588261787562,nan
20260749,sat_01,98.0,0.03835812322285911,1.2389291300358845,0.8279517302273488,nan
20260749,sat_01,100.0,0.034809666942978254,1.4396688185894817,4.1514113948179,0.04321167145966083
20260749,sat_01,102.0,0.0341092443656772,1.2930475868707578,2.0116343366459883,nan
20260749,sat_01,104.0,0.03420359786545656,1.217325995286464,2.449601081224423,nan
20260749,sat_01,106.0,0.03492127320310008,1.189339088263098,1.526110463621714,nan
20260749,sat_01,108.0,0.04055760537957405,1.5054617644701132,5.467837859833258,nan
20260749,sat_01,110.0,0.032203860512460346,1.3071585274952962,3.419637138699883,5.601988083421746
20260749,sat_01,112.0,0.03201973010752615,1.2133133166635912,2.0627616382863803,nan
20260749,sat_01,114.0,0.029462050755572143,0.9652251142368957,4.226330751934864,nan
20260749,sat_01,116.0,0.029188744871337866,0.8910685403047611,0.31301585003433263,nan
20260749,sat_01,118.0,0.028802444371187647,0.8169138609338569,3.5933963839658594,nan
20260749,sat_01,120.0,0.03434240751983949,1.5665206163874086,8.29017461417053,0.7482082011363554
20260749,sat_02,0.0,0.04805366452969112,0.9259709699521321,0.0073804637578357545,1.3111523026636216
20260749,sat_02,2.0,0.04782795556421238,0.8815219897710513,1.8621709531287536,nan
20260749,sat_02,4.0,0.0505123890209397,0.8831369700401797,2.1092202635822694,nan
20260749,sat_02,6.0,0.05459694029111766,0.8837961254568035,3.0795071572254527,nan
20260749,sat_02,8.0,0.056371063613811764,0.7855697684860805,1.0366089513046255,nan
20260749,sat_02,10.0,0.029086861420536386,0.5108744356414869,2.3434006812675214,1.3917822967687803
20260749,sat_02,12.0,0.03301961013025433,0.5330844121823018,4.760312851015827,nan
20260749,sat_02,14.0,0.038378803420600655,0.5745982184910708,5.377216358425612,nan
20260749,sat_02,16.0,0.04027226783737809,0.5051935713757677,4.095714604251753,nan
20260749,sat_02,18.0,0.04688325066459313,0.5514247852060006,3.3964309637531,nan
20260749,sat_02,20.0,0.061354213092329794,2.2756471543657932,2.1834630465665033,3.3558165137486338
20260749,sat_02,22.0,0.06858601535175428,2.333324555990695,2.2938722865616663,nan
20260749,sat_02,24.0,0.07885622314144085,2.5439084312421545,10.660781401984906,nan
20260749,sat_02,26.0,0.08770747241816036,2.6171268609760743,0.35192809110375,nan
20260749,sat_02,28.0,0.09356561763270037,2.5006759024525973,5.188819789752512,nan
20260749,sat_02,30.0,0.03273955115459062,0.6882159808285861,2.0002871888548617,2.6587770012890246
20260749,sat_02,32.0,0.03418394371174607,0.6402557421680458,5.148812900631885,nan
20260749,sat_02,34.0,0.03580451677397953,0.6025752558023172,4.979006903355101,nan
20260749,sat_02,36.0,0.038541596401895216,0.6027492720097947,3.132541857068407,nan
20260749,sat_02,38.0,0.0401772804661356,0.5691774521309161,1.5285767917154167,nan
20260749,sat_02,40.0,0.061123136925860286,2.6467573675885845,2.136692845690798,1.1845110246042285
20260749,sat_02,42.0,0.0632164110159691,2.4872699018607527,1.4662680924822262,nan
20260749,sat_02,44.0,0.0665397656360612,2.4303124051939973,2.1485676222242205,nan
20260749,sat_02,46.0,0.06781482300304606,2.235981313265164,2.0261603202000718,nan
20260749,sat_02,48.0,0.07171086909299576,2.224633998823273,4.462082166086789,nan
20260749,sat_02,50.0,0.07275153582942284,4.163604305406004,3.076729523892957,2.361165344701682
20260749,sat_02,52.0,0.07687845221143785,4.167420668392585,1.9124583042088152,nan
20260749,sat_02,54.0,0.08111204285996783,4.169674094589019,0.6707201720425626,nan
20260749,sat_02,56.0,0.08663526172100688,4.288883270308726,0.7610764035169988,nan
20260749,sat_02,58.0,0.09252452204929201,4.425025481779864,0.7159045604909622,nan
20260749,sat_02,60.0,0.06011001695083777,3.1411952981427524,0.5603705729305437,3.7390931467258888
20260749,sat_02,62.0,0.06200719385675462,3.038929699027322,2.49230134902014,nan
20260749,sat_02,64.0,0.06479160574783113,3.022705851149695,0.14040574498477537,nan
20260749,sat_02,66.0,0.06563724049893234,2.832662466828431,1.6417979271231986,nan
20260749,sat_02,68.0,0.06659119519561693,2.6689427123329477,1.4648921043935095,nan
20260749,sat_02,70.0,0.029450512716544867,0.8259155085185746,0.6396815120129273,2.6772998902072125
20260749,sat_02,72.0,0.03281348841672821,0.9417875723699313,2.578847252476413,nan
20260749,sat_02,74.0,0.033903293264663924,0.9249457613251728,2.922407274212553,nan
20260749,sat_02,76.0,0.03579204199250779,0.9501402179120231,2.813981787332964,nan
20260749,sat_02,78.0,0.03322451036881199,0.7560467473129032,5.848315792779687,nan
20260749,sat_02,80.0,0.019302733034353602,0.3851614327640684,1.8093943445626401,1.3672033143129931
20260749,sat_02,82.0,0.018270522656251932,0.3194183952493368,2.4886525228536382,nan
20260749,sat_02,84.0,0.018715080963224173,0.3105967152515329,6.88901906024745,nan
20260749,sat_02,86.0,0.020480661297249226,0.34523602135894194,1.1816551932669106,nan
20260749,sat_02,88.0,0.023403997981767358,0.4191382376635662,4.229090099898847,nan
20260749,sat_02,90.0,0.038231750230828865,1.6264740573833683,0.2547754352713619,2.5500570635309345
20260749,sat_02,92.0,0.036520907240454974,1.3819713818980321,3.1042399914440675,nan
20260749,sat_02,94.0,0.03724860521650175,1.339924066149785,1.4599976537457817,nan
20260749,sat_02,96.0,0.03783963233145285,1.2904646377755822,1.1909117875378017,nan
20260749,sat_02,98.0,0.04290484838139275,1.5505097201412692,3.843356999237867,nan
20260749,sat_02,100.0,0.04247155133399703,2.1435437244019857,1.3691501461916358,1.2436027823770053
20260749,sat_02,102.0,0.042604086620034204,2.017675083996792,2.196301982617633,nan
20260749,sat_02,104.0,0.0424373847435239,1.874290415763631,0.49382623206176723,nan
20260749,sat_02,106.0,0.044914411510508546,1.9677638611836648,0.9606005281770779,nan
20260749,sat_02,108.0,0.04537726014907698,1.8848985903551485,1.0316549270823139,nan
20260749,sat_02,110.0,0.0401783621632133,2.0346750838122643,0.31533552125723213,1.8466432808726063
20260749,sat_02,112.0,0.04122008788241219,2.0107274654572542,1.068817954093316,nan
20260749,sat_02,114.0,0.047207425461322394,2.4780406382614197,5.2292095771144185,nan
20260749,sat_02,116.0,0.049816184660592545,2.5953968818221504,1.9921461820390254,nan
20260749,sat_02,118.0,0.05037979878159581,2.4994107204455354,1.9259028698302534,nan
20260749,sat_02,120.0,0.04157344109158486,2.2951987175184754,2.4845027755543567,7.958224341817145
20260749,sat_03,0.0,0.04795799170198126,0.9222875034709742,0.03242566506557051,1.285176176499262
20260749,sat_03,2.0,0.05296151915403736,1.0809076849214272,5.9809883572244225,nan
20260749,sat_03,4.0,0.06186372389816395,1.3246437054231393,2.289841243560158,nan
20260749,sat_03,6.0,0.06714562084275713,1.3367267040781166,1.3664106029599092,nan
20260749,sat_03,8.0,0.07118055456134725,1.2525197301860236,1.2826639114608869,nan
20260749,sat_03,10.0,0.03952179111325015,0.9431668241244061,5.011326413165612,0.5971440567925584
20260749,sat_03,12.0,0.04049894116286873,0.801956955299165,3.3309427132546725,nan
20260749,sat_03,14.0,0.04411325381432245,0.7591870849920996,1.6297704031820939,nan
20260749,sat_03,16.0,0.04631420624105276,0.6682044606454227,5.808344887963546,nan
20260749,sat_03,18.0,0.0500601565385315,0.6287517033857857,4.260630894025934,nan
20260749,sat_03,20.0,0.015760363854887154,0.15015216662550257,2.3960472974022196,0.9793117394819058
20260749,sat_03,22.0,0.015373551456970919,0.11722072308277517,0.3404002909217121,nan
20260749,sat_03,24.0,0.014973095781010404,0.09170162972819769,3.793533381690675,nan
20260749,sat_03,26.0,0.01719571189541731,0.10057860347046552,2.5547307664657124,nan
20260749,sat_03,28.0,0.022779901834296876,0.1481942666879788,4.071250419238337,nan
20260749,sat_03,30.0,0.05605711985518458,2.0177583705178406,0.7818298594992241,0.49402732331418103
20260749,sat_03,32.0,0.06098282641907482,2.0378073358955033,3.454443605437319,nan
20260749,sat_03,34.0,0.06457396193477444,1.9602063577953701,1.6056131749073497,nan
20260749,sat_03,36.0,0.07090499947172081,2.0402400776541123,2.779241662643832,nan
20260749,sat_03,38.0,0.07910012447432443,2.206368723268344,5.152690619707787,nan
20260749,sat_03,40.0,0.1199904203854956,10.201156502396012,0.4046208120231368,4.34794049729148
20260749,sat_03,42.0,0.12943950899913054,10.42960919050441,1.1175881297043948,nan
20260749,sat_03,44.0,0.13892467067327102,10.596077080266744,2.609382586133349,nan
20260749,sat_03,46.0,0.14811531359572605,10.668805231957712,1.3467718559620978,nan
20260749,sat_03,48.0,0.15806886253147603,10.812067977138359,3.2686100545663765,nan
20260749,sat_03,50.0,0.10038371996428717,7.928666754098764,0.8263560286192959,5.198410452222741
20260749,sat_03,52.0,0.10645976679462889,7.993487070678805,0.7748721263753815,nan
20260749,sat_03,54.0,0.1095640241575946,7.610113650114164,3.9542130618152607,nan
20260749,sat_03,56.0,0.11811388091708323,7.974362813102807,6.104151694592298,nan
20260749,sat_03,58.0,0.12184493871250507,7.676649531557942,3.160415985579851,nan
20260749,sat_03,60.0,0.06446510809588636,3.6126140504202127,1.5301391247531586,4.222266982615247
20260749,sat_03,62.0,0.06726338656366122,3.5757050846699707,0.9632029006119525,nan
20260749,sat_03,64.0,0.07056954317813366,3.5856262620151025,3.6448010729940603,nan
20260749,sat_03,66.0,0.07269835900915887,3.4745887581581396,1.3988144514904226,nan
20260749,sat_03,68.0,0.07487413989147217,3.3737631269435555,4.0439142270796715,nan
20260749,sat_03,70.0,0.009540352178863344,0.0866694773066286,0.08967866682445445,7.158018048749805
20260749,sat_03,72.0,0.007665003677297749,0.05139237252188014,6.843346181417564,nan
20260749,sat_03,74.0,0.008438648102997683,0.05731080976845441,0.7610136849231015,nan
20260749,sat_03,76.0,0.008526876728778145,0.05393659073033497,1.0445398467526592,nan
20260749,sat_03,78.0,0.008117085004443012,0.04512336532271815,5.060780545918162,nan
20260749,sat_03,80.0,0.04152170316435129,1.782567758677406,2.042218617142026,2.21919626208878
20260749,sat_03,82.0,0.04418899572883377,1.868862855043441,6.520096420142806,nan
20260749,sat_03,84.0,0.0477361848499465,2.0213391118589277,1.889421359024284,nan
20260749,sat_03,86.0,0.05057425202973661,2.1058760847846485,4.82990803293115,nan
20260749,sat_03,88.0,0.05325695684436195,2.170989980833663,6.392609325139273,nan
20260749,sat_03,90.0,0.053268841689320244,3.157419396602057,2.8285654458447516,1.781520516926697
20260749,sat_03,92.0,0.05756137926156108,3.4328852420692537,0.8093564524654928,nan
20260749,sat_03,94.0,0.059759566290524056,3.4488907596759377,5.627865956386821,nan
20260749,sat_03,96.0,0.06276345105909661,3.5504404470762534,2.048739158937673,nan
20260749,sat_03,98.0,0.06488465789556297,3.54627574985166,1.942846191499402,nan
20260749,sat_03,100.0,0.041347625801141215,2.031897539572566,2.8731640533708074,2.8163565463935782
20260749,sat_03,102.0,0.04757088751094272,2.516046886673622,3.8766451827137716,nan
20260749,sat_03,104.0,0.05375313942763389,3.0077512399527753,3.565935118679933,nan
20260749,sat_03,106.0,0.056443785020749364,3.1084217064269883,2.799758003539564,nan
20260749,sat_03,108.0,0.05306972223117474,2.5787544770279367,8.722521048313599,nan
20260749,sat_03,110.0,0.03633306817874623,1.6633204865036684,2.8891339203502144,5.436372348724101
20260749,sat_03,112.0,0.04010184437986492,1.9024321903839352,2.8046322005771342,nan
20260749,sat_03,114.0,0.04152538485675925,1.9166399710129687,1.100829107019352,nan
20260749,sat_03,116.0,0.04381157726688461,2.0065488734030854,0.0800709630191222,nan
20260749,sat_03,118.0,0.046919649509877044,2.166779740064173,10.961869636045307,nan
20260749,sat_03,120.0,0.05226131738532335,3.626701124730405,2.4251708321667445,0.5714691927944955
20260750,sat_01,0.0,0.07027216398612379,1.9802087427470247,0.023907072380103,1.3799653889892536
20260750,sat_01,2.0,0.06818272544687105,1.791498236602667,2.2889142544053103,nan
20260750,sat_01,4.0,0.06367692331106346,1.403430093486939,0.7371090322492708,nan
20260750,sat_01,6.0,0.05875253854443545,1.0234334099592022,0.3092983725176984,nan
20260750,sat_01,8.0,0.05766810033163708,0.8221085795140506,1.2474790116152354,nan
20260750,sat_01,10.0,0.04499310184476388,1.2223648226671038,5.197178118318628,0.4313296119471585
20260750,sat_01,12.0,0.045995278880171575,1.0344269960667842,0.5873479636005897,nan
20260750,sat_01,14.0,0.04780578154743422,0.8916617856520861,1.9243889738854207,nan
20260750,sat_01,16.0,0.049958338267264986,0.7775814950971236,1.9055475893686724,nan
20260750,sat_01,18.0,0.0522504093882549,0.6850652906328634,6.324388970018494,nan
20260750,sat_01,20.0,0.09346838381222002,5.281015887916594,3.3095252987375927,6.2896178137272285
20260750,sat_01,22.0,0.10290039563582164,5.251460271677634,1.348283379704093,nan
20260750,sat_01,24.0,0.11332660930265061,5.253002702976916,4.306742098633256,nan
20260750,sat_01,26.0,0.12377989105534981,5.211286823539913,0.5728771411914275,nan
20260750,sat_01,28.0,0.1345634505964883,5.170651030640939,17.70716722332785,nan
20260750,sat_01,30.0,0.06427455789430753,2.6531802595003615,2.970000334893432,8.810159659953815
20260750,sat_01,32.0,0.06705758488536111,2.4647010003686063,3.67929395550836,nan
20260750,sat_01,34.0,0.06876251805074811,2.223519809826209,4.43264460844948,nan
20260750,sat_01,36.0,0.07219520188951765,2.1160873544928887,3.980908413744642,nan
20260750,sat_01,38.0,0.073992357322863,1.9316008676428074,1.4425305025672515,nan
20260750,sat_01,40.0,0.020975935976333356,0.31169542367253467,3.198566413254364,2.914887413030269
20260750,sat_01,42.0,0.019216416193145812,0.22983100477940271,5.483136852436499,nan
20260750,sat_01,44.0,0.0195768541364309,0.21038642782322778,0.20745118275891813,nan
20260750,sat_01,46.0,0.021214717606947424,0.21885370256887096,0.662362031889656,nan
20260750,sat_01,48.0,0.023341575940768963,0.23575815677344122,1.2687594538159064,nan
20260750,sat_01,50.0,0.048007964720939246,1.813475682149596,1.959391978221261,0.44598199939341293
20260750,sat_01,52.0,0.04956736584271916,1.7329042572767492,2.9366593628856137,nan
20260750,sat_01,54.0,0.053735182730484436,1.8306277558173554,3.3819089979884014,nan
20260750,sat_01,56.0,0.05770845999298333,1.9037487551767813,2.699804077419588,nan
20260750,sat_01,58.0,0.062046761601735764,1.990910373226821,3.250894538533908,nan
20260750,sat_01,60.0,0.0648354534673125,3.654198460477607,1.6528151086511806,1.0226860542764082
20260750,sat_01,62.0,0.06668670927658667,3.514753935709625,16.025975261798802,nan
20260750,sat_01,64.0,0.06901384408166299,3.429272171734183,4.631984448357066,nan
20260750,sat_01,66.0,0.07243148578999505,3.449194369744104,3.0686879080703244,nan
20260750,sat_01,68.0,0.07619488600238913,3.494055666149579,0.607304607327565,nan
20260750,sat_01,70.0,0.05360615235698024,2.7366291120481505,0.0941925057883286,1.8535107892205285
20260750,sat_01,72.0,0.05454819281765689,2.6028859663657338,0.8952105724830237,nan
20260750,sat_01,74.0,0.058162891054810865,2.722519253766038,1.294810094091848,nan
20260750,sat_01,76.0,0.06283876910508722,2.9289678845790066,3.099734300488829,nan
20260750,sat_01,78.0,0.06336187759152472,2.7501083650658913,1.327741269118638,nan
20260750,sat_01,80.0,0.06758137966443291,4.7217885779363185,1.5119450704620456,0.3849892222845353
20260750,sat_01,82.0,0.07182273896358643,4.936667982955088,2.0991247084136853,nan
20260750,sat_01,84.0,0.07541546914359283,5.044485301135243,10.381302951165106,nan
20260750,sat_01,86.0,0.07968655803261422,5.227492892989176,1.2358541902986888,nan
20260750,sat_01,88.0,0.08310659555522809,5.286037753094713,1.1985491669457864,nan
20260750,sat_01,90.0,0.0466351311609131,2.4202590185574078,3.492638252843306,3.136201226992953
20260750,sat_01,92.0,0.04749616068203564,2.3375711520964497,2.488068930592955,nan
20260750,sat_01,94.0,0.047121439279957,2.144535520817133,2.0044226148878437,nan
20260750,sat_01,96.0,0.04845034824613894,2.1158964964123506,0.4018483039468618,nan
20260750,sat_01,98.0,0.04715557556763081,1.8731286095502024,1.9563734719618429,nan
20260750,sat_01,100.0,0.05711036964119404,3.876051109796098,1.4296807404417295,0.9513577005604542
20260750,sat_01,102.0,0.056235284137683084,3.515624836637158,0.6078284773503694,nan
20260750,sat_01,104.0,0.05800031110649916,3.5012948256554313,3.3015336901946797,nan
20260750,sat_01,106.0,0.06274035964619079,3.839995062731994,4.4282555601287585,nan
20260750,sat_01,108.0,0.06550529792377399,3.92821818434041,0.7199417745374602,nan
20260750,sat_01,110.0,0.046288385101994685,2.700010930278921,2.0043203384910404,1.5301553864789939
20260750,sat_01,112.0,0.04590932338119365,2.49370100135512,2.396214188847484,nan
20260750,sat_01,114.0,0.051562782163916986,2.955739334812283,6.722039503637479,nan
20260750,sat_01,116.0,0.05255291342610308,2.887702705342089,1.5251953075847084,nan
20260750,sat_01,118.0,0.048294344957326846,2.2961744706761817,4.848855547706199,nan
20260750,sat_01,120.0,0.03240352072260758,1.3946677653447475,0.535322956650064,2.462001160360951
20260750,sat_02,0.0,0.060365394484953656,1.4612361868755874,0.02143598298542581,1.2474401129608643
20260750,sat_02,2.0,0.0619791072174682,1.4803322387128879,1.0454704140873912,nan
20260750,sat_02,4.0,0.06574456538400358,1.4960615324211908,2.245391197390769,nan
20260750,sat_02,6.0,0.07255194006493522,1.5606671564247858,2.762480978986887,nan
20260750,sat_02,8.0,0.07221372356986215,1.289162276252746,2.0142065504137445,nan
20260750,sat_02,10.0,0.06045229397658149,2.2066843776495473,2.86154897482405,3.908423847217171
20260750,sat_02,12.0,0.06836270169157872,2.2850728716730653,3.1522769660260117,nan
20260750,sat_02,14.0,0.07366026357429577,2.11676208623654,1.1345230405915903,nan
20260750,sat_02,16.0,0.07955305468240181,1.971489900444021,2.741458988521051,nan
20260750,sat_02,18.0,0.0813655108243861,1.661054359038859,9.508971238390064,nan
20260750,sat_02,20.0,0.11032162724795272,7.356912259346677,1.536882849248233,2.974129279535162
20260750,sat_02,22.0,0.12037475629219048,7.186127384658848,1.916329462884452,nan
20260750,sat_02,24.0,0.132223835720066,7.150425761851443,4.522496870247084,nan
20260750,sat_02,26.0,0.14319281139165801,6.973391037041583,5.7002537224171,nan
20260750,sat_02,28.0,0.1544342240568158,6.809816741079153,2.1261820560253417,nan
20260750,sat_02,30.0,0.1158316404581596,8.614727106474891,5.099289933952039,1.528024817805859
20260750,sat_02,32.0,0.12215787618468305,8.176314986070494,0.4139692911872103,nan
20260750,sat_02,34.0,0.12983295954680865,7.92338487145787,1.6182674703116333,nan
20260750,sat_02,36.0,0.13738252016666105,7.658336374934685,0.8122652205483852,nan
20260750,sat_02,38.0,0.14267471444875449,7.177224751865937,2.395733112944019,nan
20260750,sat_02,40.0,0.09432999504130375,6.303936425797,0.7278606931020154,3.2603531231568534
20260750,sat_02,42.0,0.09730323841201381,5.89296770728777,0.6724446242054345,nan
20260750,sat_02,44.0,0.0999360211578534,5.482354822647622,0.895950309985311,nan
20260750,sat_02,46.0,0.1060901803495539,5.472614201892774,3.905046039224972,nan
20260750,sat_02,48.0,0.11185924010045244,5.413515925611224,1.9153418468488557,nan
20260750,sat_02,50.0,0.07420358784343827,4.33243679581811,4.02111486287046,7.250199903912554
20260750,sat_02,52.0,0.07661170138320726,4.1396607265850225,0.876788144286017,nan
20260750,sat_02,54.0,0.08242400781312831,4.307014369816183,5.845373846388134,nan
20260750,sat_02,56.0,0.08441191723650456,4.0730493220317525,5.7598316645755805,nan
20260750,sat_02,58.0,0.08737129740854983,3.9474254145798597,0.2849061767180465,nan
20260750,sat_02,60.0,0.022156439342103255,0.42678400574368747,1.3323888071667467,4.896077323195715
20260750,sat_02,62.0,0.024175618817331896,0.46196488417871573,2.860109998289252,nan
20260750,sat_02,64.0,0.025918538391914915,0.483718231225913,1.248702595239698,nan
20260750,sat_02,66.0,0.0270063103311429,0.47953787890025423,0.31509634346865384,nan
20260750,sat_02,68.0,0.028254252635756278,0.4804579711785931,1.4402318864910395,nan
20260750,sat_02,70.0,0.023413286408082448,0.5219376056923908,3.2153003841563326,1.2400380183744024
20260750,sat_02,72.0,0.02611801052839212,0.596558774880591,1.2419135309548015,nan
20260750,sat_02,74.0,0.02769987877184086,0.6172855038237584,1.6303877608352888,nan
20260750,sat_02,76.0,0.02807414622198768,0.5843632950437434,5.061036312475854,nan
20260750,sat_02,78.0,0.03133262642749331,0.672159293444262,2.9022547495231903,nan
20260750,sat_02,80.0,0.030786153054170082,0.9797811806654985,2.2350839409191754,1.74528211181212
20260750,sat_02,82.0,0.033121857024436555,1.049739874360226,0.3325792018704681,nan
20260750,sat_02,84.0,0.038031728802863526,1.2827328673987297,6.141836813336378,nan
20260750,sat_02,86.0,0.03942894000680879,1.2795743388511365,5.559666679000445,nan
20260750,sat_02,88.0,0.04054656177597965,1.2579421355206857,2.26883219857642,nan
20260750,sat_02,90.0,0.07676000041222715,6.555288431617084,1.5864722597928296,2.5143801660915113
20260750,sat_02,92.0,0.08316981479970374,7.165784057572727,5.443656913470017,nan
20260750,sat_02,94.0,0.08638346810586822,7.205116251893795,1.2307463502290024,nan
20260750,sat_02,96.0,0.09146479645376035,7.538293120228355,2.9342430075991777,nan
20260750,sat_02,98.0,0.09599930355565083,7.760725058326117,0.10621788355356804,nan
20260750,sat_02,100.0,0.07939527325894956,7.489620985397237,0.6293340353857713,1.628761077350771
20260750,sat_02,102.0,0.08231305442817016,7.5305345841583655,4.302710808938981,nan
20260750,sat_02,104.0,0.08455073724656569,7.43897208441566,1.0938658451366978,nan
20260750,sat_02,106.0,0.08696575694163002,7.376317386474266,3.304419139902828,nan
20260750,sat_02,108.0,0.08959430583032724,7.346897454745939,0.5634988852580111,nan
20260750,sat_02,110.0,0.08752954311861808,9.65428520062779,2.2536527242918414,4.836151498368167
20260750,sat_02,112.0,0.08980751472049273,9.542252768617779,2.5509256566125122,nan
20260750,sat_02,114.0,0.09363956704195925,9.747348409298414,0.7678416276049619,nan
20260750,sat_02,116.0,0.09065490475439152,8.59240414502587,7.250160252575358,nan
20260750,sat_02,118.0,0.09676577071408897,9.217650389403762,3.029066781299684,nan
20260750,sat_02,120.0,0.06457206409733568,5.537437456288331,2.847716672308549,4.595547002865161
20260750,sat_03,0.0,0.11850873343204363,5.631770273230288,0.035108101051735986,1.436302775514886
20260750,sat_03,2.0,0.11563001730193438,5.152402048805163,0.11704079660340393,nan
20260750,sat_03,4.0,0.1121924327081347,4.356691950956245,1.4602397373002778,nan
20260750,sat_03,6.0,0.11065293051737941,3.630260134131495,1.011653708260661,nan
20260750,sat_03,8.0,0.10812594188096655,2.8901943782400723,2.6095956340112623,nan
20260750,sat_03,10.0,0.012035862430857906,0.08747203542261799,1.8664005159588195,3.816945204344583
20260750,sat_03,12.0,0.020841243809557423,0.212374925926977,0.5166948687824298,nan
20260750,sat_03,14.0,0.03429502792656254,0.45883112610893106,1.4577383055821234,nan
20260750,sat_03,16.0,0.04669807407700743,0.6792898213770611,3.5016115506826986,nan
20260750,sat_03,18.0,0.05756292641854697,0.8313048630231494,3.413055210661333,nan
20260750,sat_03,20.0,0.0408584966526269,1.009102925206774,7.34941594734795,1.5607134146901305
20260750,sat_03,22.0,0.04531942890565024,1.0185170294397987,0.22753128317507704,nan
20260750,sat_03,24.0,0.051930368081686426,1.102833973946556,6.116636539003363,nan
20260750,sat_03,26.0,0.05798130450076078,1.1431823702161417,0.3331077336426014,nan
20260750,sat_03,28.0,0.06281576762472366,1.1264526865884925,1.5345549985428564,nan
20260750,sat_03,30.0,0.043155888013407286,1.196064608314108,0.9002251009066083,3.512781608796125
20260750,sat_03,32.0,0.04770979213813727,1.247583881045951,2.735480444619536,nan
20260750,sat_03,34.0,0.04990898578545453,1.1713767971839746,5.350036525654622,nan
20260750,sat_03,36.0,0.05227060106924006,1.1092542534645222,3.000685754630834,nan
20260750,sat_03,38.0,0.05661185465686154,1.1307548430403178,1.6231385732063326,nan
20260750,sat_03,40.0,0.037274887075854364,0.9843970073390489,0.995158537298324,0.8163647085670833
20260750,sat_03,42.0,0.03947401483572555,0.9699090108932098,3.799856432387765,nan
20260750,sat_03,44.0,0.038766783918384604,0.8250549609853043,7.2766504644394985,nan
20260750,sat_03,46.0,0.03887231201248645,0.7348134896649506,0.42885451381841283,nan
20260750,sat_03,48.0,0.03926828172924862,0.6672210267377247,0.9425517096508575,nan
20260750,sat_03,50.0,0.035605538029962504,0.9974650882893826,1.2885524561268515,2.045589437808471
20260750,sat_03,52.0,0.03814991902813125,1.0264327566287559,1.8994710862833242,nan
20260750,sat_03,54.0,0.043868147524677756,1.2199298482028647,7.295953317322253,nan
20260750,sat_03,56.0,0.04782535034681476,1.3073450421899704,0.21631856978679054,nan
20260750,sat_03,58.0,0.05250015726706487,1.4251258521294095,0.4162286299491615,nan
20260750,sat_03,60.0,0.05687751946064863,2.812008231172341,3.611129654721865,6.169087586216916
20260750,sat_03,62.0,0.060279450311809146,2.8714251723934385,1.6334803209619306,nan
20260750,sat_03,64.0,0.0652121533969039,3.0614585103088854,2.8300475254445185,nan
20260750,sat_03,66.0,0.06897661250054114,3.127473734055588,0.685458128692939,nan
20260750,sat_03,68.0,0.07602817293946203,3.478113901972766,2.550327196586636,nan
20260750,sat_03,70.0,0.04771708237423518,2.168566523563454,1.000226000451044,3.294299685639445
20260750,sat_03,72.0,0.04880079559989833,2.0834808359617676,5.600628515944634,nan
20260750,sat_03,74.0,0.05285069137132916,2.248096475283049,1.8475437691081293,nan
20260750,sat_03,76.0,0.053724839450061464,2.141084125929696,3.4375106693542725,nan
20260750,sat_03,78.0,0.05590616820402736,2.1411470603491063,3.7509407160492527,nan
20260750,sat_03,80.0,0.07475506332725633,5.778276197278311,0.27833439616800565,1.1533987990416352
20260750,sat_03,82.0,0.07528697214856021,5.425169897718646,4.013106495247039,nan
20260750,sat_03,84.0,0.0782768291830829,5.435427759254192,0.8570346834692395,nan
20260750,sat_03,86.0,0.08238160019088309,5.588091492452357,0.8318194655907366,nan
20260750,sat_03,88.0,0.08148972764152144,5.083318409969465,6.492856023574378,nan
20260750,sat_03,90.0,0.0603841329535608,4.057379984937821,1.609944929081125,5.757738785232605
20260750,sat_03,92.0,0.06263265558935625,4.064602661142858,0.345589049684042,nan
20260750,sat_03,94.0,0.05880965231596341,3.3402743404459323,10.19994449972214,nan
20260750,sat_03,96.0,0.06219980982762878,3.4872039261076977,4.800526363906288,nan
20260750,sat_03,98.0,0.06362083813587359,3.4097120370530547,1.6655580892639628,nan
20260750,sat_03,100.0,0.038763560170967035,1.7858685912989238,0.8409241988527154,6.350585391385396
20260750,sat_03,102.0,0.040624233087046026,1.8348765275409287,3.2729612645342487,nan
20260750,sat_03,104.0,0.04204370936630682,1.8400618366207917,0.41810027626665547,nan
20260750,sat_03,106.0,0.04473151382918381,1.9521597617412647,1.9476169826561125,nan
20260750,sat_03,108.0,0.0440862559022924,1.779524490499914,2.0339226397584955,nan
20260750,sat_03,110.0,0.028842621090706892,1.0484542178335423,1.0803965552036028,2.680521718982918
20260750,sat_03,112.0,0.028820688071031404,0.9829082209990558,0.4230718716915882,nan
20260750,sat_03,114.0,0.02997888824944706,0.999267675324164,0.12534230742256786,nan
20260750,sat_03,116.0,0.032759011705352115,1.1221132649844567,7.639360737964114,nan
20260750,sat_03,118.0,0.03200232899664893,1.0083041205890106,2.3375282349145676,nan
20260750,sat_03,120.0,0.03754079701728409,1.871793231372893,5.4103916747060525,1.1890731463909543
20260751,sat_01,0.0,0.07244404686806243,2.1045038300520185,0.020344666515265532,1.417893075411945
20260751,sat_01,2.0,0.06709772344126048,1.7349330047339069,1.1759090029497143,nan
20260751,sat_01,4.0,0.06312872938705892,1.3793638733857945,3.4587118683658757,nan
20260751,sat_01,6.0,0.06480221240264418,1.2450387843168502,3.2716992775997022,nan
20260751,sat_01,8.0,0.06016732288630251,0.8949053900925972,3.1546532861421994,nan
20260751,sat_01,10.0,0.07375117270152873,3.2843977759592895,3.833482701152014,1.45663007850396
20260751,sat_01,12.0,0.07262860243444369,2.5791298681416785,2.2078151087762956,nan
20260751,sat_01,14.0,0.07275284571885063,2.0648895988260403,2.630788453408936,nan
20260751,sat_01,16.0,0.07457291897392064,1.732325198416576,2.8118690312348087,nan
20260751,sat_01,18.0,0.07784759939412339,1.5204628006242573,2.251547506024672,nan
20260751,sat_01,20.0,0.06264207723602604,2.371991115245569,0.4816188633151107,2.1577175185666726
20260751,sat_01,22.0,0.06511168067329076,2.1025473579223264,0.08644148393337964,nan
20260751,sat_01,24.0,0.0692612615212429,1.9619531020756267,3.5392325310117365,nan
20260751,sat_01,26.0,0.07253234275015628,1.7891630084137848,1.0983009342273524,nan
20260751,sat_01,28.0,0.07640211162698013,1.666620536440856,2.162750145576971,nan
20260751,sat_01,30.0,0.04704008544299483,1.420766533530273,8.836844848431312,1.4629878099172235
20260751,sat_01,32.0,0.05405844659335797,1.6012098384962434,4.185294886886891,nan
20260751,sat_01,34.0,0.05979353087778863,1.6806212126224507,1.4396010485678965,nan
20260751,sat_01,36.0,0.06531630316538738,1.7311834573086051,2.5186678025279914,nan
20260751,sat_01,38.0,0.07447261025939637,1.9556448865128901,5.664462056468799,nan
20260751,sat_01,40.0,0.0516663920931737,1.8915382192647066,3.115642072684063,2.147374628929917
20260751,sat_01,42.0,0.05612212731045576,1.960930807913639,1.3810441548534333,nan
20260751,sat_01,44.0,0.05968701592997153,1.9561845292958666,2.436893009671655,nan
20260751,sat_01,46.0,0.06396976312035424,1.9903724373367861,0.13660051719586858,nan
20260751,sat_01,48.0,0.06458427108905634,1.8052582553634728,5.647458369784458,nan
20260751,sat_01,50.0,0.03629363980897665,1.036484891736233,1.0401718789572263,1.1793638323825208
20260751,sat_01,52.0,0.036827341116144996,0.956613637144126,0.22238642518864216,nan
20260751,sat_01,54.0,0.039858506004044725,1.007249105297161,2.327916030766887,nan
20260751,sat_01,56.0,0.041291458800583325,0.9746868522947661,0.5461246061704579,nan
20260751,sat_01,58.0,0.042019594698564526,0.9130567937648639,1.3061946036712382,nan
20260751,sat_01,60.0,0.03947862757220183,1.3545412933583738,0.9657347420839526,1.2454204220010825
20260751,sat_01,62.0,0.04029064256578276,1.2825927093730098,3.1862686698277938,nan
20260751,sat_01,64.0,0.04203383048795111,1.2716416726643875,3.750181978916998,nan
20260751,sat_01,66.0,0.04509189006998295,1.336222201159512,3.9527514797325862,nan
20260751,sat_01,68.0,0.04354992753902951,1.1408951847076514,2.709457850176158,nan
20260751,sat_01,70.0,0.02369444095581748,0.5345561371141867,4.7269017090997005,3.825116128835431
20260751,sat_01,72.0,0.02395266477436513,0.5017546309131378,4.121502217448668,nan
20260751,sat_01,74.0,0.02637211116111994,0.5595438452092142,3.500084442340767,nan
20260751,sat_01,76.0,0.030614656165536845,0.6949506252562847,2.528274080018594,nan
20260751,sat_01,78.0,0.03379902939510277,0.7821921187702013,0.3356359230179156,nan
20260751,sat_01,80.0,0.020989966068376845,0.4553886502998923,5.609169509199344,0.8487970073653712
20260751,sat_01,82.0,0.021725811645170495,0.45160099424404443,1.8344737115417182,nan
20260751,sat_01,84.0,0.025275873031313865,0.5664833655453003,1.3943185277900714,nan
20260751,sat_01,86.0,0.030873756222013684,0.7844871771422556,6.719012799505823,nan
20260751,sat_01,88.0,0.030742869097217025,0.7231560557284236,4.798537083778344,nan
20260751,sat_01,90.0,0.019092466107081305,0.4056697122774186,3.1382405780614064,2.1962782268911347
20260751,sat_01,92.0,0.0216194859792176,0.48435258774432605,0.7877605516764148,nan
20260751,sat_01,94.0,0.023453715200543623,0.5313269367961698,0.6356321035396638,nan
20260751,sat_01,96.0,0.028315867028965103,0.7228001568425385,4.076420491272292,nan
20260751,sat_01,98.0,0.031321004905708466,0.826522067763652,2.481671029188414,nan
20260751,sat_01,100.0,0.06202617719614864,4.572730407684484,1.2426339816199812,1.9154075345604171
20260751,sat_01,102.0,0.06786074430996657,5.120238075643275,6.726532164200031,nan
20260751,sat_01,104.0,0.06846022361576398,4.879007813591839,3.066229247562429,nan
20260751,sat_01,106.0,0.0729432346156221,5.1914731646429955,1.9844904632431826,nan
20260751,sat_01,108.0,0.07320451418090296,4.906954160751892,8.699410078335685,nan
20260751,sat_01,110.0,0.08021967495526855,8.111112314936838,1.4542748419747376,1.5037871013444075
20260751,sat_01,112.0,0.0791706440147187,7.417792594035983,5.0317915176103485,nan
20260751,sat_01,114.0,0.0802416920545834,7.1597488861327605,0.6883816530962552,nan
20260751,sat_01,116.0,0.08498294514045543,7.55316327168473,2.9728944216355617,nan
20260751,sat_01,118.0,0.08216653941381961,6.648311106364819,4.8968000982929,nan
20260751,sat_01,120.0,0.07801040179082878,8.083174505021962,5.3030792889315705,1.088581041633171
20260751,sat_02,0.0,0.1101453000679975,4.864925339139653,0.04282758645863549,1.3061564910739092
20260751,sat_02,2.0,0.11292130373196331,4.9138476042987715,8.23665023346334,nan
20260751,sat_02,4.0,0.11786799776300871,4.8086750251825885,0.8399935445522159,nan
20260751,sat_02,6.0,0.12311882952434963,4.494362533301466,1.0941197927504263,nan
20260751,sat_02,8.0,0.12751824091051922,4.0199528434215415,0.9050542758330611,nan
20260751,sat_02,10.0,0.09538361260930675,5.4937000160349,4.3971396331352,0.9322451880430619
20260751,sat_02,12.0,0.09786443524943457,4.6828236011365645,2.3510292913483206,nan
20260751,sat_02,14.0,0.10082039810201462,3.965469933706211,1.1728871665632377,nan
20260751,sat_02,16.0,0.10399586663195359,3.3690038814022647,2.162220026347861,nan
20260751,sat_02,18.0,0.10380363336250124,2.7034298964033714,3.851246795329719,nan
20260751,sat_02,20.0,0.056498072166745364,1.9295841599159278,0.8176954886398524,8.077051703855346
20260751,sat_02,22.0,0.06854992765054767,2.3306730680424566,2.412559623366854,nan
20260751,sat_02,24.0,0.07687166353379413,2.417155604947157,12.299099228215484,nan
20260751,sat_02,26.0,0.08726290790427,2.5902299668000333,2.9747242850385573,nan
20260751,sat_02,28.0,0.10008087126152841,2.8605120650627134,1.2306494018544154,nan
20260751,sat_02,30.0,0.06829721724379068,2.9955292905399995,0.8413689983543391,5.482536543840398
20260751,sat_02,32.0,0.07365285405473117,2.9729925625730975,4.709713953556877,nan
20260751,sat_02,34.0,0.0784404505182714,2.8929310249820106,3.599409445124418,nan
20260751,sat_02,36.0,0.08523820293543709,2.9488985289821104,5.448392929218205,nan
20260751,sat_02,38.0,0.09306797516016373,3.0548644824868445,5.11339113950457,nan
20260751,sat_02,40.0,0.0759540478501279,4.087931846020625,5.019378315842573,1.236306927874551
20260751,sat_02,42.0,0.08132369882367677,4.117377301907864,0.43501854546120616,nan
20260751,sat_02,44.0,0.08596833783456326,4.058075313125671,1.4345841270299418,nan
20260751,sat_02,46.0,0.09090229460933211,4.019059882445157,1.054917827294912,nan
20260751,sat_02,48.0,0.09809935325251819,4.164833960245647,2.0825847502028316,nan
20260751,sat_02,50.0,0.06309513948451856,3.1327538914916313,8.722699271342501,2.1513075240956154
20260751,sat_02,52.0,0.06914782432449962,3.372767936789535,8.86044892186409,nan
20260751,sat_02,54.0,0.07404461166676644,3.4762726501310164,2.448248821912892,nan
20260751,sat_02,56.0,0.07787553272870779,3.4670401967294646,4.712280401612832,nan
20260751,sat_02,58.0,0.0824835019121654,3.5183389475430675,5.370599067034716,nan
20260751,sat_02,60.0,0.06575645456950249,3.7592689548011036,3.0602295584729697,0.7483664908824819
20260751,sat_02,62.0,0.06478331121981212,3.3173440845746596,12.415815469124714,nan
20260751,sat_02,64.0,0.06444284720574645,2.9904064186448833,2.776864274088642,nan
20260751,sat_02,66.0,0.06727070574013155,2.9754818556611813,0.6954243953692705,nan
20260751,sat_02,68.0,0.0715171121920155,3.0784130490258894,2.4798476543711554,nan
20260751,sat_02,70.0,0.032041283548018114,0.9775629592722501,7.957271575681575,3.646122499628068
20260751,sat_02,72.0,0.03544883224855322,1.099034839453913,3.7662867179390793,nan
20260751,sat_02,74.0,0.03746955747809606,1.1295966997674283,2.915193111324406,nan
20260751,sat_02,76.0,0.0410751499685706,1.25107389474719,0.38736951851890344,nan
20260751,sat_02,78.0,0.043072304266266646,1.2704043620973322,1.5967998397987104,nan
20260751,sat_02,80.0,0.06701833207702186,4.6429883215344,4.282211003441978,1.7474588207953157
20260751,sat_02,82.0,0.06892800084168878,4.546058753832444,2.6814559354510674,nan
20260751,sat_02,84.0,0.06838764861688233,4.147341316059979,2.5384847920894984,nan
20260751,sat_02,86.0,0.06909242597390379,3.9290774924919125,1.4798309490003012,nan
20260751,sat_02,88.0,0.07014243664700537,3.7646063830219934,0.7484054556673603,nan
20260751,sat_02,90.0,0.07126082709629411,5.650830192238842,2.5440805311325976,2.3934697593388092
20260751,sat_02,92.0,0.07129406387233732,5.2666919504615475,3.9591551730537997,nan
20260751,sat_02,94.0,0.07212396443969969,5.02402454243702,1.7132969233923032,nan
20260751,sat_02,96.0,0.06940439865102692,4.34177633852501,2.7059093678805586,nan
20260751,sat_02,98.0,0.07061921605725723,4.200986669167338,0.4488653090878171,nan
20260751,sat_02,100.0,0.03095382780017898,1.1385675997684521,0.6524114435496315,4.315115899946458
20260751,sat_02,102.0,0.030252449407607497,1.0173499673800805,0.35106421265811516,nan
20260751,sat_02,104.0,0.029328922644516798,0.8952339551338055,1.5523848057642924,nan
20260751,sat_02,106.0,0.029221629524469755,0.8329380691434854,0.13404447615704757,nan
20260751,sat_02,108.0,0.029278770075486567,0.7846957157259878,0.40613571469368853,nan
20260751,sat_02,110.0,0.006886960342407805,0.059766622686210566,1.612535092563652,1.929652559240287
20260751,sat_02,112.0,0.009452896682985346,0.10572179986530383,2.197671901809184,nan
20260751,sat_02,114.0,0.010272868193841997,0.11732058921381132,2.4440251260724573,nan
20260751,sat_02,116.0,0.010093109689433452,0.10650694469148651,2.748591667604998,nan
20260751,sat_02,118.0,0.011920830982218212,0.1399025202130379,1.7889849905767636,nan
20260751,sat_02,120.0,0.04209779240226515,2.3538760620385917,1.3589094921680462,7.355280286015484
20260751,sat_03,0.0,0.09195521628811291,3.3907597555815445,0.01948296403590672,1.2985512859507229
20260751,sat_03,2.0,0.09530003943542222,3.4998987355583058,0.7961463969430045,nan
20260751,sat_03,4.0,0.09599764521462899,3.18972253379567,2.2912463450204874,nan
20260751,sat_03,6.0,0.09984509659202166,2.9557592056606,1.0069721595691612,nan
20260751,sat_03,8.0,0.10364332537637623,2.6555530212447542,0.7389255204850617,nan
20260751,sat_03,10.0,0.060444578338865323,2.2061388689268404,1.433446578551935,2.761339405502299
20260751,sat_03,12.0,0.06231101301848784,1.898400767635482,0.5510644304060244,nan
20260751,sat_03,14.0,0.06409079569099381,1.6024822742322502,0.608535225109816,nan
20260751,sat_03,16.0,0.0663073897938967,1.3696323983712098,0.6555012367264345,nan
20260751,sat_03,18.0,0.06989905534837167,1.2258851640053967,1.7212434496828375,nan
20260751,sat_03,20.0,0.027968826133765105,0.4728750902259616,0.4134452794469283,0.7724002087224787
20260751,sat_03,22.0,0.027760043530743572,0.38222167173177596,0.6352421362346725,nan
20260751,sat_03,24.0,0.029684301162836355,0.36044221649268215,3.492773531977318,nan
20260751,sat_03,26.0,0.035026382620888176,0.4173353683595996,8.522843172800304,nan
20260751,sat_03,28.0,0.038330975780379764,0.41961600874113314,4.2130918490138045,nan
20260751,sat_03,30.0,0.01472295183007646,0.1391977803827858,7.915348144940429,1.2408950848258202
20260751,sat_03,32.0,0.017243374139861337,0.16293763046319465,0.580332157713893,nan
20260751,sat_03,34.0,0.02026623179280968,0.19308731891715178,1.1613552423847109,nan
20260751,sat_03,36.0,0.020667471062767995,0.17335293726131848,6.2614686157331585,nan
20260751,sat_03,38.0,0.02465432156446638,0.21436318491699008,2.5961681377307952,nan
20260751,sat_03,40.0,0.05345285828569512,2.0242745403419233,1.3365477883572883,1.2383077221422303
20260751,sat_03,42.0,0.05417121098479996,1.826568615908404,4.745652060466685,nan
20260751,sat_03,44.0,0.0554862247498304,1.6901046964051056,0.5173332584684036,nan
20260751,sat_03,46.0,0.0575604913142701,1.6110806737455436,1.2719550266286117,nan
20260751,sat_03,48.0,0.058898891751024855,1.500982410182298,2.800618298622502,nan
20260751,sat_03,50.0,0.05482281087838679,2.3648165463402413,2.8572188808538477,1.3169602637744777
20260751,sat_03,52.0,0.05626763765798403,2.232934507529034,2.267054974299375,nan
20260751,sat_03,54.0,0.057467250285742046,2.0935497330323862,2.579898104143374,nan
20260751,sat_03,56.0,0.061131110332333455,2.1359579691545933,1.178025229744528,nan
20260751,sat_03,58.0,0.06501088103261729,2.1851939980042303,0.6427318292484561,nan
20260751,sat_03,60.0,0.01915200779656131,0.31882559370544855,2.218496813561158,4.848615263999332
20260751,sat_03,62.0,0.02028297452428819,0.32509474534587346,1.2268973144711444,nan
20260751,sat_03,64.0,0.024521145886685462,0.4328383543416973,2.308114837781473,nan
20260751,sat_03,66.0,0.02605682597589926,0.44624772538713003,1.7354441302044195,nan
20260751,sat_03,68.0,0.028355569177452154,0.4838113805480321,11.422164027547879,nan
20260751,sat_03,70.0,0.029460943759514358,0.8265246446998187,1.3302424812156168,0.028804351017810873
20260751,sat_03,72.0,0.03106148088744082,0.8439312758509923,0.23482385057819338,nan
20260751,sat_03,74.0,0.030974469465123985,0.7720388927300168,4.345367469456814,nan
20260751,sat_03,76.0,0.0327055296773577,0.7933378368283581,1.2192360706251597,nan
20260751,sat_03,78.0,0.03496505349043508,0.837310980223281,2.794470920586057,nan
20260751,sat_03,80.0,0.014660542448750655,0.2222040503714846,1.91738491497178,2.6190829821034747
20260751,sat_03,82.0,0.019064243712860186,0.3477856427518731,7.6905275075909,nan
20260751,sat_03,84.0,0.018890932115912713,0.3164802806735416,1.6357338024190822,nan
20260751,sat_03,86.0,0.020057648385335445,0.33112617816199036,1.646701768219712,nan
20260751,sat_03,88.0,0.02083157935321418,0.332054381758733,0.07810590325766965,nan
20260751,sat_03,90.0,0.038623882612999635,1.6596513484269009,1.2640025613574415,7.412460766515674
20260751,sat_03,92.0,0.0410156512941067,1.7426587562883644,2.825749057495445,nan
20260751,sat_03,94.0,0.043610226591245936,1.8362481449785335,1.701478563296194,nan
20260751,sat_03,96.0,0.04617663065284798,1.9212746866166364,0.678281886104758,nan
20260751,sat_03,98.0,0.048556582620339975,1.9853779968680434,0.2860089918603722,nan
20260751,sat_03,100.0,0.01300256878640867,0.2009179488385786,0.0851664695929549,7.425509712446889
20260751,sat_03,102.0,0.014774721368888277,0.24264433664491997,3.52592440797147,nan
20260751,sat_03,104.0,0.01513124668206529,0.23828030775217315,1.1220443844296015,nan
20260751,sat_03,106.0,0.013389422528359316,0.17487348397409944,3.892555645451932,nan
20260751,sat_03,108.0,0.010105623522353384,0.09347070320572343,3.225941420695405,nan
20260751,sat_03,110.0,0.030430202880342778,1.1668209090289272,6.796307396976414,0.5383682752535872
20260751,sat_03,112.0,0.03074950353358498,1.1186188284363783,0.3671625146038862,nan
20260751,sat_03,114.0,0.032147622981949356,1.148824855895449,1.8016509594161056,nan
20260751,sat_03,116.0,0.03286631859943248,1.129336722591586,1.0030203589704076,nan
20260751,sat_03,118.0,0.033360082419927585,1.0955458357439114,2.958492358463941,nan
20260751,sat_03,120.0,0.02463813016866352,0.8061780671495388,4.2827060653746685,0.963317405164799
20260752,sat_01,0.0,0.08305849850947816,2.7663838994193277,0.022315247075676798,1.3940084891199689
20260752,sat_01,2.0,0.08063892954884108,2.505857103592898,2.4591527649736804,nan
20260752,sat_01,4.0,0.07744423079746272,2.07587293756952,2.490459033959988,nan
20260752,sat_01,6.0,0.07672340907849709,1.7452358629974694,0.8702035448159552,nan
20260752,sat_01,8.0,0.07618573876405832,1.4348076481599976,0.9586868739422121,nan
20260752,sat_01,10.0,0.079805897086882,3.8457585792192814,2.316307221196051,1.272036011636966
20260752,sat_01,12.0,0.0870156123780876,3.702215953725531,4.387458632420361,nan
20260752,sat_01,14.0,0.09473558328733457,3.501434317442737,1.2542813780579036,nan
20260752,sat_01,16.0,0.099973905015339,3.1136968709524413,7.324083743270231,nan
20260752,sat_01,18.0,0.10751790920176837,2.900618836850197,1.1914426485162442,nan
20260752,sat_01,20.0,0.06675769970233032,2.6941185872443434,2.1936535757384386,1.0584972783080575
20260752,sat_01,22.0,0.07175835236715643,2.554110412334472,4.768865969265749,nan
20260752,sat_01,24.0,0.07577310387045401,2.34874606278704,2.263395028017798,nan
20260752,sat_01,26.0,0.08213084763613984,2.294709058106017,3.009609962094701,nan
20260752,sat_01,28.0,0.08896710093940366,2.260669945607251,3.7532661638075915,nan
20260752,sat_01,30.0,0.07184706418617881,3.3146816482542656,3.831788284488158,0.8556380909947202
20260752,sat_01,32.0,0.07856271358076095,3.38226343284852,2.4227244291774404,nan
20260752,sat_01,34.0,0.08533557189943113,3.423602615960435,0.22205942748040203,nan
20260752,sat_01,36.0,0.0875564170537364,3.111385081164335,12.880313900033311,nan
20260752,sat_01,38.0,0.0937991656683781,3.103069459214243,0.7733738647123183,nan
20260752,sat_01,40.0,0.08924731730420969,5.6432023403607525,1.105107188216989,0.3958076558767313
20260752,sat_01,42.0,0.09576820017154024,5.708886098930748,3.2435540100243694,nan
20260752,sat_01,44.0,0.1029520097170135,5.818667207471391,4.6100960058707745,nan
20260752,sat_01,46.0,0.10623497569335832,5.488030516539446,5.581505254789362,nan
20260752,sat_01,48.0,0.11042180540350884,5.2757429588605556,0.8279924509762655,nan
20260752,sat_01,50.0,0.07709253424606521,4.675810177777008,5.716257795466422,1.7888222665852076
20260752,sat_01,52.0,0.0797484044244043,4.484911708429248,0.9894735200807638,nan
20260752,sat_01,54.0,0.08021223604641173,4.0781834312335,6.538137645015291,nan
20260752,sat_01,56.0,0.08249575206569276,3.8893171084566567,3.049465351755842,nan
20260752,sat_01,58.0,0.08520949705181764,3.7534920743751115,0.18637542173247762,nan
20260752,sat_01,60.0,0.048669591689990244,2.058739977780948,1.4207649069055244,5.114351565887378
20260752,sat_01,62.0,0.05133341368384378,2.082090328900959,2.51376522642017,nan
20260752,sat_01,64.0,0.05197509174897175,1.9444435375551983,3.338563743000112,nan
20260752,sat_01,66.0,0.05846600787749859,2.24659510867934,7.744841353174891,nan
20260752,sat_01,68.0,0.06374206412913506,2.4443617899106087,5.708071923983436,nan
20260752,sat_01,70.0,0.031362644401941545,0.9365550463297483,0.1303268676306814,4.44121624351213
20260752,sat_01,72.0,0.032902582276290136,0.9468031605673997,1.1542872249955574,nan
20260752,sat_01,74.0,0.0330082635027381,0.8766290632506584,0.9619203302160484,nan
20260752,sat_01,76.0,0.033399960381916706,0.8272405308983267,6.990412643757344,nan
20260752,sat_01,78.0,0.03421141210735068,0.8014924654980999,3.489717988448122,nan
20260752,sat_01,80.0,0.038802823981489064,1.5564575336697128,1.2663705385193076,1.439395506254186
20260752,sat_01,82.0,0.040987504642047375,1.607555367361018,2.5286984689284515,nan
20260752,sat_01,84.0,0.04377707722724887,1.6996227916909643,2.5748611478564363,nan
20260752,sat_01,86.0,0.04388119947131025,1.5851462052489012,4.276096947908963,nan
20260752,sat_01,88.0,0.04453000666499057,1.5176622177024044,0.4977562723215957,nan
20260752,sat_01,90.0,0.05373333422069948,3.21280397910236,1.81706155288469,0.16441387315266284
20260752,sat_01,92.0,0.05906882536154934,3.6152237402598697,3.8921440298603542,nan
20260752,sat_01,94.0,0.06087071624570715,3.578481759271517,0.8384411080213512,nan
20260752,sat_01,96.0,0.06322403539305278,3.602815086343322,1.1774737112661635,nan
20260752,sat_01,98.0,0.06944847891986604,4.062709606458291,4.25617064665979,nan
20260752,sat_01,100.0,0.04567946512607089,2.479927402374751,2.0840076100299676,1.972221836938481
20260752,sat_01,102.0,0.047770578877861514,2.537190118489268,0.4239778900943773,nan
20260752,sat_01,104.0,0.04982176382189377,2.5838654596348087,0.9690001543561783,nan
20260752,sat_01,106.0,0.05439418731700985,2.8866691255435506,3.856274761305862,nan
20260752,sat_01,108.0,0.05529239247065839,2.799095680446757,2.640377644252517,nan
20260752,sat_01,110.0,0.04170332704148674,2.191453474472997,2.5485162967369392,4.016447484319684
20260752,sat_01,112.0,0.03927371624547074,1.8248140089952427,7.965225933487503,nan
20260752,sat_01,114.0,0.04288936946427309,2.0447947225249887,1.8364691435714642,nan
20260752,sat_01,116.0,0.04510812027243288,2.127232192310041,0.7706815960068516,nan
20260752,sat_01,118.0,0.0514116362162481,2.6017949120680153,3.6373530919388357,nan
20260752,sat_01,120.0,0.05155904404910399,3.5298621260808942,1.034026177525787,1.2965388284693145
20260752,sat_02,0.0,0.07980503987703555,2.5539061880193143,0.03125023877132762,1.4500620255987562
20260752,sat_02,2.0,0.07394530403759748,2.10713159444928,3.1317439246127496,nan
20260752,sat_02,4.0,0.07106067451336608,1.7478116418354896,5.754199024520663,nan
20260752,sat_02,6.0,0.06943038672971105,1.4292956366066019,2.0233600269728718,nan
20260752,sat_02,8.0,0.061873071803627985,0.9464217091869652,2.034864025949497,nan
20260752,sat_02,10.0,0.013727434778300247,0.11378774162036079,1.0143314212658303,1.0186537110125677
20260752,sat_02,12.0,0.019592676393738656,0.18769205629604657,1.2345702384183037,nan
20260752,sat_02,14.0,0.02860608466550712,0.3192342122697956,1.033395651537537,nan
20260752,sat_02,16.0,0.03424643184985363,0.3653301936604086,4.4549758805261375,nan
20260752,sat_02,18.0,0.04435942683486774,0.49366276335934406,2.2997009524187106,nan
20260752,sat_02,20.0,0.08079048439918157,3.9456250725944524,3.999665985455052,0.8919025560192727
20260752,sat_02,22.0,0.08897645616982451,3.9265563709680658,6.420802574330603,nan
20260752,sat_02,24.0,0.09595495023081507,3.7661619095948993,4.209747540796058,nan
20260752,sat_02,26.0,0.10514031768087853,3.760165897761153,2.877857933162679,nan
20260752,sat_02,28.0,0.1159657731328028,3.8405087904822888,1.5505705764193578,nan
20260752,sat_02,30.0,0.03861094394694889,0.9574284103883285,1.8217400489529514,8.892665967721873
20260752,sat_02,32.0,0.04214338007503438,0.9734791182619109,0.8771098086307862,nan
20260752,sat_02,34.0,0.0438339534235407,0.9035904362863147,2.6683808372761213,nan
20260752,sat_02,36.0,0.04793775855109116,0.9330029534044433,0.7308217295703856,nan
20260752,sat_02,38.0,0.052298929917294144,0.965039240407379,0.48534784249040114,nan
20260752,sat_02,40.0,0.04047905113918346,1.160940775020554,0.5102735912050885,2.7077403610356683
20260752,sat_02,42.0,0.044435207669462615,1.2290733149265909,3.7138635248508107,nan
20260752,sat_02,44.0,0.0462760765842113,1.175711486056564,4.198231285194056,nan
20260752,sat_02,46.0,0.04793618877523437,1.117487960797236,0.620479865637836,nan
20260752,sat_02,48.0,0.05048719258198039,1.1030252744674431,2.5212955167564055,nan
20260752,sat_02,50.0,0.03952537932661243,1.2291024311132897,2.681489153101129,1.8074783332236888
20260752,sat_02,52.0,0.0414703369906204,1.2127949669600524,0.8772514062806267,nan
20260752,sat_02,54.0,0.04124087554780604,1.0780548761982671,3.469627157515106,nan
20260752,sat_02,56.0,0.04533875005707241,1.1747574141067911,2.3078020162069968,nan
20260752,sat_02,58.0,0.04787703574761295,1.1849727913241748,0.16871625086668549,nan
20260752,sat_02,60.0,0.07305602773745347,4.638746011342563,1.970364557034912,0.9031880147645475
20260752,sat_02,62.0,0.07375950695956048,4.2987172458897,4.372673077990996,nan
20260752,sat_02,64.0,0.07786014485928582,4.363471356228882,2.3574429586810868,nan
20260752,sat_02,66.0,0.07921123904158199,4.123705799037599,0.8400539042902572,nan
20260752,sat_02,68.0,0.08253781357380063,4.09839585212117,1.5486480350098206,nan
20260752,sat_02,70.0,0.09775024047554934,9.097156788515111,0.11376317041339833,2.1856286770023625
20260752,sat_02,72.0,0.09836041110906991,8.460527507247283,2.9454919027861974,nan
20260752,sat_02,74.0,0.10148618136202935,8.28579757292175,1.5044331328920306,nan
20260752,sat_02,76.0,0.1064637762101403,8.403907279794966,1.8286629617192816,nan
20260752,sat_02,78.0,0.11142510299940447,8.500897747475515,1.0667529152808757,nan
20260752,sat_02,80.0,0.07076733325616169,5.1760332739096455,0.8473032395504266,9.233449762625312
20260752,sat_02,82.0,0.0751709674048812,5.405874110821504,2.0818481713405275,nan
20260752,sat_02,84.0,0.07616993924276035,5.144031401529736,0.8271884157516304,nan
20260752,sat_02,86.0,0.07754298090048205,4.948090218646305,3.9051294492890722,nan
20260752,sat_02,88.0,0.07876865340236866,4.746704807486519,1.175534526089575,nan
20260752,sat_02,90.0,0.03525999079245517,1.3833836165535804,3.9310044693532586,5.038160581539259
20260752,sat_02,92.0,0.03411401476839436,1.2057793551516807,0.9556229359440301,nan
20260752,sat_02,94.0,0.03627159349323611,1.270565937246832,3.8209368514348965,nan
20260752,sat_02,96.0,0.03189002277534316,0.9165682578862892,6.049489172375958,nan
20260752,sat_02,98.0,0.030513346376479476,0.784204149075556,1.5432381055441717,nan
20260752,sat_02,100.0,0.039129461486678174,1.8194346502449266,0.6330458599593404,0.9470417259090249
20260752,sat_02,102.0,0.03680931265604557,1.5061223633514043,6.327341203896374,nan
20260752,sat_02,104.0,0.039264731617958924,1.604398363631911,17.341872476089403,nan
20260752,sat_02,106.0,0.038859532183995064,1.472850244921603,2.052111443480788,nan
20260752,sat_02,108.0,0.03445332686107143,1.086513810021931,4.088674923392555,nan
20260752,sat_02,110.0,0.04515821515883164,2.5696718205123403,4.422382123573322,0.7680119073973952
20260752,sat_02,112.0,0.04322284330233155,2.2102783881914507,0.3100838908457294,nan
20260752,sat_02,114.0,0.0453128351019441,2.2825228546100145,4.384716476302708,nan
20260752,sat_02,116.0,0.0398201135174221,1.6578698177762612,4.2821231506045025,nan
20260752,sat_02,118.0,0.04392890920246486,1.8997222851477926,6.12830233165753,nan
20260752,sat_02,120.0,0.014896441280766228,0.29469506781236726,0.7621001466571833,4.428523180603921
20260752,sat_03,0.0,0.09685057695819692,3.7613928431172603,0.010075389764443738,1.1669985727631313
20260752,sat_03,2.0,0.09853441019401588,3.7414867727588303,0.47720114004472974,nan
20260752,sat_03,4.0,0.10294181896956364,3.6678555368676085,0.9990687222273541,nan
20260752,sat_03,6.0,0.10451625160745492,3.2387499815991987,0.6683888713081421,nan
20260752,sat_03,8.0,0.10586580995480767,2.770615680353141,0.9018703061101978,nan
20260752,sat_03,10.0,0.07112053108257257,3.0542803810456847,8.871276664191129,0.7589679281435853
20260752,sat_03,12.0,0.07166591520974812,2.511202046496645,1.3601297924248967,nan
20260752,sat_03,14.0,0.07203205926783456,2.0241379649261475,2.8031482599613615,nan
20260752,sat_03,16.0,0.07234349800197304,1.6302320470994698,0.6389074699799557,nan
20260752,sat_03,18.0,0.07736279055857657,1.5015016575140223,11.058081305961696,nan
20260752,sat_03,20.0,0.046357883854386904,1.2990711902719116,4.433705635499006,2.7111504998298463
20260752,sat_03,22.0,0.05377355092149523,1.4341342978917029,2.573739288636533,nan
20260752,sat_03,24.0,0.06169919736194184,1.5571080897555785,0.9128660046008552,nan
20260752,sat_03,26.0,0.0711610244044586,1.7224968430405945,0.5027879726224018,nan
20260752,sat_03,28.0,0.08005484424272648,1.8302788057796573,1.580149715674578,nan
20260752,sat_03,30.0,0.011947308422938176,0.09166552385505314,10.540747661559559,2.9033516104687327
20260752,sat_03,32.0,0.014426008341463918,0.11405093373396777,3.8901676947080683,nan
20260752,sat_03,34.0,0.01617168019231146,0.12295043856143101,2.1130544247865033,nan
20260752,sat_03,36.0,0.016300149695944652,0.10782220874240282,6.083632204467641,nan
20260752,sat_03,38.0,0.017726655328301776,0.11080352929748595,0.8420259232100054,nan
20260752,sat_03,40.0,0.05689716154934683,2.2935539227587896,0.03724433950056372,0.9337009784262285
20260752,sat_03,42.0,0.06118039239169461,2.3298079251819064,2.201652104942424,nan
20260752,sat_03,44.0,0.06606402042752883,2.395877612902641,0.2785199469582897,nan
20260752,sat_03,46.0,0.07068248424984842,2.4292731434166424,3.3283444630891283,nan
20260752,sat_03,48.0,0.07908442557806254,2.705971533052116,5.716129082051264,nan
20260752,sat_03,50.0,0.07114433231195207,3.9822336801525866,2.9358133177078978,0.9199151734329806
20260752,sat_03,52.0,0.07668814909146046,4.147449225778618,2.913463121420692,nan
20260752,sat_03,54.0,0.08228132110293816,4.291491375026729,0.6452066241088985,nan
20260752,sat_03,56.0,0.08818162911050821,4.444227293977109,4.789597568168858,nan
20260752,sat_03,58.0,0.09533598021961041,4.699004573924979,0.6252764826697627,nan
20260752,sat_03,60.0,0.04931785564181088,2.1140624662220224,3.89374476332397,3.771313440838953
20260752,sat_03,62.0,0.053657623784268894,2.275042358714863,2.8297779978589297,nan
20260752,sat_03,64.0,0.05836252834482294,2.4518689855725873,1.9197862192803015,nan
20260752,sat_03,66.0,0.06245948504841391,2.5641304926893183,0.6978492764740838,nan
20260752,sat_03,68.0,0.0649569135590764,2.5386001634240514,2.7340483795356034,nan
20260752,sat_03,70.0,0.04901147262780205,2.2870784979738805,0.23988797595961375,7.696222973921614
20260752,sat_03,72.0,0.05112604862577011,2.285883121260155,2.4382962562773547,nan
20260752,sat_03,74.0,0.052815000392766674,2.244138106059572,0.267662404923509,nan
20260752,sat_03,76.0,0.053721016252415814,2.1398417368156246,0.5999796457388232,nan
20260752,sat_03,78.0,0.05981379497292944,2.449684574790692,5.221105570314666,nan
20260752,sat_03,80.0,0.034057573141483166,1.1992553179298242,0.7623342712037905,5.823014979490248
20260752,sat_03,82.0,0.03280433737182784,1.0299195926551006,2.7966115240524596,nan
20260752,sat_03,84.0,0.03390183620407479,1.0194409373238373,1.3827110238039289,nan
20260752,sat_03,86.0,0.03616862932508227,1.076979856213855,0.46345447663366157,nan
20260752,sat_03,88.0,0.03562281619595236,0.9713099192646222,2.598771623165796,nan
20260752,sat_03,90.0,0.05013984659672949,2.7974604064699062,1.1301358218925213,1.077689735479683
20260752,sat_03,92.0,0.04966073054712097,2.555308160122703,1.0774075016073645,nan
20260752,sat_03,94.0,0.04819166625776634,2.2429450920708263,1.4121467872228717,nan
20260752,sat_03,96.0,0.04919002837033199,2.1809217851588873,1.582321416285407,nan
20260752,sat_03,98.0,0.050661914085338995,2.1618997585955837,4.990281414319673,nan
20260752,sat_03,100.0,0.044012247802758656,2.3019321798460886,1.0050185602994852,0.3713471837333617
20260752,sat_03,102.0,0.045020833057771166,2.2532589311490243,2.956210325457003,nan
20260752,sat_03,104.0,0.04247398055160485,1.8777083946954538,2.4455309707299273,nan
20260752,sat_03,106.0,0.044944665395167865,1.9705797053858785,2.590460415374946,nan
20260752,sat_03,108.0,0.046398347055742285,1.9707373460386997,2.274705014067887,nan
20260752,sat_03,110.0,0.030695162553346075,1.1874471682216043,2.6662356138263106,2.7329727568807742
20260752,sat_03,112.0,0.03426502586887624,1.3892876415343833,3.925374102076334,nan
20260752,sat_03,114.0,0.03452174818934525,1.3250264069918043,1.025191821505142,nan
20260752,sat_03,116.0,0.03802932633991815,1.5123415040412884,9.542692238472132,nan
20260752,sat_03,118.0,0.03498617608781674,1.2051557199635659,3.2073386546489075,nan
20260752,sat_03,120.0,0.0339398438190959,1.5296794421758342,1.237318754163719,0.7193762646065971
20260753,sat_01,0.0,0.048761663145790626,0.9534575593882492,0.009832483883271804,1.391103652828344
20260753,sat_01,2.0,0.04836540178458649,0.9014410279000696,1.1983317969732536,nan
20260753,sat_01,4.0,0.04766951376172558,0.7865171167391473,0.05561638208095128,nan
20260753,sat_01,6.0,0.044128680247131305,0.5773625319584703,1.1950724466530025,nan
20260753,sat_01,8.0,0.03814495998790025,0.35969111820961125,4.302539663342899,nan
20260753,sat_01,10.0,0.08919945933542417,4.804334232891174,1.4761926686515465,1.0407221268926647
20260753,sat_01,12.0,0.09299607656921673,4.228649571165068,2.083386784628331,nan
20260753,sat_01,14.0,0.10033744000475144,3.927945437138275,5.5247037177148375,nan
20260753,sat_01,16.0,0.10763634999731231,3.6095890107261153,4.256858946563018,nan
20260753,sat_01,18.0,0.11448177800944238,3.2889530979721258,1.4120197184818943,nan
20260753,sat_01,20.0,0.07110222330344065,3.056389110425252,3.4833776723797842,1.1463773135849629
20260753,sat_01,22.0,0.07202232394034193,2.573337448617147,2.3072471361579687,nan
20260753,sat_01,24.0,0.07505613687002641,2.305086014766114,2.074434526372377,nan
20260753,sat_01,26.0,0.07771319851125866,2.055197113307814,1.795563686946387,nan
20260753,sat_01,28.0,0.08118650968629305,1.8833338611881196,0.9073953977089405,nan
20260753,sat_01,30.0,0.07939260374104108,4.048453568045346,4.11824969281758,0.24011218556373834
20260753,sat_01,32.0,0.0800274338783394,3.510799542687879,1.6024959504844372,nan
20260753,sat_01,34.0,0.08047047053180242,3.045731082856295,0.5941643832692695,nan
20260753,sat_01,36.0,0.08068225392303909,2.643392143987172,1.7335821435210657,nan
20260753,sat_01,38.0,0.07855212701677655,2.177514899830539,3.2861450245199944,nan
20260753,sat_01,40.0,0.06855375528350902,3.3299249550088987,0.8106118147993411,1.5341731578075741
20260753,sat_01,42.0,0.06960937374351714,3.0163266009903666,0.8820852059181481,nan
20260753,sat_01,44.0,0.07047102838534659,2.726476502978929,0.39872353892923496,nan
20260753,sat_01,46.0,0.07222767784175704,2.5368420888510803,0.5148015808524038,nan
20260753,sat_01,48.0,0.07535414283307541,2.456790845357332,0.9444028139607272,nan
20260753,sat_01,50.0,0.08006435062011891,5.042646192171537,0.7877729924597076,1.3662527353585947
20260753,sat_01,52.0,0.08463091595114314,5.050119900077817,1.532644290005367,nan
20260753,sat_01,54.0,0.08973018534353557,5.1025529932412805,2.9477976194602533,nan
20260753,sat_01,56.0,0.09169672447458309,4.804362730631257,4.30747802013296,nan
20260753,sat_01,58.0,0.09312204445974459,4.482016392843342,2.34737369068622,nan
20260753,sat_01,60.0,0.03643164847471881,1.1538550243829575,4.190877181058872,8.16424621747347
20260753,sat_01,62.0,0.04294451232238123,1.4576325344296412,8.021552083386776,nan
20260753,sat_01,64.0,0.04468399146777479,1.437701452946131,2.9338694358617277,nan
20260753,sat_01,66.0,0.04624098635663085,1.4058767028257075,2.6915249462828603,nan
20260753,sat_01,68.0,0.04698842202851933,1.3289167782420381,1.6334927313223304,nan
20260753,sat_01,70.0,0.02376010406581544,0.5374886337651406,1.6621711624798439,3.5220619669609716
20260753,sat_01,72.0,0.02332841709893867,0.47592465409864604,8.745765524513514,nan
20260753,sat_01,74.0,0.02477109553324291,0.4936608483319905,2.614552682633822,nan
20260753,sat_01,76.0,0.02517780514450188,0.47004538108174554,0.7599149319926766,nan
20260753,sat_01,78.0,0.026617796988354658,0.48514991586997963,0.3666732051988707,nan
20260753,sat_01,80.0,0.047226680342145055,2.3053137541431727,3.394616634452847,3.0036239506309093
20260753,sat_01,82.0,0.051954164050336454,2.5824585001049614,3.2517964608625314,nan
20260753,sat_01,84.0,0.05189550135879917,2.387936117093183,2.870218668457881,nan
20260753,sat_01,86.0,0.05376457930715869,2.378943465821265,2.327313528171301,nan
20260753,sat_01,88.0,0.05616439455851121,2.413508356571546,0.46617996185422683,nan
20260753,sat_01,90.0,0.0367823470941683,1.505769030825134,3.4421571111870195,6.042731778138276
20260753,sat_01,92.0,0.03752637367182874,1.459410278156058,1.789776541495906,nan
20260753,sat_01,94.0,0.04053508174737054,1.5871806388817988,1.3396362737366216,nan
20260753,sat_01,96.0,0.04133018583457923,1.5399374224053926,0.6725959722936685,nan
20260753,sat_01,98.0,0.043643513037757244,1.6048016557668907,3.037157237871848,nan
20260753,sat_01,100.0,0.041358342564759176,2.0326503115584904,1.3997134256788406,1.8806496006408304
20260753,sat_01,102.0,0.043278152720251865,2.0819773010353826,10.36358246852916,nan
20260753,sat_01,104.0,0.04408876413000375,2.022878588119546,1.5554608659263183,nan
20260753,sat_01,106.0,0.04465114830039874,1.9447003902804592,2.9022874846372155,nan
20260753,sat_01,108.0,0.04611204156606732,1.9462273272105373,3.0559625056603847,nan
20260753,sat_01,110.0,0.01325419129878839,0.22136525312070723,3.1589727101172067,7.631095056027586
20260753,sat_01,112.0,0.015178060942103614,0.2725580759678688,2.2980541160109884,nan
20260753,sat_01,114.0,0.011763574999295033,0.15382568717104822,4.055271654335583,nan
20260753,sat_01,116.0,0.013450717244890055,0.18914557733549386,2.1491153134183136,nan
20260753,sat_01,118.0,0.014150081045794674,0.1970846867716676,0.17024309864486156,nan
20260753,sat_01,120.0,0.02546929711842354,0.8616825542999083,0.5521837819047017,3.4090867904856434
20260753,sat_02,0.0,0.05794739233118598,1.3465178968616456,0.059342815612947686,1.4676108533328462
20260753,sat_02,2.0,0.05204112383650406,1.043666329726202,0.6875458182190969,nan
20260753,sat_02,4.0,0.0484766741697304,0.8133806786154452,2.0109308760373255,nan
20260753,sat_02,6.0,0.04300270040317805,0.5482742787904273,0.41471857500154996,nan
20260753,sat_02,8.0,0.042274030000764934,0.44177746091302006,1.187460626424615,nan
20260753,sat_02,10.0,0.06380522721247973,2.458224229818196,3.3246636359746673,0.28647692445919465
20260753,sat_02,12.0,0.066236730026272,2.1452084260712523,4.240582700147951,nan
20260753,sat_02,14.0,0.06850916246928962,1.831186806863034,3.726793834421951,nan
20260753,sat_02,16.0,0.07054021574971371,1.5502426451792979,1.641272026748552,nan
20260753,sat_02,18.0,0.07408894451427238,1.3774343850717576,5.245044077407792,nan
20260753,sat_02,20.0,0.0979326811684107,5.797806767673315,4.766740091726137,0.5637529849106062
20260753,sat_02,22.0,0.10732408168305888,5.713170601003891,5.181101007263187,nan
20260753,sat_02,24.0,0.11488799666308266,5.3993025980311105,1.0544850350880532,nan
20260753,sat_02,26.0,0.12356631054202082,5.19385455393797,0.20052028646643902,nan
20260753,sat_02,28.0,0.1299315472589856,4.821405416550079,2.504145383039879,nan
20260753,sat_02,30.0,0.040838531253404836,1.0708412055701415,3.0812251508488444,4.202030203748584
20260753,sat_02,32.0,0.04298548353790185,1.0123917720471667,3.4759942853052834,nan
20260753,sat_02,34.0,0.044402919778990704,0.9267032441892127,0.5058717072933274,nan
20260753,sat_02,36.0,0.046438705276356025,0.8749800052945187,6.316881511103163,nan
20260753,sat_02,38.0,0.05065355712400584,0.9045773615447251,2.9121086273837338,nan
20260753,sat_02,40.0,0.03891759759683977,1.0732076176485765,5.359382527789574,1.4301215711410857
20260753,sat_02,42.0,0.03946703921989549,0.9697055465841765,0.48780741974688885,nan
20260753,sat_02,44.0,0.038648030098095816,0.8200858370831807,4.4385073479499795,nan
20260753,sat_02,46.0,0.0353531525624691,0.6078530586620403,9.437711018271001,nan
20260753,sat_02,48.0,0.0358520924236943,0.556237982794556,1.6439749404045858,nan
20260753,sat_02,50.0,0.04159568922929273,1.3612938262166085,2.1493805174433227,4.800679082720077
20260753,sat_02,52.0,0.044727222129140286,1.4108823100482573,2.188639710763125,nan
20260753,sat_02,54.0,0.04705731703644295,1.4037569598823647,0.8150964915425242,nan
20260753,sat_02,56.0,0.052383942541599934,1.5684632232073197,4.475898156137343,nan
20260753,sat_02,58.0,0.0553186280483115,1.5822097850061132,5.021230400468947,nan
20260753,sat_02,60.0,0.02545149640052474,0.5629751319743501,2.5683281772926083,3.8707804381422917
20260753,sat_02,62.0,0.026734276343468314,0.5646905577846301,2.0858145739256453,nan
20260753,sat_02,64.0,0.026652900413465824,0.5112813911489535,0.28906284807110405,nan
20260753,sat_02,66.0,0.028837738608158713,0.546499228441328,5.2934438992558315,nan
20260753,sat_02,68.0,0.030377272949458876,0.5550877667082375,4.991361046501139,nan
20260753,sat_02,70.0,0.009372225608219105,0.08364637005639926,3.5553815914863836,1.1930494275402506
20260753,sat_02,72.0,0.008677860845642576,0.06585877945315147,3.393592873344846,nan
20260753,sat_02,74.0,0.011774079070879514,0.11151896317251977,4.008377795308233,nan
20260753,sat_02,76.0,0.013126451266623478,0.12775489083914798,7.546439893211363,nan
20260753,sat_02,78.0,0.019215406247936703,0.25281712461214867,6.787202856080681,nan
20260753,sat_02,80.0,0.026060673319201023,0.7021940871362848,7.48864580840624,0.7871545383307015
20260753,sat_02,82.0,0.028680452179108605,0.7872242833787013,2.87256680209554,nan
20260753,sat_02,84.0,0.03064332143542856,0.8328632623517702,0.6372473508134543,nan
20260753,sat_02,86.0,0.0343429609874775,0.9709524384079313,0.5619377585405362,nan
20260753,sat_02,88.0,0.03666092381332065,1.0285927863523652,3.410991263334586,nan
20260753,sat_02,90.0,0.010122307659773018,0.11400124103867523,5.512867025367109,3.641898669222889
20260753,sat_02,92.0,0.010993348875103764,0.12520588061802923,0.6464207285028294,nan
20260753,sat_02,94.0,0.013473360883309195,0.1752907130209013,2.8863158720646878,nan
20260753,sat_02,96.0,0.012512212389302417,0.1410755442039902,6.3178638764072295,nan
20260753,sat_02,98.0,0.014318398434968724,0.17265318148910785,0.4940759883813185,nan
20260753,sat_02,100.0,0.023369465960058282,0.6490812401531199,2.5124256411333854,1.2120043409172025
20260753,sat_02,102.0,0.021806402994494187,0.5286750056927016,5.7211668761612415,nan
20260753,sat_02,104.0,0.02001356642668721,0.4169297489717174,1.1593069462104904,nan
20260753,sat_02,106.0,0.019855753049982945,0.384645918643601,0.12751783452680698,nan
20260753,sat_02,108.0,0.01417461399963179,0.1839719086393231,6.504910542605023,nan
20260753,sat_02,110.0,0.01768167070028611,0.39391938352747774,0.06719621184703253,1.0539253109032387
20260753,sat_02,112.0,0.014936720443040558,0.2639301428986908,3.275530216201277,nan
20260753,sat_02,114.0,0.01784430231551796,0.35392407264670056,3.6494916775583564,nan
20260753,sat_02,116.0,0.013064351387373723,0.1784218977880324,4.006123218495809,nan
20260753,sat_02,118.0,0.014033329474121234,0.19383781779223047,0.7689238854817333,nan
20260753,sat_02,120.0,0.040974946868759854,2.2298131432948245,3.795272489573181,6.484371196346297
20260753,sat_03,0.0,0.09783476348723004,3.8382270887039414,0.02853628086637919,1.407940587637888
20260753,sat_03,2.0,0.09335938118996906,3.3587901809213387,6.3343122433204755,nan
20260753,sat_03,4.0,0.09075916202423914,2.851046591561907,0.3998283545040636,nan
20260753,sat_03,6.0,0.08490330724525352,2.1372198205831823,2.54355859375888,nan
20260753,sat_03,8.0,0.08288858386915485,1.698399123479157,2.824684575351262,nan
20260753,sat_03,10.0,0.04507312160012721,1.2267466478478664,1.6344953241740339,1.2738837113065966
20260753,sat_03,12.0,0.04265500579992806,0.889600080692485,2.7287518250957095,nan
20260753,sat_03,14.0,0.0416093376437576,0.67541470767407,0.5714992112405242,nan
20260753,sat_03,16.0,0.039226381427100755,0.47931829949768606,1.5623610171368625,nan
20260753,sat_03,18.0,0.041155327806886036,0.4249742704668771,5.094264886606917,nan
20260753,sat_03,20.0,0.0326758086055395,0.6454343889680934,7.574691046846373,1.0084811349882894
20260753,sat_03,22.0,0.041259249525437545,0.844328860406085,1.4470274145702968,nan
20260753,sat_03,24.0,0.05233603858604986,1.1203993365800309,12.114928023033729,nan
20260753,sat_03,26.0,0.06252332892111077,1.3296930447012656,2.7301587837295846,nan
20260753,sat_03,28.0,0.07307612903444918,1.5250456708435047,0.5896064194146486,nan
20260753,sat_03,30.0,0.033370677108098774,0.715008043616136,4.11977277110994,1.0184877108526487
20260753,sat_03,32.0,0.038288974880133435,0.8032716839215199,6.351708453744527,nan
20260753,sat_03,34.0,0.04255288176556527,0.8511363771006684,3.62278582778933,nan
20260753,sat_03,36.0,0.04746673588862823,0.9142329054022148,3.2276094262230615,nan
20260753,sat_03,38.0,0.0524679289280633,0.9706525058500909,0.22245146207880773,nan
20260753,sat_03,40.0,0.07974880811672831,4.506558514700045,1.2963739849568805,2.7098023527785657
20260753,sat_03,42.0,0.08533287923920958,4.5333206576354925,2.2751331662740735,nan
20260753,sat_03,44.0,0.09398433028746409,4.850108514519628,6.4904264607449305,nan
20260753,sat_03,46.0,0.09773856773284466,4.646332722974486,6.725050444082076,nan
20260753,sat_03,48.0,0.10730552310197575,4.983369245337337,3.8698961784939576,nan
20260753,sat_03,50.0,0.12085103967610823,11.490697811661427,3.322871134376136,2.4300585186298145
20260753,sat_03,52.0,0.1300186590182599,11.921694899447099,0.868411124657078,nan
20260753,sat_03,54.0,0.13788375932354188,12.051338225729213,3.442083862514215,nan
20260753,sat_03,56.0,0.1461303023042247,12.204379938594917,0.8961292979598598,nan
20260753,sat_03,58.0,0.15566354445202812,12.527418836879399,1.3278305123452234,nan
20260753,sat_03,60.0,0.09583460250371946,7.982893547794253,2.051759674416359,6.063057048434728
20260753,sat_03,62.0,0.10099836932456888,8.060539302787129,1.8282260366050718,nan
20260753,sat_03,64.0,0.10813105190115255,8.416656645170821,2.232418866925661,nan
20260753,sat_03,66.0,0.11628501602965166,8.887954999567512,2.3580920140582484,nan
20260753,sat_03,68.0,0.12321703241067777,9.134719876511564,1.564841320114036,nan
20260753,sat_03,70.0,0.0902932748939402,7.762672959234801,2.075394424291723,5.866525000469619
20260753,sat_03,72.0,0.09432163555738471,7.780641872486404,0.33439612001930924,nan
20260753,sat_03,74.0,0.09824142011497664,7.765072609247685,0.7102859028125095,nan
20260753,sat_03,76.0,0.1023791997063988,7.772122711313498,4.489019864366078,nan
20260753,sat_03,78.0,0.10570044693177753,7.650490744682733,1.3337414498814135,nan
20260753,sat_03,80.0,0.06274839129867736,4.069328877694542,4.9363256255492765,8.038760354125422
20260753,sat_03,82.0,0.06327471199399731,3.830111625117045,4.291596161912443,nan
20260753,sat_03,84.0,0.06420830871515124,3.6551362861251735,0.3545455381345747,nan
20260753,sat_03,86.0,0.06418704375553319,3.3902003257939928,5.477490806656995,nan
20260753,sat_03,88.0,0.0640857158389566,3.1418149815219514,2.7083831262344127,nan
20260753,sat_03,90.0,0.04977982979565769,2.756692162186429,4.839768543649184,0.9553307630516265
20260753,sat_03,92.0,0.05228415451092814,2.8315765159730266,0.6003080887941599,nan
20260753,sat_03,94.0,0.052591291130025065,2.6703182929653986,0.8893657895554872,nan
20260753,sat_03,96.0,0.0528529788477257,2.5168262624041056,10.688638762601805,nan
20260753,sat_03,98.0,0.05603057282773334,2.643390382987283,2.835257699024795,nan
20260753,sat_03,100.0,0.04473060507628086,2.377289518183841,0.9826123682264896,1.758870419065425
20260753,sat_03,102.0,0.04408308301400528,2.159902908519396,1.0255591371974104,nan
20260753,sat_03,104.0,0.04264743742167528,1.89267620980126,3.046414313666084,nan
20260753,sat_03,106.0,0.04484102755111779,1.961156561605004,10.292084912733365,nan
20260753,sat_03,108.0,0.04594841442001445,1.9323867629106837,1.825153066324508,nan
20260753,sat_03,110.0,0.0396397267644464,1.979906263163417,0.166438722582698,1.2061070772429483
20260753,sat_03,112.0,0.04133703354020516,2.0215375572714605,0.07962303493101303,nan
20260753,sat_03,114.0,0.04350472004789645,2.103830555841979,3.6587867812284047,nan
20260753,sat_03,116.0,0.045909680054011776,2.2034948686619837,0.5649329666034597,nan
20260753,sat_03,118.0,0.04620902151345456,2.1019048543316297,3.0534404876779346,nan
20260753,sat_03,120.0,0.041993366275276646,2.341750287249334,2.451729069043402,0.6590348218430914
20260754,sat_01,0.0,0.09611354385909411,3.7043622708110195,0.0004159284093102922,1.229382992597551
20260754,sat_01,2.0,0.09752021052805732,3.66484306644404,1.055545335237277,nan
20260754,sat_01,4.0,0.10069872194164074,3.5096925189703665,1.4132601308027446,nan
20260754,sat_01,6.0,0.10718494766036431,3.4061553937432807,2.7888942380353776,nan
20260754,sat_01,8.0,0.10322644136849542,2.6340760313111,6.274553515858837,nan
20260754,sat_01,10.0,0.049576012148505044,1.4840815110362657,2.8671143502061063,1.5741051585262142
20260754,sat_01,12.0,0.04790419376727771,1.1220384561444365,1.708137819855206,nan
20260754,sat_01,14.0,0.04609744945767504,0.828994427143596,1.0822971346591892,nan
20260754,sat_01,16.0,0.043783434160937336,0.5971450306839658,2.561848453119477,nan
20260754,sat_01,18.0,0.04297111298454911,0.4632591693511591,2.665089208986584,nan
20260754,sat_01,20.0,0.05189756235848706,1.6281272644981477,1.919181238048132,0.07177557772937697
20260754,sat_01,22.0,0.052407905068327224,1.3622131621104485,0.53058106035256,nan
20260754,sat_01,24.0,0.05192240561909701,1.102689112366133,2.411723801541374,nan
20260754,sat_01,26.0,0.053108945169891494,0.9593237041482653,4.658397258467114,nan
20260754,sat_01,28.0,0.05400796438955001,0.8328879932816633,1.7308938499765438,nan
20260754,sat_01,30.0,0.10836089841798875,7.540800794849508,6.080649361778117,3.447244252918346
20260754,sat_01,32.0,0.118765740654327,7.730941547555256,2.9463511576422716,nan
20260754,sat_01,34.0,0.12782940980758734,7.684019369722152,3.982803558842236,nan
20260754,sat_01,36.0,0.138556978156894,7.7940196869425575,1.0460334827363618,nan
20260754,sat_01,38.0,0.1478239739779711,7.709514249048738,0.8838746104393547,nan
20260754,sat_01,40.0,0.057602563404674574,2.3509568695419647,0.010453693053842503,6.058367025752682
20260754,sat_01,42.0,0.06241749888736688,2.4252668851864523,3.2730900957182145,nan
20260754,sat_01,44.0,0.06565865150976039,2.367014099447068,1.6304533023029901,nan
20260754,sat_01,46.0,0.07260559382236348,2.563868238827798,4.662320508996524,nan
20260754,sat_01,48.0,0.07627178870365395,2.517611181839729,0.6481791703217297,nan
20260754,sat_01,50.0,0.03932021670514917,1.2163498992240274,1.2727632584978674,3.3493249086085135
20260754,sat_01,52.0,0.0406504302430166,1.1652926076634569,2.3675972304632973,nan
20260754,sat_01,54.0,0.04410389779933368,1.2329422231108538,1.7046910191843387,nan
20260754,sat_01,56.0,0.04792327328329312,1.3125467138547213,0.813057566249285,nan
20260754,sat_01,58.0,0.04931731417973519,1.2574413048947803,3.1937826239959275,nan
20260754,sat_01,60.0,0.032069960265459795,0.8939696637554613,3.1195952573381116,1.2602271651133354
20260754,sat_01,62.0,0.03292640139649392,0.8567121846071548,5.739278992339146,nan
20260754,sat_01,64.0,0.03471788872054842,0.8676776163232124,0.5505953922297071,nan
20260754,sat_01,66.0,0.03606950733714027,0.8551602358732868,0.049262875631696575,nan
20260754,sat_01,68.0,0.042318109892741644,1.0775089278222625,5.013085534933584,nan
20260754,sat_01,70.0,0.052163887758136726,2.5907808844485887,3.7278566452539326,2.0086330859833668
20260754,sat_01,72.0,0.0553231934275928,2.676688440537933,0.7430972609980105,nan
20260754,sat_01,74.0,0.056076699561220335,2.5299770796686127,1.0469024529550552,nan
20260754,sat_01,76.0,0.0570463894248101,2.413051823469807,2.6725498473542437,nan
20260754,sat_01,78.0,0.05635705293245658,2.174841466772425,2.854190362733549,nan
20260754,sat_01,80.0,0.009399295783554617,0.09134701367851825,1.048787744400373,5.739477782552738
20260754,sat_01,82.0,0.00898036654793614,0.07718270778192526,0.5518820061250375,nan
20260754,sat_01,84.0,0.008082586323924962,0.057939285580834984,0.8258719611838652,nan
20260754,sat_01,86.0,0.01069664105009085,0.09416934667356608,2.790079095751447,nan
20260754,sat_01,88.0,0.014717763384862711,0.16572232471430498,4.098530487386357,nan
20260754,sat_01,90.0,0.02588930638761863,0.7457023350626573,2.383981681148468,0.3432418273427706
20260754,sat_01,92.0,0.02857836618950395,0.8460695754392024,0.8391430483610285,nan
20260754,sat_01,94.0,0.03082819628896104,0.9176397306767675,0.4658604207878517,nan
20260754,sat_01,96.0,0.032873843918065075,0.9738173680061241,3.4487244865703977,nan
20260754,sat_01,98.0,0.03297765014910528,0.915852749700671,2.995628253013059,nan
20260754,sat_01,100.0,0.03586314576889062,1.5282706470572696,3.0349328135279343,0.9581821993420488
20260754,sat_01,102.0,0.03730186849132247,1.5466164359611625,0.31638777960140235,nan
20260754,sat_01,104.0,0.04333126112424376,1.9539514616186648,3.3821425820477815,nan
20260754,sat_01,106.0,0.04279511507314375,1.7863371900572287,3.009297176723744,nan
20260754,sat_01,108.0,0.046300758233111125,1.962242872328004,2.1553198705933565,nan
20260754,sat_01,110.0,0.035942381123264686,1.6279420239484423,1.609464681323042,1.055431213141047
20260754,sat_01,112.0,0.0377986282780813,1.690404702163476,1.7240028489784585,nan
20260754,sat_01,114.0,0.04078675643180354,1.849367996035185,2.7303697297411214,nan
20260754,sat_01,116.0,0.04503826874513909,2.120872393883153,1.4516592562340138,nan
20260754,sat_01,118.0,0.048741568804119687,2.3388821313077424,3.157844139133472,nan
20260754,sat_01,120.0,0.040263032792296476,2.1530404502680947,4.277964090462374,0.7345527286785805
20260754,sat_02,0.0,0.04411360270166047,0.7803499488897662,0.028993780833693972,1.4029483032229526
20260754,sat_02,2.0,0.03948481574354371,0.6008005055843183,0.863818340058752,nan
20260754,sat_02,4.0,0.03826534484445054,0.5068107616541383,4.08566018864483,nan
20260754,sat_02,6.0,0.042505695982932586,0.5356929384976041,6.501119858112601,nan
20260754,sat_02,8.0,0.040216719616995064,0.3998473131104803,0.8644075350171168,nan
20260754,sat_02,10.0,0.05445677427538248,1.7906902437459116,2.1920195273618863,0.46630668577748696
20260754,sat_02,12.0,0.05418318902623628,1.4354530087343491,3.299898154596477,nan
20260754,sat_02,14.0,0.055549476613182526,1.20382866786007,0.612772708885814,nan
20260754,sat_02,16.0,0.05571335585951297,0.9669392779251726,2.577000816856305,nan
20260754,sat_02,18.0,0.05694084240197819,0.8134970049130265,0.025898829037659558,nan
20260754,sat_02,20.0,0.024486279066404687,0.36246243425910785,2.3651795880946733,1.084588279964783
20260754,sat_02,22.0,0.02548728028326363,0.3222348084667407,1.4944712502645887,nan
20260754,sat_02,24.0,0.026909208101255556,0.29626290783832687,1.861590851167747,nan
20260754,sat_02,26.0,0.026276266321117635,0.23494324950262868,4.002482896928541,nan
20260754,sat_02,28.0,0.030490763512777914,0.2656325207800757,6.506869026831689,nan
20260754,sat_02,30.0,0.06362522923963586,2.599683541138308,0.9352251784083765,0.7121900217030083
20260754,sat_02,32.0,0.07017643150771957,2.6990196509688174,4.513511012537574,nan
20260754,sat_02,34.0,0.07509257705434709,2.651402455557582,1.3296603211635303,nan
20260754,sat_02,36.0,0.0792340103133039,2.5483954891937177,1.8136960276529788,nan
20260754,sat_02,38.0,0.08185438176998648,2.363436077265001,3.6241949776041507,nan
20260754,sat_02,40.0,0.08437672336075808,5.043953837830505,1.461672072596549,0.6837329173913402
20260754,sat_02,42.0,0.08702205763530435,4.713579319608535,1.772662696865359,nan
20260754,sat_02,44.0,0.09250602770907565,4.697589181889899,8.810863276447634,nan
20260754,sat_02,46.0,0.09655357737691811,4.533035759219444,0.8319968704573546,nan
20260754,sat_02,48.0,0.09958276562763702,4.290386205993107,4.16802573262081,nan
20260754,sat_02,50.0,0.11527911681420551,10.454832032749017,4.012122106687374,2.7476742201854716
20260754,sat_02,52.0,0.12120193441866944,10.358786601602365,5.3419183362583835,nan
20260754,sat_02,54.0,0.1250997456263551,9.919158644302327,4.497331370380538,nan
20260754,sat_02,56.0,0.12568784669676397,9.027629406462962,12.56233882387183,nan
20260754,sat_02,58.0,0.12859754572009355,8.548693661399037,2.0876124116598156,nan
20260754,sat_02,60.0,0.09873158295947318,8.47296164117201,1.2956183965024797,2.4366905723580046
20260754,sat_02,62.0,0.10095552675199403,8.053870432353007,1.4115377180164694,nan
20260754,sat_02,64.0,0.1028205337792384,7.610436069862841,2.9491235816399612,nan
20260754,sat_02,66.0,0.10590778246324524,7.372630838703256,0.9810180333904165,nan
20260754,sat_02,68.0,0.10908401109807,7.159592422347849,1.0819120192963916,nan
20260754,sat_02,70.0,0.09239025901363804,8.127939447674482,0.20594737709865182,2.5303210000950958
20260754,sat_02,72.0,0.09332068483915247,7.6168926764099325,2.5085173036717845,nan
20260754,sat_02,74.0,0.09489336895926152,7.245404590242836,0.9043169342700934,nan
20260754,sat_02,76.0,0.09631018617064396,6.8786013112121145,4.133999379937493,nan
20260754,sat_02,78.0,0.09872427170113382,6.674641676978616,0.5832479259419029,nan
20260754,sat_02,80.0,0.08413703576731703,7.3184141319354294,1.446804364990654,2.0192214056968973
20260754,sat_02,82.0,0.086610982460789,7.178550862935028,1.3144166770762349,nan
20260754,sat_02,84.0,0.08912887107477231,7.04556294376182,1.7017694362181432,nan
20260754,sat_02,86.0,0.08987058697043056,6.648861339885233,1.0709600922737081,nan
20260754,sat_02,88.0,0.09147647180431402,6.404335472822541,6.833691992341276,nan
20260754,sat_02,90.0,0.06386084815404348,4.537516848761319,0.3255938242981581,5.155986178251048
20260754,sat_02,92.0,0.06412524581838437,4.260057632577035,0.26248781968971685,nan
20260754,sat_02,94.0,0.0646548670599565,4.036542396389441,1.130457930233295,nan
20260754,sat_02,96.0,0.0683432938648343,4.209177705054759,4.809264473026266,nan
20260754,sat_02,98.0,0.06868563249358214,3.9732742293595433,2.68609651688498,nan
20260754,sat_02,100.0,0.044173824976948925,2.3184337701220565,0.6346678511158992,4.800120100101718
20260754,sat_02,102.0,0.050000554047530864,2.7786234871939564,4.772689757589335,nan
20260754,sat_02,104.0,0.054781727614171584,3.12282824176628,3.4197609965781846,nan
20260754,sat_02,106.0,0.053576728119182127,2.799569868552862,4.4078340287363815,nan
20260754,sat_02,108.0,0.05169597977258853,2.4459683424663456,3.313666199053667,nan
20260754,sat_02,110.0,0.026531568501641564,0.8871915224715196,5.404244120019884,7.357372665554895
20260754,sat_02,112.0,0.02690998336227935,0.8569411888270511,0.34532839986845476,nan
20260754,sat_02,114.0,0.028387415270090387,0.8960116423905599,2.8977241218229444,nan
20260754,sat_02,116.0,0.032361851656512536,1.0952127178247901,1.3672462821808138,nan
20260754,sat_02,118.0,0.03256159359492228,1.0440014555873374,1.3223291067335947,nan
20260754,sat_02,120.0,0.03584603558363397,1.7065361368806,0.49623338563842934,0.3509829431670504
20260754,sat_03,0.0,0.02928256689466063,0.3438449519103321,0.04107698507014618,1.3994250855032209
20260754,sat_03,2.0,0.02661556835523931,0.2729859994719465,3.9837587826933416,nan
20260754,sat_03,4.0,0.023977188998251835,0.1989885562344059,0.4426217812146902,nan
20260754,sat_03,6.0,0.025117126421266126,0.18704912298584125,1.6844906139491358,nan
20260754,sat_03,8.0,0.02539869366563773,0.15947556250901468,0.8991302810916088,nan
20260754,sat_03,10.0,0.07521270526241708,3.415798046654385,2.808790370661433,2.6692785913931862
20260754,sat_03,12.0,0.0855818169193598,3.5812429546080127,0.23282103872994353,nan
20260754,sat_03,14.0,0.09713676221528308,3.681308237454628,5.8475174904342975,nan
20260754,sat_03,16.0,0.1082718681680245,3.652259885673495,1.9915137614024456,nan
20260754,sat_03,18.0,0.1188083944512874,3.5421142107090438,4.13257412967574,nan
20260754,sat_03,20.0,0.06117614510757254,2.2624979364548907,2.5617624279665128,1.4624338391971268
20260754,sat_03,22.0,0.0647084746065123,2.0770237173669086,0.10724975492914096,nan
20260754,sat_03,24.0,0.06881177203429789,1.9371978634886209,1.3602671323187643,nan
20260754,sat_03,26.0,0.07030087570942875,1.6814923523511398,3.368809181646368,nan
20260754,sat_03,28.0,0.07306858081233582,1.525159638214694,0.6413883897565338,nan
20260754,sat_03,30.0,0.046542486034913906,1.3909879176064515,0.17566951812447618,1.2388177971471908
20260754,sat_03,32.0,0.05037517906576546,1.3906032640297599,3.6613560546074737,nan
20260754,sat_03,34.0,0.055786547319068236,1.463084343895092,3.7746241532608096,nan
20260754,sat_03,36.0,0.05965372161327738,1.4442031723374555,4.1861537035103815,nan
20260754,sat_03,38.0,0.06592869641414688,1.5328549769794544,1.9495226077499013,nan
20260754,sat_03,40.0,0.024236624538929795,0.4161488614238086,5.610945638526294,1.7357437789524122
20260754,sat_03,42.0,0.026660119783307026,0.4423601581299189,1.2507761103334414,nan
20260754,sat_03,44.0,0.029836476716596342,0.4886124191176232,5.040673384229831,nan
20260754,sat_03,46.0,0.0316222043664142,0.4861454291097434,4.252741824872117,nan
20260754,sat_03,48.0,0.032441370485674435,0.45524025843937993,2.782491133866337,nan
20260754,sat_03,50.0,0.030522237092986123,0.7329096493168706,2.9139733707723483,0.15626243400552853
20260754,sat_03,52.0,0.030930154053173065,0.6746156559766769,4.688099832373695,nan
20260754,sat_03,54.0,0.03202135266520704,0.6498687847976051,2.0048677279528304,nan
20260754,sat_03,56.0,0.03303371716761939,0.6235415839958406,0.3716828365671079,nan
20260754,sat_03,58.0,0.03165751557920825,0.5180108873394643,3.051312765737669,nan
20260754,sat_03,60.0,0.011632702373235068,0.11763050159125953,2.6294693917545966,1.1428532751199445
20260754,sat_03,62.0,0.012541890698891684,0.12430836536125366,0.5800740627430029,nan
20260754,sat_03,64.0,0.016217110373793517,0.18933133112462777,2.3239961991841156,nan
20260754,sat_03,66.0,0.01941931063643106,0.24789021216772558,0.7429355277501686,nan
20260754,sat_03,68.0,0.02281010441968092,0.3130549169390447,5.103154331338697,nan
20260754,sat_03,70.0,0.04743079668867601,2.1419736948954715,3.2690728011689223,1.2691475489575643
20260754,sat_03,72.0,0.05037875664927776,2.219628760055063,1.6408246203204222,nan
20260754,sat_03,74.0,0.05418176260685848,2.3618804892514778,6.502422493729664,nan
20260754,sat_03,76.0,0.05739556071629889,2.442712245481324,7.031125298060398,nan
20260754,sat_03,78.0,0.05972536717129169,2.4425990867353042,1.7410666366834031,nan
20260754,sat_03,80.0,0.046968092769290905,2.2806564309361663,2.4747639776193093,2.4474546401241644
20260754,sat_03,82.0,0.048725062255260784,2.272002060101865,1.381289871276153,nan
20260754,sat_03,84.0,0.053545238018803586,2.5429163858625943,1.041316292792799,nan
20260754,sat_03,86.0,0.055665231270612923,2.5509540973395626,4.410445924140628,nan
20260754,sat_03,88.0,0.05941179737676768,2.7015677262425997,0.8381123897397396,nan
20260754,sat_03,90.0,0.05552248891529476,3.4304373950827816,1.3161115112459612,2.0234281848586506
20260754,sat_03,92.0,0.059859492424103766,3.7127332112555687,3.975377490594253,nan
20260754,sat_03,94.0,0.06385671372318742,3.9381767954381504,0.27774941673279163,nan
20260754,sat_03,96.0,0.0676470853148754,4.124481916352247,2.7624861679427886,nan
20260754,sat_03,98.0,0.0726606001311347,4.4470503267148205,0.41705740885940595,nan
20260754,sat_03,100.0,0.07228073174072416,6.208943506891021,2.281345084275443,0.8419395612264745
20260754,sat_03,102.0,0.07425935611844102,6.130551356397123,1.485650721088612,nan
20260754,sat_03,104.0,0.07224438700590266,5.43257679184482,7.3621921028337844,nan
20260754,sat_03,106.0,0.07804221838213043,5.941925584209024,3.969934786767249,nan
20260754,sat_03,108.0,0.08034975890932197,5.910701074145285,0.3800943024902532,nan
20260754,sat_03,110.0,0.0833650590312911,8.758526312601376,0.5099913484567565,0.7359788273582983
20260754,sat_03,112.0,0.08683920809343312,8.92317270221151,0.34752871463179813,nan
20260754,sat_03,114.0,0.08416357405840165,7.875566832233443,8.034855116090379,nan
20260754,sat_03,116.0,0.08590811354470405,7.717428209741769,1.3404043553198874,nan
20260754,sat_03,118.0,0.09065953225606374,8.092400623347999,3.2088075168356323,nan
20260754,sat_03,120.0,0.0786014523273543,8.205302190934999,1.8654906297383071,7.65730066825321
20260755,sat_01,0.0,0.08922429541290719,3.192350286391257,0.011208926755996771,1.5009000300281414
20260755,sat_01,2.0,0.08859290252680184,3.0245851851925165,2.9492841680764954,nan
20260755,sat_01,4.0,0.08130869138848877,2.2882374724999646,6.262719586484742,nan
20260755,sat_01,6.0,0.07546348177499601,1.6884223143227857,1.3496885948196227,nan
20260755,sat_01,8.0,0.07090735213602112,1.2429195575716603,0.006740216938138319,nan
20260755,sat_01,10.0,0.028574533758398156,0.49302954852568986,9.111356468443724,1.7668042616621598
20260755,sat_01,12.0,0.03148008811039579,0.48453744830285317,1.662060117599479,nan
20260755,sat_01,14.0,0.03566506811901887,0.4962100395104915,2.378179167686066,nan
20260755,sat_01,16.0,0.04355271733765971,0.590827971692669,1.1993687548700578,nan
20260755,sat_01,18.0,0.052054894590014764,0.679758397056131,1.1535702139887225,nan
20260755,sat_01,20.0,0.09281697267929505,5.207947446661487,3.6039400523014504,1.8239547407050234
20260755,sat_01,22.0,0.10501451930427204,5.470130319413944,1.0475574116573942,nan
20260755,sat_01,24.0,0.11721704209312614,5.620830510161636,4.6648422789362884,nan
20260755,sat_01,26.0,0.12720031954123304,5.504551499420226,4.083066993222378,nan
20260755,sat_01,28.0,0.13853003277209863,5.48164003070858,0.6319706746234682,nan
20260755,sat_01,30.0,0.053010947139236424,1.8046535161462756,0.7142009501609594,5.583689866154042
20260755,sat_01,32.0,0.05855842737417087,1.879314956072847,4.64120116979475,nan
20260755,sat_01,34.0,0.06434987600807952,1.9470129405045615,0.15089147360439836,nan
20260755,sat_01,36.0,0.07081385533039754,2.035470140987445,1.6163007419142739,nan
20260755,sat_01,38.0,0.07580866251986686,2.0271419221568587,1.794609070119226,nan
20260755,sat_01,40.0,0.06527647549367481,3.019241531869326,2.863296261213159,0.3400814075677781
20260755,sat_01,42.0,0.06977464583549903,3.0308756895726345,0.9041533860212544,nan
20260755,sat_01,44.0,0.07446616900310206,3.0447278817359207,0.11140593964259324,nan
20260755,sat_01,46.0,0.07762520764411639,2.930690292879297,1.1088409124596055,nan
20260755,sat_01,48.0,0.08317552294874798,2.9939158518118987,4.815746833865969,nan
20260755,sat_01,50.0,0.06817090531069668,3.6563294335628136,1.2789558246301225,2.670603966788141
20260755,sat_01,52.0,0.07238358220648806,3.694925790563464,0.1040481017335902,nan
20260755,sat_01,54.0,0.07427940697941245,3.4973905769345945,4.069756808658765,nan
20260755,sat_01,56.0,0.07610438524442281,3.3101668174790584,1.6429462624153042,nan
20260755,sat_01,58.0,0.0801809056805182,3.323716354554706,0.8529298451444096,nan
20260755,sat_01,60.0,0.04692548923247694,1.91411489241528,2.421497648173358,3.839981516492485
20260755,sat_01,62.0,0.04793039320303351,1.8155048162181562,0.43688278034608113,nan
20260755,sat_01,64.0,0.05050124893216364,1.836098391707423,6.143019176626909,nan
20260755,sat_01,66.0,0.04890248365119207,1.5721220380461793,3.8900387129707226,nan
20260755,sat_01,68.0,0.05052326386977281,1.5360435279447158,1.632803867871442,nan
20260755,sat_01,70.0,0.04935339925895157,2.319088978866515,0.8601799756274253,0.40165455028732844
20260755,sat_01,72.0,0.05091200545103286,2.266805247219576,2.5778746611815575,nan
20260755,sat_01,74.0,0.054256171643899335,2.3683220237627665,1.2394663509535708,nan
20260755,sat_01,76.0,0.05570621658883357,2.3010534713035797,6.428517740451725,nan
20260755,sat_01,78.0,0.056364357060980766,2.17542064802621,1.4500423987296864,nan
20260755,sat_01,80.0,0.04589040809872196,2.1767659613798784,1.9964055304523054,1.7352418299638304
20260755,sat_01,82.0,0.04583860550578046,2.010362485417838,0.8314419708806448,nan
20260755,sat_01,84.0,0.045732446512136524,1.8545600512821367,1.2320515647430497,nan
20260755,sat_01,86.0,0.04585557717310239,1.730646757514597,2.135793372979525,nan
20260755,sat_01,88.0,0.04637195485077812,1.6454139340083225,2.474011221839803,nan
20260755,sat_01,90.0,0.04112059906635178,1.881677337031002,2.999426561153598,1.3097875114093598
20260755,sat_01,92.0,0.041747087189125384,1.8059408396158685,1.0628666818311647,nan
20260755,sat_01,94.0,0.04442582744263087,1.9062313624955252,1.4140040015550526,nan
20260755,sat_01,96.0,0.045922436303373185,1.90089256548965,0.9778589655338045,nan
20260755,sat_01,98.0,0.05048653192784463,2.1471392876288595,2.937838722590989,nan
20260755,sat_01,100.0,0.04125118436230679,2.0224744001804553,0.20503309327334743,4.921101452424352
20260755,sat_01,102.0,0.04468640249511619,2.2201905050178348,3.463261244735089,nan
20260755,sat_01,104.0,0.048171736384007624,2.4155689979482977,2.300896531195694,nan
20260755,sat_01,106.0,0.049355846076237796,2.376844024342355,3.5661190348073784,nan
20260755,sat_01,108.0,0.049593553691921914,2.252084317633115,0.8883325819303854,nan
20260755,sat_01,110.0,0.031617547683116705,1.2600469187068644,0.7863223133554813,1.285859538149484
20260755,sat_01,112.0,0.0309761219718234,1.1355886572799418,2.937076729774999,nan
20260755,sat_01,114.0,0.034779714767780245,1.345152526536133,2.4552466911348434,nan
20260755,sat_01,116.0,0.040980825104012394,1.7565003537786548,4.755605963075529,nan
20260755,sat_01,118.0,0.039979365875057175,1.5740490449028548,3.0172697632125463,nan
20260755,sat_01,120.0,0.0494753076868208,3.2515172687539726,1.2185087955068195,0.264019457089498
20260755,sat_02,0.0,0.10303398102599665,4.257015352848295,0.05495722948474476,1.2805597172531584
20260755,sat_02,2.0,0.10521247969928854,4.265816137693359,11.898464221224316,nan
20260755,sat_02,4.0,0.10637466980659434,3.916541803247224,0.9982941698849728,nan
20260755,sat_02,6.0,0.10579347619261914,3.318369837444482,1.2487341256018945,nan
20260755,sat_02,8.0,0.11143490321919648,3.069744023847005,4.676166028097176,nan
20260755,sat_02,10.0,0.056268966015607096,1.9118319831325044,0.5293172962792922,3.9096411028723623
20260755,sat_02,12.0,0.0586797611633973,1.6836060160071313,1.038180922967512,nan
20260755,sat_02,14.0,0.0626903310794623,1.5332267814474296,0.44599284347361623,nan
20260755,sat_02,16.0,0.06830603306791068,1.4533893910837827,1.5532915708098751,nan
20260755,sat_02,18.0,0.07387683658647339,1.369254406139486,0.4106031512429379,nan
20260755,sat_02,20.0,0.03481036182332535,0.7325840275616269,0.8700761200559134,3.0731935798761696
20260755,sat_02,22.0,0.04392813312282922,0.9572876511373952,1.2587596642830055,nan
20260755,sat_02,24.0,0.05604898989313035,1.2854160391843816,6.002226969638425,nan
20260755,sat_02,26.0,0.06366823917879662,1.3794356986316272,9.034306158473663,nan
20260755,sat_02,28.0,0.07479880301551424,1.5986125060797636,1.59618666159528,nan
20260755,sat_02,30.0,0.05092614542194734,1.6656233638211364,0.8400099440236196,0.6472308812938772
20260755,sat_02,32.0,0.05878437113725634,1.8941099571954418,3.38474830886775,nan
20260755,sat_02,34.0,0.06675012142008789,2.095379016116709,3.8554239643500874,nan
20260755,sat_02,36.0,0.07441304082644246,2.248233439527103,2.1015403738959937,nan
20260755,sat_02,38.0,0.08178024793736752,2.359848222994558,6.037588055041097,nan
20260755,sat_02,40.0,0.022051646176039295,0.34453324149022846,5.825629517899227,3.6312506487264566
20260755,sat_02,42.0,0.024940438083218965,0.38721097973988705,2.104252359169915,nan
20260755,sat_02,44.0,0.02546622223672486,0.3560450517772293,7.3362881323436495,nan
20260755,sat_02,46.0,0.02696431686558635,0.3535846892855366,0.4222196131914622,nan
20260755,sat_02,48.0,0.02752174685973561,0.32779031902809336,3.8199705489660776,nan
20260755,sat_02,50.0,0.034539271453708977,0.9385123875471628,6.956437752844828,2.376450944474989
20260755,sat_02,52.0,0.03709883589323655,0.9705119597202737,0.8650391434993686,nan
20260755,sat_02,54.0,0.03842453192485939,0.9357454819568266,0.42630421685581643,nan
20260755,sat_02,56.0,0.03840451219714595,0.8427455875743436,5.690610019606552,nan
20260755,sat_02,58.0,0.0434313308399627,0.9749553117939335,8.526256030707154,nan
20260755,sat_02,60.0,0.048967587201168804,2.084028470525104,7.015110902767085,0.17477561135214728
20260755,sat_02,62.0,0.05294648438209086,2.215014185933735,3.879962455988184,nan
20260755,sat_02,64.0,0.055498009207313834,2.2169707872831594,1.7226166902016071,nan
20260755,sat_02,66.0,0.05740211834410064,2.165623557342661,4.149254257902912,nan
20260755,sat_02,68.0,0.06120895526329823,2.253996762276568,0.6022521381903255,nan
20260755,sat_02,70.0,0.041299291662880815,1.6237842359532222,1.8925229546105593,1.606601895154841
20260755,sat_02,72.0,0.044570163124112695,1.7370580986607553,1.8669140053205528,nan
20260755,sat_02,74.0,0.04672546929999242,1.7562890384470589,7.018277794482955,nan
20260755,sat_02,76.0,0.05372171428097948,2.13966647782831,5.482656121835346,nan
20260755,sat_02,78.0,0.057421124062431855,2.2573740192725693,2.039780861786298,nan
20260755,sat_02,80.0,0.03245501981418624,1.0888825589691575,5.245418691596073,3.7331625592292896
20260755,sat_02,82.0,0.034720455612754574,1.1535190329064788,0.24945758723162298,nan
20260755,sat_02,84.0,0.03537228301642752,1.1095805202922147,1.0077661632128663,nan
20260755,sat_02,86.0,0.03793068846243482,1.1842619546418378,13.24163138615442,nan
20260755,sat_02,88.0,0.04247593495972018,1.3807184462112405,2.221767419889971,nan
20260755,sat_02,90.0,0.04138704250997099,1.905679612554974,1.8909856831213816,0.43145285729555516
20260755,sat_02,92.0,0.044289501385925155,2.032083674894793,5.363190993337149,nan
20260755,sat_02,94.0,0.04177426230838325,1.6850274292601397,5.009295712548065,nan
20260755,sat_02,96.0,0.040022825098960865,1.4433762189232038,5.541119700768348,nan
20260755,sat_02,98.0,0.03983944926882495,1.3366018634231505,1.0872226858618135,nan
20260755,sat_02,100.0,0.03011486105044845,1.0775628633546663,3.5483411896261114,1.442282337965382
20260755,sat_02,102.0,0.030038848200433493,1.0029158784338663,0.5530610151441888,nan
20260755,sat_02,104.0,0.031064761256633378,1.004193733446535,0.5435901459144348,nan
20260755,sat_02,106.0,0.03113464755122266,0.9454556939400022,1.7799357538468632,nan
20260755,sat_02,108.0,0.029583239726092628,0.8011084519363089,9.482997324014455,nan
20260755,sat_02,110.0,0.030267353293175665,1.1542587679901242,2.0178299831048916,2.6373868140538503
20260755,sat_02,112.0,0.02858384733284783,0.9665174600968458,1.1715992337296346,nan
20260755,sat_02,114.0,0.026558429189031715,0.7840053297245324,3.535616459070441,nan
20260755,sat_02,116.0,0.022779538389066534,0.5424641211648813,2.663097588198777,nan
20260755,sat_02,118.0,0.022641278849427952,0.5045600151664117,4.586172676282909,nan
20260755,sat_02,120.0,0.0459841807332019,2.8078005101645584,0.4279860219035915,2.2282542123247753
20260755,sat_03,0.0,0.06780995193478725,1.8438738072043226,0.026744497577466893,1.4206522104646082
20260755,sat_03,2.0,0.06538444192225071,1.6474724360510828,0.5206383216540494,nan
20260755,sat_03,4.0,0.06460371114459346,1.4445969743581624,0.8144881817494984,nan
20260755,sat_03,6.0,0.06062101649311198,1.089586906066038,0.7716782947228857,nan
20260755,sat_03,8.0,0.05997645972652838,0.889269138358715,1.838758199706394,nan
20260755,sat_03,10.0,0.027419248340075156,0.45396135406079174,1.0388427899438493,0.6399627734625551
20260755,sat_03,12.0,0.02723516403501667,0.36268873457884865,2.7374740399300173,nan
20260755,sat_03,14.0,0.03272607484604784,0.4178539444646181,4.529209385193879,nan
20260755,sat_03,16.0,0.03553146251815899,0.39331978555275016,1.1219153214041433,nan
20260755,sat_03,18.0,0.0378877181007056,0.360185210920803,3.3306872938539285,nan
20260755,sat_03,20.0,0.024601264715905173,0.3658802233888884,8.315625342051622,1.0986159417124188
20260755,sat_03,22.0,0.029977428404393117,0.4457768486236727,1.5522451754818618,nan
20260755,sat_03,24.0,0.03721096443693333,0.5665115690692593,1.6371366966818859,nan
20260755,sat_03,26.0,0.044147550219223376,0.6631478674450709,0.6127760062527817,nan
20260755,sat_03,28.0,0.049865548356371484,0.7103771781044843,1.5733692182059351,nan
20260755,sat_03,30.0,0.1036555628503439,6.899382507087919,4.562911200301648,3.3988123096155762
20260755,sat_03,32.0,0.11133171221500847,6.792213206996629,0.4245346779513522,nan
20260755,sat_03,34.0,0.11947997660893937,6.71133681384593,0.12999701780936906,nan
20260755,sat_03,36.0,0.12694040745555474,6.539816771881865,0.30228267115030094,nan
20260755,sat_03,38.0,0.13712907709260994,6.631740322868804,2.7658923937105837,nan
20260755,sat_03,40.0,0.07266084651607836,3.740836538068544,3.4242629526319517,10.30256890036
20260755,sat_03,42.0,0.07816656903572544,3.8035465797505843,0.10981962180327663,nan
20260755,sat_03,44.0,0.08263881162203739,3.7493799468865685,1.6920644684064308,nan
20260755,sat_03,46.0,0.08917170621928602,3.8670856261428854,6.969786921458546,nan
20260755,sat_03,48.0,0.09370068165068113,3.7993871264824746,1.0230627791358422,nan
20260755,sat_03,50.0,0.10005245237620487,7.877716245243677,0.4332796265628431,1.6417796768059074
20260755,sat_03,52.0,0.10599025638589173,7.924583575870964,4.232771883612505,nan
20260755,sat_03,54.0,0.1113489630851938,7.8616790228943785,0.6644615219263232,nan
20260755,sat_03,56.0,0.11773095512806826,7.924399444635279,0.9865788636102372,nan
20260755,sat_03,58.0,0.12342162645361718,7.87830271577339,0.3564525163554596,nan
20260755,sat_03,60.0,0.05078166509516447,2.241482176876528,0.5718179825889967,9.013968644451628
20260755,sat_03,62.0,0.052630927403063014,2.1888752794447175,0.5214789395521424,nan
20260755,sat_03,64.0,0.05319071061165198,2.0365783928266046,2.468627506938163,nan
20260755,sat_03,66.0,0.05521597602599931,2.003920071261006,2.420044195380091,nan
20260755,sat_03,68.0,0.05488504806561635,1.8124237343642522,1.344373835190369,nan
20260755,sat_03,70.0,0.0728149620023331,5.047846130230306,0.18942344781564996,0.7763343985806446
20260755,sat_03,72.0,0.07549043046183174,4.983456024912667,0.8969955534629843,nan
20260755,sat_03,74.0,0.07687996132344375,4.754840195251072,1.8510232910936009,nan
20260755,sat_03,76.0,0.07952487744284184,4.688708769876692,13.004908787313816,nan
20260755,sat_03,78.0,0.08590225666537238,5.052044493974083,3.83599925684476,nan
20260755,sat_03,80.0,0.05760990482811766,3.43101241452857,3.694057725873778,8.390247542447625
20260755,sat_03,82.0,0.057099082560033806,3.1198694070795123,10.800696813539833,nan
20260755,sat_03,84.0,0.05581655230552121,2.7630112600496464,6.029659044004974,nan
20260755,sat_03,86.0,0.0600688082446517,2.970164096480504,1.9064788513216437,nan
20260755,sat_03,88.0,0.06120275300025636,2.8666672273740144,2.4135651951279136,nan
20260755,sat_03,90.0,0.049991744285639336,2.7804884536350194,0.792445123902701,1.6955548061823118
20260755,sat_03,92.0,0.052775767690991654,2.8853695884845143,1.1650520230945594,nan
20260755,sat_03,94.0,0.056868983283529434,3.122669622347363,2.947424349240123,nan
20260755,sat_03,96.0,0.057436210802864325,2.9726232287699044,1.1084609135272399,nan
20260755,sat_03,98.0,0.055675144599345035,2.6103355009160114,2.954625513733501,nan
20260755,sat_03,100.0,0.009517384885692336,0.10764603710257829,7.556098587384559,6.477610583521491
20260755,sat_03,102.0,0.013060269658118297,0.18962112082012775,1.921524788056936,nan
20260755,sat_03,104.0,0.011212130135757399,0.13085513873640725,5.373404287159504,nan
20260755,sat_03,106.0,0.011244964249005238,0.12335244226419319,2.6417428011471635,nan
20260755,sat_03,108.0,0.011407056614303218,0.1191118086455503,6.215025067692334,nan
20260755,sat_03,110.0,0.017118412175250477,0.3692897487651844,0.9662214408850931,0.6883869791890818
20260755,sat_03,112.0,0.0163407159553978,0.31594408664115015,4.6912464284521596,nan
20260755,sat_03,114.0,0.014408610574221473,0.23083137263129616,2.3652460595620406,nan
20260755,sat_03,116.0,0.016845747142131103,0.2967580071340252,1.7401270603296763,nan
20260755,sat_03,118.0,0.02064734931159296,0.4198161852950973,5.152391734270844,nan
20260755,sat_03,120.0,0.01892981424135369,0.4759303713884298,0.9236206084779799,1.6494202072138642
20260756,sat_01,0.0,0.14972691155776868,8.989672251543798,0.03487465388494374,1.1891086234050325
20260756,sat_01,2.0,0.15422125835628908,9.165519075975894,1.5016807876034735,nan
20260756,sat_01,4.0,0.15949869587024065,8.80529305336555,0.2905562381918612,nan
20260756,sat_01,6.0,0.1631448064248015,7.891473750034017,0.9568688822386511,nan
20260756,sat_01,8.0,0.16540409115906426,6.7633027531549175,1.715695974112961,nan
20260756,sat_01,10.0,0.1187672059217599,8.517438039329132,7.505670244325206,1.3419126046685088
20260756,sat_01,12.0,0.12104061490190925,7.163449174049434,1.8852469468228843,nan
20260756,sat_01,14.0,0.12046658992453983,5.661561577645737,1.5783432648866158,nan
20260756,sat_01,16.0,0.1189995860894294,4.411310495768326,1.361940187180989,nan
20260756,sat_01,18.0,0.1216444434909378,3.712624608327923,2.747486170990233,nan
20260756,sat_01,20.0,0.02927434962470494,0.5180380907538277,2.029052115694146,4.891294101265906
20260756,sat_01,22.0,0.03205732739404645,0.5096955685684001,0.4178538887072666,nan
20260756,sat_01,24.0,0.038486443380290794,0.605875039916475,2.1583947045620113,nan
20260756,sat_01,26.0,0.04697099743466312,0.7504865544783001,0.20447427937277854,nan
20260756,sat_01,28.0,0.05677490759853346,0.9205981490297905,0.486366864258986,nan
20260756,sat_01,30.0,0.019666424131281085,0.2483311411377386,0.8142321069009861,2.7135090788469425
20260756,sat_01,32.0,0.020055882826868814,0.22039024772808752,0.8375952213554354,nan
20260756,sat_01,34.0,0.024171944284991496,0.27465805254446524,4.118300763132069,nan
20260756,sat_01,36.0,0.030797212291039114,0.38491076199488977,1.6769062246131858,nan
20260756,sat_01,38.0,0.036602377755695206,0.4724882694931024,2.6844774029343235,nan
20260756,sat_01,40.0,0.01826623304229435,0.23639061071534906,1.2217480126835145,1.9365343977294838
20260756,sat_01,42.0,0.015004323297395506,0.14013959999648,2.908303065287328,nan
20260756,sat_01,44.0,0.013455394337611462,0.09940455468253344,1.1380862181133435,nan
20260756,sat_01,46.0,0.012637123529352255,0.07766397440996313,5.191251572477207,nan
20260756,sat_01,48.0,0.015789910492945047,0.10789568912826399,1.5623699926957149,nan
20260756,sat_01,50.0,0.03899511990369455,1.196170638815519,1.0490074322992362,0.8275825587989397
20260756,sat_01,52.0,0.04156381143464862,1.2180619729315094,1.5561609733864512,nan
20260756,sat_01,54.0,0.04652941939405432,1.3720253240901372,1.1666236114922384,nan
20260756,sat_01,56.0,0.05093964014112519,1.4826548958470864,0.8071325358217194,nan
20260756,sat_01,58.0,0.05714114548380814,1.687588959399416,4.354544780213934,nan
20260756,sat_01,60.0,0.03184418397368354,0.8816583329754472,0.9759316001090088,4.35964415865506
20260756,sat_01,62.0,0.03654649149005415,1.0557746685577278,5.791793155174662,nan
20260756,sat_01,64.0,0.043259205939609226,1.3475774288715148,6.190521223383654,nan
20260756,sat_01,66.0,0.04851369691079255,1.5475761718286563,1.7138135956505174,nan
20260756,sat_01,68.0,0.05400198607189376,1.7552786541360743,0.4167959105825928,nan
20260756,sat_01,70.0,0.03783600319388472,1.3632955684415489,2.4008979313507033,1.0364174391650143
20260756,sat_01,72.0,0.039962011926768466,1.396890052533959,7.203388201468238,nan
20260756,sat_01,74.0,0.04142616200006608,1.380969600719955,4.72794036385651,nan
20260756,sat_01,76.0,0.043066914844388265,1.3755566604946274,1.3724155401991087,nan
20260756,sat_01,78.0,0.04844939568552308,1.6076510173249103,1.1794796232928533,nan
20260756,sat_01,80.0,0.03154883453729602,1.0287622801224874,4.017240996273825,6.3977360884359475
20260756,sat_01,82.0,0.036144821413669204,1.249901315504505,5.160793363887071,nan
20260756,sat_01,84.0,0.03918526032935609,1.3614334018498653,1.0793036821538864,nan
20260756,sat_01,86.0,0.04005414964075939,1.3202642659216746,0.715717858551227,nan
20260756,sat_01,88.0,0.04459998020662918,1.5218453632417814,2.8005849062130586,nan
20260756,sat_01,90.0,0.02495803278801531,0.6930719042409208,1.039533813519193,4.311874139299581
20260756,sat_01,92.0,0.027006873791022463,0.755643595745745,1.829959234806287,nan
20260756,sat_01,94.0,0.02984441044850642,0.860078047891029,2.339543988822346,nan
20260756,sat_01,96.0,0.032983014688667184,0.9803483263378653,1.7508820784193155,nan
20260756,sat_01,98.0,0.03837019367777136,1.2399145773032145,3.91181837794499,nan
20260756,sat_01,100.0,0.04969157416446794,2.9340439884931553,1.7330486598783825,0.8261918095657962
20260756,sat_01,102.0,0.055102112495236805,3.3748657179776145,1.9575416209833518,nan
20260756,sat_01,104.0,0.05672129361325136,3.34815131235341,1.7229105375224534,nan
20260756,sat_01,106.0,0.05984975706576607,3.493839009282973,1.6702263188786481,nan
20260756,sat_01,108.0,0.06340720703972727,3.6800860336248893,1.0725615630535434,nan
20260756,sat_01,110.0,0.03812482959028739,1.8316275243967342,3.3089338823090246,5.155037690444998
20260756,sat_01,112.0,0.04092901207957038,1.9819863003143694,1.1910269804875255,nan
20260756,sat_01,114.0,0.04657428308498187,2.411423385863904,4.651785600670587,nan
20260756,sat_01,116.0,0.05024530219098744,2.639575771570424,0.6959074515856732,nan
20260756,sat_01,118.0,0.05295918921044849,2.7610399308933093,3.1147082967298907,nan
20260756,sat_01,120.0,0.0593164911973846,4.673019281651514,3.6852719446580187,1.5420106258441746
20260756,sat_02,0.0,0.07319739488315528,2.148501014345145,0.00741032683172776,1.548222469925195
20260756,sat_02,2.0,0.06867224462854792,1.8173184252663837,2.1676397820667197,nan
20260756,sat_02,4.0,0.06517802606029316,1.4703852947782599,2.9426906178496672,nan
20260756,sat_02,6.0,0.061005760183933326,1.1034468575459688,2.1378578254160145,nan
20260756,sat_02,8.0,0.057063340412806494,0.8049673681893219,1.3754966692466772,nan
20260756,sat_02,10.0,0.04905803093424611,1.4532252682706928,0.057284514777743385,0.6444632364294223
20260756,sat_02,12.0,0.049562161410078444,1.2010587778824113,2.1645323433497365,nan
20260756,sat_02,14.0,0.053253656060496854,1.1064006291599924,4.845801346086285,nan
20260756,sat_02,16.0,0.05719990558402723,1.0192553750936009,3.882574233524744,nan
20260756,sat_02,18.0,0.06239878277063609,0.9769376580414386,2.44445755418386,nan
20260756,sat_02,20.0,0.021724313997273995,0.2852936975338407,1.0091256106501463,1.3920390655094692
20260756,sat_02,22.0,0.027668402787356574,0.3797136303400443,0.8906434398638975,nan
20260756,sat_02,24.0,0.03357461822281004,0.4611462493236571,1.6409426309637944,nan
20260756,sat_02,26.0,0.03952272822833011,0.53143636522832,0.9364283409660775,nan
20260756,sat_02,28.0,0.04496532603553817,0.5775658775489545,0.48680006227152595,nan
20260756,sat_02,30.0,0.032544549361641244,0.6800322493253609,3.6077174116025885,0.9319783268161883
20260756,sat_02,32.0,0.033527477057205914,0.6158950432095893,1.9322297242843047,nan
20260756,sat_02,34.0,0.03369520607236451,0.5336803107224904,2.481025315408292,nan
20260756,sat_02,36.0,0.03722463672604379,0.5623206412729305,7.010762017006846,nan
20260756,sat_02,38.0,0.039552647019967836,0.5516865105776206,0.5252371987285844,nan
20260756,sat_02,40.0,0.03640116260497585,0.9389530747417191,1.6899839626371485,0.16218857783682522
20260756,sat_02,42.0,0.04106115893489539,1.0497268272557925,1.9045451110893459,nan
20260756,sat_02,44.0,0.041976376967200156,0.9676385655466907,8.535552030309367,nan
20260756,sat_02,46.0,0.04469805069355961,0.9718784579426865,9.174760482210479,nan
20260756,sat_02,48.0,0.048795934403622114,1.0306508248794373,1.1093806326198448,nan
20260756,sat_02,50.0,0.02486241695308036,0.48636629647196417,10.432210735494984,0.6156386528394807
20260756,sat_02,52.0,0.026125191940858952,0.48137544869665494,0.17172684583322118,nan
20260756,sat_02,54.0,0.028953444171969992,0.5314298591802138,0.7594852534023344,nan
20260756,sat_02,56.0,0.029238118014678228,0.48862104627117686,1.0142037849193533,nan
20260756,sat_02,58.0,0.03053891223998588,0.48218269676198655,3.5537619141767633,nan
20260756,sat_02,60.0,0.050528243974279075,2.2197902006288857,0.37576624398872727,3.2752796058941573
20260756,sat_02,62.0,0.05048814804484247,2.014971256377055,3.1183492669400144,nan
20260756,sat_02,64.0,0.05635923017016561,2.2874177083878897,7.837997456373049,nan
20260756,sat_02,66.0,0.06022146905437775,2.3848203993056267,5.337974274043766,nan
20260756,sat_02,68.0,0.06175517475396817,2.2957299397807613,5.194329391961268,nan
20260756,sat_02,70.0,0.042074560042481876,1.6859627599547031,2.6033089053799365,2.293063007642726
20260756,sat_02,72.0,0.04340030157718215,1.647756090129039,3.374880854403065,nan
20260756,sat_02,74.0,0.04573388080836384,1.6833090018206773,0.6793239020083445,nan
20260756,sat_02,76.0,0.04593347287891797,1.5650358606255772,3.095699775818966,nan
20260756,sat_02,78.0,0.05079813689517454,1.7676803004060813,3.048719973700119,nan
20260756,sat_02,80.0,0.044591837383014664,2.055990332345839,0.3730861434027693,0.1401318135350203
20260756,sat_02,82.0,0.042281093989682196,1.7110062588279873,10.01235803137926,nan
20260756,sat_02,84.0,0.04450034129244513,1.756615241553331,0.6690618844260094,nan
20260756,sat_02,86.0,0.044289866363460065,1.6150586914772733,0.5308011342461846,nan
20260756,sat_02,88.0,0.046344580073736645,1.6440820575690895,3.1774952171178326,nan
20260756,sat_02,90.0,0.03072673953019799,1.0506071919949924,2.29357495729136,0.9629323456931476
20260756,sat_02,92.0,0.03225419023655422,1.0780031515990456,9.399153059090024,nan
20260756,sat_02,94.0,0.03248432302966087,1.0191814958661003,1.798392321761024,nan
20260756,sat_02,96.0,0.03598579743507494,1.1672479150169148,1.1945664227267763,nan
20260756,sat_02,98.0,0.03624310220886379,1.1065572650911646,1.4821391177692402,nan
20260756,sat_02,100.0,0.012646833494886803,0.1900303251409168,2.53649362968447,4.086814237754409
20260756,sat_02,102.0,0.01499361779647435,0.24986099795426506,2.4137697040103774,nan
20260756,sat_02,104.0,0.015391102256781556,0.24648639275583134,2.9860352536008588,nan
20260756,sat_02,106.0,0.012766652369108431,0.15894767642808508,4.90690475644973,nan
20260756,sat_02,108.0,0.012256215663958736,0.13747031371870821,0.2531590632656769,nan
20260756,sat_02,110.0,0.012739043487239176,0.20449291736770453,1.3132542865722137,0.12176176561171892
20260756,sat_02,112.0,0.015542438868715786,0.2857993945503132,1.9079229498942052,nan
20260756,sat_02,114.0,0.017302431219352273,0.33279163378215926,0.772381731960328,nan
20260756,sat_02,116.0,0.021344479088219754,0.4762906684775464,2.673837907340758,nan
20260756,sat_02,118.0,0.02276390212904954,0.5100483302623733,4.748604407685602,nan
20260756,sat_02,120.0,0.02843260810745484,1.0734894684697407,2.0720903086566107,0.2652822389803987
20260756,sat_03,0.0,0.11055357278761849,4.9010575556919065,0.06293852513730908,1.5986158037737526
20260756,sat_03,2.0,0.10406927703959279,4.173616979240805,1.8878825553747793,nan
20260756,sat_03,4.0,0.09752503507161758,3.291990578585566,3.0464933067595945,nan
20260756,sat_03,6.0,0.09800255154857718,2.8476126975426657,4.901654548960634,nan
20260756,sat_03,8.0,0.09705991411656782,2.328835650403122,1.1304037452824187,nan
20260756,sat_03,10.0,0.058000126235601225,2.031272659273928,2.2631509742421425,0.585491503649318
20260756,sat_03,12.0,0.05420691117617731,1.436744588170769,3.5930678864704833,nan
20260756,sat_03,14.0,0.05243754584298607,1.0727933886026495,3.095710635907107,nan
20260756,sat_03,16.0,0.05215468358396216,0.8474379364074411,1.3988874818227406,nan
20260756,sat_03,18.0,0.051317945813756816,0.660841966770402,2.2202353162349238,nan
20260756,sat_03,20.0,0.020459480112307256,0.25302976767037916,2.0223413762759552,0.9113324529076765
20260756,sat_03,22.0,0.025890081049728352,0.3324214506049264,1.0497337463279297,nan
20260756,sat_03,24.0,0.03216004984819464,0.42300394812841796,2.5009694652896752,nan
20260756,sat_03,26.0,0.040337893240364964,0.5533982579472895,0.7027937587948422,nan
20260756,sat_03,28.0,0.048369124523599934,0.6680588627951766,0.24941781664288423,nan
20260756,sat_03,30.0,0.0637411460487673,2.608937131703275,2.963843040728726,4.019888463117442
20260756,sat_03,32.0,0.06730931304218662,2.4826622089379757,2.9483876114699825,nan
20260756,sat_03,34.0,0.07031322803131114,2.3242370398432333,7.649703334650253,nan
20260756,sat_03,36.0,0.0729334766341073,2.1587458905143873,4.240231080507249,nan
20260756,sat_03,38.0,0.07556686689526888,2.01377642871223,2.497710495187128,nan
20260756,sat_03,40.0,0.09314544027085932,6.1469417359815495,3.061564920453345,2.4859511353860784
20260756,sat_03,42.0,0.0974881415293747,5.91569785210835,3.1314885006823205,nan
20260756,sat_03,44.0,0.10089166952892936,5.587869980282786,1.508955523732539,nan
20260756,sat_03,46.0,0.10605241336840648,5.468773127640371,1.026250852124893,nan
20260756,sat_03,48.0,0.10881743015170539,5.122951898000151,1.9964301798848634,nan
20260756,sat_03,50.0,0.08735395336249538,6.003252645401379,0.5220278534497322,5.767157434811659
20260756,sat_03,52.0,0.09316313939825566,6.120544244611589,0.2680953103645512,nan
20260756,sat_03,54.0,0.09654034678781598,5.907399537896561,3.942477536413704,nan
20260756,sat_03,56.0,0.10317893595143315,6.084064634963888,2.0320879343275067,nan
20260756,sat_03,58.0,0.11012589876730235,6.269582312853702,1.5078102862601712,nan
20260756,sat_03,60.0,0.056807525511607115,2.80502214547196,1.7850226154002702,5.960817655900875
20260756,sat_03,62.0,0.05967963253484726,2.814530640096419,1.0151166295755956,nan
20260756,sat_03,64.0,0.06315583056973208,2.871429632414499,0.22736991747145335,nan
20260756,sat_03,66.0,0.062382310651055185,2.5580229790535522,10.058938333989422,nan
20260756,sat_03,68.0,0.06643213242691216,2.6554518567590613,2.8810432202279825,nan
20260756,sat_03,70.0,0.035184312794672434,1.1786841093221634,3.2669341376891623,2.1383371867152925
20260756,sat_03,72.0,0.03926173946618219,1.3481605254948839,4.553199678815279,nan
20260756,sat_03,74.0,0.04063539223573216,1.3285283565593922,2.606435926232817,nan
20260756,sat_03,76.0,0.04107478663045319,1.251046943313787,2.134134266499815,nan
20260756,sat_03,78.0,0.04225363831584617,1.2225459173357536,0.6815596199216207,nan
20260756,sat_03,80.0,0.03720687467330237,1.4309735522427527,2.6104538833993987,1.293295175964923
20260756,sat_03,82.0,0.038473419880739324,1.4162659781820994,1.5200585622989495,nan
20260756,sat_03,84.0,0.03864757887173348,1.3244795723673328,0.36061057174956546,nan
20260756,sat_03,86.0,0.03893428992940561,1.2476528772587954,2.526989352307341,nan
20260756,sat_03,88.0,0.041563842546337486,1.321904491807906,1.331384542181861,nan
20260756,sat_03,90.0,0.06024904503992611,4.038923655075224,3.3211266103588044,3.050070794644246
20260756,sat_03,92.0,0.06034809683850325,3.7731575874759073,3.039711703146408,nan
20260756,sat_03,94.0,0.06318717254596534,3.855503425530295,2.9100091694450416,nan
20260756,sat_03,96.0,0.0649356970364698,3.800061561266364,5.286354008242867,nan
20260756,sat_03,98.0,0.07144535331976909,4.299097944522244,4.9514667960015375,nan
20260756,sat_03,100.0,0.057644496949996946,3.948683418848937,0.8215964407612057,1.7977988635818478
20260756,sat_03,102.0,0.05769374977051089,3.7001122197746206,2.6688554174579933,nan
20260756,sat_03,104.0,0.055732690567255994,3.232686817678386,6.492282930320501,nan
20260756,sat_03,106.0,0.06175291006227597,3.7198542482945203,5.619993528853996,nan
20260756,sat_03,108.0,0.06314859771904663,3.6504211053524647,1.2362415687842454,nan
20260756,sat_03,110.0,0.06791482044675874,5.812454878930659,2.688064295928429,2.2801358724196543
20260756,sat_03,112.0,0.07002487211001433,5.801803755917013,3.604570191366238,nan
20260756,sat_03,114.0,0.07289545329762873,5.907647386644378,4.202547927112037,nan
20260756,sat_03,116.0,0.07552678068738873,5.964564100898776,1.2511258030085715,nan
20260756,sat_03,118.0,0.07660512582917733,5.777658373752496,3.6651831561822554,nan
20260756,sat_03,120.0,0.06815799903275561,6.170371692073164,2.1556612233537287,5.5702686627522535
20260757,sat_01,0.0,0.017874201347797773,0.1281143162027194,0.017475179825275904,1.343218437262426
20260757,sat_01,2.0,0.02192108802827488,0.18517905631126214,0.9074033928736313,nan
20260757,sat_01,4.0,0.026177045011142666,0.23717418856340156,1.866061826226986,nan
20260757,sat_01,6.0,0.03280042854940384,0.31898067422789,2.3113536017690373,nan
20260757,sat_01,8.0,0.038783633217697865,0.37184250556966736,3.3164415063620587,nan
20260757,sat_01,10.0,0.07585500114876358,3.47443264886248,1.5264266034557123,0.47662229460735434
20260757,sat_01,12.0,0.08512823800476571,3.543327354576135,0.45081711778100897,nan
20260757,sat_01,14.0,0.09195392344782233,3.2987729181154717,2.6097072414415887,nan
20260757,sat_01,16.0,0.09778613477305023,2.9788221927032197,2.0888688719198676,nan
20260757,sat_01,18.0,0.10669236109901575,2.8561446821775602,1.4055635765327812,nan
20260757,sat_01,20.0,0.059790003568099034,2.1609724097769107,0.3600122259367079,2.9355273174530163
20260757,sat_01,22.0,0.0661589188497877,2.17087332960934,2.690573426143802,nan
20260757,sat_01,24.0,0.07162180750389628,2.098232130853183,0.15371736301792524,nan
20260757,sat_01,26.0,0.07986100820161687,2.1693990839229347,3.962460382220566,nan
20260757,sat_01,28.0,0.0848550662489707,2.056341366221099,5.813028758183666,nan
20260757,sat_01,30.0,0.043246092585654185,1.2008910385503337,1.6389412270614012,2.3944242236640454
20260757,sat_01,32.0,0.047234708078779136,1.2225870133795451,1.6968374892056501,nan
20260757,sat_01,34.0,0.05127506373716547,1.235991314349492,0.33403623910075936,nan
20260757,sat_01,36.0,0.056180543250581326,1.2809339340510546,3.7615137362231934,nan
20260757,sat_01,38.0,0.06080245933872554,1.303741777487188,3.4351986786033226,nan
20260757,sat_01,40.0,0.06982492946582175,3.4536291617685153,1.5238540333766015,0.9825513192309002
20260757,sat_01,42.0,0.07427451156804038,3.433055850148235,1.2022638661717027,nan
20260757,sat_01,44.0,0.07647824954398535,3.209956283130234,2.735998073246029,nan
20260757,sat_01,46.0,0.07932394792920579,3.058686673648638,0.354934135070659,nan
20260757,sat_01,48.0,0.08368238910653109,3.028777701780397,2.062686210395019,nan
20260757,sat_01,50.0,0.07999701033026319,5.0340323892580665,2.609590909272425,0.6916590771312909
20260757,sat_01,52.0,0.08338621031931472,4.9025328880945285,1.3750656839677975,nan
20260757,sat_01,54.0,0.08423697196577233,4.496783159722051,3.7639147480126276,nan
20260757,sat_01,56.0,0.08569367198731287,4.1957017799623,2.824014705834069,nan
20260757,sat_01,58.0,0.08767844758939619,3.973137555325374,3.92879297563539,nan
20260757,sat_01,60.0,0.1037306939360172,9.352554837523071,0.89475819989166,6.968057037286115
20260757,sat_01,62.0,0.10727270748174697,9.093190292298171,1.5119295384564477,nan
20260757,sat_01,64.0,0.11163983989416061,8.97180807900961,3.0687300560548287,nan
20260757,sat_01,66.0,0.11343391913301175,8.457471169069555,5.915253082250081,nan
20260757,sat_01,68.0,0.11680727380570734,8.209029548122663,0.7842848172170203,nan
20260757,sat_01,70.0,0.07463630682762862,5.304559229895055,0.5823622101729722,9.042383040394382
20260757,sat_01,72.0,0.07919847089384224,5.486364201704945,0.9085985775896737,nan
20260757,sat_01,74.0,0.08112029041486213,5.295230352832436,2.5140236261912303,nan
20260757,sat_01,76.0,0.08333338709458973,5.150239055526391,1.6562907715487931,nan
20260757,sat_01,78.0,0.09105352277389282,5.6781719309619785,11.116828658195706,nan
20260757,sat_01,80.0,0.09686327953373389,9.698739772276209,1.9440386357176997,2.5039154366085974
20260757,sat_01,82.0,0.10138349983237385,9.83501381591028,0.22556056428785323,nan
20260757,sat_01,84.0,0.10315649455637861,9.436559688725891,2.0084167391844026,nan
20260757,sat_01,86.0,0.11046649856280534,10.04394916505202,3.640722506404327,nan
20260757,sat_01,88.0,0.1136044696590153,9.875752690049074,2.7949206654866536,nan
20260757,sat_01,90.0,0.0407962882002322,1.8516174479438123,0.3084178788708408,15.235229887267694
20260757,sat_01,92.0,0.043020087035950956,1.9171785816990528,1.6600938088892663,nan
20260757,sat_01,94.0,0.0428103256038207,1.7695739641252652,2.8244509005524434,nan
20260757,sat_01,96.0,0.046215173644905995,1.924563215528385,1.123739644149078,nan
20260757,sat_01,98.0,0.043713444572991866,1.609184749262907,6.481004752783367,nan
20260757,sat_01,100.0,0.05241780789976665,3.26541040228253,5.429484683246114,3.056714416822454
20260757,sat_01,102.0,0.05652033435550698,3.55153236512301,1.5295402494567008,nan
20260757,sat_01,104.0,0.059225498615315925,3.651040187299441,2.804063086119811,nan
20260757,sat_01,106.0,0.06334165013738295,3.914184332721157,1.2198320887286358,nan
20260757,sat_01,108.0,0.0661862468992078,4.010576218018686,0.6283742095062319,nan
20260757,sat_01,110.0,0.059717694250128725,4.494415299722531,1.214913848297913,0.9449378707660434
20260757,sat_01,112.0,0.06253932140911787,4.628020436353614,0.6599773510252994,nan
20260757,sat_01,114.0,0.061339910609098734,4.183368955303445,5.864201617719661,nan
20260757,sat_01,116.0,0.06328213834367721,4.187701238257453,2.9009637243279864,nan
20260757,sat_01,118.0,0.06611573730234672,4.30404286230535,1.1647850949237735,nan
20260757,sat_01,120.0,0.035627643243070495,1.6859600358719464,1.82090702372341,4.314448542732136
20260757,sat_02,0.0,0.14211235109057146,8.098559900965988,0.02028403739753028,1.340879742356441
20260757,sat_02,2.0,0.14258198820305756,7.834235653806811,2.003729359249464,nan
20260757,sat_02,4.0,0.1435950458235691,7.13681722530502,3.00377364045347,nan
20260757,sat_02,6.0,0.14186820006954182,5.967271355662984,2.488402874569592,nan
20260757,sat_02,8.0,0.13781617169423524,4.695265037800965,6.144956466813992,nan
20260757,sat_02,10.0,0.03951954404909984,0.9430523870275586,1.6246189126325203,3.1255570490672877
20260757,sat_02,12.0,0.02971766141884982,0.4318132252079921,0.5591949422051474,nan
20260757,sat_02,14.0,0.02080334323349669,0.16884720092388059,5.628110653144242,nan
20260757,sat_02,16.0,0.016529047486385454,0.08511021270431593,2.9007850813443983,nan
20260757,sat_02,18.0,0.012887029679156026,0.04166412157761578,4.206380342568891,nan
20260757,sat_02,20.0,0.06436517201958424,2.504410446629046,0.3027723174895588,1.2730717279383454
20260757,sat_02,22.0,0.07117124384015854,2.5124405853231924,0.33091161463450003,nan
20260757,sat_02,24.0,0.08157397896176667,2.722143486307423,5.640179400267692,nan
20260757,sat_02,26.0,0.09158903708252404,2.8537849110322875,1.5341264701473,nan
20260757,sat_02,28.0,0.10265019634806737,3.0098289997750385,2.4657532849909867,nan
20260757,sat_02,30.0,0.11258976388354783,8.140894913111257,7.52771342985847,0.1403433657781912
20260757,sat_02,32.0,0.12443487491865919,8.48661810481808,1.0448719098156911,nan
20260757,sat_02,34.0,0.1346673376117191,8.528023832774169,2.241295431886536,nan
20260757,sat_02,36.0,0.1470122155033635,8.774211686757361,3.9914448820627766,nan
20260757,sat_02,38.0,0.15992047247418936,9.022686079692246,2.740695284033761,nan
20260757,sat_02,40.0,0.07767234276171596,4.274280537321152,0.7805320593177778,6.595186617398901
20260757,sat_02,42.0,0.08333474376626265,4.322681062680727,1.220067885143244,nan
20260757,sat_02,44.0,0.08882493585253345,4.33130682132308,0.46661634288867687,nan
20260757,sat_02,46.0,0.09271194761387903,4.179733816340418,4.7747408813760295,nan
20260757,sat_02,48.0,0.1000389634756604,4.330232920027088,1.4928867705453734,nan
20260757,sat_02,50.0,0.05984577492826942,2.8179293687183455,0.9527845589852983,2.628308263868312
20260757,sat_02,52.0,0.061293001761987716,2.649556895017503,2.689901535087987,nan
20260757,sat_02,54.0,0.06296880044519365,2.5135631567143935,0.5295909634264745,nan
20260757,sat_02,56.0,0.06495792361987848,2.411812007348135,3.277117341502139,nan
20260757,sat_02,58.0,0.06799730771362021,2.390706715689634,1.738071717635855,nan
20260757,sat_02,60.0,0.02932968777760787,0.7476216530765589,0.18592206673658762,2.499887965593018
20260757,sat_02,62.0,0.029961156622199513,0.7092389988102215,2.7728371312445765,nan
20260757,sat_02,64.0,0.030004874618924298,0.6479753339089696,3.345597932390933,nan
20260757,sat_02,66.0,0.02930474199921862,0.5643670967325566,0.6224304062695614,nan
20260757,sat_02,68.0,0.031047967347272457,0.5798954385387569,3.043222278358235,nan
20260757,sat_02,70.0,0.03177438593200693,0.9614479663898923,1.2337210390557232,0.4975702923860734
20260757,sat_02,72.0,0.03337655906426124,0.9744733832420406,1.0056332118149083,nan
20260757,sat_02,74.0,0.03426037887401415,0.9446060223721168,4.195234696066606,nan
20260757,sat_02,76.0,0.03465494516033101,0.8907627534909148,0.61032142452484,nan
20260757,sat_02,78.0,0.034463788769154,0.8135600484626231,1.5983978511491315,nan
20260757,sat_02,80.0,0.016377689895721075,0.2772506540562627,1.2462190308725323,2.1243755046751933
20260757,sat_02,82.0,0.017551609021995814,0.2947370482859085,2.082804194772489,nan
20260757,sat_02,84.0,0.019775813084301867,0.3467686977057472,1.5599507692520842,nan
20260757,sat_02,86.0,0.021676501289279736,0.3867094735747577,1.9480454314992661,nan
20260757,sat_02,88.0,0.02499382666325397,0.4779661194026739,4.867235229020589,nan
20260757,sat_02,90.0,0.020847807226373506,0.4835515881449085,1.5790104480468783,2.214171298500699
20260757,sat_02,92.0,0.021083146401735156,0.460469358727888,0.22231760335871514,nan
20260757,sat_02,94.0,0.017248907973409413,0.2872813170597837,6.689137678126068,nan
20260757,sat_02,96.0,0.01987442684244818,0.35594430651555486,4.4968750179715204,nan
20260757,sat_02,98.0,0.022033468440926844,0.40885948170597264,1.3157998864539213,nan
20260757,sat_02,100.0,0.031001480006885934,1.1418686257860928,1.5170820649552221,2.0823737493319125
20260757,sat_02,102.0,0.028905926626767726,0.92862346031215,2.4769714903006115,nan
20260757,sat_02,104.0,0.032206855054002795,1.0793075288520442,4.304876054821701,nan
20260757,sat_02,106.0,0.03462423275076568,1.169139049737511,1.0257322316252364,nan
20260757,sat_02,108.0,0.0386329095987797,1.3658904203135054,4.438965605628946,nan
20260757,sat_02,110.0,0.04418662777025638,2.4605487458094304,2.2607666103338726,4.876797318462325
20260757,sat_02,112.0,0.04731218126601125,2.648649086333009,0.8411472065454508,nan
20260757,sat_02,114.0,0.05022647622132909,2.8047831411945445,2.7865871965021434,nan
20260757,sat_02,116.0,0.051908637155246067,2.817670939713656,1.2042629024883822,nan
20260757,sat_02,118.0,0.04963632018398619,2.425931356424605,5.887449155243637,nan
20260757,sat_02,120.0,0.038302721886216876,1.9483887491114875,1.3429472239706934,3.166039692105379
20260757,sat_03,0.0,0.13326082874276185,7.121134629482861,0.004797913290562749,1.1211496798116092
20260757,sat_03,2.0,0.13629626664856276,7.158736649130247,1.2098959223637713,nan
20260757,sat_03,4.0,0.13655577253090814,6.454302547094212,1.6201286963096901,nan
20260757,sat_03,6.0,0.13391446104733534,5.316987010634286,6.921066916543264,nan
20260757,sat_03,8.0,0.13507877928120735,4.510653787088469,2.290574836111033,nan
20260757,sat_03,10.0,0.0443672448534254,1.1885981439479107,5.2243822562055575,4.184691105832795
20260757,sat_03,12.0,0.038717230911555295,0.7329631904943885,0.3151927770006826,nan
20260757,sat_03,14.0,0.0345043794545069,0.46450726648448354,1.040544537939249,nan
20260757,sat_03,16.0,0.033958080709890114,0.35927566132735633,1.2183430447825023,nan
20260757,sat_03,18.0,0.033739867720570436,0.2856649180723663,1.8190048631537845,nan
20260757,sat_03,20.0,0.05190760965193096,1.628697958241809,1.6840573135347268,0.7232046548537103
20260757,sat_03,22.0,0.06069672452267944,1.8270781058241816,0.46473598594476156,nan
20260757,sat_03,24.0,0.06980513349776143,1.992916010476503,3.4676919816261633,nan
20260757,sat_03,26.0,0.08042439988513299,2.199789070125905,1.1892841486577872,nan
20260757,sat_03,28.0,0.08971901753322192,2.2983860247351124,1.2928604139240383,nan
20260757,sat_03,30.0,0.048255976352141475,1.4953012609560448,1.757060805014994,2.153418838662585
20260757,sat_03,32.0,0.051469833459007776,1.4516941120055877,2.3142344599322078,nan
20260757,sat_03,34.0,0.055497308170867996,1.4479211099416034,3.4206864715306464,nan
20260757,sat_03,36.0,0.05913440366486213,1.419111689722158,0.44172208071230895,nan
20260757,sat_03,38.0,0.0635181827472257,1.422758752300692,1.3664378144624503,nan
20260757,sat_03,40.0,0.045215946262330546,1.4483178364289462,3.8894719781256724,0.9459127321604922
20260757,sat_03,42.0,0.049526852271624275,1.5266018695831873,5.375705958550554,nan
20260757,sat_03,44.0,0.055399545899564875,1.6845864381638138,2.928023971295172,nan
20260757,sat_03,46.0,0.05827411933288283,1.6510211167947202,1.99974906103116,nan
20260757,sat_03,48.0,0.06399143140063968,1.7714908643641532,2.145053133779479,nan
20260757,sat_03,50.0,0.0505400023939891,2.0096289684467146,0.6336629624375342,1.2878567750003822
20260757,sat_03,52.0,0.05706698000433465,2.2967110117655922,5.627651557732531,nan
20260757,sat_03,54.0,0.06353541060711346,2.5588933972260426,2.6662366979766285,nan
20260757,sat_03,56.0,0.06670045143356185,2.5427723616352367,3.1853030882998414,nan
20260757,sat_03,58.0,0.07006189265488931,2.5379132481720306,2.392642905795067,nan
20260757,sat_03,60.0,0.017223466768568167,0.25784455121865824,3.7515683799193114,3.5435837143740967
20260757,sat_03,62.0,0.017930989829304238,0.2540688080398071,2.128455036739153,nan
20260757,sat_03,64.0,0.019198691502294862,0.2653324089115868,3.2503672768525735,nan
20260757,sat_03,66.0,0.026082471608286636,0.447156218049525,8.62939375824921,nan
20260757,sat_03,68.0,0.029604004455685253,0.5272989926028998,1.4100482744081209,nan
20260757,sat_03,70.0,0.04764697151345792,2.161703461136268,1.0550439797778075,0.9188456221585719
20260757,sat_03,72.0,0.04808204461092147,2.021992747101364,5.341752688053279,nan
20260757,sat_03,74.0,0.048950607447028935,1.9279476510221933,1.1315194572243692,nan
20260757,sat_03,76.0,0.05178178544284809,1.988371513592971,1.2209221527362235,nan
20260757,sat_03,78.0,0.056507306915177115,2.1866228479732794,1.0026593032244149,nan
20260757,sat_03,80.0,0.04768121222983258,2.35054284803817,2.120728762286201,2.3861758325136058
20260757,sat_03,82.0,0.051170404901413245,2.50591418601047,1.5955650353612056,nan
20260757,sat_03,84.0,0.054818892723986525,2.665486564758499,0.8305539725577341,nan
20260757,sat_03,86.0,0.056842756275526145,2.660093742204233,0.06886067331591499,nan
20260757,sat_03,88.0,0.05862498621343155,2.6305366409303983,2.959022598343158,nan
20260757,sat_03,90.0,0.05720987291900901,3.6417814876532875,3.3814213772742328,1.6422941867505663
20260757,sat_03,92.0,0.057459569225456184,3.4206571941171893,1.8797865755235303,nan
20260757,sat_03,94.0,0.05770922074235604,3.216017921104041,4.471433919248256,nan
20260757,sat_03,96.0,0.06053251807208326,3.3021304025986176,0.9093918857774828,nan
20260757,sat_03,98.0,0.06414527619835558,3.465378482666719,3.697316393868638,nan
20260757,sat_03,100.0,0.05027831625706884,3.003864143205247,2.607628283135584,1.2400709079265844
20260757,sat_03,102.0,0.05380833400223958,3.2184907082630723,7.42628635294329,nan
20260757,sat_03,104.0,0.05759128649153551,3.451890198094141,2.25027001165989,nan
20260757,sat_03,106.0,0.06298845125244437,3.8700910840670204,4.493544768073594,nan
20260757,sat_03,108.0,0.06350421015202318,3.69150306433898,1.1510102275432612,nan
20260757,sat_03,110.0,0.015719925499662796,0.3113601274922158,2.8166657900718866,9.93632317530294
20260757,sat_03,112.0,0.01843118663521118,0.4018657369860144,1.765800993566843,nan
20260757,sat_03,114.0,0.022003556213840834,0.5381463830755364,0.5871382008887002,nan
20260757,sat_03,116.0,0.024355242349888288,0.6200881544167397,1.9139723558106778,nan
20260757,sat_03,118.0,0.026028591406640197,0.6668473679925176,7.882804607445979,nan
20260757,sat_03,120.0,0.040637401992055594,2.1931793870513387,0.6287954272433192,2.8518773103747113
20260758,sat_01,0.0,0.10948209330013026,4.80651636791577,0.016760309526453205,1.2058545267841123
20260758,sat_01,2.0,0.11187459699126863,4.823137540308349,0.6527103769477923,nan
20260758,sat_01,4.0,0.11265113651657584,4.392323238093609,0.37001653269189316,nan
20260758,sat_01,6.0,0.10830764690245888,3.4779084455812033,7.586024068366716,nan
20260758,sat_01,8.0,0.10860860387422427,2.9159407263901036,1.8385952939267114,nan
20260758,sat_01,10.0,0.05741215521691707,1.9903047406771917,1.2561785228089721,2.5352341096494335
20260758,sat_01,12.0,0.05743871412121134,1.613149769080977,4.78707881005622,nan
20260758,sat_01,14.0,0.05919374293990265,1.3669655326572605,1.8966288931779611,nan
20260758,sat_01,16.0,0.060173080331653764,1.1278968239637026,3.874241552810867,nan
20260758,sat_01,18.0,0.06522014169302091,1.0671603484492032,0.152263146425166,nan
20260758,sat_01,20.0,0.06827148256961273,2.8176718284355142,0.31832407963419296,0.8413968817393728
20260758,sat_01,22.0,0.07128799019502724,2.520700763875776,4.18085224487029,nan
20260758,sat_01,24.0,0.07316253530287166,2.1896466249592303,0.7796389388329095,nan
20260758,sat_01,26.0,0.07739745214731214,2.0377641961061066,2.2079322556694603,nan
20260758,sat_01,28.0,0.08279536684925631,1.957824233377804,2.7295344898471527,nan
20260758,sat_01,30.0,0.05255847171915362,1.773896177313715,1.1020982760542466,1.338075190148706
20260758,sat_01,32.0,0.053275123549455405,1.5553947488276447,1.3840199248067644,nan
20260758,sat_01,34.0,0.05399983752107775,1.3709408456716476,0.20302609198338134,nan
20260758,sat_01,36.0,0.056058101494300905,1.275386232170669,5.31381812979437,nan
20260758,sat_01,38.0,0.05852915688721078,1.2080941341241256,0.4644084690945345,nan
20260758,sat_01,40.0,0.02642631663140676,0.49478289114078716,0.6535780924439862,3.001116964203841
20260758,sat_01,42.0,0.02695286277328544,0.4521749676072024,2.2976620060841038,nan
20260758,sat_01,44.0,0.03024088058811221,0.5020168497642679,1.3229020459811527,nan
20260758,sat_01,46.0,0.033856443401294845,0.5573473194222013,0.9833301492731933,nan
20260758,sat_01,48.0,0.03890918542385231,0.6549776946241961,8.947676022797197,nan
20260758,sat_01,50.0,0.047559193294745776,1.7793198863780149,2.056654750941666,2.7409246579082045
20260758,sat_01,52.0,0.05024346665026972,1.7799791833731755,0.2094840545116387,nan
20260758,sat_01,54.0,0.05286442908520534,1.7711633769621256,0.9574464423421641,nan
20260758,sat_01,56.0,0.05272569138533481,1.5885298019352687,5.876196958455049,nan
20260758,sat_01,58.0,0.05675018757110483,1.664674688597557,2.0337139107293347,nan
20260758,sat_01,60.0,0.05836960409560485,2.9608751897736165,4.875809946696593,0.9277557404327922
20260758,sat_01,62.0,0.06286712258762713,3.122486841592391,2.4733146667128425,nan
20260758,sat_01,64.0,0.06620894004760595,3.1549048802580186,5.568906618418213,nan
20260758,sat_01,66.0,0.06979650449418144,3.2013131714902663,0.9680923964709762,nan
20260758,sat_01,68.0,0.06976003336076524,2.927323987054161,4.187042054965857,nan
20260758,sat_01,70.0,0.08585769142283677,7.018869469419068,2.225879674549748,1.7099858949360467
20260758,sat_01,72.0,0.09154097841686962,7.328862107822637,1.285437829370187,nan
20260758,sat_01,74.0,0.09509106613004926,7.275582654263033,6.3454921773655455,nan
20260758,sat_01,76.0,0.10289867645944564,7.851813662692876,3.5541665274955805,nan
20260758,sat_01,78.0,0.10692711441454407,7.82985066378739,1.9194466849127862,nan
20260758,sat_01,80.0,0.06480161429317186,4.341047053741674,4.9420548210784085,4.507354732699579
20260758,sat_01,82.0,0.06821996854019756,4.453497240614508,1.4556017424195875,nan
20260758,sat_01,84.0,0.07033953118841486,4.38792941140681,0.6988520578058914,nan
20260758,sat_01,86.0,0.0753781879557618,4.677161772886387,4.890244409383092,nan
20260758,sat_01,88.0,0.07406662858822645,4.198192811177021,8.447857907949986,nan
20260758,sat_01,90.0,0.0873840780550003,8.497105494941543,0.5360314524718977,0.9347981191264978
20260758,sat_01,92.0,0.09001244476651592,8.395275456266477,0.9362348310700784,nan
20260758,sat_01,94.0,0.09434007040697245,8.595580399901266,1.669822639785799,nan
20260758,sat_01,96.0,0.09636437842669567,8.369698634258485,0.8736641015462698,nan
20260758,sat_01,98.0,0.10113103105617267,8.614790735526322,3.4041256145424517,nan
20260758,sat_01,100.0,0.0508251756672675,3.069237849749423,1.0436589030522112,9.70150399592691
20260758,sat_01,102.0,0.05243232114910197,3.0554067475209483,10.430869858351576,nan
20260758,sat_01,104.0,0.05542871684737352,3.196826176922772,2.423469167400368,nan
20260758,sat_01,106.0,0.05901596043739588,3.396614623998651,1.2940813218223683,nan
20260758,sat_01,108.0,0.06050512653264269,3.350326443994607,0.2524499171546323,nan
20260758,sat_01,110.0,0.0431542765849432,2.3464215614391013,8.355611157866727,1.0318004757618806
20260758,sat_01,112.0,0.043887355766847276,2.2785641710023317,5.169275959491415,nan
20260758,sat_01,114.0,0.04374889356672941,2.127452855123484,1.8492990314851738,nan
20260758,sat_01,116.0,0.045979703348664684,2.2101037685097844,1.6166725387772707,nan
20260758,sat_01,118.0,0.044253918027798704,1.9276621650818546,1.318001101989046,nan
20260758,sat_01,120.0,0.05049653838573897,3.386110527683762,1.7010605176747338,3.153230075295992
20260758,sat_02,0.0,0.024729642183857,0.245233632904238,0.022846699378092937,1.3957408364961288
20260758,sat_02,2.0,0.023302353964352353,0.20925206008327787,0.5392639962261794,nan
20260758,sat_02,4.0,0.022445097743982952,0.17437205933605177,1.9100500898296637,nan
20260758,sat_02,6.0,0.02010394119589181,0.1198347623559241,2.3082116173231615,nan
20260758,sat_02,8.0,0.02375821528637551,0.13954294208876108,1.8868836409020004,nan
20260758,sat_02,10.0,0.07543737851913533,3.4362909020029297,2.377569754137454,1.4488251819193707
20260758,sat_02,12.0,0.08655084509765987,3.662716914672406,2.9045211667175614,nan
20260758,sat_02,14.0,0.09445015981224189,3.4802381109312597,2.88735931406906,nan
20260758,sat_02,16.0,0.10289520206116085,3.298132823762754,1.0887183952345207,nan
20260758,sat_02,18.0,0.11043563133045443,3.0599787687617193,2.94536756733862,nan
20260758,sat_02,20.0,0.051351040858585904,1.5941819057485813,1.9079814176599807,2.750265738182471
20260758,sat_02,22.0,0.053180422707964914,1.403011984957933,1.680806159891118,nan
20260758,sat_02,24.0,0.0565977550351901,1.3107235747169619,1.3684122047224905,nan
20260758,sat_02,26.0,0.060028002672489186,1.2262242219027457,1.4369300447681226,nan
20260758,sat_02,28.0,0.06249182518952909,1.115846590095896,2.9256847655954266,nan
20260758,sat_02,30.0,0.052637836242633324,1.7793207852636164,1.4351094216972184,3.47490793335305
20260758,sat_02,32.0,0.056874280770937355,1.7727980724983647,0.1793838489440408,nan
20260758,sat_02,34.0,0.060251410367805576,1.707005435257853,3.453403340746485,nan
20260758,sat_02,36.0,0.06430937818295573,1.6788699782374497,0.5488896986744466,nan
20260758,sat_02,38.0,0.06904255223455208,1.681580332767228,4.744315538135871,nan
20260758,sat_02,40.0,0.05347727843454855,2.0266008956447075,3.9942231310686136,0.37764749647580365
20260758,sat_02,42.0,0.05698418041580593,2.0218102786247076,4.951500681654734,nan
20260758,sat_02,44.0,0.05889836388983432,1.905076753045439,1.0002970891001812,nan
20260758,sat_02,46.0,0.06353887385473568,1.9639422653582397,5.753933280336803,nan
20260758,sat_02,48.0,0.06414994140727624,1.7813764600951567,4.041185302210438,nan
20260758,sat_02,50.0,0.030192084829099634,0.7172840863527502,0.32119856404125713,1.1739698333528916
20260758,sat_02,52.0,0.02991557042771864,0.6312545398382811,2.815916127363319,nan
20260758,sat_02,54.0,0.03028404930327611,0.5814647246526754,1.342983925356594,nan
20260758,sat_02,56.0,0.029934895713171754,0.512246761112617,0.7101917732450189,nan
20260758,sat_02,58.0,0.029527777720384327,0.450894934551214,4.380055847988715,nan
20260758,sat_02,60.0,0.03921546301944813,1.3366601435935175,7.107173229015468,4.41021203221339
20260758,sat_02,62.0,0.04222050949047035,1.40857816286923,0.8958810336638788,nan
20260758,sat_02,64.0,0.042573220967332834,1.3047064010374643,2.4810589257549918,nan
20260758,sat_02,66.0,0.04439966421865796,1.2956905239589644,2.539836488880807,nan
20260758,sat_02,68.0,0.0440011326890748,1.1648254597057257,1.9735874441046322,nan
20260758,sat_02,70.0,0.022476702546450154,0.48097156829835175,4.909037927793816,2.6590522763560047
20260758,sat_02,72.0,0.022289688232824904,0.43446401856109523,2.596176432192247,nan
20260758,sat_02,74.0,0.022682827280121103,0.41390268217191356,1.5843498381224146,nan
20260758,sat_02,76.0,0.02345331054212786,0.40780947713832894,1.1429033123522148,nan
20260758,sat_02,78.0,0.02420507624399933,0.40113860412323255,3.104817574773466,nan
20260758,sat_02,80.0,0.05101457273805901,2.6898045194917906,1.4324454909781061,1.410153048409684
20260758,sat_02,82.0,0.05440602877947134,2.831836422921195,5.388085075237587,nan
20260758,sat_02,84.0,0.05643858309967364,2.824307644088657,4.171910583628459,nan
20260758,sat_02,86.0,0.056075962082789796,2.5878630854065996,1.6494854842798528,nan
20260758,sat_02,88.0,0.05918935270474255,2.68035719439192,7.975792034259878,nan
20260758,sat_02,90.0,0.07626050038219392,6.469916299522023,0.6823789855635596,1.199086759771481
20260758,sat_02,92.0,0.0779711717226728,6.297613798101109,3.171085273538714,nan
20260758,sat_02,94.0,0.07556543328983722,5.513130609020876,5.577016074760868,nan
20260758,sat_02,96.0,0.0764186574895626,5.261917297166744,1.1555469221170827,nan
20260758,sat_02,98.0,0.080183308193741,5.413902955430352,2.495880838655748,nan
20260758,sat_02,100.0,0.07467655255300132,6.626622703926855,1.0127205747936543,2.865007961169014
20260758,sat_02,102.0,0.07625039874364718,6.463120078859412,3.10958309697142,nan
20260758,sat_02,104.0,0.07881297394889927,6.464601302549454,4.478608818875331,nan
20260758,sat_02,106.0,0.08038051686055503,6.302474631056847,0.5846323583081644,nan
20260758,sat_02,108.0,0.07917815964533538,5.73894774193953,2.687563007677066,nan
20260758,sat_02,110.0,0.051369059307463216,3.3260200778491913,1.0544118840955885,5.674941290903074
20260758,sat_02,112.0,0.0513539163216829,3.1210421565627526,1.2784160118101253,nan
20260758,sat_02,114.0,0.051514955987318624,2.9510464821938123,3.7969211388307933,nan
20260758,sat_02,116.0,0.05790269875270756,3.5065328910278764,5.94647352134594,nan
20260758,sat_02,118.0,0.06284058466384651,3.8887877872658647,1.4017649097154523,nan
20260758,sat_02,120.0,0.05975611455788169,4.742862627707904,9.016076652008277,4.39674548043977
20260758,sat_03,0.0,0.05418055315870875,1.1771483807717809,0.008714928864180847,1.3660307286346307
20260758,sat_03,2.0,0.055849971331762276,1.2020300315539623,1.2383313390050705,nan
20260758,sat_03,4.0,0.058672022292412,1.1914996670680715,0.39317140061498157,nan
20260758,sat_03,6.0,0.06595131882746218,1.2896164934583378,3.5380798139909038,nan
20260758,sat_03,8.0,0.07406855065489289,1.3562373034458657,1.3215091199946833,nan
20260758,sat_03,10.0,0.02560149845324231,0.3957720805750256,7.341450596682823,1.5780414359673804
20260758,sat_03,12.0,0.02583753489107502,0.32641546414237366,2.3706689227854354,nan
20260758,sat_03,14.0,0.029897807099670617,0.34874656447757824,4.219358645757988,nan
20260758,sat_03,16.0,0.03356446197066734,0.3509838584644732,0.3173420654213134,nan
20260758,sat_03,18.0,0.038047717193513166,0.36326526795235403,0.6020890566992263,nan
20260758,sat_03,20.0,0.05721615654346471,1.9789408417506857,2.310977913931746,2.3820560154105466
20260758,sat_03,22.0,0.06392158841872317,2.0265512602300966,3.017834812874689,nan
20260758,sat_03,24.0,0.06940246941509143,1.9702280780579366,2.3287248382754746,nan
20260758,sat_03,26.0,0.07806040856994215,2.072690265253196,2.9349478454333204,nan
20260758,sat_03,28.0,0.08484907962030996,2.056035725130879,1.2448983704756678,nan
20260758,sat_03,30.0,0.03807205741892252,0.9309312313327913,6.230435970021351,5.189176177688697
20260758,sat_03,32.0,0.042106265305408515,0.9718057380477088,1.010379396737693,nan
20260758,sat_03,34.0,0.04603439291660368,0.9966131475184262,0.2206066679598057,nan
20260758,sat_03,36.0,0.050327407370537536,1.028350670460094,1.1957180963713212,nan
20260758,sat_03,38.0,0.055524611366519885,1.0877628261330181,1.9037740994507355,nan
20260758,sat_03,40.0,0.0844142939721997,5.04832391857246,8.963884467221616,3.4470765997251025
20260758,sat_03,42.0,0.08881635166592985,4.909854675191121,1.117508134471634,nan
20260758,sat_03,44.0,0.09257606522840735,4.704627263830443,4.004310232993897,nan
20260758,sat_03,46.0,0.09683255990960993,4.559309167850296,5.285225987821783,nan
20260758,sat_03,48.0,0.09790576268581082,4.147303898093802,5.162128051942791,nan
20260758,sat_03,50.0,0.05672632844008524,2.5317981647540613,0.4103466885836084,2.733787506156339
20260758,sat_03,52.0,0.057831194997728645,2.358730454672006,3.4314377869634196,nan
20260758,sat_03,54.0,0.058042525568751877,2.135730186889285,2.8968609177682136,nan
20260758,sat_03,56.0,0.05848619159546063,1.9552263783834347,2.0739330133370926,nan
20260758,sat_03,58.0,0.05723443014156461,1.6938170515118893,1.2908636860593397,nan
20260758,sat_03,60.0,0.05386353183373164,2.5220475377053955,1.1739179883982398,0.07653854967571277
20260758,sat_03,62.0,0.05530239095463971,2.4170359142560245,1.5981336437450904,nan
20260758,sat_03,64.0,0.05377430913166732,2.081881956546667,4.5601357132239695,nan
20260758,sat_03,66.0,0.05604796574867566,2.06512396897274,2.8353769327461955,nan
20260758,sat_03,68.0,0.05590830080955519,1.8809713920298772,0.6989548788131061,nan
20260758,sat_03,70.0,0.06120621139821485,3.567101137568705,3.721697711141462,0.6017484566510582
20260758,sat_03,72.0,0.06298610475958043,3.469831967140255,1.201618571132177,nan
20260758,sat_03,74.0,0.06381958848896639,3.277175063470318,1.1408271207004483,nan
20260758,sat_03,76.0,0.06315776572399824,2.958107947415199,4.081181291834029,nan
20260758,sat_03,78.0,0.06435392291414463,2.8361917786369406,1.587254243402835,nan
20260758,sat_03,80.0,0.040225624620836745,1.672627555744247,3.382313648331498,3.633603856511602
20260758,sat_03,82.0,0.04124357700118303,1.6276030357919173,1.2475168444148919,nan
20260758,sat_03,84.0,0.040908716424396245,1.4840321698718262,0.9494417772786542,nan
20260758,sat_03,86.0,0.04264083995124007,1.4965231784194333,0.7153968296336766,nan
20260758,sat_03,88.0,0.04494106954017553,1.5454470681359158,0.9988939460384276,nan
20260758,sat_03,90.0,0.047206908463210906,2.4794620352867742,6.732855669570126,0.5919123188671799
20260758,sat_03,92.0,0.04949805440376466,2.5382302180049874,5.897109622740467,nan
20260758,sat_03,94.0,0.05083169387120748,2.495036817932089,5.514993193345447,nan
20260758,sat_03,96.0,0.053825248341319194,2.6108228003468597,1.6857979206286346,nan
20260758,sat_03,98.0,0.05619965805871222,2.6599577225377655,3.782328150375859,nan
20260758,sat_03,100.0,0.06455482944835887,4.951843942162727,4.7304764699188135,0.3401394621893142
20260758,sat_03,102.0,0.06513295310537853,4.715579754591052,2.9944752336472185,nan
20260758,sat_03,104.0,0.0691340281324697,4.9740197752957505,4.697811547072764,nan
20260758,sat_03,106.0,0.06994210465753133,4.771645834607186,1.6786734334201896,nan
20260758,sat_03,108.0,0.06766483685243425,4.190998264418474,4.749299872283033,nan
20260758,sat_03,110.0,0.07427833464777403,6.953027676894592,2.500769868765702,2.131431842823361
20260758,sat_03,112.0,0.07354169869241309,6.3995170005584345,4.552700199451782,nan
20260758,sat_03,114.0,0.07528041460305315,6.300737483766002,0.8120158086727927,nan
20260758,sat_03,116.0,0.07990788508493259,6.676958395882459,3.964911891769159,nan
20260758,sat_03,118.0,0.08370855139298237,6.89907296467914,2.308700301828045,nan
20260758,sat_03,120.0,0.07167421798044113,6.823615774716058,1.4779396775389926,3.191860459224052
