time_s,truth_phase_rad,measured_rate_rad_s,phase_hint_rad,hint_available,hint_accepted,mode,decoded_phase_rad,truth_error_rad,bump_concentration
0.0,0.6981317007977318,0.0012462749410143159,nan,0,0,dead_reckoning,0.6981317007977318,0.0,
0.0,0.6981317007977318,0.0012462749410143159,nan,0,0,cann_no_cue,0.698131700797732,0.0,0.7961740796645929
0.0,0.6981317007977318,0.0012462749410143159,nan,0,0,cann_sparse_cue,0.698131700797732,0.0,0.7961740796645929
0.0,0.6981317007977318,0.0012462749410143159,nan,0,0,cann_gated_cue,0.698131700797732,0.0,0.7961740796645929
2.0,0.700226095900125,0.0012428442724221915,nan,0,0,dead_reckoning,0.7006242506797604,0.0003981547796354512,
2.0,0.700226095900125,0.0012428442724221915,nan,0,0,cann_no_cue,0.7006242503929675,0.0003981544928426395,0.7961706624236412
2.0,0.700226095900125,0.0012428442724221915,nan,0,0,cann_sparse_cue,0.7006242503929675,0.0003981544928426395,0.7961706624236412
2.0,0.700226095900125,0.0012428442724221915,nan,0,0,cann_gated_cue,0.7006242503929675,0.0003981544928426395,0.7961706624236412
4.0,0.7023424170435382,0.0005011146054953821,nan,0,0,dead_reckoning,0.7031099392246049,0.0007675221810665711,
4.0,0.7023424170435382,0.0005011146054953821,nan,0,0,cann_no_cue,0.7031099389376493,0.0007675218941112227,0.7961706624233708
4.0,0.7023424170435382,0.0005011146054953821,nan,0,0,cann_sparse_cue,0.7031099389376493,0.0007675218941112227,0.7961706624233708
4.0,0.7023424170435382,0.0005011146054953821,nan,0,0,cann_gated_cue,0.7031099389376493,0.0007675218941112227,0.7961706624233708
6.0,0.7044806257622449,0.0012164124945780025,nan,0,0,dead_reckoning,0.7041121684355955,-0.0003684573266493629,
6.0,0.7044806257622449,0.0012164124945780025,nan,0,0,cann_no_cue,0.7041121681486283,-0.0003684576136167017,0.7961706623824337
6.0,0.7044806257622449,0.0012164124945780025,nan,0,0,cann_sparse_cue,0.7041121681486283,-0.0003684576136167017,0.7961706623824337
6.0,0.7044806257622449,0.0012164124945780025,nan,0,0,cann_gated_cue,0.7041121681486283,-0.0003684576136167017,0.7961706623824337
8.0,0.7066406451922741,0.0011746864170356515,nan,0,0,dead_reckoning,0.7065449934247515,-9.565176752257543e-05,
8.0,0.7066406451922741,0.0011746864170356515,nan,0,0,cann_no_cue,0.7065449931376355,-9.565205463868409e-05,0.7961706624213135
8.0,0.7066406451922741,0.0011746864170356515,nan,0,0,cann_sparse_cue,0.7065449931376355,-9.565205463868409e-05,0.7961706624213135
8.0,0.7066406451922741,0.0011746864170356515,nan,0,0,cann_gated_cue,0.7065449931376355,-9.565205463868409e-05,0.7961706624213135
10.0,0.7088223602062559,0.0011660194049435712,nan,0,0,dead_reckoning,0.7088943662588229,7.200605256674208e-05,
10.0,0.7088223602062559,0.0011660194049435712,nan,0,0,cann_no_cue,0.7088943659715696,7.200576531385394e-05,0.7961706624181563
10.0,0.7088223602062559,0.0011660194049435712,nan,0,0,cann_sparse_cue,0.7088943659715696,7.200576531385394e-05,0.7961706624181563
10.0,0.7088223602062559,0.0011660194049435712,nan,0,0,cann_gated_cue,0.7088943659715696,7.200576531385394e-05,0.7961706624181563
12.0,0.7110256176153938,0.0010987400170206156,nan,0,0,dead_reckoning,0.71122640506871,0.00020078745331630898,
12.0,0.7110256176153938,0.0010987400170206156,nan,0,0,cann_no_cue,0.7112264047813223,0.00020078716592841772,0.7961706624175141
12.0,0.7110256176153938,0.0010987400170206156,nan,0,0,cann_sparse_cue,0.7112264047813223,0.00020078716592841772,0.7961706624175141
12.0,0.7110256176153938,0.0010987400170206156,nan,0,0,cann_gated_cue,0.7112264047813223,0.00020078716592841772,0.7961706624175141
14.0,0.7132502264382102,0.0012336964363205574,nan,0,0,dead_reckoning,0.7134238851027512,0.00017365866454088774,
14.0,0.7132502264382102,0.0012336964363205574,nan,0,0,cann_no_cue,0.7134238848152511,0.000173658377041086,0.7961706624126919
14.0,0.7132502264382102,0.0012336964363205574,nan,0,0,cann_sparse_cue,0.7134238848152511,0.000173658377041086,0.7961706624126919
14.0,0.7132502264382102,0.0012336964363205574,nan,0,0,cann_gated_cue,0.7134238848152511,0.000173658377041086,0.7961706624126919
16.0,0.7154959582355925,0.001302916206080288,nan,0,0,dead_reckoning,0.7158912779753923,0.00039531973979967105,
16.0,0.7154959582355925,0.001302916206080288,nan,0,0,cann_no_cue,0.7158912776877345,0.00039531945214221764,0.7961706624226536
16.0,0.7154959582355925,0.001302916206080288,nan,0,0,cann_sparse_cue,0.7158912776877345,0.00039531945214221764,0.7961706624226536
16.0,0.7154959582355925,0.001302916206080288,nan,0,0,cann_gated_cue,0.7158912776877345,0.00039531945214221764,0.7961706624226536
18.0,0.7177625475115532,0.0011889793268848163,nan,0,0,dead_reckoning,0.7184971103875529,0.0007345628759996004,
18.0,0.7177625475115532,0.0011889793268848163,nan,0,0,cann_no_cue,0.7184971100997083,0.0007345625881551854,0.7961706624282106
18.0,0.7177625475115532,0.0011889793268848163,nan,0,0,cann_sparse_cue,0.7184971100997083,0.0007345625881551854,0.7961706624282106
18.0,0.7177625475115532,0.0011889793268848163,nan,0,0,cann_gated_cue,0.7184971100997083,0.0007345625881551854,0.7961706624282106
20.0,0.7200496921789997,0.0011611855331890302,0.7198479094844825,1,1,dead_reckoning,0.7208750690413226,0.0008253768623229796,
20.0,0.7200496921789997,0.0011611855331890302,0.7198479094844825,1,1,cann_no_cue,0.7208750687533347,0.0008253765743351238,0.7961706624192255
20.0,0.7200496921789997,0.0011611855331890302,0.7198479094844825,1,1,cann_sparse_cue,0.7201207783216061,7.108614260653567e-05,0.8542898059845863
20.0,0.7200496921789997,0.0011611855331890302,0.7198479094844825,1,1,cann_gated_cue,0.7201207783216061,7.108614260653567e-05,0.8542898059845863
22.0,0.7223570540896984,0.0014668092012678335,nan,0,0,dead_reckoning,0.7231974401077006,0.0008403860180021816,
22.0,0.7223570540896984,0.0014668092012678335,nan,0,0,cann_no_cue,0.7231974398195806,0.0008403857298819872,0.796170662417158
22.0,0.7223570540896984,0.0014668092012678335,nan,0,0,cann_sparse_cue,0.7224393996254669,8.234553576835779e-05,0.7961706624171581
22.0,0.7223570540896984,0.0014668092012678335,nan,0,0,cann_gated_cue,0.7224393996254669,8.234553576835779e-05,0.7961706624171581
24.0,0.7246842596275007,0.001057493716453404,nan,0,0,dead_reckoning,0.7261310585102363,0.0014467988827355782,
24.0,0.7246842596275007,0.001057493716453404,nan,0,0,cann_no_cue,0.7261310582218514,0.0014467985943507067,0.7961706624425764
24.0,0.7246842596275007,0.001057493716453404,nan,0,0,cann_sparse_cue,0.7253730180277377,0.0006887584002370772,0.7961706624425766
24.0,0.7246842596275007,0.001057493716453404,nan,0,0,cann_gated_cue,0.7253730180277377,0.0006887584002370772,0.7961706624425766
26.0,0.7270309003637936,0.001438628935101081,nan,0,0,dead_reckoning,0.7282460459431431,0.0012151455793496524,
26.0,0.7270309003637936,0.001438628935101081,nan,0,0,cann_no_cue,0.7282460456546556,0.0012151452908621962,0.7961706624098775
26.0,0.7270309003637936,0.001438628935101081,nan,0,0,cann_sparse_cue,0.7274880054605418,0.0004571050967481227,0.7961706624098772
26.0,0.7270309003637936,0.001438628935101081,nan,0,0,cann_gated_cue,0.7274880054605418,0.0004571050967481227,0.7961706624098772
28.0,0.7293965337740214,0.0012928004614210008,nan,0,0,dead_reckoning,0.7311233038133452,0.001726770039323977,
28.0,0.7293965337740214,0.0012928004614210008,nan,0,0,cann_no_cue,0.7311233035246085,0.001726769750587387,0.7961706624399854
28.0,0.7293965337740214,0.0012928004614210008,nan,0,0,cann_sparse_cue,0.7303652633304952,0.0009687295564737575,0.7961706624399851
28.0,0.7293965337740214,0.0012928004614210008,nan,0,0,cann_gated_cue,0.7303652633304952,0.0009687295564737575,0.7961706624399851
30.0,0.7317806840140249,0.0011269524336952614,nan,0,0,dead_reckoning,0.7337089047361873,0.001928220722162699,
30.0,0.7317806840140249,0.0011269524336952614,nan,0,0,cann_no_cue,0.7337089044472662,0.0019282204332413677,0.7961706624273798
30.0,0.7317806840140249,0.0011269524336952614,nan,0,0,cann_sparse_cue,0.7329508642531527,0.0011701802391277383,0.7961706624273794
30.0,0.7317806840140249,0.0011269524336952614,nan,0,0,cann_gated_cue,0.7329508642531527,0.0011701802391277383,0.7961706624273794
32.0,0.7341828427548331,0.00122276639715945,nan,0,0,dead_reckoning,0.7359628096035777,0.0017799668487445963,
32.0,0.7341828427548331,0.00122276639715945,nan,0,0,cann_no_cue,0.7359628093145348,0.0017799665597015846,0.7961706624146794
32.0,0.7341828427548331,0.00122276639715945,nan,0,0,cann_sparse_cue,0.735204769120421,0.0010219263655879551,0.7961706624146793
32.0,0.7341828427548331,0.00122276639715945,nan,0,0,cann_gated_cue,0.735204769120421,0.0010219263655879551,0.7961706624146793
34.0,0.7366024700744457,0.0011196961892641702,nan,0,0,dead_reckoning,0.7384083423978967,0.0018058723234508633,
34.0,0.7366024700744457,0.0011196961892641702,nan,0,0,cann_no_cue,0.7384083421086997,0.0018058720342537526,0.796170662421804
34.0,0.7366024700744457,0.0011196961892641702,nan,0,0,cann_sparse_cue,0.7376503019145859,0.0010478318401401232,0.7961706624218039
34.0,0.7366024700744457,0.0011196961892641702,nan,0,0,cann_gated_cue,0.7376503019145859,0.0010478318401401232,0.7961706624218039
36.0,0.7390389954050388,0.0014082672773835902,nan,0,0,dead_reckoning,0.7406477347764251,0.0016087393713863918,
36.0,0.7390389954050388,0.0014082672773835902,nan,0,0,cann_no_cue,0.7406477344871089,0.0016087390820702652,0.7961706624141632
36.0,0.7390389954050388,0.0014082672773835902,nan,0,0,cann_sparse_cue,0.7398896942929951,0.0008506988879561916,0.7961706624141632
36.0,0.7390389954050388,0.0014082672773835902,nan,0,0,cann_gated_cue,0.7398896942929951,0.0008506988879561916,0.7961706624141632
38.0,0.7414918185339356,0.001364147506763373,nan,0,0,dead_reckoning,0.7434642693311923,0.0019724507972567196,
38.0,0.7414918185339356,0.001364147506763373,nan,0,0,cann_no_cue,0.7434642690416419,0.001972450507706114,0.79617066243725
38.0,0.7414918185339356,0.001364147506763373,nan,0,0,cann_sparse_cue,0.7427062288475279,0.0012144103135920403,0.7961706624372494
38.0,0.7414918185339356,0.001364147506763373,nan,0,0,cann_gated_cue,0.7427062288475279,0.0012144103135920403,0.7961706624372494
40.0,0.743960310656583,0.0012131197635365622,0.7459478048003122,1,1,dead_reckoning,0.7461925643447189,0.0022322536881360655,
40.0,0.743960310656583,0.0012131197635365622,0.7459478048003122,1,1,cann_no_cue,0.7461925640549533,0.0022322533983700765,0.7961706624333785
40.0,0.743960310656583,0.0012131197635365622,0.7459478048003122,1,1,cann_sparse_cue,0.7462605111919615,0.0023002005353784938,0.8542898040346372
40.0,0.743960310656583,0.0012131197635365622,0.7459478048003122,1,1,cann_gated_cue,0.7462605111919615,0.0023002005353784938,0.8542898040346372
42.0,0.7464438154796883,0.0011318362766095129,nan,0,0,dead_reckoning,0.7486188038717921,0.002174988392103838,
42.0,0.7464438154796883,0.0011318362766095129,nan,0,0,cann_no_cue,0.7486188035818736,0.0021749881021850825,0.7961706624210604
42.0,0.7464438154796883,0.0011318362766095129,nan,0,0,cann_sparse_cue,0.7486826980000331,0.002238882520344987,0.7961706624210605
42.0,0.7464438154796883,0.0011318362766095129,nan,0,0,cann_gated_cue,0.7486826980000331,0.002238882520344987,0.7961706624210605
44.0,0.7489416503725812,0.0013803964447324487,nan,0,0,dead_reckoning,0.7508824764250112,0.0019408260524298449,
44.0,0.7489416503725812,0.0013803964447324487,nan,0,0,cann_no_cue,0.7508824761349697,0.0019408257623885206,0.7961706624150281
44.0,0.7489416503725812,0.0013803964447324487,nan,0,0,cann_sparse_cue,0.7509463705531295,0.002004720180548425,0.7961706624150282
44.0,0.7489416503725812,0.0013803964447324487,nan,0,0,cann_gated_cue,0.7509463705531295,0.002004720180548425,0.7961706624150282
46.0,0.7514531075647792,0.0015030129205259996,nan,0,0,dead_reckoning,0.753643269314476,0.002190161749696884,
46.0,0.7514531075647792,0.0015030129205259996,nan,0,0,cann_no_cue,0.753643269024214,0.0021901614594348473,0.79617066243479
46.0,0.7514531075647792,0.0015030129205259996,nan,0,0,cann_sparse_cue,0.7537071634423735,0.0022540558775943076,0.7961706624347898
46.0,0.7514531075647792,0.0015030129205259996,nan,0,0,cann_gated_cue,0.7537071634423735,0.0022540558775943076,0.7961706624347898
48.0,0.7539774553876584,0.0013265776063404768,nan,0,0,dead_reckoning,0.756649295155528,0.002671839767869777,
48.0,0.7539774553876584,0.0013265776063404768,nan,0,0,cann_no_cue,0.7566492948649792,0.0026718394773208587,0.7961706624459791
48.0,0.7539774553876584,0.0013265776063404768,nan,0,0,cann_sparse_cue,0.7567131892831389,0.002735733895480763,0.7961706624459789
48.0,0.7539774553876584,0.0013265776063404768,nan,0,0,cann_gated_cue,0.7567131892831389,0.002735733895480763,0.7961706624459789
50.0,0.7565139395580479,0.001425606564816494,nan,0,0,dead_reckoning,0.759302450368209,0.002788510810161071,
50.0,0.7565139395580479,0.001425606564816494,nan,0,0,cann_no_cue,0.7593024500774603,0.0027885105194123128,0.7961706624301795
50.0,0.7565139395580479,0.001425606564816494,nan,0,0,cann_sparse_cue,0.7593663444956206,0.0028524049375726612,0.7961706624301794
50.0,0.7565139395580479,0.001425606564816494,nan,0,0,cann_gated_cue,0.7593663444956206,0.0028524049375726612,0.7961706624301794
52.0,0.7590617845014996,0.0012885734832558287,nan,0,0,dead_reckoning,0.762153663497842,0.0030918789963423343,
52.0,0.7590617845014996,0.0012885734832558287,nan,0,0,cann_no_cue,0.7621536632068491,0.003091878705349327,0.7961706624388049
52.0,0.7590617845014996,0.0012885734832558287,nan,0,0,cann_sparse_cue,0.7622175576250089,0.0031557731235092312,0.7961706624388047
52.0,0.7590617845014996,0.0012885734832558287,nan,0,0,cann_gated_cue,0.7622175576250089,0.0031557731235092312,0.7961706624388047
54.0,0.7616201947129091,0.0013663211358123147,nan,0,0,dead_reckoning,0.7647308104643536,0.0031106157514444455,
54.0,0.7616201947129091,0.0013663211358123147,nan,0,0,cann_no_cue,0.7647308101731782,0.0031106154602689173,0.7961706624270343
54.0,0.7616201947129091,0.0013663211358123147,nan,0,0,cann_sparse_cue,0.7647947045913379,0.0031745098784288217,0.7961706624270342
54.0,0.7616201947129091,0.0013663211358123147,nan,0,0,cann_gated_cue,0.7647947045913379,0.0031745098784288217,0.7961706624270342
56.0,0.7641883561521018,0.0013058900860784543,nan,0,0,dead_reckoning,0.7674634527359783,0.003275096583876369,
56.0,0.7641883561521018,0.0013058900860784543,nan,0,0,cann_no_cue,0.7674634524445876,0.0032750962924859017,0.7961706624335666
56.0,0.7641883561521018,0.0013058900860784543,nan,0,0,cann_sparse_cue,0.7675273468627474,0.003338990710645362,0.7961706624335666
56.0,0.7641883561521018,0.0013058900860784543,nan,0,0,cann_gated_cue,0.7675273468627474,0.003338990710645362,0.7961706624335666
58.0,0.766765437671936,0.0014131722236193178,nan,0,0,dead_reckoning,0.7700752329081352,0.003309795236199342,
58.0,0.766765437671936,0.0014131722236193178,nan,0,0,cann_no_cue,0.7700752326165552,0.0033097949446192487,0.7961706624284558
58.0,0.766765437671936,0.0014131722236193178,nan,0,0,cann_sparse_cue,0.770139127034715,0.003373689362779153,0.7961706624284559
58.0,0.766765437671936,0.0014131722236193178,nan,0,0,cann_gated_cue,0.770139127034715,0.003373689362779153,0.7961706624284559
60.0,0.7693505924764173,0.0010969693207594786,0.7695927921319523,1,1,dead_reckoning,0.7729015773553738,0.0035509848789563314,
60.0,0.7693505924764173,0.0010969693207594786,0.7695927921319523,1,1,cann_no_cue,0.7729015770635559,0.0035509845871386503,0.7961706624376876
60.0,0.7693505924764173,0.0010969693207594786,0.7695927921319523,1,1,cann_sparse_cue,0.7699175749367394,0.0005669824603220519,0.8542898033774795
60.0,0.7693505924764173,0.0010969693207594786,0.7695927921319523,1,1,cann_gated_cue,0.7699175749367394,0.0005669824603220519,0.8542898033774795
62.0,0.7719429596062675,0.0014750435439728217,nan,0,0,dead_reckoning,0.7750955159968927,0.003152556390625172,
62.0,0.7719429596062675,0.0014750435439728217,nan,0,0,cann_no_cue,0.7750955157049612,0.003152556098693804,0.7961706624125691
62.0,0.7719429596062675,0.0014750435439728217,nan,0,0,cann_sparse_cue,0.7721076424420322,0.00016468283576465126,0.7961706624125692
62.0,0.7719429596062675,0.0014750435439728217,nan,0,0,cann_gated_cue,0.7721076424420322,0.00016468283576465126,0.7961706624125692
64.0,0.774541665449338,0.0013244212692811053,nan,0,0,dead_reckoning,0.7780456030848384,0.003503937635500165,
64.0,0.774541665449338,0.0013244212692811053,nan,0,0,cann_no_cue,0.7780456027926387,0.003503937343300567,0.7961706624433428
64.0,0.774541665449338,0.0013244212692811053,nan,0,0,cann_sparse_cue,0.7750577295297095,0.0005160640803714145,0.7961706624433429
64.0,0.774541665449338,0.0013244212692811053,nan,0,0,cann_gated_cue,0.7750577295297095,0.0005160640803714145,0.7961706624433429
66.0,0.777145825273224,0.0014320907171006224,nan,0,0,dead_reckoning,0.7806944456234006,0.00354862035017689,
66.0,0.777145825273224,0.0014320907171006224,nan,0,0,cann_no_cue,0.7806944453310026,0.003548620057778784,0.7961706624299988
66.0,0.777145825273224,0.0014320907171006224,nan,0,0,cann_sparse_cue,0.7777065720680735,0.0005607467948496314,0.7961706624299985
66.0,0.777145825273224,0.0014320907171006224,nan,0,0,cann_gated_cue,0.7777065720680735,0.0005607467948496314,0.7961706624299985
68.0,0.7797545447773845,0.0013129948428989935,nan,0,0,dead_reckoning,0.7835586270576018,0.0038040822802174468,
68.0,0.7797545447773845,0.0013129948428989935,nan,0,0,cann_no_cue,0.7835586267649561,0.0038040819875715393,0.7961706624393913
68.0,0.7797545447773845,0.0013129948428989935,nan,0,0,cann_sparse_cue,0.7805707535020271,0.0008162087246423866,0.7961706624393913
68.0,0.7797545447773845,0.0013129948428989935,nan,0,0,cann_gated_cue,0.7805707535020271,0.0008162087246423866,0.7961706624393913
70.0,0.7823669216620504,0.001431432383030501,nan,0,0,dead_reckoning,0.7861846167433998,0.003817695081349548,
70.0,0.7823669216620504,0.001431432383030501,nan,0,0,cann_no_cue,0.7861846164505613,0.003817694788510906,0.7961706624290449
70.0,0.7823669216620504,0.001431432383030501,nan,0,0,cann_sparse_cue,0.7831967431876323,0.0008298215255821972,0.7961706624290447
70.0,0.7823669216620504,0.001431432383030501,nan,0,0,cann_gated_cue,0.7831967431876323,0.0008298215255821972,0.7961706624290447
72.0,0.7849820472111642,0.0011860111981542051,nan,0,0,dead_reckoning,0.7890474815094608,0.004065434298296644,
72.0,0.7849820472111642,0.0011860111981542051,nan,0,0,cann_no_cue,0.7890474812163748,0.004065434005210644,0.7961706624393314
72.0,0.7849820472111642,0.0011860111981542051,nan,0,0,cann_sparse_cue,0.7860596079534456,0.0010775607422814915,0.7961706624393313
72.0,0.7849820472111642,0.0011860111981542051,nan,0,0,cann_gated_cue,0.7860596079534456,0.0010775607422814915,0.7961706624393313
74.0,0.7875990078865768,0.0015805746618554588,nan,0,0,dead_reckoning,0.7914195039057692,0.003820496019192543,
74.0,0.7875990078865768,0.0015805746618554588,nan,0,0,cann_no_cue,0.7914195036125403,0.0038204957259635464,0.7961706624190023
74.0,0.7875990078865768,0.0015805746618554588,nan,0,0,cann_sparse_cue,0.7884316303496114,0.0008326224630348378,0.7961706624190023
74.0,0.7875990078865768,0.0015805746618554588,nan,0,0,cann_gated_cue,0.7884316303496114,0.0008326224630348378,0.7961706624190023
76.0,0.7902168869307042,0.0010795735672418907,nan,0,0,dead_reckoning,0.7945806532294801,0.004363766298776106,
76.0,0.7902168869307042,0.0010795735672418907,nan,0,0,cann_no_cue,0.7945806529359207,0.004363766005216263,0.7961706624535477
76.0,0.7902168869307042,0.0010795735672418907,nan,0,0,cann_sparse_cue,0.7915927796729916,0.0013758927422875544,0.796170662453548
76.0,0.7902168869307042,0.0010795735672418907,nan,0,0,cann_gated_cue,0.7915927796729916,0.0013758927422875544,0.796170662453548
78.0,0.7928347659748316,0.0012024299901531729,nan,0,0,dead_reckoning,0.7967398003639639,0.003905034389132034,
78.0,0.7928347659748316,0.0012024299901531729,nan,0,0,cann_no_cue,0.7967398000702947,0.0039050340954629448,0.7961706624113707
78.0,0.7928347659748316,0.0012024299901531729,nan,0,0,cann_sparse_cue,0.7937519268073656,0.0009171608325342362,0.7961706624113705
78.0,0.7928347659748316,0.0012024299901531729,nan,0,0,cann_gated_cue,0.7937519268073656,0.0009171608325342362,0.7961706624113705
80.0,0.7954517266502443,0.0014178098827364817,0.7961174989287473,1,1,dead_reckoning,0.7991446603442702,0.0036929336940261237,
80.0,0.7954517266502443,0.0014178098827364817,0.7961174989287473,1,1,cann_no_cue,0.7991446600504551,0.0036929334002109293,0.7961706624202434
80.0,0.7954517266502443,0.0014178098827364817,0.7961174989287473,1,1,cann_sparse_cue,0.7963932400561164,0.0009415134058721186,0.8542898058552023
80.0,0.7954517266502443,0.0014178098827364817,0.7961174989287473,1,1,cann_gated_cue,0.7963932400561164,0.0009415134058721186,0.8542898058552023
82.0,0.798066852199358,0.0016380917452847581,nan,0,0,dead_reckoning,0.8019802801097432,0.003913427910385181,
82.0,0.798066852199358,0.0016380917452847581,nan,0,0,cann_no_cue,0.8019802798156889,0.0039134276163306225,0.7961706624381031
82.0,0.798066852199358,0.0016380917452847581,nan,0,0,cann_sparse_cue,0.7992245630273345,0.0011577108279765547,0.7961706624381035
82.0,0.798066852199358,0.0016380917452847581,nan,0,0,cann_gated_cue,0.7992245630273345,0.0011577108279765547,0.7961706624381035
84.0,0.8006792290840239,0.0014361350722086482,nan,0,0,dead_reckoning,0.8052564636003128,0.004577234516288886,
84.0,0.8006792290840239,0.0014361350722086482,nan,0,0,cann_no_cue,0.805256463305888,0.004577234221863957,0.7961706624594067
84.0,0.8006792290840239,0.0014361350722086482,nan,0,0,cann_sparse_cue,0.8025007465175338,0.0018215174335098894,0.7961706624594067
84.0,0.8006792290840239,0.0014361350722086482,nan,0,0,cann_gated_cue,0.8025007465175338,0.0018215174335098894,0.7961706624594067
86.0,0.8032879485881844,0.0013459018194842975,nan,0,0,dead_reckoning,0.80812873374473,0.004840785156545735,
86.0,0.8032879485881844,0.0013459018194842975,nan,0,0,cann_no_cue,0.808128733450052,0.004840784861867675,0.7961706624397582
86.0,0.8032879485881844,0.0013459018194842975,nan,0,0,cann_sparse_cue,0.8053730166616978,0.0020850680735131633,0.7961706624397582
86.0,0.8032879485881844,0.0013459018194842975,nan,0,0,cann_gated_cue,0.8053730166616978,0.0020850680735131633,0.7961706624397582
88.0,0.8058921084120704,0.001139023360482682,nan,0,0,dead_reckoning,0.8108205373836986,0.004928428971628485,
88.0,0.8058921084120704,0.001139023360482682,nan,0,0,cann_no_cue,0.8108205370888132,0.004928428676742591,0.7961706624318138
88.0,0.8058921084120704,0.001139023360482682,nan,0,0,cann_sparse_cue,0.8080648203004591,0.0021727118883889673,0.7961706624318141
88.0,0.8058921084120704,0.001139023360482682,nan,0,0,cann_gated_cue,0.8080648203004591,0.0021727118883889673,0.7961706624318141
90.0,0.8084908142551409,0.0013496453880173136,nan,0,0,dead_reckoning,0.813098584104664,0.004607769849522825,
90.0,0.8084908142551409,0.0013496453880173136,nan,0,0,cann_no_cue,0.8130985838096522,0.004607769554511254,0.7961706624155449
90.0,0.8084908142551409,0.0013496453880173136,nan,0,0,cann_sparse_cue,0.810342867021298,0.0018520527661571862,0.7961706624155449
90.0,0.8084908142551409,0.0013496453880173136,nan,0,0,cann_gated_cue,0.810342867021298,0.0018520527661571862,0.7961706624155449
92.0,0.811083181384991,0.0013831516806818336,nan,0,0,dead_reckoning,0.8157978748806987,0.004714693495707856,
92.0,0.811083181384991,0.0013831516806818336,nan,0,0,cann_no_cue,0.8157978745854806,0.0047146932004897835,0.796170662432133
92.0,0.811083181384991,0.0013831516806818336,nan,0,0,cann_sparse_cue,0.8130421577971262,0.0019589764121352715,0.7961706624321334
92.0,0.811083181384991,0.0013831516806818336,nan,0,0,cann_gated_cue,0.8130421577971262,0.0019589764121352715,0.7961706624321334
94.0,0.8136683361894725,0.0016873210090816758,nan,0,0,dead_reckoning,0.8185641782420623,0.0048958420525897495,
94.0,0.8136683361894725,0.0016873210090816758,nan,0,0,cann_no_cue,0.8185641779466203,0.004895841757147856,0.796170662435031
94.0,0.8136683361894725,0.0016873210090816758,nan,0,0,cann_sparse_cue,0.8158084611582659,0.0021401249687933444,0.7961706624350311
94.0,0.8136683361894725,0.0016873210090816758,nan,0,0,cann_gated_cue,0.8158084611582659,0.0021401249687933444,0.7961706624350311
96.0,0.8162454177093067,0.0015052762490778433,nan,0,0,dead_reckoning,0.8219388202602257,0.005693402550918769,
96.0,0.8162454177093067,0.0015052762490778433,nan,0,0,cann_no_cue,0.8219388199643801,0.005693402255073643,0.7961706624645877
96.0,0.8162454177093067,0.0015052762490778433,nan,0,0,cann_sparse_cue,0.8191831031760257,0.002937685466719131,0.7961706624645877
96.0,0.8162454177093067,0.0015052762490778433,nan,0,0,cann_gated_cue,0.8191831031760257,0.002937685466719131,0.7961706624645877
98.0,0.8188135791484993,0.0011314343059209205,nan,0,0,dead_reckoning,0.8249493727583813,0.006135793609882256,
98.0,0.8188135791484993,0.0011314343059209205,nan,0,0,cann_no_cue,0.8249493724622446,0.0061357933137453635,0.7961706624461944
98.0,0.8188135791484993,0.0011314343059209205,nan,0,0,cann_sparse_cue,0.8221936556738899,0.0033800765253904075,0.7961706624461947
98.0,0.8188135791484993,0.0011314343059209205,nan,0,0,cann_gated_cue,0.8221936556738899,0.0033800765253904075,0.7961706624461947
100.0,0.8213719893599087,0.0017485326300073873,0.821557621135998,1,1,dead_reckoning,0.8272122413702232,0.005840252010314462,
100.0,0.8213719893599087,0.0017485326300073873,0.821557621135998,1,1,cann_no_cue,0.8272122410739613,0.005840251714052336,0.7961706624149997
100.0,0.8213719893599087,0.0017485326300073873,0.821557621135998,1,1,cann_sparse_cue,0.8218176960659614,0.0004457067060528175,0.8542898065511708
100.0,0.8213719893599087,0.0017485326300073873,0.821557621135998,1,1,cann_gated_cue,0.8218176960659614,0.0004457067060528175,0.8542898065511708
102.0,0.8239198343033605,0.0013142054210466905,nan,0,0,dead_reckoning,0.830709306630238,0.006789472326877544,
102.0,0.8239198343033605,0.0013142054210466905,nan,0,0,cann_no_cue,0.8307093063335299,0.006789472030169552,0.7961706624712434
102.0,0.8239198343033605,0.0013142054210466905,nan,0,0,cann_sparse_cue,0.8253098539540922,0.0013900196507314888,0.7961706624712437
102.0,0.8239198343033605,0.0013142054210466905,nan,0,0,cann_gated_cue,0.8253098539540922,0.0013900196507314888,0.7961706624712437
104.0,0.82645631847375,0.001223562811751402,nan,0,0,dead_reckoning,0.8333377174723313,0.006881398998581201,
104.0,0.82645631847375,0.001223562811751402,nan,0,0,cann_no_cue,0.8333377171754266,0.006881398701676478,0.7961706624291456
104.0,0.82645631847375,0.001223562811751402,nan,0,0,cann_sparse_cue,0.827938264795989,0.0014819463222388585,0.7961706624291454
104.0,0.82645631847375,0.001223562811751402,nan,0,0,cann_gated_cue,0.827938264795989,0.0014819463222388585,0.7961706624291454
106.0,0.8289806662966291,0.0016312579971750445,nan,0,0,dead_reckoning,0.8357848430958341,0.006804176799204864,
106.0,0.8289806662966291,0.0016312579971750445,nan,0,0,cann_no_cue,0.835784842798774,0.00680417650214471,0.7961706624218656
106.0,0.8289806662966291,0.0016312579971750445,nan,0,0,cann_sparse_cue,0.8303853904193363,0.0014047241227070906,0.7961706624218656
106.0,0.8289806662966291,0.0016312579971750445,nan,0,0,cann_gated_cue,0.8303853904193363,0.0014047241227070906,0.7961706624218656
108.0,0.8314921234888273,0.0013519976739959838,nan,0,0,dead_reckoning,0.8390473590901842,0.007555235601357069,
108.0,0.8314921234888273,0.0013519976739959838,nan,0,0,cann_no_cue,0.8390473587927607,0.0075552353039336495,0.7961706624586997
108.0,0.8314921234888273,0.0013519976739959838,nan,0,0,cann_sparse_cue,0.8336479064133232,0.0021557829244960303,0.7961706624586996
108.0,0.8314921234888273,0.0013519976739959838,nan,0,0,cann_gated_cue,0.8336479064133232,0.0021557829244960303,0.7961706624586996
110.0,0.8339899583817201,0.0012913433416077964,nan,0,0,dead_reckoning,0.8417513544381762,0.0077613960564559825,
110.0,0.8339899583817201,0.0012913433416077964,nan,0,0,cann_no_cue,0.8417513541405406,0.007761395758820733,0.7961706624323344
110.0,0.8339899583817201,0.0012913433416077964,nan,0,0,cann_sparse_cue,0.8363519017611025,0.0023619433793822253,0.7961706624323344
110.0,0.8339899583817201,0.0012913433416077964,nan,0,0,cann_gated_cue,0.8363519017611025,0.0023619433793822253,0.7961706624323344
112.0,0.8364734632048254,0.0013882682382772677,nan,0,0,dead_reckoning,0.8443340411213918,0.007860577916566136,
112.0,0.8364734632048254,0.0013882682382772677,nan,0,0,cann_no_cue,0.8443340408235734,0.007860577618747921,0.7961706624272605
112.0,0.8364734632048254,0.0013882682382772677,nan,0,0,cann_sparse_cue,0.838934588444136,0.0024611252393107463,0.7961706624272604
112.0,0.8364734632048254,0.0013882682382772677,nan,0,0,cann_gated_cue,0.838934588444136,0.0024611252393107463,0.7961706624272604
114.0,0.8389419553274728,0.001493145333448213,nan,0,0,dead_reckoning,0.8471105775979464,0.008168622270473769,
114.0,0.8389419553274728,0.001493145333448213,nan,0,0,cann_no_cue,0.8471105772999027,0.008168621972429957,0.7961706624354797
114.0,0.8389419553274728,0.001493145333448213,nan,0,0,cann_sparse_cue,0.8417111249204647,0.0027691695929918936,0.7961706624354797
114.0,0.8389419553274728,0.001493145333448213,nan,0,0,cann_gated_cue,0.8417111249204647,0.0027691695929918936,0.7961706624354797
116.0,0.8413947784563696,0.0015050599557791156,nan,0,0,dead_reckoning,0.8500968682648428,0.00870208980847309,
116.0,0.8413947784563696,0.0015050599557791156,nan,0,0,cann_no_cue,0.8500968679665177,0.00870208951014817,0.7961706624450434
116.0,0.8413947784563696,0.0015050599557791156,nan,0,0,cann_sparse_cue,0.84469741558708,0.0033026371307105507,0.7961706624450434
116.0,0.8413947784563696,0.0015050599557791156,nan,0,0,cann_gated_cue,0.84469741558708,0.0033026371307105507,0.7961706624450434
118.0,0.8438313037869627,0.001079956460233402,nan,0,0,dead_reckoning,0.853106988176401,0.009275684389438155,
118.0,0.8438313037869627,0.001079956460233402,nan,0,0,cann_no_cue,0.8531069878777873,0.009275684090824576,0.7961706624461737
118.0,0.8438313037869627,0.001079956460233402,nan,0,0,cann_sparse_cue,0.8477075354983494,0.003876231711386957,0.7961706624461741
118.0,0.8438313037869627,0.001079956460233402,nan,0,0,cann_gated_cue,0.8477075354983494,0.003876231711386957,0.7961706624461741
120.0,0.8462509311065752,0.0016578866068469923,0.8469342119457248,1,1,dead_reckoning,0.8552669010968678,0.009015969990292305,
120.0,0.8462509311065752,0.0016578866068469923,0.8469342119457248,1,1,cann_no_cue,0.855266900798145,0.009015969691569925,0.7961706624113967
120.0,0.8462509311065752,0.0016578866068469923,0.8469342119457248,1,1,cann_sparse_cue,0.8471824897135168,0.0009315586069416071,0.8542898070538147
120.0,0.8462509311065752,0.0016578866068469923,0.8469342119457248,1,1,cann_gated_cue,0.8471824897135168,0.0009315586069416071,0.8542898070538147
122.0,0.8486530898473835,0.0014595652922629759,nan,0,0,dead_reckoning,0.8585826743105618,0.009929584463178376,
122.0,0.8486530898473835,0.0014595652922629759,nan,0,0,cann_no_cue,0.8585826740114589,0.009929584164075411,0.7961706624614715
122.0,0.8486530898473835,0.0014595652922629759,nan,0,0,cann_sparse_cue,0.8504936016740264,0.00184051182664291,0.7961706624614716
122.0,0.8486530898473835,0.0014595652922629759,nan,0,0,cann_gated_cue,0.8504936016740264,0.00184051182664291,0.7961706624614716
124.0,0.8510372400873869,0.00122745173725417,nan,0,0,dead_reckoning,0.8615018048950878,0.01046456480770086,
124.0,0.8510372400873869,0.00122745173725417,nan,0,0,cann_no_cue,0.8615018045957191,0.01046456450833233,0.7961706624419056
124.0,0.8510372400873869,0.00122745173725417,nan,0,0,cann_sparse_cue,0.8534127322582868,0.002375492170899829,0.7961706624419056
124.0,0.8510372400873869,0.00122745173725417,nan,0,0,cann_gated_cue,0.8534127322582868,0.002375492170899829,0.7961706624419056
126.0,0.8534028734976148,0.001138807290788928,nan,0,0,dead_reckoning,0.863956708369596,0.010553834871981138,
126.0,0.8534028734976148,0.001138807290788928,nan,0,0,cann_no_cue,0.8639567080700691,0.010553834572454512,0.7961706624221673
126.0,0.8534028734976148,0.001138807290788928,nan,0,0,cann_sparse_cue,0.8558676357326369,0.002464762235022011,0.7961706624221673
126.0,0.8534028734976148,0.001138807290788928,nan,0,0,cann_gated_cue,0.8558676357326369,0.002464762235022011,0.7961706624221673
128.0,0.8557495142339075,0.0011044721866936564,nan,0,0,dead_reckoning,0.8662343229511739,0.010484808717266425,
128.0,0.8557495142339075,0.0011044721866936564,nan,0,0,cann_no_cue,0.8662343226515218,0.010484808417614122,0.7961706624155289
128.0,0.8557495142339075,0.0011044721866936564,nan,0,0,cann_sparse_cue,0.8581452503140895,0.002395736080182065,0.796170662415529
128.0,0.8557495142339075,0.0011044721866936564,nan,0,0,cann_gated_cue,0.8581452503140895,0.002395736080182065,0.796170662415529
130.0,0.85807671977171,0.0012839320940193943,nan,0,0,dead_reckoning,0.8684432673245612,0.01036654755285138,
130.0,0.85807671977171,0.0012839320940193943,nan,0,0,cann_no_cue,0.868443267024795,0.010366547253084946,0.796170662413092
130.0,0.85807671977171,0.0012839320940193943,nan,0,0,cann_sparse_cue,0.8603541946873628,0.0022774749156528884,0.7961706624130916
130.0,0.85807671977171,0.0012839320940193943,nan,0,0,cann_gated_cue,0.8603541946873628,0.0022774749156528884,0.7961706624130916
132.0,0.8603840816824087,0.0011470065651929082,nan,0,0,dead_reckoning,0.8710111315126,0.01062704983019147,
132.0,0.8603840816824087,0.0011470065651929082,nan,0,0,cann_no_cue,0.8710111312126563,0.010627049530247845,0.7961706624266562
132.0,0.8603840816824087,0.0011470065651929082,nan,0,0,cann_sparse_cue,0.8629220588752243,0.002537977192815788,0.7961706624266564
132.0,0.8603840816824087,0.0011470065651929082,nan,0,0,cann_gated_cue,0.8629220588752243,0.002537977192815788,0.7961706624266564
134.0,0.8626712263498552,0.0011228513686166498,nan,0,0,dead_reckoning,0.8733051446429858,0.010633918293130762,
134.0,0.8626712263498552,0.0011228513686166498,nan,0,0,cann_no_cue,0.873305144342914,0.010633917993058795,0.7961706624161223
134.0,0.8626712263498552,0.0011228513686166498,nan,0,0,cann_sparse_cue,0.8652160720054816,0.0025448456556262933,0.7961706624161227
134.0,0.8626712263498552,0.0011228513686166498,nan,0,0,cann_gated_cue,0.8652160720054816,0.0025448456556262933,0.7961706624161227
136.0,0.8649378156258158,0.0013906354926752004,nan,0,0,dead_reckoning,0.8755508473802192,0.010613031754403313,
136.0,0.8649378156258158,0.0013906354926752004,nan,0,0,cann_no_cue,0.8755508470800275,0.010613031454211885,0.7961706624143869
136.0,0.8649378156258158,0.0013906354926752004,nan,0,0,cann_sparse_cue,0.8674617747425954,0.002523959116779828,0.7961706624143873
136.0,0.8649378156258158,0.0013906354926752004,nan,0,0,cann_gated_cue,0.8674617747425954,0.002523959116779828,0.7961706624143873
138.0,0.8671835474231981,0.0012912346987972898,nan,0,0,dead_reckoning,0.8783321183655695,0.011148570942371094,
138.0,0.8671835474231981,0.0012912346987972898,nan,0,0,cann_no_cue,0.8783321180651527,0.011148570641954514,0.7961706624356879
138.0,0.8671835474231981,0.0012912346987972898,nan,0,0,cann_sparse_cue,0.8702430457277208,0.0030594983045224566,0.7961706624356879
138.0,0.8671835474231981,0.0012912346987972898,nan,0,0,cann_gated_cue,0.8702430457277208,0.0030594983045224566,0.7961706624356879
140.0,0.8694081562460145,0.001148321154011148,0.955502552890892,1,0,dead_reckoning,0.8809145877631641,0.011506431517149807,
140.0,0.8694081562460145,0.001148321154011148,0.955502552890892,1,0,cann_no_cue,0.8809145874625641,0.011506431216549373,0.7961706624272518
140.0,0.8694081562460145,0.001148321154011148,0.955502552890892,1,0,cann_sparse_cue,0.9557808577589363,0.08637270151292187,0.8542898059560595
140.0,0.8694081562460145,0.001148321154011148,0.955502552890892,1,0,cann_gated_cue,0.8728255151251321,0.003417358879117316,0.7961706624272513
142.0,0.8716114136551525,0.0013379410550505599,nan,0,0,dead_reckoning,0.8832112300711864,0.011599816416033804,
142.0,0.8716114136551525,0.0013379410550505599,nan,0,0,cann_no_cue,0.8832112297704576,0.011599816115305028,0.7961706624162179
142.0,0.8716114136551525,0.0013379410550505599,nan,0,0,cann_sparse_cue,0.9580737611414262,0.08646234748627357,0.7961706624162179
142.0,0.8716114136551525,0.0013379410550505599,nan,0,0,cann_gated_cue,0.8751221574330256,0.003510743777872971,0.7961706624162177
144.0,0.8737931286691343,0.0014425515668577858,nan,0,0,dead_reckoning,0.8858871121812875,0.012093983512153184,
144.0,0.8737931286691343,0.0014425515668577858,nan,0,0,cann_no_cue,0.8858871118803576,0.012093983211223236,0.7961706624311378
144.0,0.8737931286691343,0.0014425515668577858,nan,0,0,cann_sparse_cue,0.960749643251326,0.08695651458219178,0.7961706624311377
144.0,0.8737931286691343,0.0014425515668577858,nan,0,0,cann_gated_cue,0.8777980395429255,0.004004910873791179,0.7961706624311377
146.0,0.8759531480991635,0.0009989176558886275,nan,0,0,dead_reckoning,0.8887722153150031,0.012819067215839475,
146.0,0.8759531480991635,0.0009989176558886275,nan,0,0,cann_no_cue,0.88877221501382,0.012819066914656396,0.7961706624403428
146.0,0.8759531480991635,0.0009989176558886275,nan,0,0,cann_sparse_cue,0.9636347463847884,0.08768159828562494,0.7961706624403428
146.0,0.8759531480991635,0.0009989176558886275,nan,0,0,cann_gated_cue,0.8806831426763879,0.004729994577224339,0.7961706624403427
148.0,0.8780913568178702,0.0010826996397936472,nan,0,0,dead_reckoning,0.8907700506267803,0.012678693808910069,
148.0,0.8780913568178702,0.0010826996397936472,nan,0,0,cann_no_cue,0.8907700503255106,0.012678693507640393,0.7961706624060655
148.0,0.8780913568178702,0.0010826996397936472,nan,0,0,cann_sparse_cue,0.9656325816964787,0.08754122487860849,0.796170662406065
148.0,0.8780913568178702,0.0010826996397936472,nan,0,0,cann_gated_cue,0.8826809779880785,0.004589621170208336,0.7961706624060653
150.0,0.8802076779612834,0.0013350311078939828,nan,0,0,dead_reckoning,0.8929354499063675,0.012727771945084232,
150.0,0.8802076779612834,0.0013350311078939828,nan,0,0,cann_no_cue,0.8929354496049913,0.012727771643707975,0.7961706624115846
150.0,0.8802076779612834,0.0013350311078939828,nan,0,0,cann_sparse_cue,0.9677979809759597,0.08759030301467607,0.7961706624115846
150.0,0.8802076779612834,0.0013350311078939828,nan,0,0,cann_gated_cue,0.8848463772675594,0.004638699306275917,0.7961706624115845
152.0,0.8823020730636766,0.0012817626829595156,nan,0,0,dead_reckoning,0.8956055121221556,0.013303439058478972,
152.0,0.8823020730636766,0.0012817626829595156,nan,0,0,cann_no_cue,0.89560551182058,0.013303438756903319,0.7961706624308916
152.0,0.8823020730636766,0.0012817626829595156,nan,0,0,cann_sparse_cue,0.9704680431915481,0.08816597012787142,0.7961706624308916
152.0,0.8823020730636766,0.0012817626829595156,nan,0,0,cann_gated_cue,0.887516439483148,0.005214366419471261,0.7961706624308916
154.0,0.8843745421250497,0.0011895224183572492,nan,0,0,dead_reckoning,0.8981690374880746,0.013794495363025128,
154.0,0.8843745421250497,0.0011895224183572492,nan,0,0,cann_no_cue,0.8981690371863206,0.01379449506127095,0.7961706624264803
154.0,0.8843745421250497,0.0011895224183572492,nan,0,0,cann_sparse_cue,0.9730315685572887,0.08865702643223905,0.79617066242648
154.0,0.8843745421250497,0.0011895224183572492,nan,0,0,cann_gated_cue,0.8900799648488886,0.005705422723838893,0.7961706624264805
156.0,0.8864251236111295,0.0013421735782173142,nan,0,0,dead_reckoning,0.9005480823247891,0.01412295871365954,
156.0,0.8864251236111295,0.0013421735782173142,nan,0,0,cann_no_cue,0.900548082022892,0.01412295841176281,0.7961706624192659
156.0,0.8864251236111295,0.0013421735782173142,nan,0,0,cann_sparse_cue,0.9754106133938603,0.08898548978273091,0.7961706624192662
156.0,0.8864251236111295,0.0013421735782173142,nan,0,0,cann_gated_cue,0.8924590096854603,0.006033886074330752,0.7961706624192662
158.0,0.8884538943858866,0.0009484011240158004,nan,0,0,dead_reckoning,0.9032324294812237,0.014778535095337109,
158.0,0.8884538943858866,0.0009484011240158004,nan,0,0,cann_no_cue,0.9032324291791234,0.014778534793236986,0.7961706624314967
158.0,0.8884538943858866,0.0009484011240158004,nan,0,0,cann_sparse_cue,0.9780949605500916,0.08964106616420509,0.7961706624314966
158.0,0.8884538943858866,0.0009484011240158004,nan,0,0,cann_gated_cue,0.8951433568416918,0.006689462455804929,0.7961706624314967
160.0,0.8904609695766912,0.0008703310817492521,0.8900852770092358,1,1,dead_reckoning,0.9051292317292553,0.014668262152564004,
160.0,0.8904609695766912,0.0008703310817492521,0.8900852770092358,1,1,cann_no_cue,0.905129231427081,0.014668261850389719,0.7961706624029522
160.0,0.8904609695766912,0.0008703310817492521,0.8900852770092358,1,1,cann_sparse_cue,0.8903221064909197,-0.0001388630857714901,0.8542898073130355
160.0,0.8904609695766912,0.0008703310817492521,0.8900852770092358,1,1,cann_gated_cue,0.8903042509951479,-0.00015671858154320262,0.854289808193091
162.0,0.8924465023723397,0.0009634537782390433,nan,0,0,dead_reckoning,0.9068698938927537,0.014423391520414164,
162.0,0.8924465023723397,0.0009634537782390433,nan,0,0,cann_no_cue,0.9068698935905244,0.014423391218184811,0.7961706623984584
162.0,0.8924465023723397,0.0009634537782390433,nan,0,0,cann_sparse_cue,0.8920597883047475,-0.00038671406759238636,0.7961706623984589
162.0,0.8924465023723397,0.0009634537782390433,nan,0,0,cann_gated_cue,0.8920420309979683,-0.00040447137437116254,0.7961706623984588
164.0,0.8944106837543097,0.001123650478126649,nan,0,0,dead_reckoning,0.9087968014492319,0.014386117694922262,
164.0,0.8944106837543097,0.001123650478126649,nan,0,0,cann_no_cue,0.9087968011469277,0.014386117392618303,0.7961706624038628
164.0,0.8944106837543097,0.001123650478126649,nan,0,0,cann_sparse_cue,0.8939866958611511,-0.00042398789315845065,0.7961706624038628
164.0,0.8944106837543097,0.001123650478126649,nan,0,0,cann_gated_cue,0.8939689385543718,-0.0004417451999376709,0.7961706624038628
166.0,0.8963537421617138,0.0009475039230643813,nan,0,0,dead_reckoning,0.9110441024054852,0.014690360243771572,
166.0,0.8963537421617138,0.0009475039230643813,nan,0,0,cann_no_cue,0.9110441021030621,0.014690359941348152,0.7961706624144439
166.0,0.8963537421617138,0.0009475039230643813,nan,0,0,cann_sparse_cue,0.8962339968172855,-0.0001197453444281571,0.7961706624144439
166.0,0.8963537421617138,0.0009475039230643813,nan,0,0,cann_gated_cue,0.8962162395105064,-0.00013750265120737737,0.7961706624144439
168.0,0.8982759430905396,0.0009848266559384254,nan,0,0,dead_reckoning,0.912939110251614,0.014663167161074409,
168.0,0.8982759430905396,0.0009848266559384254,nan,0,0,cann_no_cue,0.9129391099491186,0.014663166858579046,0.7961706624028986
168.0,0.8982759430905396,0.0009848266559384254,nan,0,0,cann_sparse_cue,0.8981290046633419,-0.000146938427197707,0.7961706624028982
168.0,0.8982759430905396,0.0009848266559384254,nan,0,0,cann_gated_cue,0.898111247356563,-0.00016469573397648318,0.7961706624028982
170.0,0.9001775886278793,0.0008926960709030374,nan,0,0,dead_reckoning,0.9149087635634908,0.014731174935611602,
170.0,0.9001775886278793,0.0008926960709030374,nan,0,0,cann_no_cue,0.9149087632609156,0.014731174633036304,0.7961706624051806
170.0,0.9001775886278793,0.0008926960709030374,nan,0,0,cann_sparse_cue,0.9000986579751387,-7.893065274089395e-05,0.7961706624051809
170.0,0.9001775886278793,0.0008926960709030374,nan,0,0,cann_gated_cue,0.9000809006683598,-9.668795951967013e-05,0.7961706624051808
172.0,0.9020590169219671,0.00094752751302488,nan,0,0,dead_reckoning,0.9166941557052969,0.014635138783329893,
172.0,0.9020590169219671,0.00094752751302488,nan,0,0,cann_no_cue,0.9166941554026615,0.014635138480694643,0.7961706623997064
172.0,0.9020590169219671,0.00094752751302488,nan,0,0,cann_sparse_cue,0.9018840501168852,-0.00017496680508166662,0.7961706623997064
172.0,0.9020590169219671,0.00094752751302488,nan,0,0,cann_gated_cue,0.901866292810106,-0.00019272411186133098,0.7961706623997066
174.0,0.9039206015889512,0.0008771174117212938,nan,0,0,dead_reckoning,0.9185892107313466,0.014668609142395539,
174.0,0.9039206015889512,0.0008771174117212938,nan,0,0,cann_no_cue,0.9185892104286403,0.014668608839689234,0.7961706624028997
174.0,0.9039206015889512,0.0008771174117212938,nan,0,0,cann_sparse_cue,0.9037791051428639,-0.0001414964460870749,0.7961706624028997
174.0,0.9039206015889512,0.0008771174117212938,nan,0,0,cann_gated_cue,0.9037613478360849,-0.00015925375286629517,0.7961706624028997
176.0,0.9057627510574447,0.0011033993399827908,nan,0,0,dead_reckoning,0.9203434455547892,0.01458069449734456,
176.0,0.9057627510574447,0.0011033993399827908,nan,0,0,cann_no_cue,0.9203434452520262,0.014580694194581412,0.7961706623988338
176.0,0.9057627510574447,0.0011033993399827908,nan,0,0,cann_sparse_cue,0.9055333399662495,-0.00022941109119534175,0.7961706623988337
176.0,0.9057627510574447,0.0011033993399827908,nan,0,0,cann_gated_cue,0.9055155826594706,-0.00024716839797411794,0.796170662398834
178.0,0.9075859078520033,0.0011770789773611287,nan,0,0,dead_reckoning,0.9225502442347548,0.014964336382751409,
178.0,0.9075859078520033,0.0011770789773611287,nan,0,0,cann_no_cue,0.9225502439318797,0.01496433607987635,0.7961706624130168
178.0,0.9075859078520033,0.0011770789773611287,nan,0,0,cann_sparse_cue,0.9077401386461034,0.00015423079410004092,0.7961706624130167
178.0,0.9075859078520033,0.0011770789773611287,nan,0,0,cann_gated_cue,0.9077223813393241,0.00013647348732082065,0.7961706624130166
180.0,0.9093905478167863,0.0009440677284870055,0.9096186194547247,1,1,dead_reckoning,0.924904402189477,0.015513854372690705,
180.0,0.9093905478167863,0.0009440677284870055,0.9096186194547247,1,1,cann_no_cue,0.9249044018864648,0.015513854069678423,0.7961706624183341
180.0,0.9093905478167863,0.0009440677284870055,0.9096186194547247,1,1,cann_sparse_cue,0.9098886409712765,0.0004980931544902312,0.8542898061155584
180.0,0.9093905478167863,0.0009440677284870055,0.9096186194547247,1,1,cann_gated_cue,0.9098886371583422,0.0004980893415558185,0.8542898061157772
182.0,0.9111771792807644,0.0009907844928205374,nan,0,0,dead_reckoning,0.9267925376464511,0.015615358365686838,
182.0,0.9111771792807644,0.0009907844928205374,nan,0,0,cann_no_cue,0.9267925373433671,0.015615358062602613,0.7961706624026925
182.0,0.9111771792807644,0.0009907844928205374,nan,0,0,cann_sparse_cue,0.9117734917065543,0.0005963124257899466,0.7961706624026929
182.0,0.9111771792807644,0.0009907844928205374,nan,0,0,cann_gated_cue,0.9117734879145878,0.000596308633823206,0.7961706624026927
184.0,0.9129463421659383,0.000914964415217175,nan,0,0,dead_reckoning,0.9287741066320921,0.01582776446615375,
184.0,0.9129463421659383,0.000914964415217175,nan,0,0,cann_no_cue,0.9287741063289267,0.015827764162988256,0.7961706624055532
184.0,0.9129463421659383,0.000914964415217175,nan,0,0,cann_sparse_cue,0.9137550606921138,0.0008087185261755891,0.796170662405553
184.0,0.9129463421659383,0.000914964415217175,nan,0,0,cann_gated_cue,0.9137550569001475,0.0008087147342092926,0.796170662405553
186.0,0.9146986070401315,0.0010973149190728886,nan,0,0,dead_reckoning,0.9306040354625265,0.01590542842239495,
186.0,0.9146986070401315,0.0010973149190728886,nan,0,0,cann_no_cue,0.9306040351592968,0.015905428119165066,0.7961706624009801
186.0,0.9146986070401315,0.0010973149190728886,nan,0,0,cann_sparse_cue,0.9155849895224837,0.000886382482351955,0.7961706624009801
186.0,0.9146986070401315,0.0010973149190728886,nan,0,0,cann_gated_cue,0.9155849857305176,0.0008863786903861026,0.7961706624009804
188.0,0.9164345741160211,0.001013535879093037,nan,0,0,dead_reckoning,0.9327986653006722,0.01636409118465121,
188.0,0.9164345741160211,0.001013535879093037,nan,0,0,cann_no_cue,0.9327986649973321,0.016364090881310744,0.7961706624125929
188.0,0.9164345741160211,0.001013535879093037,nan,0,0,cann_sparse_cue,0.9177796193605192,0.0013450452444980776,0.796170662412593
188.0,0.9164345741160211,0.001013535879093037,nan,0,0,cann_gated_cue,0.9177796155685529,0.001345041452531781,0.7961706624125929
190.0,0.91815487219816,0.0012738109908616252,nan,0,0,dead_reckoning,0.9348257370588583,0.01667086486069813,
190.0,0.91815487219816,0.0012738109908616252,nan,0,0,cann_no_cue,0.9348257367554302,0.016670864557270182,0.7961706624069964
190.0,0.91815487219816,0.0012738109908616252,nan,0,0,cann_sparse_cue,0.9198066911186172,0.001651818920457071,0.7961706624069963
190.0,0.91815487219816,0.0012738109908616252,nan,0,0,cann_gated_cue,0.919806687326651,0.0016518151284907745,0.7961706624069962
192.0,0.9198601575798411,0.0007980119795645316,nan,0,0,dead_reckoning,0.9373733590405816,0.017513201460740646,
192.0,0.9198601575798411,0.0007980119795645316,nan,0,0,cann_no_cue,0.9373733587369807,0.017513201157139502,0.7961706624258372
192.0,0.9198601575798411,0.0007980119795645316,nan,0,0,cann_sparse_cue,0.9223543131001676,0.002494155520326391,0.796170662425837
192.0,0.9198601575798411,0.0007980119795645316,nan,0,0,cann_gated_cue,0.9223543093082012,0.0024941517283600945,0.796170662425837
194.0,0.9215511128917346,0.0010427749060469354,nan,0,0,dead_reckoning,0.9389693829997107,0.01741827010797614,
194.0,0.9215511128917346,0.0010427749060469354,nan,0,0,cann_no_cue,0.9389693826960652,0.01741826980433059,0.7961706623946402
194.0,0.9215511128917346,0.0010427749060469354,nan,0,0,cann_sparse_cue,0.9239503370592526,0.0023992241675179216,0.7961706623946404
194.0,0.9215511128917346,0.0010427749060469354,nan,0,0,cann_gated_cue,0.9239503332672859,0.002399220375551181,0.7961706623946403
196.0,0.923228445904323,0.0010439311066697857,nan,0,0,dead_reckoning,0.9410549328118045,0.017826486907481787,
196.0,0.923228445904323,0.0010439311066697857,nan,0,0,cann_no_cue,0.9410549325080648,0.017826486603741643,0.796170662408899
196.0,0.923228445904323,0.0010439311066697857,nan,0,0,cann_sparse_cue,0.9260358868712518,0.0028074409669289757,0.7961706624088991
196.0,0.923228445904323,0.0010439311066697857,nan,0,0,cann_gated_cue,0.9260358830792856,0.002807437174962679,0.7961706624088992
198.0,0.9248928882862302,0.000890544481934731,nan,0,0,dead_reckoning,0.9431427950251441,0.018249906738914135,
198.0,0.9248928882862302,0.000890544481934731,nan,0,0,cann_no_cue,0.9431427947213088,0.01824990643507851,0.7961706624089753
198.0,0.9248928882862302,0.000890544481934731,nan,0,0,cann_sparse_cue,0.9281237490844957,0.0032308607982654003,0.7961706624089755
198.0,0.9248928882862302,0.000890544481934731,nan,0,0,cann_gated_cue,0.9281237452925295,0.0032308570062991038,0.7961706624089753
200.0,0.9265451943206271,0.0010521002032974121,nan,0,0,dead_reckoning,0.9449238839890135,0.018378689668386627,
200.0,0.9265451943206271,0.0010521002032974121,nan,0,0,cann_no_cue,0.9449238836851184,0.018378689364491052,0.7961706623995849
200.0,0.9265451943206271,0.0010521002032974121,nan,0,0,cann_sparse_cue,0.9299048380483053,0.003359643727677941,0.7961706623995849
200.0,0.9265451943206271,0.0010521002032974121,nan,0,0,cann_gated_cue,0.9299048342563393,0.0033596399357120887,0.7961706623995852
202.0,0.9281861395819617,0.0006987878398290823,nan,0,0,dead_reckoning,0.9470280843956084,0.01884194481364654,
202.0,0.9281861395819617,0.0006987878398290823,nan,0,0,cann_no_cue,0.9470280840916162,0.018841944509654596,0.7961706624095173
202.0,0.9281861395819617,0.0006987878398290823,nan,0,0,cann_sparse_cue,0.9320090384548029,0.0038228988728410407,0.7961706624095175
202.0,0.9281861395819617,0.0006987878398290823,nan,0,0,cann_gated_cue,0.9320090346628369,0.0038228950808751883,0.7961706624095173
204.0,0.9298165195753387,0.0013139716364367268,nan,0,0,dead_reckoning,0.9484256600752665,0.01860914049992779,
204.0,0.9298165195753387,0.0013139716364367268,nan,0,0,cann_no_cue,0.948425659771245,0.018609140195906093,0.7961706623899399
204.0,0.9298165195753387,0.0013139716364367268,nan,0,0,cann_sparse_cue,0.9334066141344316,0.0035900945590929823,0.7961706623899399
204.0,0.9298165195753387,0.0013139716364367268,nan,0,0,cann_gated_cue,0.9334066103424657,0.00359009076712713,0.7961706623899402
206.0,0.9314371483409325,0.0007001761196194068,nan,0,0,dead_reckoning,0.95105360334814,0.019616455007207545,
206.0,0.9314371483409325,0.0007001761196194068,nan,0,0,cann_no_cue,0.9510536030439305,0.019616454702998,0.7961706624291262
206.0,0.9314371483409325,0.0007001761196194068,nan,0,0,cann_sparse_cue,0.9360345574071172,0.004597409066184888,0.796170662429126
206.0,0.9314371483409325,0.0007001761196194068,nan,0,0,cann_gated_cue,0.9360345536151515,0.004597405274219035,0.796170662429126
208.0,0.9330488570258847,0.0010952168778195388,nan,0,0,dead_reckoning,0.9524539555873788,0.019405098561493972,
208.0,0.9330488570258847,0.0010952168778195388,nan,0,0,cann_no_cue,0.9524539552831387,0.019405098257253783,0.7961706623900016
208.0,0.9330488570258847,0.0010952168778195388,nan,0,0,cann_sparse_cue,0.9374349096463254,0.0043860526204406725,0.7961706623900014
208.0,0.9330488570258847,0.0010952168778195388,nan,0,0,cann_gated_cue,0.9374349058543598,0.004386048828475264,0.7961706623900016
210.0,0.9346524924261896,0.0007290805310985683,nan,0,0,dead_reckoning,0.9546443893430179,0.01999189691682801,
210.0,0.9346524924261896,0.0007290805310985683,nan,0,0,cann_no_cue,0.9546443890386691,0.019991896612479465,0.7961706624124473
210.0,0.9346524924261896,0.0007290805310985683,nan,0,0,cann_sparse_cue,0.9396253434018557,0.00497285097566591,0.7961706624124474
210.0,0.9346524924261896,0.0007290805310985683,nan,0,0,cann_gated_cue,0.9396253396098899,0.004972847183700502,0.7961706624124474
212.0,0.9362489155011259,0.0011189308904062092,nan,0,0,dead_reckoning,0.956102550405215,0.0198536349040892,
212.0,0.9362489155011259,0.0011189308904062092,nan,0,0,cann_no_cue,0.956102550100833,0.019853634599707348,0.796170662391309
212.0,0.9362489155011259,0.0011189308904062092,nan,0,0,cann_sparse_cue,0.9410835044640197,0.004834588962893793,0.7961706623913087
212.0,0.9362489155011259,0.0011189308904062092,nan,0,0,cann_gated_cue,0.9410835006720539,0.004834585170927941,0.7961706623913088
214.0,0.9378389998628417,0.000851246858952414,nan,0,0,dead_reckoning,0.9583404121860275,0.020501412323185697,
214.0,0.9378389998628417,0.000851246858952414,nan,0,0,cann_no_cue,0.9583404118815294,0.020501412018687937,0.7961706624141089
214.0,0.9378389998628417,0.000851246858952414,nan,0,0,cann_sparse_cue,0.943321366244716,0.005482366381874382,0.7961706624141089
214.0,0.9378389998628417,0.000851246858952414,nan,0,0,cann_gated_cue,0.9433213624527501,0.005482362589908529,0.7961706624141089
216.0,0.9394236302437422,0.0009326648643716337,nan,0,0,dead_reckoning,0.9600429059039323,0.020619275660190173,
216.0,0.9394236302437422,0.0009326648643716337,nan,0,0,cann_no_cue,0.9600429055993814,0.02061927535563912,0.7961706623974186
216.0,0.9394236302437422,0.0009326648643716337,nan,0,0,cann_sparse_cue,0.9450238599625681,0.005600229718826011,0.7961706623974187
216.0,0.9394236302437422,0.0009326648643716337,nan,0,0,cann_gated_cue,0.9450238561706022,0.005600225926860158,0.7961706623974187
218.0,0.941003700944368,0.0009144037300966916,nan,0,0,dead_reckoning,0.9619082356326756,0.020904534688307663,
218.0,0.941003700944368,0.0009144037300966916,nan,0,0,cann_no_cue,0.961908235328057,0.02090453438368911,0.7961706624020153
218.0,0.941003700944368,0.0009144037300966916,nan,0,0,cann_sparse_cue,0.9468891896912438,0.005885488746876,0.7961706624020153
218.0,0.941003700944368,0.0009144037300966916,nan,0,0,cann_gated_cue,0.9468891858992778,0.005885484954909703,0.7961706624020155
220.0,0.9425801142644885,0.0010929622063437824,nan,0,0,dead_reckoning,0.9637370430928689,0.021156928828380384,
220.0,0.9425801142644885,0.0010929622063437824,nan,0,0,cann_no_cue,0.9637370427881865,0.021156928523697882,0.796170662400948
220.0,0.9425801142644885,0.0010929622063437824,nan,0,0,cann_sparse_cue,0.9487179971513728,0.006137882886884327,0.7961706624009477
220.0,0.9425801142644885,0.0010929622063437824,nan,0,0,cann_gated_cue,0.9487179933594071,0.006137879094918475,0.7961706624009477
222.0,0.9441537789201612,0.0008443491478850572,nan,0,0,dead_reckoning,0.9659229675055565,0.021769188585395227,
222.0,0.9441537789201612,0.0008443491478850572,nan,0,0,cann_no_cue,0.9659229672007651,0.021769188280603924,0.7961706624122913
222.0,0.9441537789201612,0.0008443491478850572,nan,0,0,cann_sparse_cue,0.9509039215639515,0.006750142643790369,0.7961706624122913
222.0,0.9441537789201612,0.0008443491478850572,nan,0,0,cann_gated_cue,0.9509039177719858,0.0067501388518245165,0.7961706624122911
224.0,0.9457256084495349,0.00038176562472918706,nan,0,0,dead_reckoning,0.9676116658013265,0.02188605735179161,
224.0,0.9457256084495349,0.00038176562472918706,nan,0,0,cann_no_cue,0.967611665496484,0.021886057046949237,0.7961706623970488
224.0,0.9457256084495349,0.00038176562472918706,nan,0,0,cann_sparse_cue,0.9525926198596705,0.006867011410135682,0.7961706623970488
224.0,0.9457256084495349,0.00038176562472918706,nan,0,0,cann_gated_cue,0.9525926160677046,0.006867007618169829,0.7961706623970486
226.0,0.9472965196101939,0.0007679793383914112,nan,0,0,dead_reckoning,0.968375197050785,0.021078677440590887,
226.0,0.9472965196101939,0.0007679793383914112,nan,0,0,cann_no_cue,0.968375196745938,0.021078677135744073,0.7961706623790991
226.0,0.9472965196101939,0.0007679793383914112,nan,0,0,cann_sparse_cue,0.9533561511091244,0.006059631498930518,0.7961706623790992
226.0,0.9472965196101939,0.0007679793383914112,nan,0,0,cann_gated_cue,0.9533561473171587,0.006059627706964665,0.7961706623790991
228.0,0.9488674307708528,0.0009365844610170428,nan,0,0,dead_reckoning,0.9699111557275677,0.021043724956714804,
228.0,0.9488674307708528,0.0009365844610170428,nan,0,0,cann_no_cue,0.9699111554226841,0.021043724651831575,0.796170662393152
228.0,0.9488674307708528,0.0009365844610170428,nan,0,0,cann_sparse_cue,0.9548921097858705,0.0060246790150175755,0.7961706623931517
228.0,0.9488674307708528,0.0009365844610170428,nan,0,0,cann_gated_cue,0.9548921059939048,0.006024675223052167,0.7961706623931519
230.0,0.9504392603002265,0.0008248182507391501,nan,0,0,dead_reckoning,0.9717843246496018,0.02134506434937533,
230.0,0.9504392603002265,0.0008248182507391501,nan,0,0,cann_no_cue,0.97178432434465,0.021345064044423268,0.7961706624022471
230.0,0.9504392603002265,0.0008248182507391501,nan,0,0,cann_sparse_cue,0.9567652787078367,0.006326018407610157,0.7961706624022474
230.0,0.9504392603002265,0.0008248182507391501,nan,0,0,cann_gated_cue,0.9567652749158707,0.006326014615644304,0.7961706624022471
232.0,0.9520129249558993,0.0010444426020351308,nan,0,0,dead_reckoning,0.9734339611510802,0.021421036195180765,
232.0,0.9520129249558993,0.0010444426020351308,nan,0,0,cann_no_cue,0.9734339608460812,0.021421035890182072,0.7961706623960172
232.0,0.9520129249558993,0.0010444426020351308,nan,0,0,cann_sparse_cue,0.9584149152092677,0.006401990253368517,0.7961706623960172
232.0,0.9520129249558993,0.0010444426020351308,nan,0,0,cann_gated_cue,0.9584149114173017,0.0064019864614026645,0.7961706623960171
234.0,0.9535893382760197,0.0010927045864313248,nan,0,0,dead_reckoning,0.9755228463551504,0.021933508079130526,
234.0,0.9535893382760197,0.0010927045864313248,nan,0,0,cann_no_cue,0.9755228460500567,0.021933507774036798,0.7961706624090094
234.0,0.9535893382760197,0.0010927045864313248,nan,0,0,cann_sparse_cue,0.9605038004132428,0.006914462137223243,0.7961706624090092
234.0,0.9535893382760197,0.0010927045864313248,nan,0,0,cann_gated_cue,0.9605037966212774,0.0069144583452578345,0.7961706624090092
236.0,0.9551694089766456,0.0008961505068497881,nan,0,0,dead_reckoning,0.977708255528013,0.02253884655136762,
236.0,0.9551694089766456,0.0008961505068497881,nan,0,0,cann_no_cue,0.9777082552228096,0.022538846246163757,0.7961706624122735
236.0,0.9551694089766456,0.0008961505068497881,nan,0,0,cann_sparse_cue,0.9626892095859957,0.007519800609350202,0.7961706624122736
236.0,0.9551694089766456,0.0008961505068497881,nan,0,0,cann_gated_cue,0.9626892057940304,0.007519796817384794,0.7961706624122735
238.0,0.956754039357546,0.000670426768984243,nan,0,0,dead_reckoning,0.9795005565417126,0.02274651718416676,
238.0,0.956754039357546,0.000670426768984243,nan,0,0,cann_no_cue,0.9795005562364479,0.022746516878902057,0.7961706623999019
238.0,0.956754039357546,0.000670426768984243,nan,0,0,cann_sparse_cue,0.9644815105996343,0.007727471242088058,0.796170662399902
238.0,0.956754039357546,0.000670426768984243,nan,0,0,cann_gated_cue,0.9644815068076688,0.007727467450122649,0.796170662399902
240.0,0.9583441237192618,0.0011790586374747995,nan,0,0,dead_reckoning,0.9808414100796812,0.022497286360419366,
240.0,0.9583441237192618,0.0011790586374747995,nan,0,0,cann_no_cue,0.9808414097743913,0.02249728605512935,0.7961706623887109
240.0,0.9583441237192618,0.0011790586374747995,nan,0,0,cann_sparse_cue,0.9658223641375776,0.007478240418315796,0.7961706623887111
240.0,0.9583441237192618,0.0011790586374747995,nan,0,0,cann_gated_cue,0.9658223603456121,0.0074782366263503874,0.7961706623887111
242.0,0.9599405467941982,0.0011342777353701484,nan,0,0,dead_reckoning,0.9831995273546308,0.02325898056043263,
242.0,0.9599405467941982,0.0011342777353701484,nan,0,0,cann_no_cue,0.9831995270492051,0.023258980255007167,0.7961706624184819
242.0,0.9599405467941982,0.0011342777353701484,nan,0,0,cann_sparse_cue,0.9681804814123915,0.008239934618193168,0.7961706624184818
242.0,0.9599405467941982,0.0011342777353701484,nan,0,0,cann_gated_cue,0.9681804776204257,0.008239930826227315,0.7961706624184818
244.0,0.961544182194503,0.000897440348941347,nan,0,0,dead_reckoning,0.985468082825371,0.023923900630868022,
244.0,0.961544182194503,0.000897440348941347,nan,0,0,cann_no_cue,0.9854680825198221,0.023923900325319103,0.7961706624152035
244.0,0.961544182194503,0.000897440348941347,nan,0,0,cann_sparse_cue,0.9704490368830084,0.008904854688505548,0.7961706624152035
244.0,0.961544182194503,0.000897440348941347,nan,0,0,cann_gated_cue,0.9704490330910428,0.008904850896539696,0.7961706624152035
246.0,0.9631558908794553,0.0013150415153914865,nan,0,0,dead_reckoning,0.9872629635232537,0.02410707264379841,
246.0,0.9631558908794553,0.0013150415153914865,nan,0,0,cann_no_cue,0.9872629632176431,0.024107072338187763,0.7961706623999751
246.0,0.9631558908794553,0.0013150415153914865,nan,0,0,cann_sparse_cue,0.9722439175808295,0.009088026701374208,0.7961706623999751
246.0,0.9631558908794553,0.0013150415153914865,nan,0,0,cann_gated_cue,0.972243913788864,0.0090880229094088,0.7961706623999749
248.0,0.9647765196450491,0.0008903944760196318,nan,0,0,dead_reckoning,0.9898930465540368,0.02511652690898769,
248.0,0.9647765196450491,0.0008903944760196318,nan,0,0,cann_no_cue,0.9898930462482369,0.02511652660318786,0.7961706624292152
248.0,0.9647765196450491,0.0008903944760196318,nan,0,0,cann_sparse_cue,0.9748740006114232,0.010097480966374306,0.7961706624292151
248.0,0.9647765196450491,0.0008903944760196318,nan,0,0,cann_gated_cue,0.9748739968194576,0.010097477174408453,0.7961706624292151
250.0,0.9664068996384259,0.0007543037962882983,nan,0,0,dead_reckoning,0.9916738355060759,0.025266935867650275,
250.0,0.9664068996384259,0.0007543037962882983,nan,0,0,cann_no_cue,0.9916738352002146,0.025266935561788717,0.7961706623995765
250.0,0.9664068996384259,0.0007543037962882983,nan,0,0,cann_sparse_cue,0.9766547895634011,0.010247889924975162,0.7961706623995766
250.0,0.9664068996384259,0.0007543037962882983,nan,0,0,cann_gated_cue,0.9766547857714355,0.010247886133009754,0.7961706623995766
252.0,0.9680478448997605,0.0009242205507628459,nan,0,0,dead_reckoning,0.9931824430986526,0.02513459819889219,
252.0,0.9680478448997605,0.0009242205507628459,nan,0,0,cann_no_cue,0.9931824427927554,0.025134597892995103,0.7961706623924931
252.0,0.9680478448997605,0.0009242205507628459,nan,0,0,cann_sparse_cue,0.9781633971559417,0.010115552256181104,0.7961706623924929
252.0,0.9680478448997605,0.0009242205507628459,nan,0,0,cann_gated_cue,0.9781633933639761,0.010115548464215696,0.796170662392493
254.0,0.9697001509341574,0.0011468871037784638,nan,0,0,dead_reckoning,0.9950308842001783,0.025330733266020644,
254.0,0.9697001509341574,0.0011468871037784638,nan,0,0,cann_no_cue,0.9950308838942159,0.025330732960058278,0.7961706624015191
254.0,0.9697001509341574,0.0011468871037784638,nan,0,0,cann_sparse_cue,0.9800118382574018,0.010311687323244279,0.7961706624015191
254.0,0.9697001509341574,0.0011468871037784638,nan,0,0,cann_gated_cue,0.9800118344654363,0.01031168353127887,0.796170662401519
256.0,0.9713645933160646,0.0007987917911198158,nan,0,0,dead_reckoning,0.9973246584077352,0.025960065091670703,
256.0,0.9713645933160646,0.0007987917911198158,nan,0,0,cann_no_cue,0.9973246581016465,0.02596006478558177,0.7961706624161136
256.0,0.9713645933160646,0.0007987917911198158,nan,0,0,cann_sparse_cue,0.9823056124648326,0.010941019148767772,0.7961706624161137
256.0,0.9713645933160646,0.0007987917911198158,nan,0,0,cann_gated_cue,0.9823056086728675,0.010941015356802808,0.7961706624161137
258.0,0.9730419263286529,0.0013046887855817182,nan,0,0,dead_reckoning,0.9989222419899748,0.025880315661321873,
258.0,0.9730419263286529,0.0013046887855817182,nan,0,0,cann_no_cue,0.9989222416838422,0.02588031535518942,0.7961706623946798
258.0,0.9730419263286529,0.0013046887855817182,nan,0,0,cann_sparse_cue,0.9839031960470285,0.010861269718375421,0.7961706623946796
258.0,0.9730419263286529,0.0013046887855817182,nan,0,0,cann_gated_cue,0.9839031922550632,0.010861265926410013,0.7961706623946798
260.0,0.9747328816405465,0.0008096786441837006,nan,0,0,dead_reckoning,1.0015316195611383,0.02679873792059162,
260.0,0.9747328816405465,0.0008096786441837006,nan,0,0,cann_no_cue,1.0015316192548214,0.02679873761427487,0.7961706624283567
260.0,0.9747328816405465,0.0008096786441837006,nan,0,0,cann_sparse_cue,0.9865125736180076,0.011779691977460871,0.7961706624283565
260.0,0.9747328816405465,0.0008096786441837006,nan,0,0,cann_gated_cue,0.9865125698260424,0.011779688185495907,0.7961706624283568
262.0,0.9764381670222275,0.0011415614996697564,nan,0,0,dead_reckoning,1.0031509768495057,0.026712809827277972,
262.0,0.9764381670222275,0.0011415614996697564,nan,0,0,cann_no_cue,1.0031509765431423,0.026712809520915037,0.7961706623952338
262.0,0.9764381670222275,0.0011415614996697564,nan,0,0,cann_sparse_cue,0.9881319309063284,0.011693763884101038,0.7961706623952338
262.0,0.9764381670222275,0.0011415614996697564,nan,0,0,cann_gated_cue,0.9881319271143633,0.01169376009213563,0.7961706623952339
264.0,0.9781584651043665,0.0010796150928071599,nan,0,0,dead_reckoning,1.0054340998488454,0.027275634744478694,
264.0,0.9781584651043665,0.0010796150928071599,nan,0,0,cann_no_cue,1.005434099542358,0.027275634437991414,0.7961706624157281
264.0,0.9781584651043665,0.0010796150928071599,nan,0,0,cann_sparse_cue,0.9904150539055442,0.012256588801177415,0.7961706624157279
264.0,0.9781584651043665,0.0010796150928071599,nan,0,0,cann_gated_cue,0.990415050113579,0.01225658500921245,0.7961706624157278
266.0,0.9798944321802561,0.0009723777115704291,nan,0,0,dead_reckoning,1.0075933300344595,0.02769889785420343,
266.0,0.9798944321802561,0.0009723777115704291,nan,0,0,cann_no_cue,1.0075933297278659,0.02769889754760957,0.7961706624113735
266.0,0.9798944321802561,0.0009723777115704291,nan,0,0,cann_sparse_cue,0.9925742840910521,0.012679851910796014,0.7961706624113734
266.0,0.9798944321802561,0.0009723777115704291,nan,0,0,cann_gated_cue,0.9925742802990868,0.012679848118830606,0.7961706624113734
268.0,0.9816466970544494,0.0011962346375969895,nan,0,0,dead_reckoning,1.0095380854576004,0.027891388403150863,
268.0,0.9816466970544494,0.0011962346375969895,nan,0,0,cann_no_cue,1.009538085150929,0.02789138809647973,0.7961706624044097
268.0,0.9816466970544494,0.0011962346375969895,nan,0,0,cann_sparse_cue,0.994519039514115,0.012872342459665731,0.7961706624044096
268.0,0.9816466970544494,0.0011962346375969895,nan,0,0,cann_gated_cue,0.99451903572215,0.012872338667700767,0.7961706624044097
270.0,0.9834158599396232,0.0007597591557178718,nan,0,0,dead_reckoning,1.0119305547327944,0.028514694793170925,
270.0,0.9834158599396232,0.0007597591557178718,nan,0,0,cann_no_cue,1.0119305544259798,0.028514694486356795,0.7961706624197727
270.0,0.9834158599396232,0.0007597591557178718,nan,0,0,cann_sparse_cue,0.996911508789166,0.013495648849542796,0.7961706624197729
270.0,0.9834158599396232,0.0007597591557178718,nan,0,0,cann_gated_cue,0.9969115049972006,0.013495645057577388,0.7961706624197731
272.0,0.9852024914036014,0.001274390982731069,nan,0,0,dead_reckoning,1.0134500730442302,0.028247581640628905,
272.0,0.9852024914036014,0.001274390982731069,nan,0,0,cann_no_cue,1.0134500727373776,0.02824758133377614,0.7961706623927544
272.0,0.9852024914036014,0.001274390982731069,nan,0,0,cann_sparse_cue,0.9984310271005639,0.013228535696962584,0.7961706623927544
272.0,0.9852024914036014,0.001274390982731069,nan,0,0,cann_gated_cue,0.9984310233085982,0.013228531904996732,0.7961706623927544
274.0,0.9870071313683844,0.0010412712973691186,nan,0,0,dead_reckoning,1.0159988550096923,0.028991723641308198,
274.0,0.9870071313683844,0.0010412712973691186,nan,0,0,cann_no_cue,1.0159988547026677,0.02899172333428357,0.7961706624258835
274.0,0.9870071313683844,0.0010412712973691186,nan,0,0,cann_sparse_cue,1.0009798090658542,0.013972677697469571,0.7961706624258839
274.0,0.9870071313683844,0.0010412712973691186,nan,0,0,cann_gated_cue,1.0009798052738887,0.013972673905504607,0.7961706624258839
276.0,0.9888302881629429,0.0009555333740126868,nan,0,0,dead_reckoning,1.0180813976044305,0.029251109441487344,
276.0,0.9888302881629429,0.0009555333740126868,nan,0,0,cann_no_cue,1.0180813972973097,0.029251109134366793,0.7961706624088
276.0,0.9888302881629429,0.0009555333740126868,nan,0,0,cann_sparse_cue,1.0030623516604962,0.014232063497553238,0.7961706624088
276.0,0.9888302881629429,0.0009555333740126868,nan,0,0,cann_gated_cue,1.0030623478685303,0.014232059705587385,0.7961706624087997
278.0,0.9906724376314364,0.0011967447643829853,nan,0,0,dead_reckoning,1.0199924643524558,0.02932002672101941,
278.0,0.9906724376314364,0.0011967447643829853,nan,0,0,cann_no_cue,1.0199924640452616,0.02932002641382514,0.7961706624033819
278.0,0.9906724376314364,0.0011967447643829853,nan,0,0,cann_sparse_cue,1.0049734184084478,0.01430098077701114,0.7961706624033816
278.0,0.9906724376314364,0.0011967447643829853,nan,0,0,cann_gated_cue,1.0049734146164824,0.014300976985046177,0.7961706624033817
280.0,0.9925340222984205,0.001262574861706489,nan,0,0,dead_reckoning,1.0223859538812219,0.029851931582801416,
280.0,0.9925340222984205,0.001262574861706489,nan,0,0,cann_no_cue,1.0223859535738842,0.029851931275463706,0.7961706624198116
280.0,0.9925340222984205,0.001262574861706489,nan,0,0,cann_sparse_cue,1.0073669079370708,0.014832885638650595,0.7961706624198116
280.0,0.9925340222984205,0.001262574861706489,nan,0,0,cann_gated_cue,1.0073669041451048,0.014832881846684298,0.7961706624198115
282.0,0.9944154505925082,0.0012241428191774825,nan,0,0,dead_reckoning,1.024911103604635,0.030495653012126755,
282.0,0.9944154505925082,0.0012241428191774825,nan,0,0,cann_no_cue,1.0249111032971276,0.030495652704619403,0.7961706624249352
282.0,0.9944154505925082,0.0012241428191774825,nan,0,0,cann_sparse_cue,1.009892057660314,0.015476607067805848,0.796170662424935
282.0,0.9944154505925082,0.0012241428191774825,nan,0,0,cann_gated_cue,1.009892053868348,0.015476603275839551,0.7961706624249352
284.0,0.996317096129848,0.0014508776951767939,nan,0,0,dead_reckoning,1.02735938924299,0.031042293113141994,
284.0,0.996317096129848,0.0014508776951767939,nan,0,0,cann_no_cue,1.0273593889353272,0.03104229280547921,0.7961706624219107
284.0,0.996317096129848,0.0014508776951767939,nan,0,0,cann_sparse_cue,1.0123403432985136,0.016023247168665655,0.7961706624219106
284.0,0.996317096129848,0.0014508776951767939,nan,0,0,cann_gated_cue,1.0123403395065478,0.016023243376699803,0.7961706624219106
286.0,0.9982392970586738,0.0013028389617536725,nan,0,0,dead_reckoning,1.0302611446333434,0.032021847574669415,
286.0,0.9982392970586738,0.0013028389617536725,nan,0,0,cann_no_cue,1.0302611443254244,0.03202184726675039,0.7961706624411052
286.0,0.9982392970586738,0.0013028389617536725,nan,0,0,cann_sparse_cue,1.0152420986886106,0.017002801629936837,0.7961706624411053
286.0,0.9982392970586738,0.0013028389617536725,nan,0,0,cann_gated_cue,1.0152420948966447,0.017002797837970984,0.7961706624411055
288.0,1.000182355466078,0.0013503691327016853,nan,0,0,dead_reckoning,1.032866822556851,0.032684467090772884,
288.0,1.000182355466078,0.0013503691327016853,nan,0,0,cann_no_cue,1.032866822248743,0.03268446678266468,0.796170662428204
288.0,1.000182355466078,0.0013503691327016853,nan,0,0,cann_sparse_cue,1.0178477766119296,0.017665421145851568,0.796170662428204
288.0,1.000182355466078,0.0013503691327016853,nan,0,0,cann_gated_cue,1.0178477728199637,0.017665417353885715,0.796170662428204
290.0,1.002146536848048,0.0010410348516235082,nan,0,0,dead_reckoning,1.035567560822254,0.03342102397420632,
290.0,1.002146536848048,0.0010410348516235082,nan,0,0,cann_no_cue,1.0355675605139383,0.03342102366589028,0.7961706624321951
290.0,1.002146536848048,0.0010410348516235082,nan,0,0,cann_sparse_cue,1.020548514877125,0.01840197802907717,0.7961706624321951
290.0,1.002146536848048,0.0010410348516235082,nan,0,0,cann_gated_cue,1.0205485110851589,0.018401974237110874,0.7961706624321951
292.0,1.0041320696436964,0.001155234495534211,nan,0,0,dead_reckoning,1.0376496305255012,0.0335175608818048,
292.0,1.0041320696436964,0.001155234495534211,nan,0,0,cann_no_cue,1.0376496302170881,0.03351756057339195,0.7961706624087842
292.0,1.0041320696436964,0.001155234495534211,nan,0,0,cann_sparse_cue,1.0226305845802748,0.018498514936578392,0.7961706624087844
292.0,1.0041320696436964,0.001155234495534211,nan,0,0,cann_gated_cue,1.0226305807883087,0.018498511144612095,0.7961706624087843
294.0,1.006139144834501,0.0012452117164858004,nan,0,0,dead_reckoning,1.0399600995165696,0.033820954682068916,
294.0,1.006139144834501,0.0012452117164858004,nan,0,0,cann_no_cue,1.0399600992080273,0.03382095437352639,0.796170662416722
294.0,1.006139144834501,0.0012452117164858004,nan,0,0,cann_sparse_cue,1.0249410535712136,0.01880190873671239,0.7961706624167217
294.0,1.006139144834501,0.0012452117164858004,nan,0,0,cann_gated_cue,1.0249410497792477,0.01880190494474654,0.7961706624167217
296.0,1.008167915609258,0.0011507938190608957,nan,0,0,dead_reckoning,1.042450522949541,0.0342826073402831,
296.0,1.008167915609258,0.0011507938190608957,nan,0,0,cann_no_cue,1.0424505226408363,0.03428260703157804,0.796170662423557
296.0,1.008167915609258,0.0011507938190608957,nan,0,0,cann_sparse_cue,1.027431477004023,0.019263561394764928,0.7961706624235573
296.0,1.008167915609258,0.0011507938190608957,nan,0,0,cann_gated_cue,1.027431473212057,0.019263557602799075,0.7961706624235572
298.0,1.0102184970953378,0.0012228117569857636,nan,0,0,dead_reckoning,1.044752110587663,0.03453361349232509,
298.0,1.0102184970953378,0.0012228117569857636,nan,0,0,cann_no_cue,1.0447521102788284,0.03453361318349035,0.7961706624163978
298.0,1.0102184970953378,0.0012228117569857636,nan,0,0,cann_sparse_cue,1.0297330646420155,0.019514567546677686,0.7961706624163977
298.0,1.0102184970953378,0.0012228117569857636,nan,0,0,cann_gated_cue,1.0297330608500492,0.01951456375471139,0.7961706624163979
300.0,1.012290966156711,0.0012540733027565966,nan,0,0,dead_reckoning,1.0471977341016345,0.034906767944923534,
300.0,1.012290966156711,0.0012540733027565966,nan,0,0,cann_no_cue,1.0471977337926461,0.03490676763593514,0.7961706624218077
300.0,1.012290966156711,0.0012540733027565966,nan,0,0,cann_sparse_cue,1.0321786881558328,0.019887721999121588,0.7961706624218075
300.0,1.012290966156711,0.0012540733027565966,nan,0,0,cann_gated_cue,1.032178684363867,0.019887718207155736,0.7961706624218078
302.0,1.0143853612591043,0.0013384274516769405,nan,0,0,dead_reckoning,1.0497058807071478,0.035320519448043264,
302.0,1.0143853612591043,0.0013384274516769405,nan,0,0,cann_no_cue,1.0497058803979928,0.035320519138888784,0.796170662424258
302.0,1.0143853612591043,0.0013384274516769405,nan,0,0,cann_sparse_cue,1.0346868347611795,0.02030147350207523,0.7961706624242579
302.0,1.0143853612591043,0.0013384274516769405,nan,0,0,cann_gated_cue,1.0346868309692134,0.020301469710108933,0.796170662424258
304.0,1.0165016824025175,0.0011800946709628415,nan,0,0,dead_reckoning,1.0523827356105016,0.03588105320798407,
304.0,1.0165016824025175,0.0011800946709628415,nan,0,0,cann_no_cue,1.0523827353011446,0.035881052898627086,0.7961706624311788
304.0,1.0165016824025175,0.0011800946709628415,nan,0,0,cann_sparse_cue,1.0373636896643315,0.020862007261813975,0.7961706624311788
304.0,1.0165016824025175,0.0011800946709628415,nan,0,0,cann_gated_cue,1.037363685872365,0.02086200346984768,0.796170662431179
306.0,1.018639891121224,0.0011451619367611448,nan,0,0,dead_reckoning,1.0547429249524272,0.03610303383120339,
306.0,1.018639891121224,0.0011451619367611448,nan,0,0,cann_no_cue,1.05474292464293,0.036103033521706074,0.7961706624185593
306.0,1.018639891121224,0.0011451619367611448,nan,0,0,cann_sparse_cue,1.039723879006117,0.021083987884892963,0.7961706624185592
306.0,1.018639891121224,0.0011451619367611448,nan,0,0,cann_gated_cue,1.0397238752141507,0.021083984092926666,0.7961706624185592
308.0,1.0207999105512533,0.0010724359222303737,nan,0,0,dead_reckoning,1.0570332488259495,0.036233338274696436,
308.0,1.0207999105512533,0.0010724359222303737,nan,0,0,cann_no_cue,1.0570332485163252,0.03623333796507211,0.7961706624159884
308.0,1.0207999105512533,0.0010724359222303737,nan,0,0,cann_sparse_cue,1.0420142028795123,0.021214292328259,0.7961706624159887
308.0,1.0207999105512533,0.0010724359222303737,nan,0,0,cann_gated_cue,1.042014199087546,0.021214288536292703,0.7961706624159884
310.0,1.022981625565235,0.0010648062128938921,nan,0,0,dead_reckoning,1.0591781206704103,0.036196495105174975,
310.0,1.022981625565235,0.0010648062128938921,nan,0,0,cann_no_cue,1.0591781203606814,0.03619649479544629,0.7961706624108844
310.0,1.022981625565235,0.0010648062128938921,nan,0,0,cann_sparse_cue,1.0441590747238687,0.02117744915863362,0.7961706624108846
310.0,1.022981625565235,0.0010648062128938921,nan,0,0,cann_gated_cue,1.0441590709319022,0.02117744536666688,0.7961706624108844
312.0,1.025184882974373,0.001437234256543215,nan,0,0,dead_reckoning,1.0613077330961982,0.036122850121825145,
312.0,1.025184882974373,0.001437234256543215,nan,0,0,cann_no_cue,1.0613077327863671,0.03612284981199387,0.7961706624103685
312.0,1.025184882974373,0.001437234256543215,nan,0,0,cann_sparse_cue,1.0462886871495547,0.02110380417518165,0.7961706624103685
312.0,1.025184882974373,0.001437234256543215,nan,0,0,cann_gated_cue,1.0462886833575882,0.02110380038321491,0.7961706624103686
314.0,1.0274094917971894,0.0012278889893592992,nan,0,0,dead_reckoning,1.0641822016092846,0.03677270981209535,
314.0,1.0274094917971894,0.0012278889893592992,nan,0,0,cann_no_cue,1.0641822012992055,0.036772709502016276,0.7961706624398582
314.0,1.0274094917971894,0.0012278889893592992,nan,0,0,cann_sparse_cue,1.049163155662393,0.02175366386520361,0.7961706624398586
314.0,1.0274094917971894,0.0012278889893592992,nan,0,0,cann_gated_cue,1.0491631518704265,0.021753660073237313,0.7961706624398582
316.0,1.0296552235945717,0.0013845638667804086,nan,0,0,dead_reckoning,1.0666379795880032,0.03698275599343148,
316.0,1.0296552235945717,0.0013845638667804086,nan,0,0,cann_no_cue,1.0666379792777658,0.03698275568319431,0.7961706624222015
316.0,1.0296552235945717,0.0013845638667804086,nan,0,0,cann_sparse_cue,1.0516189336409532,0.021963710046381202,0.7961706624222015
316.0,1.0296552235945717,0.0013845638667804086,nan,0,0,cann_gated_cue,1.0516189298489866,0.021963706254414905,0.7961706624222016
318.0,1.0319218128705323,0.001019222186261743,nan,0,0,dead_reckoning,1.069407107321564,0.03748529445103177,
318.0,1.0319218128705323,0.001019222186261743,nan,0,0,cann_no_cue,1.0694071070111033,0.03748529414057078,0.7961706624351548
318.0,1.0319218128705323,0.001019222186261743,nan,0,0,cann_sparse_cue,1.0543880613742906,0.022466248503758557,0.7961706624351547
318.0,1.0319218128705323,0.001019222186261743,nan,0,0,cann_gated_cue,1.054388057582324,0.022466244711791816,0.7961706624351546
320.0,1.034208957537979,0.0009200220662841081,nan,0,0,dead_reckoning,1.0714455516940875,0.03723659415610836,
320.0,1.034208957537979,0.0009200220662841081,nan,0,0,cann_no_cue,1.0714455513835353,0.03723659384555633,0.7961706624073619
320.0,1.034208957537979,0.0009200220662841081,nan,0,0,cann_sparse_cue,1.0564265057467226,0.022217548208743665,0.7961706624073621
320.0,1.034208957537979,0.0009200220662841081,nan,0,0,cann_gated_cue,1.0564265019547558,0.022217544416776924,0.7961706624073619
322.0,1.0365163194486775,0.0010836480333786757,nan,0,0,dead_reckoning,1.0732855958266556,0.03676927637797789,
322.0,1.0365163194486775,0.0010836480333786757,nan,0,0,cann_no_cue,1.0732855955160376,0.036769276067360135,0.796170662401274
322.0,1.0365163194486775,0.0010836480333786757,nan,0,0,cann_sparse_cue,1.058266549879225,0.021750230430547468,0.7961706624012742
322.0,1.0365163194486775,0.0010836480333786757,nan,0,0,cann_gated_cue,1.058266546087258,0.021750226638580727,0.7961706624012742
324.0,1.03884352498648,0.0014739743467943286,nan,0,0,dead_reckoning,1.075452891893413,0.03660936690693273,
324.0,1.03884352498648,0.0014739743467943286,nan,0,0,cann_no_cue,1.0754528915826884,0.03660936659620839,0.7961706624116496
324.0,1.03884352498648,0.0014739743467943286,nan,0,0,cann_sparse_cue,1.0604338459458762,0.02159032095939617,0.7961706624116496
324.0,1.03884352498648,0.0014739743467943286,nan,0,0,cann_gated_cue,1.060433842153909,0.021590317167428985,0.7961706624116497
326.0,1.0411901657227727,0.0014685954189502647,nan,0,0,dead_reckoning,1.0784008405870016,0.03721067486422891,
326.0,1.0411901657227727,0.0014685954189502647,nan,0,0,cann_no_cue,1.0784008402760092,0.037210674553236345,0.7961706624432432
326.0,1.0411901657227727,0.0014685954189502647,nan,0,0,cann_sparse_cue,1.063381794639197,0.022191628916424122,0.7961706624432433
326.0,1.0411901657227727,0.0014685954189502647,nan,0,0,cann_gated_cue,1.06338179084723,0.02219162512445738,0.7961706624432433
328.0,1.0435557991330007,0.0013583579233936386,nan,0,0,dead_reckoning,1.0813380314249021,0.03778223229190125,
328.0,1.0435557991330007,0.0013583579233936386,nan,0,0,cann_no_cue,1.0813380311136411,0.03778223198064046,0.796170662442742
328.0,1.0435557991330007,0.0013583579233936386,nan,0,0,cann_sparse_cue,1.066318985476829,0.022763186343828234,0.7961706624427424
328.0,1.0435557991330007,0.0013583579233936386,nan,0,0,cann_gated_cue,1.066318981684862,0.02276318255186105,0.7961706624427424
330.0,1.045939949373004,0.0011691595571670117,nan,0,0,dead_reckoning,1.0840547472716895,0.03811479789868555,
330.0,1.045939949373004,0.0011691595571670117,nan,0,0,cann_no_cue,1.0840547469602149,0.0381147975872107,0.7961706624328798
330.0,1.045939949373004,0.0011691595571670117,nan,0,0,cann_sparse_cue,1.0690357013234029,0.023095751950398924,0.7961706624328798
330.0,1.045939949373004,0.0011691595571670117,nan,0,0,cann_gated_cue,1.069035697531436,0.02309574815843174,0.7961706624328798
332.0,1.0483421081138122,0.0012954971808897518,nan,0,0,dead_reckoning,1.0863930663860235,0.038050958272211055,
332.0,1.0483421081138122,0.0012954971808897518,nan,0,0,cann_no_cue,1.0863930660744126,0.03805095796060032,0.7961706624177464
332.0,1.0483421081138122,0.0012954971808897518,nan,0,0,cann_sparse_cue,1.0713740204376,0.02303191232378765,0.7961706624177461
332.0,1.0483421081138122,0.0012954971808897518,nan,0,0,cann_gated_cue,1.0713740166456334,0.02303190853182091,0.7961706624177461
334.0,1.0507617354334249,0.00126746555684328,nan,0,0,dead_reckoning,1.088984060747803,0.0382223253143783,
334.0,1.0507617354334249,0.00126746555684328,nan,0,0,cann_no_cue,1.088984060436009,0.03822232500258416,0.7961706624276007
334.0,1.0507617354334249,0.00126746555684328,nan,0,0,cann_sparse_cue,1.0739650147991966,0.023203279365771934,0.7961706624276005
334.0,1.0507617354334249,0.00126746555684328,nan,0,0,cann_gated_cue,1.0739650110072299,0.023203275573805193,0.7961706624276002
336.0,1.053198260764018,0.001275506405923678,nan,0,0,dead_reckoning,1.0915189918614896,0.03832073109747158,
336.0,1.053198260764018,0.001275506405923678,nan,0,0,cann_no_cue,1.091518991549523,0.038320730785504686,0.7961706624253269
336.0,1.053198260764018,0.001275506405923678,nan,0,0,cann_sparse_cue,1.0764999459127107,0.023301685148692464,0.7961706624253269
336.0,1.053198260764018,0.001275506405923678,nan,0,0,cann_gated_cue,1.076499942120744,0.023301681356725723,0.796170662425327
338.0,1.0556510838929147,0.0009106876235564969,nan,0,0,dead_reckoning,1.094070004673337,0.038418920780422194,
338.0,1.0556510838929147,0.0009106876235564969,nan,0,0,cann_no_cue,1.0940700043611944,0.03841892046827944,0.7961706624259739
338.0,1.0556510838929147,0.0009106876235564969,nan,0,0,cann_sparse_cue,1.0790509587243824,0.02339987483146766,0.7961706624259738
338.0,1.0556510838929147,0.0009106876235564969,nan,0,0,cann_gated_cue,1.0790509549324157,0.02339987103950092,0.7961706624259738
340.0,1.0581195760155622,0.001211116234517107,nan,0,0,dead_reckoning,1.09589137992045,0.03777180390488777,
340.0,1.0581195760155622,0.001211116234517107,nan,0,0,cann_no_cue,1.0958913796082421,0.03777180359267973,0.7961706624007332
340.0,1.0581195760155622,0.001211116234517107,nan,0,0,cann_sparse_cue,1.0808723339714303,0.022752757955868397,0.7961706624007332
340.0,1.0581195760155622,0.001211116234517107,nan,0,0,cann_gated_cue,1.0808723301794634,0.022752754163901212,0.7961706624007334
342.0,1.0606030808386675,0.0013350727511617735,nan,0,0,dead_reckoning,1.098313612389484,0.037710531550816384,
342.0,1.0606030808386675,0.0013350727511617735,nan,0,0,cann_no_cue,1.098313612077128,0.037710531238460465,0.7961706624209065
342.0,1.0606030808386675,0.0013350727511617735,nan,0,0,cann_sparse_cue,1.083294566440316,0.022691485601648687,0.7961706624209066
342.0,1.0606030808386675,0.0013350727511617735,nan,0,0,cann_gated_cue,1.0832945626483492,0.022691481809681946,0.7961706624209068
344.0,1.0631009157315603,0.0016442558369159095,nan,0,0,dead_reckoning,1.1009837578918078,0.03788284216024751,
344.0,1.0631009157315603,0.0016442558369159095,nan,0,0,cann_no_cue,1.1009837575792512,0.03788284184769086,0.7961706624308951
344.0,1.0631009157315603,0.0016442558369159095,nan,0,0,cann_sparse_cue,1.0859647119424392,0.02286379621087864,0.7961706624308952
344.0,1.0631009157315603,0.0016442558369159095,nan,0,0,cann_gated_cue,1.0859647081504726,0.022863792418912343,0.7961706624308952
346.0,1.0656123729237585,0.0014159207231899194,nan,0,0,dead_reckoning,1.1042722695656395,0.03865989664188074,
346.0,1.0656123729237585,0.0014159207231899194,nan,0,0,cann_no_cue,1.1042722692527096,0.03865989632895106,0.7961706624600473
346.0,1.0656123729237585,0.0014159207231899194,nan,0,0,cann_sparse_cue,1.0892532236158976,0.02364085069213928,0.7961706624600471
346.0,1.0656123729237585,0.0014159207231899194,nan,0,0,cann_gated_cue,1.0892532198239309,0.02364084690017254,0.7961706624600471
348.0,1.0681367207466377,0.0016414621014327296,nan,0,0,dead_reckoning,1.1071041110120192,0.03896739026538132,
348.0,1.0681367207466377,0.0016414621014327296,nan,0,0,cann_no_cue,1.1071041106988462,0.03896738995220872,0.7961706624379341
348.0,1.0681367207466377,0.0016414621014327296,nan,0,0,cann_sparse_cue,1.0920850650620344,0.023948344315396497,0.7961706624379339
348.0,1.0681367207466377,0.0016414621014327296,nan,0,0,cann_gated_cue,1.0920850612700674,0.023948340523429756,0.7961706624379337
350.0,1.070673204917027,0.001333175232918639,nan,0,0,dead_reckoning,1.1103870352148848,0.03971383029785791,
350.0,1.070673204917027,0.001333175232918639,nan,0,0,cann_no_cue,1.110387034901339,0.03971382998431183,0.7961706624597565
350.0,1.070673204917027,0.001333175232918639,nan,0,0,cann_sparse_cue,1.0953679892645274,0.024694784347500054,0.7961706624597567
350.0,1.070673204917027,0.001333175232918639,nan,0,0,cann_gated_cue,1.0953679854725604,0.024694780555533313,0.7961706624597564
352.0,1.0732210498604788,0.0013557943063080547,nan,0,0,dead_reckoning,1.113053385680722,0.03983233582024326,
352.0,1.0732210498604788,0.0013557943063080547,nan,0,0,cann_no_cue,1.1130533853669724,0.039832335506493344,0.7961706624307348
352.0,1.0732210498604788,0.0013557943063080547,nan,0,0,cann_sparse_cue,1.0980343397301606,0.02481328986968201,0.7961706624307349
352.0,1.0732210498604788,0.0013557943063080547,nan,0,0,cann_gated_cue,1.0980343359381937,0.024813286077714825,0.7961706624307349
354.0,1.0757794600718884,0.000729273893458572,nan,0,0,dead_reckoning,1.1157649742933382,0.039985514221450025,
354.0,1.0757794600718884,0.000729273893458572,nan,0,0,cann_no_cue,1.1157649739793776,0.03998551390748917,0.7961706624326595
354.0,1.0757794600718884,0.000729273893458572,nan,0,0,cann_sparse_cue,1.1007459283425658,0.02496646827067739,0.7961706624326595
354.0,1.0757794600718884,0.000729273893458572,nan,0,0,cann_gated_cue,1.1007459245505988,0.024966464478710648,0.7961706624326597
356.0,1.078347621511081,0.0014856258152857,nan,0,0,dead_reckoning,1.1172235220802553,0.03887590056917434,
356.0,1.078347621511081,0.0014856258152857,nan,0,0,cann_no_cue,1.11722352176626,0.03887590025517884,0.796170662391318
356.0,1.078347621511081,0.0014856258152857,nan,0,0,cann_sparse_cue,1.1022044761294483,0.023856854618367507,0.7961706623913177
356.0,1.078347621511081,0.0014856258152857,nan,0,0,cann_gated_cue,1.1022044723374813,0.023856850826400322,0.7961706623913178
358.0,1.080924703030915,0.001503097808152551,nan,0,0,dead_reckoning,1.1201947737108267,0.03927007067991184,
358.0,1.080924703030915,0.001503097808152551,nan,0,0,cann_no_cue,1.1201947733965596,0.03927007036564456,0.7961706624443347
358.0,1.080924703030915,0.001503097808152551,nan,0,0,cann_sparse_cue,1.1051757277597476,0.024251024728832782,0.7961706624443342
358.0,1.080924703030915,0.001503097808152551,nan,0,0,cann_gated_cue,1.1051757239677809,0.02425102093686604,0.7961706624443347
360.0,1.0835098578353966,0.001718042161707534,nan,0,0,dead_reckoning,1.1232009693271319,0.03969111149173532,
360.0,1.0835098578353966,0.001718042161707534,nan,0,0,cann_no_cue,1.1232009690125766,0.03969111117717983,0.7961706624459871
360.0,1.0835098578353966,0.001718042161707534,nan,0,0,cann_sparse_cue,1.1081819233757648,0.024672065540368493,0.796170662445987
360.0,1.0835098578353966,0.001718042161707534,nan,0,0,cann_gated_cue,1.1081819195837983,0.024672061748401752,0.7961706624459871
362.0,1.0861022249652468,0.0013232735133147202,nan,0,0,dead_reckoning,1.1266370536505468,0.040534828685300006,
362.0,1.0861022249652468,0.0013232735133147202,nan,0,0,cann_no_cue,1.1266370533355643,0.0405348283703173,0.7961706624678984
362.0,1.0861022249652468,0.0013232735133147202,nan,0,0,cann_sparse_cue,1.1116180076987525,0.025515782733505965,0.7961706624678985
362.0,1.0861022249652468,0.0013232735133147202,nan,0,0,cann_gated_cue,1.1116180039067858,0.025515778941539224,0.7961706624678984
364.0,1.0887009308083173,0.0014304160668180198,nan,0,0,dead_reckoning,1.1292836006771763,0.04058266986885872,
364.0,1.0887009308083173,0.0014304160668180198,nan,0,0,cann_no_cue,1.129283600361993,0.04058266955367573,0.7961706624299026
364.0,1.0887009308083173,0.0014304160668180198,nan,0,0,cann_sparse_cue,1.1142645547251813,0.025563623916863953,0.7961706624299025
364.0,1.0887009308083173,0.0014304160668180198,nan,0,0,cann_gated_cue,1.114264550933215,0.025563620124897657,0.7961706624299023
366.0,1.091305090632203,0.001292136114004475,nan,0,0,dead_reckoning,1.1321444328108123,0.04083934217860907,
366.0,1.091305090632203,0.001292136114004475,nan,0,0,cann_no_cue,1.132144432495382,0.040839341863178724,0.7961706624392394
366.0,1.091305090632203,0.001292136114004475,nan,0,0,cann_sparse_cue,1.1171253868585702,0.02582029622636739,0.7961706624392394
366.0,1.091305090632203,0.001292136114004475,nan,0,0,cann_gated_cue,1.117125383066604,0.02582029243440065,0.7961706624392394
368.0,1.0939138101363637,0.0012096504591997514,nan,0,0,dead_reckoning,1.1347287050388213,0.0408148949024576,
368.0,1.0939138101363637,0.0012096504591997514,nan,0,0,cann_no_cue,1.134728704723207,0.0408148945868434,0.7961706624273249
368.0,1.0939138101363637,0.0012096504591997514,nan,0,0,cann_sparse_cue,1.1197096590863953,0.02579584895003162,0.7961706624273251
368.0,1.0939138101363637,0.0012096504591997514,nan,0,0,cann_gated_cue,1.1197096552944288,0.02579584515806488,0.7961706624273251
370.0,1.0965261870210297,0.001294425776063198,nan,0,0,dead_reckoning,1.1371480059572208,0.0406218189361911,
370.0,1.0965261870210297,0.001294425776063198,nan,0,0,cann_no_cue,1.1371480056414562,0.04062181862042635,0.7961706624207944
370.0,1.0965261870210297,0.001294425776063198,nan,0,0,cann_sparse_cue,1.1221289600046442,0.025602772983614575,0.7961706624207944
370.0,1.0965261870210297,0.001294425776063198,nan,0,0,cann_gated_cue,1.122128956212678,0.025602769191648278,0.7961706624207944
372.0,1.0991413125701432,0.0013572379071565511,nan,0,0,dead_reckoning,1.1397368575093472,0.0405955449392037,
372.0,1.0991413125701432,0.0013572379071565511,nan,0,0,cann_no_cue,1.1397368571933995,0.04059554462325643,0.7961706624275127
372.0,1.0991413125701432,0.0013572379071565511,nan,0,0,cann_sparse_cue,1.1247178115565877,0.025576498986444207,0.7961706624275126
372.0,1.0991413125701432,0.0013572379071565511,nan,0,0,cann_gated_cue,1.1247178077646212,0.02557649519447791,0.7961706624275124
374.0,1.1017582732455558,0.0016613360076620605,nan,0,0,dead_reckoning,1.1424513333236603,0.04069306007810436,
374.0,1.1017582732455558,0.0016613360076620605,nan,0,0,cann_no_cue,1.1424513330075012,0.040693059761945705,0.7961706624327836
374.0,1.1017582732455558,0.0016613360076620605,nan,0,0,cann_sparse_cue,1.1274322873706897,0.025674014125133926,0.7961706624327837
374.0,1.1017582732455558,0.0016613360076620605,nan,0,0,cann_gated_cue,1.127432283578723,0.025674010333167185,0.7961706624327833
376.0,1.1043761522896833,0.0014268884119044106,nan,0,0,dead_reckoning,1.1457740053389844,0.041397853049301325,
376.0,1.1043761522896833,0.0014268884119044106,nan,0,0,cann_no_cue,1.1457740050224399,0.04139785273275631,0.7961706624618338
376.0,1.1043761522896833,0.0014268884119044106,nan,0,0,cann_sparse_cue,1.1307549593856285,0.02637880709594498,0.7961706624618338
376.0,1.1043761522896833,0.0014268884119044106,nan,0,0,cann_gated_cue,1.1307549555936618,0.026378803303978238,0.7961706624618338
378.0,1.106994031333811,0.0012857255697987916,nan,0,0,dead_reckoning,1.1486277821627933,0.04163375082898213,
378.0,1.106994031333811,0.0012857255697987916,nan,0,0,cann_no_cue,1.1486277818459996,0.04163375051218843,0.7961706624389204
378.0,1.106994031333811,0.0012857255697987916,nan,0,0,cann_sparse_cue,1.1336087362091885,0.026614704875377537,0.7961706624389203
378.0,1.106994031333811,0.0012857255697987916,nan,0,0,cann_gated_cue,1.1336087324172215,0.026614701083410353,0.7961706624389205
380.0,1.1096109920092234,0.0014379485219558096,nan,0,0,dead_reckoning,1.1511992333023908,0.04158824129316763,
380.0,1.1096109920092234,0.0014379485219558096,nan,0,0,cann_no_cue,1.1511992329854157,0.04158824097619229,0.7961706624268019
380.0,1.1096109920092234,0.0014379485219558096,nan,0,0,cann_sparse_cue,1.136180187348605,0.026569195339381402,0.7961706624268022
380.0,1.1096109920092234,0.0014379485219558096,nan,0,0,cann_gated_cue,1.1361801835566376,0.026569191547414217,0.7961706624268019
382.0,1.112226117558337,0.0014433294309558254,nan,0,0,dead_reckoning,1.1540751303463024,0.04184901278796538,
382.0,1.112226117558337,0.0014433294309558254,nan,0,0,cann_no_cue,1.1540751300290768,0.04184901247074002,0.7961706624399233
382.0,1.112226117558337,0.0014433294309558254,nan,0,0,cann_sparse_cue,1.139056084392266,0.026829966833928687,0.7961706624399232
382.0,1.112226117558337,0.0014433294309558254,nan,0,0,cann_gated_cue,1.1390560806002987,0.026829963041961946,0.7961706624399234
384.0,1.114838494443003,0.0012908677966795156,nan,0,0,dead_reckoning,1.156961789208214,0.04212329476521104,
384.0,1.114838494443003,0.0012908677966795156,nan,0,0,cann_no_cue,1.1569617888907338,0.042123294447730775,0.7961706624404138
384.0,1.114838494443003,0.0012908677966795156,nan,0,0,cann_sparse_cue,1.1419427432539226,0.027104248810919884,0.7961706624404138
384.0,1.114838494443003,0.0012908677966795156,nan,0,0,cann_gated_cue,1.1419427394619552,0.027104245018952255,0.796170662440414
386.0,1.1174472139471634,0.0016058948156175978,nan,0,0,dead_reckoning,1.159543524801573,0.04209631085440968,
386.0,1.1174472139471634,0.0016058948156175978,nan,0,0,cann_no_cue,1.159543524483909,0.04209631053674556,0.7961706624272215
386.0,1.1174472139471634,0.0016058948156175978,nan,0,0,cann_sparse_cue,1.144524478847098,0.027077264899934672,0.7961706624272216
386.0,1.1174472139471634,0.0016058948156175978,nan,0,0,cann_gated_cue,1.1445244750551307,0.027077261107967487,0.7961706624272213
388.0,1.1200513737710494,0.001072659203180117,nan,0,0,dead_reckoning,1.1627553144328082,0.042703940661758644,
388.0,1.1200513737710494,0.001072659203180117,nan,0,0,cann_no_cue,1.1627553141147962,0.042703940343746805,0.7961706624561012
388.0,1.1200513737710494,0.001072659203180117,nan,0,0,cann_sparse_cue,1.1477362684779853,0.027684894706935914,0.7961706624561011
388.0,1.1200513737710494,0.001072659203180117,nan,0,0,cann_gated_cue,1.147736264686018,0.02768489091496873,0.7961706624561012
390.0,1.12265007961412,0.0013699103054425625,nan,0,0,dead_reckoning,1.1649006328391684,0.04225055322504856,
390.0,1.12265007961412,0.0013699103054425625,nan,0,0,cann_no_cue,1.164900632521048,0.04225055290692836,0.7961706624108998
390.0,1.12265007961412,0.0013699103054425625,nan,0,0,cann_sparse_cue,1.1498815868842371,0.027231507270117028,0.7961706624108998
390.0,1.12265007961412,0.0013699103054425625,nan,0,0,cann_gated_cue,1.14988158309227,0.027231503478150287,0.7961706624108997
392.0,1.1252424467439701,0.0015133187923076358,nan,0,0,dead_reckoning,1.1676404534500535,0.04239800670608318,
392.0,1.1252424467439701,0.0015133187923076358,nan,0,0,cann_no_cue,1.1676404531317177,0.0423980063877476,0.7961706624338774
392.0,1.1252424467439701,0.0015133187923076358,nan,0,0,cann_sparse_cue,1.1526214074949068,0.02737896075093671,0.7961706624338774
392.0,1.1252424467439701,0.0015133187923076358,nan,0,0,cann_gated_cue,1.1526214037029396,0.027378956958969525,0.7961706624338775
394.0,1.1278276015484514,0.0011567145601296671,nan,0,0,dead_reckoning,1.170667091034669,0.04283948948621763,
394.0,1.1278276015484514,0.0011567145601296671,nan,0,0,cann_no_cue,1.1706670907160406,0.04283948916758895,0.7961706624469629
394.0,1.1278276015484514,0.0011567145601296671,nan,0,0,cann_sparse_cue,1.1556480450792297,0.027820443530778505,0.7961706624469627
394.0,1.1278276015484514,0.0011567145601296671,nan,0,0,cann_gated_cue,1.1556480412872625,0.027820439738810876,0.7961706624469628
396.0,1.1304046830682857,0.0014465727897431874,nan,0,0,dead_reckoning,1.1729805201549284,0.04257583708664292,
396.0,1.1304046830682857,0.0014465727897431874,nan,0,0,cann_no_cue,1.172980519836166,0.042575836767880126,0.7961706624168302
396.0,1.1304046830682857,0.0014465727897431874,nan,0,0,cann_sparse_cue,1.1579614741993551,0.02755679113106968,0.7961706624168302
396.0,1.1304046830682857,0.0014465727897431874,nan,0,0,cann_gated_cue,1.157961470407388,0.02755678733910205,0.7961706624168301
398.0,1.1329728445074783,0.0016071933838309985,nan,0,0,dead_reckoning,1.1758736657344147,0.042900821226936614,
398.0,1.1329728445074783,0.0016071933838309985,nan,0,0,cann_no_cue,1.1758736654153983,0.0429008209079198,0.7961706624407104
398.0,1.1329728445074783,0.0016071933838309985,nan,0,0,cann_sparse_cue,1.1608546197785874,0.027881775271109355,0.7961706624407104
398.0,1.1329728445074783,0.0016071933838309985,nan,0,0,cann_gated_cue,1.1608546159866204,0.02788177147914217,0.7961706624407103
400.0,1.1355312547188878,0.0014521633508710217,nan,0,0,dead_reckoning,1.1790880525020766,0.04355679778318855,
400.0,1.1355312547188878,0.0014521633508710217,nan,0,0,cann_no_cue,1.1790880521827098,0.043556797463821795,0.7961706624562334
400.0,1.1355312547188878,0.0014521633508710217,nan,0,0,cann_sparse_cue,1.164069006545899,0.02853775182701135,0.7961706624562332
400.0,1.1355312547188878,0.0014521633508710217,nan,0,0,cann_gated_cue,1.164069002753932,0.028537748035044164,0.7961706624562334
402.0,1.1380790996623396,0.0010692856729480134,nan,0,0,dead_reckoning,1.1819923792038187,0.04391327954147917,
402.0,1.1380790996623396,0.0010692856729480134,nan,0,0,cann_no_cue,1.1819923788841902,0.04391327922185084,0.7961706624412235
402.0,1.1380790996623396,0.0010692856729480134,nan,0,0,cann_sparse_cue,1.1669733332473797,0.028894233585040396,0.7961706624412235
402.0,1.1380790996623396,0.0010692856729480134,nan,0,0,cann_gated_cue,1.1669733294554125,0.028894229793072768,0.7961706624412234
404.0,1.140615583832729,0.001223188171098627,nan,0,0,dead_reckoning,1.1841309505497146,0.04351536671698586,
404.0,1.140615583832729,0.001223188171098627,nan,0,0,cann_no_cue,1.1841309502299802,0.0435153663972514,0.796170662410671
404.0,1.140615583832729,0.001223188171098627,nan,0,0,cann_sparse_cue,1.1691119045931695,0.028496320760440508,0.7961706624106711
404.0,1.140615583832729,0.001223188171098627,nan,0,0,cann_gated_cue,1.1691119008012025,0.028496316968473323,0.796170662410671
406.0,1.1431399316556081,0.0015625148416099773,nan,0,0,dead_reckoning,1.186577326891912,0.04343739523630408,
406.0,1.1431399316556081,0.0015625148416099773,nan,0,0,cann_no_cue,1.1865773265720234,0.04343739491641507,0.7961706624218368
406.0,1.1431399316556081,0.0015625148416099773,nan,0,0,cann_sparse_cue,1.1715582809352132,0.02841834927960507,0.7961706624218368
406.0,1.1431399316556081,0.0015625148416099773,nan,0,0,cann_gated_cue,1.171558277143246,0.028418345487637886,0.7961706624218367
408.0,1.1456513888478062,0.001396675033842788,nan,0,0,dead_reckoning,1.189702356575132,0.04405096772732575,
408.0,1.1456513888478062,0.001396675033842788,nan,0,0,cann_no_cue,1.1897023562549234,0.04405096740711745,0.7961706624517515
408.0,1.1456513888478062,0.001396675033842788,nan,0,0,cann_sparse_cue,1.1746833106181132,0.029031921770307,0.7961706624517514
408.0,1.1456513888478062,0.001396675033842788,nan,0,0,cann_gated_cue,1.1746833068261462,0.02903191797834026,0.7961706624517514
410.0,1.148149223740699,0.0013333683153157242,nan,0,0,dead_reckoning,1.1924957066428175,0.04434648290211829,
410.0,1.148149223740699,0.0013333683153157242,nan,0,0,cann_no_cue,1.192495706322376,0.04434648258167684,0.7961706624362206
410.0,1.148149223740699,0.0013333683153157242,nan,0,0,cann_sparse_cue,1.1774766606855656,0.029327436944866392,0.7961706624362207
410.0,1.148149223740699,0.0013333683153157242,nan,0,0,cann_gated_cue,1.1774766568935988,0.02932743315289965,0.7961706624362206
412.0,1.1506327285638045,0.0014053930384752354,nan,0,0,dead_reckoning,1.195162443273449,0.044529714709644175,
412.0,1.1506327285638045,0.0014053930384752354,nan,0,0,cann_no_cue,1.195162442952806,0.04452971438900155,0.7961706624307512
412.0,1.1506327285638045,0.0014053930384752354,nan,0,0,cann_sparse_cue,1.1801433973159956,0.029510668752191105,0.796170662430751
412.0,1.1506327285638045,0.0014053930384752354,nan,0,0,cann_gated_cue,1.1801433935240286,0.02951066496022392,0.7961706624307512
414.0,1.1531012206864517,0.001440020098767837,nan,0,0,dead_reckoning,1.1979732293503993,0.04487200866394758,
414.0,1.1531012206864517,0.001440020098767837,nan,0,0,cann_no_cue,1.1979732290295217,0.044872008343070036,0.7961706624369936
414.0,1.1531012206864517,0.001440020098767837,nan,0,0,cann_sparse_cue,1.1829541833927113,0.02985296270625959,0.796170662436994
414.0,1.1531012206864517,0.001440020098767837,nan,0,0,cann_gated_cue,1.1829541796007446,0.02985295891429285,0.7961706624369935
416.0,1.1555540438153487,0.001180044784108151,nan,0,0,dead_reckoning,1.200853269547935,0.04529922573258638,
416.0,1.1555540438153487,0.001180044784108151,nan,0,0,cann_no_cue,1.2008532692268044,0.0452992254114557,0.796170662440112
416.0,1.1555540438153487,0.001180044784108151,nan,0,0,cann_sparse_cue,1.185834223589994,0.030280179774645255,0.7961706624401119
416.0,1.1555540438153487,0.001180044784108151,nan,0,0,cann_gated_cue,1.1858342197980276,0.03028017598267896,0.7961706624401119
418.0,1.1579905691459418,0.0012513642186184263,nan,0,0,dead_reckoning,1.2032133591161513,0.045222789970209565,
418.0,1.1579905691459418,0.0012513642186184263,nan,0,0,cann_no_cue,1.2032133587948795,0.04522278964893767,0.7961706624185554
418.0,1.1579905691459418,0.0012513642186184263,nan,0,0,cann_sparse_cue,1.1881943131580692,0.030203744012127665,0.7961706624185553
418.0,1.1579905691459418,0.0012513642186184263,nan,0,0,cann_gated_cue,1.1881943093661025,0.030203740220160924,0.7961706624185555
420.0,1.1604101964655542,0.0013189274817330511,1.1603945610939725,1,0,dead_reckoning,1.2057160875533883,0.045305891087834116,
420.0,1.1604101964655542,0.0013189274817330511,1.1603945610939725,1,0,cann_no_cue,1.2057160872319508,0.04530589076639657,0.7961706624240432
420.0,1.1604101964655542,0.0013189274817330511,1.1603945610939725,1,0,cann_sparse_cue,1.160688023119764,0.00027782665420961195,0.8542898049231493
420.0,1.1604101964655542,0.0013189274817330511,1.1603945610939725,1,0,cann_gated_cue,1.190697037803174,0.03028684133761983,0.7961706624240433
422.0,1.1628123552063627,0.001201446755542149,nan,0,0,dead_reckoning,1.2083539425168544,0.04554158731049185,
422.0,1.1628123552063627,0.001201446755542149,nan,0,0,cann_no_cue,1.208353942195223,0.04554158698886024,0.7961706624295389
422.0,1.1628123552063627,0.001201446755542149,nan,0,0,cann_sparse_cue,1.1633216959493957,0.0005093407430329933,0.7961706624295393
422.0,1.1628123552063627,0.001201446755542149,nan,0,0,cann_gated_cue,1.1933348927664464,0.03052253756008394,0.796170662429539
424.0,1.165196505446366,0.0012599491763574573,nan,0,0,dead_reckoning,1.2107568360279386,0.04556033058157283,
424.0,1.165196505446366,0.0012599491763574573,nan,0,0,cann_no_cue,1.2107568357061596,0.04556033025979378,0.7961706624201682
424.0,1.165196505446366,0.0012599491763574573,nan,0,0,cann_sparse_cue,1.1657245894603323,0.0005280840139665344,0.7961706624201684
424.0,1.165196505446366,0.0012599491763574573,nan,0,0,cann_gated_cue,1.195737786277383,0.030541280831017037,0.7961706624201684
426.0,1.167562138856594,0.001503130480547113,nan,0,0,dead_reckoning,1.2132767343806536,0.045714595524059654,
426.0,1.167562138856594,0.001503130480547113,nan,0,0,cann_no_cue,1.2132767340587054,0.04571459520211141,0.7961706624247256
426.0,1.167562138856594,0.001503130480547113,nan,0,0,cann_sparse_cue,1.1682444878128784,0.0006823489562846063,0.7961706624247256
426.0,1.167562138856594,0.001503130480547113,nan,0,0,cann_gated_cue,1.1982576846299289,0.030695545773334665,0.7961706624247256
428.0,1.1699087795928866,0.0010970099725640032,nan,0,0,dead_reckoning,1.2162829953417478,0.046374215748861136,
428.0,1.1699087795928866,0.0010970099725640032,nan,0,0,cann_no_cue,1.216282995019514,0.04637421542662734,0.7961706624459902
428.0,1.1699087795928866,0.0010970099725640032,nan,0,0,cann_sparse_cue,1.171250748773687,0.0013419691808005396,0.7961706624459901
428.0,1.1699087795928866,0.0010970099725640032,nan,0,0,cann_gated_cue,1.2012639455907377,0.03135516599785104,0.7961706624459901
430.0,1.1722359851306892,0.0015950638500696367,nan,0,0,dead_reckoning,1.2184770152868758,0.046241030156186635,
430.0,1.1722359851306892,0.0015950638500696367,nan,0,0,cann_no_cue,1.2184770149645272,0.04624102983383782,0.7961706624125717
430.0,1.1722359851306892,0.0015950638500696367,nan,0,0,cann_sparse_cue,1.1734447687187,0.0012087835880105757,0.7961706624125717
430.0,1.1722359851306892,0.0015950638500696367,nan,0,0,cann_gated_cue,1.203457965535751,0.031221980405061522,0.796170662412572
432.0,1.1745433470413877,0.0015766610224462836,nan,0,0,dead_reckoning,1.2216671429870152,0.047123795945627656,
432.0,1.1745433470413877,0.0015766610224462836,nan,0,0,cann_no_cue,1.2216671426643273,0.04712379562293956,0.7961706624550043
432.0,1.1745433470413877,0.0015766610224462836,nan,0,0,cann_sparse_cue,1.1766348964185,0.0020915493771123117,0.7961706624550041
432.0,1.1745433470413877,0.0015766610224462836,nan,0,0,cann_gated_cue,1.206648093235551,0.03210474619416326,0.7961706624550041
434.0,1.1768304917088344,0.0009365538827910136,nan,0,0,dead_reckoning,1.2248204650319077,0.04798997332307309,
434.0,1.1768304917088344,0.0009365538827910136,nan,0,0,cann_no_cue,1.224820464708887,0.047989973000052366,0.7961706624531569
434.0,1.1768304917088344,0.0009365538827910136,nan,0,0,cann_sparse_cue,1.17978821846306,0.0029577267542255647,0.7961706624531569
434.0,1.1768304917088344,0.0009365538827910136,nan,0,0,cann_gated_cue,1.2098014152801106,0.03297092357127607,0.7961706624531568
436.0,1.179097080984795,0.0011962806205901596,nan,0,0,dead_reckoning,1.2266935727974897,0.047596491812694985,
436.0,1.179097080984795,0.0011962806205901596,nan,0,0,cann_no_cue,1.2266935724743955,0.047596491489600545,0.7961706624022454
436.0,1.179097080984795,0.0011962806205901596,nan,0,0,cann_sparse_cue,1.1816613262285685,0.0025642452437733,0.7961706624022454
436.0,1.179097080984795,0.0011962806205901596,nan,0,0,cann_gated_cue,1.2116745230456194,0.03257744206082425,0.7961706624022454
438.0,1.1813428127821772,0.0012852787962332338,nan,0,0,dead_reckoning,1.22908613403867,0.047743321256493054,
438.0,1.1813428127821772,0.0012852787962332338,nan,0,0,cann_no_cue,1.2290861337154324,0.04774332093325517,0.7961706624197765
438.0,1.1813428127821772,0.0012852787962332338,nan,0,0,cann_sparse_cue,1.1840538874696056,0.002711074687428372,0.7961706624197767
438.0,1.1813428127821772,0.0012852787962332338,nan,0,0,cann_gated_cue,1.2140670842866563,0.03272427150447932,0.7961706624197763
440.0,1.1835674216049936,0.0010816132539823952,1.1833998759133706,1,0,dead_reckoning,1.2316566916311364,0.04808927002614283,
440.0,1.1835674216049936,0.0010816132539823952,1.1833998759133706,1,0,cann_no_cue,1.2316566913077196,0.04808926970272598,0.796170662426766
440.0,1.1835674216049936,0.0010816132539823952,1.1833998759133706,1,0,cann_sparse_cue,1.1836952992998402,0.00012787769484656764,0.8542898049042761
440.0,1.1835674216049936,0.0010816132539823952,1.1833998759133706,1,0,cann_gated_cue,1.2166376418789437,0.033070220273950124,0.7961706624267659
442.0,1.1857706790141316,0.0010643408455871415,nan,0,0,dead_reckoning,1.2338199181391012,0.04804923912496939,
442.0,1.1857706790141316,0.0010643408455871415,nan,0,0,cann_no_cue,1.2338199178155758,0.04804923880144418,0.7961706624115101
442.0,1.1857706790141316,0.0010643408455871415,nan,0,0,cann_sparse_cue,1.1858548305008623,8.415148673091011e-05,0.7961706624115105
442.0,1.1857706790141316,0.0010643408455871415,nan,0,0,cann_gated_cue,1.2188008683868001,0.03303018937266877,0.7961706624115101
444.0,1.1879523940281134,0.0011381973050495103,nan,0,0,dead_reckoning,1.2359485998302757,0.04799620580216235,
444.0,1.1879523940281134,0.0011381973050495103,nan,0,0,cann_no_cue,1.235948599506648,0.04799620547853456,0.7961706624103373
444.0,1.1879523940281134,0.0011381973050495103,nan,0,0,cann_sparse_cue,1.1879835121919347,3.1118163821286515e-05,0.7961706624103372
444.0,1.1879523940281134,0.0011381973050495103,nan,0,0,cann_gated_cue,1.2209295500778725,0.03297715604975915,0.7961706624103373
446.0,1.1901124134581424,0.0013010868871422975,nan,0,0,dead_reckoning,1.2382249944403747,0.048112580982232256,
446.0,1.1901124134581424,0.0013010868871422975,nan,0,0,cann_no_cue,1.2382249941166226,0.04811258065848012,0.7961706624154853
446.0,1.1901124134581424,0.0013010868871422975,nan,0,0,cann_sparse_cue,1.1902599068019095,0.00014749334376684686,0.7961706624154851
446.0,1.1901124134581424,0.0013010868871422975,nan,0,0,cann_gated_cue,1.2232059446878474,0.03309353122970471,0.7961706624154853
448.0,1.1922506221768492,0.001069419285114043,nan,0,0,dead_reckoning,1.2408271682146592,0.04857654603781025,
448.0,1.1922506221768492,0.001069419285114043,nan,0,0,cann_no_cue,1.240827167890722,0.04857654571387293,0.7961706624280597
448.0,1.1922506221768492,0.001069419285114043,nan,0,0,cann_sparse_cue,1.1928620805760088,0.0006114583991596589,0.7961706624280599
448.0,1.1922506221768492,0.001069419285114043,nan,0,0,cann_gated_cue,1.2258081184619465,0.03355749628509752,0.7961706624280596
450.0,1.1943669433202624,0.0014732349621228184,nan,0,0,dead_reckoning,1.2429660067848873,0.04859906346462495,
450.0,1.1943669433202624,0.0014732349621228184,nan,0,0,cann_no_cue,1.2429660064608448,0.04859906314058238,0.7961706624106801
450.0,1.1943669433202624,0.0014732349621228184,nan,0,0,cann_sparse_cue,1.195000919146132,0.0006339758258695483,0.79617066241068
450.0,1.1943669433202624,0.0014732349621228184,nan,0,0,cann_gated_cue,1.2279469570320698,0.03358001371180741,0.7961706624106804
452.0,1.1964613384226557,0.001199012113846615,nan,0,0,dead_reckoning,1.245912476709133,0.04945113828647729,
452.0,1.1964613384226557,0.001199012113846615,nan,0,0,cann_no_cue,1.2459124763848228,0.04945113796216738,0.7961706624431739
452.0,1.1964613384226557,0.001199012113846615,nan,0,0,cann_sparse_cue,1.19794738907011,0.0014860506474541069,0.796170662443174
452.0,1.1964613384226557,0.001199012113846615,nan,0,0,cann_gated_cue,1.2308934269560479,0.03443208853339197,0.7961706624431742
454.0,1.1985338074840288,0.00111880352570467,nan,0,0,dead_reckoning,1.2483105009368263,0.04977669345279745,
454.0,1.1985338074840288,0.00111880352570467,nan,0,0,cann_no_cue,1.2483105006123674,0.04977669312833832,0.7961706624199835
454.0,1.1985338074840288,0.00111880352570467,nan,0,0,cann_sparse_cue,1.200345413297655,0.0018116058136259383,0.7961706624199838
454.0,1.1985338074840288,0.00111880352570467,nan,0,0,cann_gated_cue,1.2332914511835924,0.0347576436995638,0.7961706624199836
456.0,1.2005843889701087,0.0013764133553635775,nan,0,0,dead_reckoning,1.2505481079882355,0.049963719018126795,
456.0,1.2005843889701087,0.0013764133553635775,nan,0,0,cann_no_cue,1.2505481076636578,0.0499637186935491,0.7961706624141001
456.0,1.2005843889701087,0.0013764133553635775,nan,0,0,cann_sparse_cue,1.2025830203489452,0.0019986313788367127,0.7961706624140998
456.0,1.2005843889701087,0.0013764133553635775,nan,0,0,cann_gated_cue,1.2355290582348828,0.03494466926477413,0.7961706624141
458.0,1.2026131597448657,0.0012169684831941179,nan,0,0,dead_reckoning,1.2533009346989625,0.05068777495409682,
458.0,1.2026131597448657,0.0012169684831941179,nan,0,0,cann_no_cue,1.253300934374166,0.050687774629300186,0.7961706624344427
458.0,1.2026131597448657,0.0012169684831941179,nan,0,0,cann_sparse_cue,1.2053358470594535,0.0027226873145878017,0.7961706624344423
458.0,1.2026131597448657,0.0012169684831941179,nan,0,0,cann_gated_cue,1.238281884945391,0.03566872520052522,0.7961706624344426
460.0,1.2046202349356703,0.001157887887389515,1.204039148435581,1,0,dead_reckoning,1.255734871665351,0.05111463672968064,
460.0,1.2046202349356703,0.001157887887389515,1.204039148435581,1,0,cann_no_cue,1.2557348713404,0.05111463640472991,0.7961706624213561
460.0,1.2046202349356703,0.001157887887389515,1.204039148435581,1,0,cann_sparse_cue,1.204319016050006,-0.0003012188856645892,0.854289805653073
460.0,1.2046202349356703,0.001157887887389515,1.204039148435581,1,0,cann_gated_cue,1.2407158219116252,0.03609558697595494,0.7961706624213565
462.0,1.2066057677313187,0.0010176923549935389,nan,0,0,dead_reckoning,1.2580506474401298,0.051444879708811175,
462.0,1.2066057677313187,0.0010176923549935389,nan,0,0,cann_no_cue,1.258050647115047,0.05144487938372855,0.7961706624169161
462.0,1.2066057677313187,0.0010176923549935389,nan,0,0,cann_sparse_cue,1.206631014259573,2.524652825464102e-05,0.7961706624169161
462.0,1.2066057677313187,0.0010176923549935389,nan,0,0,cann_gated_cue,1.2430315976862725,0.036425829954954025,0.796170662416916
464.0,1.2085699491132886,0.0013874715292009957,nan,0,0,dead_reckoning,1.260086032150117,0.05151608303682842,
464.0,1.2085699491132886,0.0013874715292009957,nan,0,0,cann_no_cue,1.260086031824944,0.05151608271165564,0.7961706624072633
464.0,1.2085699491132886,0.0013874715292009957,nan,0,0,cann_sparse_cue,1.2086663989694704,9.644985618173507e-05,0.7961706624072635
464.0,1.2085699491132886,0.0013874715292009957,nan,0,0,cann_gated_cue,1.2450669823961698,0.03649703328288112,0.7961706624072635
466.0,1.2105130075206927,0.0012099847238988505,nan,0,0,dead_reckoning,1.2628609752085191,0.05234796768782646,
466.0,1.2105130075206927,0.0012099847238988505,nan,0,0,cann_no_cue,1.2628609748831225,0.05234796736242986,0.7961706624354098
466.0,1.2105130075206927,0.0012099847238988505,nan,0,0,cann_sparse_cue,1.2114413420276489,0.0009283345069563964,0.7961706624354098
466.0,1.2105130075206927,0.0012099847238988505,nan,0,0,cann_gated_cue,1.2478419254543482,0.03732891793365578,0.7961706624354099
468.0,1.2124352084495185,0.0010163144843240639,nan,0,0,dead_reckoning,1.2652809446563167,0.05284573620679822,
468.0,1.2124352084495185,0.0010163144843240639,nan,0,0,cann_no_cue,1.2652809443307687,0.05284573588125019,0.7961706624208201
468.0,1.2124352084495185,0.0010163144843240639,nan,0,0,cann_sparse_cue,1.213861311475295,0.001426103025776726,0.7961706624208199
468.0,1.2124352084495185,0.0010163144843240639,nan,0,0,cann_gated_cue,1.2502618949019946,0.03782668645247611,0.7961706624208202
470.0,1.2143368539868584,0.0007606012355318088,nan,0,0,dead_reckoning,1.2673135736249648,0.05297671963810657,
470.0,1.2143368539868584,0.0007606012355318088,nan,0,0,cann_no_cue,1.2673135732993268,0.05297671931246839,0.7961706624071749
470.0,1.2143368539868584,0.0007606012355318088,nan,0,0,cann_sparse_cue,1.2158939404438536,0.0015570864569953713,0.7961706624071746
470.0,1.2143368539868584,0.0007606012355318088,nan,0,0,cann_gated_cue,1.2522945238705527,0.03795766988369431,0.7961706624071747
472.0,1.2162182822809462,0.0010823146034055911,nan,0,0,dead_reckoning,1.2688347760960283,0.052616493815082155,
472.0,1.2162182822809462,0.0010823146034055911,nan,0,0,cann_no_cue,1.2688347757703526,0.052616493489406224,0.796170662392795
472.0,1.2162182822809462,0.0010823146034055911,nan,0,0,cann_sparse_cue,1.2174151429148794,0.0011968606339332055,0.7961706623927948
472.0,1.2162182822809462,0.0010823146034055911,nan,0,0,cann_gated_cue,1.2538157263415783,0.037597444060632146,0.7961706623927952
474.0,1.2180798669479302,0.0008031262749915424,nan,0,0,dead_reckoning,1.2709994053028395,0.05291953835490926,
474.0,1.2180798669479302,0.0008031262749915424,nan,0,0,cann_no_cue,1.270999404977058,0.05291953802912808,0.7961706624115583
474.0,1.2180798669479302,0.0008031262749915424,nan,0,0,cann_sparse_cue,1.2195797721215846,0.0014999051736541702,0.7961706624115579
474.0,1.2180798669479302,0.0008031262749915424,nan,0,0,cann_gated_cue,1.2559803555482842,0.037900488600354,0.7961706624115584
476.0,1.2199220164164237,0.0006784266302168015,nan,0,0,dead_reckoning,1.2726056578528224,0.0526836414363987,
476.0,1.2199220164164237,0.0006784266302168015,nan,0,0,cann_no_cue,1.2726056575269964,0.052683641110572665,0.7961706623948996
476.0,1.2199220164164237,0.0006784266302168015,nan,0,0,cann_sparse_cue,1.2211860246715232,0.0012640082550996468,0.7961706623948994
476.0,1.2199220164164237,0.0006784266302168015,nan,0,0,cann_gated_cue,1.2575866080982223,0.03766459168179859,0.7961706623948993
478.0,1.2217451732109823,0.0009142972510758857,nan,0,0,dead_reckoning,1.2739625111132562,0.0522173379022739,
478.0,1.2217451732109823,0.0009142972510758857,nan,0,0,cann_no_cue,1.2739625107874037,0.05221733757642166,0.7961706623890527
478.0,1.2217451732109823,0.0009142972510758857,nan,0,0,cann_sparse_cue,1.2225428779319305,0.0007977047209482002,0.7961706623890529
478.0,1.2217451732109823,0.0009142972510758857,nan,0,0,cann_gated_cue,1.2589434613586297,0.03719828814764714,0.7961706623890527
480.0,1.2235498131757652,0.0010095423747264079,1.2233243313820799,1,0,dead_reckoning,1.2757911056154079,0.052241292439642706,
480.0,1.2235498131757652,0.0010095423747264079,1.2233243313820799,1,0,cann_no_cue,1.2757911052894917,0.05224129211372652,0.7961706624009417
480.0,1.2235498131757652,0.0010095423747264079,1.2233243313820799,1,0,cann_sparse_cue,1.2235342163657308,-1.559681003460156e-05,0.85428980853234
480.0,1.2235498131757652,0.0010095423747264079,1.2233243313820799,1,0,cann_gated_cue,1.2607720558607176,0.037222242684952445,0.7961706624009417
482.0,1.2253364446397434,0.0011738108865655243,nan,0,0,dead_reckoning,1.2778101903648607,0.052473745725117205,
482.0,1.2253364446397434,0.0011738108865655243,nan,0,0,cann_no_cue,1.2778101900388579,0.052473745399114424,0.7961706624067404
482.0,1.2253364446397434,0.0011738108865655243,nan,0,0,cann_sparse_cue,1.2255501750839641,0.00021373044422068332,0.7961706624067407
482.0,1.2253364446397434,0.0011738108865655243,nan,0,0,cann_gated_cue,1.2627911406100838,0.037454695970340346,0.7961706624067406
484.0,1.2271056075249174,0.0009950425094934683,nan,0,0,dead_reckoning,1.2801578121379917,0.05305220461307414,
484.0,1.2271056075249174,0.0009950425094934683,nan,0,0,cann_no_cue,1.280157811811853,0.05305220428693591,0.7961706624180911
484.0,1.2271056075249174,0.0009950425094934683,nan,0,0,cann_sparse_cue,1.227897796856959,0.0007921893320417261,0.7961706624180909
484.0,1.2271056075249174,0.0009950425094934683,nan,0,0,cann_gated_cue,1.265138762383079,0.03803315485816139,0.7961706624180912
486.0,1.2288578723991106,0.0010758595992127159,nan,0,0,dead_reckoning,1.2821478971569786,0.05329002475786826,
486.0,1.2288578723991106,0.0010758595992127159,nan,0,0,cann_no_cue,1.2821478968307556,0.05329002443164477,0.7961706624058207
486.0,1.2288578723991106,0.0010758595992127159,nan,0,0,cann_sparse_cue,1.229887881875862,0.00103000947675147,0.7961706624058208
486.0,1.2288578723991106,0.0010758595992127159,nan,0,0,cann_gated_cue,1.2671288474019817,0.03827097500287113,0.7961706624058207
488.0,1.230593839475,0.0007220828605469009,nan,0,0,dead_reckoning,1.284299616355404,0.0537057768804039,
488.0,1.230593839475,0.0007220828605469009,nan,0,0,cann_no_cue,1.284299616029076,0.053705776554076046,0.7961706624111172
488.0,1.230593839475,0.0007220828605469009,nan,0,0,cann_sparse_cue,1.2320396010741823,0.0014457615991823047,0.7961706624111173
488.0,1.230593839475,0.0007220828605469009,nan,0,0,cann_gated_cue,1.269280566600302,0.03868672712530197,0.7961706624111174
490.0,1.2323141375571391,0.0009255842448314836,nan,0,0,dead_reckoning,1.2857437820764979,0.05342964451935872,
490.0,1.2323141375571391,0.0009255842448314836,nan,0,0,cann_no_cue,1.2857437817501371,0.053429644192998005,0.7961706623909874
490.0,1.2323141375571391,0.0009255842448314836,nan,0,0,cann_sparse_cue,1.2334837667952434,0.0011696292381042639,0.7961706623909875
490.0,1.2323141375571391,0.0009255842448314836,nan,0,0,cann_gated_cue,1.270724732321363,0.038410594764223926,0.7961706623909878
492.0,1.2340194229388202,0.000942145013387685,nan,0,0,dead_reckoning,1.2875949505661608,0.053575527627340414,
492.0,1.2340194229388202,0.000942145013387685,nan,0,0,cann_no_cue,1.287594950239734,0.05357552730091353,0.796170662401599
492.0,1.2340194229388202,0.000942145013387685,nan,0,0,cann_sparse_cue,1.2353349352848404,0.0013155123460202311,0.7961706624015988
492.0,1.2340194229388202,0.000942145013387685,nan,0,0,cann_gated_cue,1.2725759008109596,0.03855647787213945,0.7961706624015992
494.0,1.2357103782507137,0.001076745382292491,nan,0,0,dead_reckoning,1.2894792405929363,0.053768862342222334,
494.0,1.2357103782507137,0.001076745382292491,nan,0,0,cann_no_cue,1.2894792402664388,0.05376886201572528,0.7961706624025776
494.0,1.2357103782507137,0.001076745382292491,nan,0,0,cann_sparse_cue,1.237219225311545,0.0015088470608315419,0.7961706624025777
494.0,1.2357103782507137,0.001076745382292491,nan,0,0,cann_gated_cue,1.2744601908376643,0.03874981258695076,0.7961706624025777
496.0,1.237387711263302,0.0009384643597491817,nan,0,0,dead_reckoning,1.291632731357521,0.054245020094219054,
496.0,1.237387711263302,0.0009384643597491817,nan,0,0,cann_no_cue,1.2916327310309188,0.05424501976761675,0.7961706624111776
496.0,1.237387711263302,0.0009384643597491817,nan,0,0,cann_sparse_cue,1.2393727160760255,0.0019850048127234565,0.7961706624111776
496.0,1.237387711263302,0.0009384643597491817,nan,0,0,cann_gated_cue,1.2766136816021443,0.03922597033884223,0.7961706624111778
498.0,1.2390521536452095,0.0010464494160512313,nan,0,0,dead_reckoning,1.2935096600770195,0.05445750643181002,
498.0,1.2390521536452095,0.0010464494160512313,nan,0,0,cann_no_cue,1.2935096597503466,0.05445750610513711,0.7961706624023588
498.0,1.2390521536452095,0.0010464494160512313,nan,0,0,cann_sparse_cue,1.2412496447954533,0.0021974911502438133,0.7961706624023588
498.0,1.2390521536452095,0.0010464494160512313,nan,0,0,cann_gated_cue,1.2784906103215723,0.03943845667636303,0.7961706624023588
500.0,1.2407044596796064,0.0008134281433844061,1.2400288446251724,1,0,dead_reckoning,1.295602558909122,0.05489809922951583,
500.0,1.2407044596796064,0.0008134281433844061,1.2400288446251724,1,0,cann_no_cue,1.2956025585823527,0.054898098902746106,0.7961706624091419
500.0,1.2407044596796064,0.0008134281433844061,1.2400288446251724,1,0,cann_sparse_cue,1.2402695204900283,-0.000434939189577932,0.8542898073645202
500.0,1.2407044596796064,0.0008134281433844061,1.2400288446251724,1,0,cann_gated_cue,1.2805835091535782,0.039879049473971584,0.7961706624091421
502.0,1.242345404940941,0.0009584280852851788,nan,0,0,dead_reckoning,1.2972294151958907,0.05488401025494971,
502.0,1.242345404940941,0.0009584280852851788,nan,0,0,cann_no_cue,1.2972294148690753,0.05488400992813425,0.7961706623954263
502.0,1.242345404940941,0.0009584280852851788,nan,0,0,cann_sparse_cue,1.241893506909589,-0.0004518980313519272,0.7961706623954267
502.0,1.242345404940941,0.0009584280852851788,nan,0,0,cann_gated_cue,1.282210365440301,0.039864960499359725,0.7961706623954263
504.0,1.2439757849343178,0.0009687493512826402,nan,0,0,dead_reckoning,1.2991462713664612,0.055170486432143395,
504.0,1.2439757849343178,0.0009687493512826402,nan,0,0,cann_no_cue,1.2991462710395718,0.05517048610525421,0.7961706624035574
504.0,1.2439757849343178,0.0009687493512826402,nan,0,0,cann_sparse_cue,1.2438103630800854,-0.00016542185423240596,0.796170662403557
504.0,1.2439757849343178,0.0009687493512826402,nan,0,0,cann_gated_cue,1.2841272216107973,0.04015143667647969,0.7961706624035569
506.0,1.2455964136999116,0.0006692047717304448,nan,0,0,dead_reckoning,1.3010837700690265,0.05548735636911495,
506.0,1.2455964136999116,0.0006692047717304448,nan,0,0,cann_no_cue,1.3010837697420603,0.05548735604214894,0.7961706624041869
506.0,1.2455964136999116,0.0006692047717304448,nan,0,0,cann_sparse_cue,1.2457478617825741,0.0001514480826623199,0.7961706624041864
506.0,1.2455964136999116,0.0006692047717304448,nan,0,0,cann_gated_cue,1.286064720313286,0.040468306613374416,0.7961706624041868
508.0,1.247208122384864,0.0009179049273747606,nan,0,0,dead_reckoning,1.3024221796124875,0.05521405722762385,
508.0,1.247208122384864,0.0009179049273747606,nan,0,0,cann_no_cue,1.3024221792854953,0.05521405690063119,0.7961706623886592
508.0,1.247208122384864,0.0009179049273747606,nan,0,0,cann_sparse_cue,1.2470862713260094,-0.00012185105885453851,0.7961706623886592
508.0,1.247208122384864,0.0009179049273747606,nan,0,0,cann_gated_cue,1.287403129856721,0.040195007471857114,0.7961706623886595
510.0,1.2488117577851687,0.0008319573094417641,nan,0,0,dead_reckoning,1.3042579894672368,0.05544623168206808,
510.0,1.2488117577851687,0.0008319573094417641,nan,0,0,cann_no_cue,1.3042579891401804,0.05544623135501148,0.7961706624011509
510.0,1.2488117577851687,0.0008319573094417641,nan,0,0,cann_sparse_cue,1.2489220811806947,0.00011032339552574655,0.796170662401151
510.0,1.2488117577851687,0.0008319573094417641,nan,0,0,cann_gated_cue,1.2892389397114061,0.0404271819262374,0.7961706624011509
512.0,1.250408180860105,0.000549079659523084,nan,0,0,dead_reckoning,1.3059219040861203,0.05551372322601544,
512.0,1.250408180860105,0.000549079659523084,nan,0,0,cann_no_cue,1.3059219037590153,0.05551372289890999,0.7961706623963913
512.0,1.250408180860105,0.000549079659523084,nan,0,0,cann_sparse_cue,1.2505859957995296,0.00017781493942425897,0.7961706623963914
512.0,1.250408180860105,0.000549079659523084,nan,0,0,cann_gated_cue,1.290902854330241,0.04049467347013591,0.7961706623963912
514.0,1.251998265221821,0.0010467580900487537,nan,0,0,dead_reckoning,1.3070200634051665,0.05502179818334563,
514.0,1.251998265221821,0.0010467580900487537,nan,0,0,cann_no_cue,1.307020063078047,0.055021797856226407,0.7961706623840277
514.0,1.251998265221821,0.0010467580900487537,nan,0,0,cann_sparse_cue,1.2516841551185613,-0.0003141101032593241,0.7961706623840277
514.0,1.251998265221821,0.0010467580900487537,nan,0,0,cann_gated_cue,1.2920010136492728,0.040002748427451884,0.7961706623840279
516.0,1.2535828956027215,0.0008099474370745294,nan,0,0,dead_reckoning,1.3091135795852642,0.05553068398254268,
516.0,1.2535828956027215,0.0008099474370745294,nan,0,0,cann_no_cue,1.3091135792580497,0.055530683655327984,0.7961706624091626
516.0,1.2535828956027215,0.0008099474370745294,nan,0,0,cann_sparse_cue,1.253777671298564,0.00019477569584225307,0.7961706624091622
516.0,1.2535828956027215,0.0008099474370745294,nan,0,0,cann_gated_cue,1.2940945298292754,0.040511634226553905,0.7961706624091626
518.0,1.2551629663033472,0.0007340850379568477,nan,0,0,dead_reckoning,1.310733474459413,0.05557050815606601,
518.0,1.2551629663033472,0.0007340850379568477,nan,0,0,cann_no_cue,1.310733474132153,0.055570507828806015,0.7961706623952476
518.0,1.2551629663033472,0.0007340850379568477,nan,0,0,cann_sparse_cue,1.2553975661726673,0.00023459986932028443,0.7961706623952476
518.0,1.2551629663033472,0.0007340850379568477,nan,0,0,cann_gated_cue,1.2957144247033787,0.04055145840003149,0.7961706623952476
520.0,1.2567393796234678,0.0008121506302656825,1.2546259316213275,1,0,dead_reckoning,1.3122016445353268,0.055462264911859016,
520.0,1.2567393796234678,0.0008121506302656825,1.2546259316213275,1,0,cann_no_cue,1.3122016442080335,0.05546226458456571,0.7961706623915407
520.0,1.2567393796234678,0.0008121506302656825,1.2546259316213275,1,0,cann_sparse_cue,1.2547947477150159,-0.0019446319084517327,0.8542898098336984
520.0,1.2567393796234678,0.0008121506302656825,1.2546259316213275,1,0,cann_gated_cue,1.2971825947792588,0.040443215155790746,0.7961706623915406
522.0,1.2583130442791404,0.0008989711467189996,nan,0,0,dead_reckoning,1.313825945795858,0.055512901516717506,
522.0,1.2583130442791404,0.0008989711467189996,nan,0,0,cann_no_cue,1.31382594546852,0.05551290118937935,0.7961706623953607
522.0,1.2583130442791404,0.0008989711467189996,nan,0,0,cann_sparse_cue,1.2564165341367395,-0.0018965101424006647,0.796170662395361
522.0,1.2583130442791404,0.0008989711467189996,nan,0,0,cann_gated_cue,1.2988068960397454,0.040493851760604826,0.7961706623953607
524.0,1.259884873808514,0.0011323097640258165,nan,0,0,dead_reckoning,1.3156238880892963,0.05573901428078232,
524.0,1.259884873808514,0.0011323097640258165,nan,0,0,cann_no_cue,1.315623887761897,0.05573901395338332,0.7961706624000623
524.0,1.259884873808514,0.0011323097640258165,nan,0,0,cann_sparse_cue,1.2582144764301164,-0.0016703973783975812,0.7961706624000623
524.0,1.259884873808514,0.0011323097640258165,nan,0,0,cann_gated_cue,1.3006048383331223,0.040719964524608354,0.7961706624000622
526.0,1.261455784969173,0.000838460463136135,nan,0,0,dead_reckoning,1.3178885076173479,0.056432722648175115,
526.0,1.261455784969173,0.000838460463136135,nan,0,0,cann_no_cue,1.317888507289827,0.056432722320653994,0.7961706624150624
526.0,1.261455784969173,0.000838460463136135,nan,0,0,cann_sparse_cue,1.2604790959580463,-0.0009766890111269078,0.7961706624150623
526.0,1.261455784969173,0.000838460463136135,nan,0,0,cann_gated_cue,1.3028694578610522,0.04141367289187947,0.7961706624150622
528.0,1.263026696129832,0.0009503021099114103,nan,0,0,dead_reckoning,1.31956542854362,0.05653873241378804,
528.0,1.263026696129832,0.0009503021099114103,nan,0,0,cann_no_cue,1.3195654282160485,0.05653873208621629,0.7961706623967351
528.0,1.263026696129832,0.0009503021099114103,nan,0,0,cann_sparse_cue,1.2621560168842678,-0.0008706792455641654,0.7961706623967352
528.0,1.263026696129832,0.0009503021099114103,nan,0,0,cann_gated_cue,1.3045463787872738,0.04151968265744177,0.7961706623967352
530.0,1.2645985256592056,0.0011122940565402662,nan,0,0,dead_reckoning,1.321466032763443,0.05686750710423727,
530.0,1.2645985256592056,0.0011122940565402662,nan,0,0,cann_no_cue,1.3214660324357992,0.05686750677659358,0.7961706624030661
530.0,1.2645985256592056,0.0011122940565402662,nan,0,0,cann_sparse_cue,1.2640566211040185,-0.0005419045551873225,0.7961706624030666
530.0,1.2645985256592056,0.0011122940565402662,nan,0,0,cann_gated_cue,1.3064469830070244,0.04184845734781906,0.7961706624030662
532.0,1.2661721903148782,0.0009640420074146635,nan,0,0,dead_reckoning,1.3236906208765236,0.057518430561645406,
532.0,1.2661721903148782,0.0009640420074146635,nan,0,0,cann_no_cue,1.3236906205487642,0.05751843023388581,0.7961706624136403
532.0,1.2661721903148782,0.0009640420074146635,nan,0,0,cann_sparse_cue,1.2662812092169835,0.00010901890210535115,0.7961706624136404
532.0,1.2661721903148782,0.0009640420074146635,nan,0,0,cann_gated_cue,1.3086715711199897,0.042499380805111286,0.7961706624136404
534.0,1.2677486036349987,0.0010583311109140436,nan,0,0,dead_reckoning,1.3256187048913528,0.057870101256353834,
534.0,1.2677486036349987,0.0010583311109140436,nan,0,0,cann_no_cue,1.3256187045635168,0.0578701009285183,0.7961706624038984
534.0,1.2677486036349987,0.0010583311109140436,nan,0,0,cann_sparse_cue,1.2682092932317361,0.00046068959673739585,0.7961706624038988
534.0,1.2677486036349987,0.0010583311109140436,nan,0,0,cann_gated_cue,1.3105996551347425,0.042851051499743775,0.7961706624038988
536.0,1.2693286743356245,0.000783952111726799,nan,0,0,dead_reckoning,1.3277353671131809,0.05840669277755639,
536.0,1.2693286743356245,0.000783952111726799,nan,0,0,cann_no_cue,1.3277353667852452,0.058406692449620934,0.7961706624099333
536.0,1.2693286743356245,0.000783952111726799,nan,0,0,cann_sparse_cue,1.2703259554534643,0.000997281117840032,0.7961706624099333
536.0,1.2693286743356245,0.000783952111726799,nan,0,0,cann_gated_cue,1.3127163173564707,0.04338764302084641,0.7961706624099334
538.0,1.270913304716525,0.0010003347547524514,nan,0,0,dead_reckoning,1.3293032713366346,0.05838996662010931,
538.0,1.270913304716525,0.0010003347547524514,nan,0,0,cann_no_cue,1.3293032710086572,0.05838996629213211,0.7961706623939364
538.0,1.270913304716525,0.0010003347547524514,nan,0,0,cann_sparse_cue,1.2718938596768765,0.000980554960351654,0.7961706623939363
538.0,1.270913304716525,0.0010003347547524514,nan,0,0,cann_gated_cue,1.314284221579883,0.04337091686335803,0.7961706623939365
540.0,1.272503389078241,0.0008724160409249376,1.2714609838157094,1,0,dead_reckoning,1.3313039408461396,0.05880055176789867,
540.0,1.272503389078241,0.0008724160409249376,1.2714609838157094,1,0,cann_no_cue,1.3313039405180784,0.058800551439837534,0.796170662406155
540.0,1.272503389078241,0.0008724160409249376,1.2714609838157094,1,0,cann_sparse_cue,1.2716908960032811,-0.0008124930749597858,0.8542898077911696
540.0,1.272503389078241,0.0008724160409249376,1.2714609838157094,1,0,cann_gated_cue,1.316284891089304,0.04378150201106301,0.7961706624061549
542.0,1.2740998121531772,0.0010788011957620814,nan,0,0,dead_reckoning,1.3330487729279894,0.058948960774812154,
542.0,1.2740998121531772,0.0010788011957620814,nan,0,0,cann_no_cue,1.3330487725998719,0.05894896044669462,0.7961706623985736
542.0,1.2740998121531772,0.0010788011957620814,nan,0,0,cann_sparse_cue,1.273432788557323,-0.0006670235958541326,0.7961706623985735
542.0,1.2740998121531772,0.0010788011957620814,nan,0,0,cann_gated_cue,1.3180297231710973,0.0439299110179201,0.7961706623985738
544.0,1.275703447553482,0.0007163059858476941,nan,0,0,dead_reckoning,1.3352063753195136,0.05950292776603128,
544.0,1.275703447553482,0.0007163059858476941,nan,0,0,cann_no_cue,1.335206374991291,0.05950292743780894,0.796170662411318
544.0,1.275703447553482,0.0007163059858476941,nan,0,0,cann_sparse_cue,1.275590390948742,-0.00011305660474025814,0.7961706624113177
544.0,1.275703447553482,0.0007163059858476941,nan,0,0,cann_gated_cue,1.3201873255625163,0.04448387800903397,0.7961706624113178
546.0,1.2773151562384344,0.0007532596084159638,nan,0,0,dead_reckoning,1.336638987291209,0.05932383105277461,
546.0,1.2773151562384344,0.0007532596084159638,nan,0,0,cann_no_cue,1.3366389869629542,0.059323830724519855,0.7961706623907245
546.0,1.2773151562384344,0.0007532596084159638,nan,0,0,cann_sparse_cue,1.2770230029204053,-0.0002921533180293423,0.7961706623907246
546.0,1.2773151562384344,0.0007532596084159638,nan,0,0,cann_gated_cue,1.3216199375341795,0.04430478129574489,0.7961706623907245
548.0,1.2789357850040282,0.0011108131496724402,nan,0,0,dead_reckoning,1.338145506508041,0.059209721504013046,
548.0,1.2789357850040282,0.0011108131496724402,nan,0,0,cann_no_cue,1.3381455061797505,0.05920972117572232,0.7961706623924433
548.0,1.2789357850040282,0.0011108131496724402,nan,0,0,cann_sparse_cue,1.2785295221372015,-0.0004062628668268786,0.7961706623924432
548.0,1.2789357850040282,0.0011108131496724402,nan,0,0,cann_gated_cue,1.3231264567509757,0.04419067174694735,0.7961706623924433
550.0,1.280566164997405,0.0008603301639350748,nan,0,0,dead_reckoning,1.3403671328073858,0.059800967809980676,
550.0,1.280566164997405,0.0008603301639350748,nan,0,0,cann_no_cue,1.3403671324789812,0.05980096748157626,0.7961706624135361
550.0,1.280566164997405,0.0008603301639350748,nan,0,0,cann_sparse_cue,1.280751148436432,0.00018498343902706438,0.7961706624135363
550.0,1.280566164997405,0.0008603301639350748,nan,0,0,cann_gated_cue,1.3253480830502065,0.044781918052801295,0.7961706624135363
552.0,1.2822071102587396,0.0008377546430808459,nan,0,0,dead_reckoning,1.342087793135256,0.05988068287651638,
552.0,1.2822071102587396,0.0008377546430808459,nan,0,0,cann_no_cue,1.3420877928067962,0.059880682548056896,0.7961706623979107
552.0,1.2822071102587396,0.0008377546430808459,nan,0,0,cann_sparse_cue,1.2824718087642475,0.000264698505508143,0.7961706623979108
552.0,1.2822071102587396,0.0008377546430808459,nan,0,0,cann_gated_cue,1.3270687433780217,0.044861633119282374,0.7961706623979109
554.0,1.2838594162931365,0.0009163376464522752,nan,0,0,dead_reckoning,1.3437633024214177,0.059903886128281236,
554.0,1.2838594162931365,0.0009163376464522752,nan,0,0,cann_no_cue,1.3437633020929083,0.05990388579977157,0.7961706623966976
554.0,1.2838594162931365,0.0009163376464522752,nan,0,0,cann_sparse_cue,1.2841473180503595,0.0002879017572228193,0.7961706623966978
554.0,1.2838594162931365,0.0009163376464522752,nan,0,0,cann_gated_cue,1.3287442526641338,0.04488483637099705,0.7961706623966978
556.0,1.285523858675044,0.0007825527904383898,nan,0,0,dead_reckoning,1.3455959777143223,0.06007211903927834,
556.0,1.285523858675044,0.0007825527904383898,nan,0,0,cann_no_cue,1.3455959773857482,0.06007211871070428,0.79617066240106
556.0,1.285523858675044,0.0007825527904383898,nan,0,0,cann_sparse_cue,1.2859799933431992,0.00045613466815552783,0.7961706624010598
556.0,1.285523858675044,0.0007825527904383898,nan,0,0,cann_gated_cue,1.3305769279569737,0.04505306928192976,0.79617066240106
558.0,1.2872011916876323,0.0011491931950314345,nan,0,0,dead_reckoning,1.347161083295199,0.05995989160756654,
558.0,1.2872011916876323,0.0011491931950314345,nan,0,0,cann_no_cue,1.3471610829665843,0.05995989127895207,0.7961706623938671
558.0,1.2872011916876323,0.0011491931950314345,nan,0,0,cann_sparse_cue,1.2875450989240353,0.000343907236403318,0.7961706623938669
558.0,1.2872011916876323,0.0011491931950314345,nan,0,0,cann_gated_cue,1.3321420335378098,0.04494084185017755,0.7961706623938668
560.0,1.2888921469995258,0.0007081003567956165,1.289307232493533,1,0,dead_reckoning,1.3494594696852618,0.060567322685735725,
560.0,1.2888921469995258,0.0007081003567956165,1.289307232493533,1,0,cann_no_cue,1.3494594693565205,0.06056732235699469,0.7961706624162811
560.0,1.2888921469995258,0.0007081003567956165,1.289307232493533,1,0,cann_sparse_cue,1.28957087244735,0.0006787254478242133,0.8542898064007279
560.0,1.2888921469995258,0.0007081003567956165,1.289307232493533,1,0,cann_gated_cue,1.334440419927746,0.04554827292822017,0.7961706624162811
562.0,1.2905974323812068,0.0009054933407514534,nan,0,0,dead_reckoning,1.3508756703988531,0.06027823801764631,
562.0,1.2905974323812068,0.0009054933407514534,nan,0,0,cann_no_cue,1.3508756700700801,0.060278237688873304,0.7961706623903547
562.0,1.2905974323812068,0.0009054933407514534,nan,0,0,cann_sparse_cue,1.2909843098811387,0.0003868774999320479,0.7961706623903549
562.0,1.2905974323812068,0.0009054933407514534,nan,0,0,cann_gated_cue,1.335856620641306,0.045259188260099226,0.7961706623903547
564.0,1.292317730463346,0.0009990775292763423,nan,0,0,dead_reckoning,1.352686657080356,0.06036892661701021,
564.0,1.292317730463346,0.0009990775292763423,nan,0,0,cann_no_cue,1.3526866567515212,0.06036892628817547,0.7961706624004349
564.0,1.292317730463346,0.0009990775292763423,nan,0,0,cann_sparse_cue,1.2927952965625795,0.0004775660992333286,0.796170662400435
564.0,1.292317730463346,0.0009990775292763423,nan,0,0,cann_gated_cue,1.337667607322747,0.04534987685940095,0.7961706624004344
566.0,1.2940536975392354,0.0009258282448495679,nan,0,0,dead_reckoning,1.3546848121389088,0.06063111459967363,
566.0,1.2940536975392354,0.0009258282448495679,nan,0,0,cann_no_cue,1.35468481180999,0.060631114270754516,0.7961706624060754
566.0,1.2940536975392354,0.0009258282448495679,nan,0,0,cann_sparse_cue,1.2947934516210484,0.0007397540818132597,0.7961706624060751
566.0,1.2940536975392354,0.0009258282448495679,nan,0,0,cann_gated_cue,1.3396657623812156,0.04561206484197999,0.7961706624060753
568.0,1.2958059624134286,0.0007979872148909121,nan,0,0,dead_reckoning,1.3565364686286077,0.06073050621517906,
568.0,1.2958059624134286,0.0007979872148909121,nan,0,0,cann_no_cue,1.3565364682996217,0.06073050588619289,0.796170662401613
568.0,1.2958059624134286,0.0007979872148909121,nan,0,0,cann_sparse_cue,1.2966451081106802,0.0008391456972516309,0.796170662401613
568.0,1.2958059624134286,0.0007979872148909121,nan,0,0,cann_gated_cue,1.3415174188708474,0.04571145645741881,0.7961706624016134
570.0,1.2975751252986025,0.0007957555585587909,nan,0,0,dead_reckoning,1.3581324430583896,0.06055731775978712,
570.0,1.2975751252986025,0.0007957555585587909,nan,0,0,cann_no_cue,1.3581324427293602,0.06055731743075743,0.7961706623946389
570.0,1.2975751252986025,0.0007957555585587909,nan,0,0,cann_sparse_cue,1.2982410825404187,0.000665957241816173,0.7961706623946392
570.0,1.2975751252986025,0.0007957555585587909,nan,0,0,cann_gated_cue,1.3431133933005859,0.04553826800198335,0.796170662394639
572.0,1.2993617567625808,0.001025282867525846,nan,0,0,dead_reckoning,1.3597239541755073,0.06036219741292648,
572.0,1.2993617567625808,0.001025282867525846,nan,0,0,cann_no_cue,1.3597239538464354,0.060362197083854596,0.7961706623945266
572.0,1.2993617567625808,0.001025282867525846,nan,0,0,cann_sparse_cue,1.299832593657494,0.00047083689491334013,0.7961706623945264
572.0,1.2993617567625808,0.001025282867525846,nan,0,0,cann_gated_cue,1.344704904417661,0.045343147655080074,0.7961706623945265
574.0,1.3011663967273637,0.0007754933938448328,nan,0,0,dead_reckoning,1.3617745199105589,0.06060812318319542,
574.0,1.3011663967273637,0.0007754933938448328,nan,0,0,cann_no_cue,1.361774519581397,0.060608122854033386,0.796170662407754
574.0,1.3011663967273637,0.0007754933938448328,nan,0,0,cann_sparse_cue,1.3018831593924556,0.0007167626650916858,0.796170662407754
574.0,1.3011663967273637,0.0007754933938448328,nan,0,0,cann_gated_cue,1.3467554701526225,0.045589073425258864,0.7961706624077541
576.0,1.3029895535219223,0.001074472449161484,nan,0,0,dead_reckoning,1.3633255066982484,0.06033595317632612,
576.0,1.3029895535219223,0.001074472449161484,nan,0,0,cann_no_cue,1.3633255063690466,0.06033595284712412,0.796170662393519
576.0,1.3029895535219223,0.001074472449161484,nan,0,0,cann_sparse_cue,1.3034341461801051,0.000444592658182863,0.796170662393519
576.0,1.3029895535219223,0.001074472449161484,nan,0,0,cann_gated_cue,1.3483064569402723,0.04531690341835004,0.7961706623935191
578.0,1.3048317029904157,0.0007090003804599574,nan,0,0,dead_reckoning,1.3654744515965715,0.060642748606155816,
578.0,1.3048317029904157,0.0007090003804599574,nan,0,0,cann_no_cue,1.365474451267266,0.060642748276850345,0.7961706624110232
578.0,1.3048317029904157,0.0007090003804599574,nan,0,0,cann_sparse_cue,1.3055830910783248,0.0007513880879090884,0.796170662411023
578.0,1.3048317029904157,0.0007090003804599574,nan,0,0,cann_gated_cue,1.3504554018384916,0.04562369884807582,0.796170662411023
580.0,1.3066932876573998,0.0008822950748758131,1.220785631909518,1,0,dead_reckoning,1.3668924523574915,0.06019916470009168,
580.0,1.3066932876573998,0.0008822950748758131,1.220785631909518,1,0,cann_no_cue,1.366892452028155,0.06019916437075512,0.7961706623903951
580.0,1.3066932876573998,0.0008822950748758131,1.220785631909518,1,0,cann_sparse_cue,1.2209667664574808,-0.08572652119991897,0.8542898093189515
580.0,1.3066932876573998,0.0008822950748758131,1.220785631909518,1,0,cann_gated_cue,1.3518734025993806,0.0451801149419806,0.7961706623903952
582.0,1.3085747159514876,0.0009885227331771574,nan,0,0,dead_reckoning,1.3686570425072428,0.060082326555755294,
582.0,1.3085747159514876,0.0009885227331771574,nan,0,0,cann_no_cue,1.368657042177849,0.06008232622636145,0.7961706623991222
582.0,1.3085747159514876,0.0009885227331771574,nan,0,0,cann_sparse_cue,1.2227286248825942,-0.0858460910688934,0.7961706623991225
582.0,1.3085747159514876,0.0009885227331771574,nan,0,0,cann_gated_cue,1.353637992749075,0.04506327679758737,0.7961706623991224
584.0,1.3104763614888275,0.0007770807443363948,nan,0,0,dead_reckoning,1.3706340879735972,0.06015772648476947,
584.0,1.3104763614888275,0.0007770807443363948,nan,0,0,cann_no_cue,1.370634087644122,0.060157726155294355,0.7961706624054115
584.0,1.3104763614888275,0.0007770807443363948,nan,0,0,cann_sparse_cue,1.2247056703488672,-0.0857706911399605,0.7961706624054113
584.0,1.3104763614888275,0.0007770807443363948,nan,0,0,cann_gated_cue,1.355615038215348,0.04513867672652072,0.7961706624054113
586.0,1.3123985624176533,0.0011235725580883236,nan,0,0,dead_reckoning,1.3721882494622701,0.05978968704461707,
586.0,1.3123985624176533,0.0011235725580883236,nan,0,0,cann_no_cue,1.3721882491327548,0.05978968671510154,0.796170662393597
586.0,1.3123985624176533,0.0011235725580883236,nan,0,0,cann_sparse_cue,1.2262598318375,-0.08613873058015331,0.7961706623935969
586.0,1.3123985624176533,0.0011235725580883236,nan,0,0,cann_gated_cue,1.3571691997039808,0.044770637286327464,0.7961706623935968
588.0,1.3143416208250573,0.0010123672374380006,nan,0,0,dead_reckoning,1.3744353945784469,0.060093773753389534,
588.0,1.3143416208250573,0.0010123672374380006,nan,0,0,cann_no_cue,1.374435394248813,0.06009377342375544,0.7961706624144386
588.0,1.3143416208250573,0.0010123672374380006,nan,0,0,cann_sparse_cue,1.2285069769535584,-0.08583464387149897,0.7961706624144386
588.0,1.3143416208250573,0.0010123672374380006,nan,0,0,cann_gated_cue,1.3594163448200394,0.0450747239949818,0.7961706624144386
590.0,1.3163058022070273,0.0008482259039404493,nan,0,0,dead_reckoning,1.376460129053323,0.060154326846295625,
590.0,1.3163058022070273,0.0008482259039404493,nan,0,0,cann_no_cue,1.3764601287236005,0.06015432651657315,0.7961706624069214
590.0,1.3163058022070273,0.0008482259039404493,nan,0,0,cann_sparse_cue,1.230531711428346,-0.08577409077868126,0.7961706624069215
590.0,1.3163058022070273,0.0008482259039404493,nan,0,0,cann_gated_cue,1.3614410792948268,0.04513527708779952,0.7961706624069212
592.0,1.3182913350026757,0.0007732904119332687,nan,0,0,dead_reckoning,1.3781565808612037,0.05986524585852804,
592.0,1.3182913350026757,0.0007732904119332687,nan,0,0,cann_no_cue,1.3781565805314293,0.05986524552875361,0.7961706623972566
592.0,1.3182913350026757,0.0007732904119332687,nan,0,0,cann_sparse_cue,1.2322281632361747,-0.0860631717665008,0.7961706623972563
592.0,1.3182913350026757,0.0007732904119332687,nan,0,0,cann_gated_cue,1.3631375311026555,0.04484619609997953,0.7961706623972562
594.0,1.3202984101934803,0.0007774746569083037,nan,0,0,dead_reckoning,1.3797031616850703,0.05940475149159008,
594.0,1.3202984101934803,0.0007774746569083037,nan,0,0,cann_no_cue,1.3797031613552566,0.059404751161776126,0.7961706623934109
594.0,1.3202984101934803,0.0007774746569083037,nan,0,0,cann_sparse_cue,1.2337747440600022,-0.08652366613347784,0.7961706623934108
594.0,1.3202984101934803,0.0007774746569083037,nan,0,0,cann_gated_cue,1.3646841119264828,0.04438570173300249,0.7961706623934109
596.0,1.3223271809682373,0.001064309232373335,nan,0,0,dead_reckoning,1.3812581109988868,0.05893093003064953,
596.0,1.3223271809682373,0.001064309232373335,nan,0,0,cann_no_cue,1.3812581106690338,0.0589309297007965,0.7961706623936163
596.0,1.3223271809682373,0.001064309232373335,nan,0,0,cann_sparse_cue,1.2353296933737794,-0.08699748759445791,0.7961706623936163
596.0,1.3223271809682373,0.001064309232373335,nan,0,0,cann_gated_cue,1.36623906124026,0.04391188027202286,0.7961706623936162
598.0,1.3243777624543172,0.0008685525876784383,nan,0,0,dead_reckoning,1.3833867294636335,0.05900896700931657,
598.0,1.3243777624543172,0.0008685525876784383,nan,0,0,cann_no_cue,1.3833867291336797,0.05900896667936273,0.7961706624103349
598.0,1.3243777624543172,0.0008685525876784383,nan,0,0,cann_sparse_cue,1.2374583118384257,-0.08691945061589124,0.7961706624103351
598.0,1.3243777624543172,0.0008685525876784383,nan,0,0,cann_gated_cue,1.368367679704906,0.043989917250589095,0.7961706624103351
600.0,1.3264502315156905,0.0008491440533364699,1.3280328787776146,1,0,dead_reckoning,1.3851238346389905,0.058673603123299944,
600.0,1.3264502315156905,0.0008491440533364699,1.3280328787776146,1,0,cann_no_cue,1.3851238343089805,0.0586736027932897,0.7961706623983607
600.0,1.3264502315156905,0.0008491440533364699,1.3280328787776146,1,0,cann_sparse_cue,1.3282129264149298,0.0017626948992393032,0.8542898096598044
600.0,1.3264502315156905,0.0008491440533364699,1.3280328787776146,1,0,cann_gated_cue,1.3701047848802068,0.04365455336451607,0.7961706623983608
