scenario,time_s,truth_phase_rad,decoded_phase_rad,phase_error_rad,bump_concentration,bump_width_rad
static,0.0,0.6457718232379019,0.6457718232379022,0.0,0.7961740796645929,0.6751850472301966
static,0.02,0.6457718232379019,0.6457718232379019,0.0,0.7961731329972183,0.6751868082581577
static,0.04,0.6457718232379019,0.6457718232379019,0.0,0.7961724478198414,0.6751880828505599
static,0.06,0.6457718232379019,0.6457718232379022,0.0,0.7961719522177905,0.6751890047870844
static,0.08,0.6457718232379019,0.6457718232379022,0.0,0.7961715939235011,0.6751896712984111
static,0.1,0.6457718232379019,0.645771823237902,0.0,0.7961713350035304,0.6751901529499988
static,0.12000000000000001,0.6457718232379019,0.645771823237902,0.0,0.7961711479593623,0.6751905008956989
static,0.14,0.6457718232379019,0.6457718232379022,0.0,0.7961710128755364,0.6751907521830043
static,0.16,0.6457718232379019,0.6457718232379022,0.0,0.7961709153394192,0.6751909336228149
static,0.18,0.6457718232379019,0.6457718232379022,0.0,0.7961708449270996,0.6751910646060518
static,0.19999999999999998,0.6457718232379019,0.6457718232379019,0.0,0.7961707941032385,0.6751911591502062
static,0.21999999999999997,0.6457718232379019,0.6457718232379022,0.0,0.796170757422806,0.6751912273843029
static,0.23999999999999996,0.6457718232379019,0.6457718232379023,4.440892098500626e-16,0.7961707309525128,0.6751912766251743
static,0.25999999999999995,0.6457718232379019,0.6457718232379022,0.0,0.7961707118518481,0.67519131215683
static,0.27999999999999997,0.6457718232379019,0.6457718232379022,0.0,0.796170698069917,0.6751913377944099
static,0.3,0.6457718232379019,0.6457718232379022,0.0,0.7961706881262,0.6751913562920234
static,0.32,0.6457718232379019,0.6457718232379022,0.0,0.7961706809520771,0.6751913696375511
static,0.34,0.6457718232379019,0.645771823237902,0.0,0.7961706757763227,0.6751913792656511
static,0.36000000000000004,0.6457718232379019,0.645771823237902,0.0,0.7961706720423929,0.675191386211624
static,0.38000000000000006,0.6457718232379019,0.6457718232379023,4.440892098500626e-16,0.7961706693486964,0.6751913912225224
static,0.4000000000000001,0.6457718232379019,0.6457718232379022,0.0,0.7961706674054724,0.6751913948373682
static,0.4200000000000001,0.6457718232379019,0.6457718232379022,0.0,0.7961706660036583,0.6751913974450666
static,0.4400000000000001,0.6457718232379019,0.6457718232379023,4.440892098500626e-16,0.7961706649924222,0.6751913993261996
static,0.46000000000000013,0.6457718232379019,0.6457718232379022,0.0,0.7961706642629472,0.6751914006831916
static,0.48000000000000015,0.6457718232379019,0.6457718232379023,4.440892098500626e-16,0.7961706637367307,0.675191401662076
static,0.5000000000000001,0.6457718232379019,0.645771823237902,0.0,0.79617066335714,0.6751914023682025
static,0.5200000000000001,0.6457718232379019,0.6457718232379022,0.0,0.7961706630833205,0.6751914028775701
static,0.5400000000000001,0.6457718232379019,0.6457718232379022,0.0,0.7961706628858003,0.6751914032450034
static,0.5600000000000002,0.6457718232379019,0.6457718232379022,0.0,0.7961706627433194,0.6751914035100508
static,0.5800000000000002,0.6457718232379019,0.6457718232379022,0.0,0.7961706626405414,0.6751914037012416
static,0.6000000000000002,0.6457718232379019,0.6457718232379023,4.440892098500626e-16,0.7961706625664028,0.6751914038391565
static,0.6200000000000002,0.6457718232379019,0.6457718232379024,4.440892098500626e-16,0.7961706625129238,0.6751914039386399
static,0.6400000000000002,0.6457718232379019,0.6457718232379023,4.440892098500626e-16,0.7961706624743469,0.6751914040104019
static,0.6600000000000003,0.6457718232379019,0.6457718232379023,4.440892098500626e-16,0.7961706624465197,0.6751914040621668
static,0.6800000000000003,0.6457718232379019,0.6457718232379022,0.0,0.7961706624264471,0.6751914040995065
static,0.7000000000000003,0.6457718232379019,0.6457718232379023,4.440892098500626e-16,0.7961706624119678,0.6751914041264414
static,0.7200000000000003,0.6457718232379019,0.6457718232379024,4.440892098500626e-16,0.7961706624015229,0.6751914041458713
static,0.7400000000000003,0.6457718232379019,0.6457718232379022,0.0,0.7961706623939891,0.6751914041598858
static,0.7600000000000003,0.6457718232379019,0.6457718232379023,4.440892098500626e-16,0.7961706623885546,0.6751914041699953
static,0.7800000000000004,0.6457718232379019,0.6457718232379022,0.0,0.7961706623846343,0.675191404177288
static,0.8000000000000004,0.6457718232379019,0.6457718232379024,4.440892098500626e-16,0.7961706623818064,0.6751914041825484
static,0.8200000000000004,0.6457718232379019,0.6457718232379022,0.0,0.7961706623797669,0.6751914041863426
static,0.8400000000000004,0.6457718232379019,0.6457718232379023,4.440892098500626e-16,0.7961706623782954,0.6751914041890799
static,0.8600000000000004,0.6457718232379019,0.6457718232379023,4.440892098500626e-16,0.7961706623772339,0.6751914041910545
static,0.8800000000000004,0.6457718232379019,0.6457718232379024,4.440892098500626e-16,0.7961706623764685,0.6751914041924783
static,0.9000000000000005,0.6457718232379019,0.6457718232379025,4.440892098500626e-16,0.7961706623759162,0.6751914041935058
static,0.9200000000000005,0.6457718232379019,0.6457718232379023,4.440892098500626e-16,0.7961706623755179,0.6751914041942466
static,0.9400000000000005,0.6457718232379019,0.6457718232379024,4.440892098500626e-16,0.7961706623752305,0.6751914041947813
static,0.9600000000000005,0.6457718232379019,0.6457718232379023,4.440892098500626e-16,0.7961706623750233,0.6751914041951667
static,0.9800000000000005,0.6457718232379019,0.6457718232379023,4.440892098500626e-16,0.7961706623748737,0.6751914041954451
static,1.0000000000000004,0.6457718232379019,0.6457718232379024,4.440892098500626e-16,0.7961706623747659,0.6751914041956456
static,1.0200000000000005,0.6457718232379019,0.6457718232379023,4.440892098500626e-16,0.7961706623746878,0.6751914041957908
static,1.0400000000000005,0.6457718232379019,0.6457718232379022,0.0,0.796170662374632,0.6751914041958946
static,1.0600000000000005,0.6457718232379019,0.6457718232379023,4.440892098500626e-16,0.7961706623745913,0.6751914041959702
static,1.0800000000000005,0.6457718232379019,0.6457718232379023,4.440892098500626e-16,0.7961706623745622,0.6751914041960243
static,1.1000000000000005,0.6457718232379019,0.6457718232379024,4.440892098500626e-16,0.7961706623745413,0.6751914041960634
static,1.1200000000000006,0.6457718232379019,0.6457718232379023,4.440892098500626e-16,0.796170662374526,0.6751914041960917
static,1.1400000000000006,0.6457718232379019,0.6457718232379023,4.440892098500626e-16,0.7961706623745152,0.6751914041961119
static,1.1600000000000006,0.6457718232379019,0.6457718232379023,4.440892098500626e-16,0.7961706623745072,0.6751914041961268
static,1.1800000000000006,0.6457718232379019,0.6457718232379023,4.440892098500626e-16,0.7961706623745015,0.6751914041961373
static,1.2000000000000006,0.6457718232379019,0.6457718232379022,0.0,0.7961706623744976,0.6751914041961445
static,1.2200000000000006,0.6457718232379019,0.6457718232379023,4.440892098500626e-16,0.7961706623744943,0.6751914041961508
static,1.2400000000000007,0.6457718232379019,0.6457718232379025,4.440892098500626e-16,0.7961706623744922,0.6751914041961546
static,1.2600000000000007,0.6457718232379019,0.6457718232379023,4.440892098500626e-16,0.7961706623744911,0.6751914041961568
static,1.2800000000000007,0.6457718232379019,0.6457718232379023,4.440892098500626e-16,0.79617066237449,0.6751914041961589
static,1.3000000000000007,0.6457718232379019,0.6457718232379024,4.440892098500626e-16,0.7961706623744891,0.6751914041961604
static,1.3200000000000007,0.6457718232379019,0.6457718232379024,4.440892098500626e-16,0.7961706623744886,0.6751914041961613
static,1.3400000000000007,0.6457718232379019,0.6457718232379023,4.440892098500626e-16,0.7961706623744881,0.6751914041961623
static,1.3600000000000008,0.6457718232379019,0.6457718232379023,4.440892098500626e-16,0.7961706623744881,0.6751914041961623
static,1.3800000000000008,0.6457718232379019,0.6457718232379024,4.440892098500626e-16,0.7961706623744879,0.6751914041961627
static,1.4000000000000008,0.6457718232379019,0.6457718232379023,4.440892098500626e-16,0.7961706623744876,0.6751914041961631
static,1.4200000000000008,0.6457718232379019,0.6457718232379024,4.440892098500626e-16,0.7961706623744874,0.6751914041961635
static,1.4400000000000008,0.6457718232379019,0.6457718232379023,4.440892098500626e-16,0.7961706623744876,0.6751914041961631
static,1.4600000000000009,0.6457718232379019,0.6457718232379023,4.440892098500626e-16,0.7961706623744876,0.6751914041961631
static,1.4800000000000009,0.6457718232379019,0.6457718232379023,4.440892098500626e-16,0.7961706623744876,0.6751914041961631
static,1.5000000000000009,0.6457718232379019,0.6457718232379023,4.440892098500626e-16,0.7961706623744876,0.6751914041961631
static,1.520000000000001,0.6457718232379019,0.6457718232379023,4.440892098500626e-16,0.7961706623744876,0.6751914041961631
static,1.540000000000001,0.6457718232379019,0.6457718232379023,4.440892098500626e-16,0.7961706623744876,0.6751914041961631
static,1.560000000000001,0.6457718232379019,0.6457718232379023,4.440892098500626e-16,0.7961706623744876,0.6751914041961631
static,1.580000000000001,0.6457718232379019,0.6457718232379023,4.440892098500626e-16,0.7961706623744876,0.6751914041961631
static,1.600000000000001,0.6457718232379019,0.6457718232379023,4.440892098500626e-16,0.7961706623744876,0.6751914041961631
static,1.620000000000001,0.6457718232379019,0.6457718232379023,4.440892098500626e-16,0.7961706623744876,0.6751914041961631
static,1.640000000000001,0.6457718232379019,0.6457718232379023,4.440892098500626e-16,0.7961706623744876,0.6751914041961631
static,1.660000000000001,0.6457718232379019,0.6457718232379023,4.440892098500626e-16,0.7961706623744876,0.6751914041961631
static,1.680000000000001,0.6457718232379019,0.6457718232379023,4.440892098500626e-16,0.7961706623744876,0.6751914041961631
static,1.700000000000001,0.6457718232379019,0.6457718232379023,4.440892098500626e-16,0.7961706623744876,0.6751914041961631
static,1.720000000000001,0.6457718232379019,0.6457718232379023,4.440892098500626e-16,0.7961706623744876,0.6751914041961631
static,1.740000000000001,0.6457718232379019,0.6457718232379023,4.440892098500626e-16,0.7961706623744876,0.6751914041961631
static,1.7600000000000011,0.6457718232379019,0.6457718232379023,4.440892098500626e-16,0.7961706623744876,0.6751914041961631
static,1.7800000000000011,0.6457718232379019,0.6457718232379023,4.440892098500626e-16,0.7961706623744876,0.6751914041961631
static,1.8000000000000012,0.6457718232379019,0.6457718232379023,4.440892098500626e-16,0.7961706623744876,0.6751914041961631
static,1.8200000000000012,0.6457718232379019,0.6457718232379023,4.440892098500626e-16,0.7961706623744876,0.6751914041961631
static,1.8400000000000012,0.6457718232379019,0.6457718232379023,4.440892098500626e-16,0.7961706623744876,0.6751914041961631
static,1.8600000000000012,0.6457718232379019,0.6457718232379023,4.440892098500626e-16,0.7961706623744876,0.6751914041961631
static,1.8800000000000012,0.6457718232379019,0.6457718232379023,4.440892098500626e-16,0.7961706623744876,0.6751914041961631
static,1.9000000000000012,0.6457718232379019,0.6457718232379023,4.440892098500626e-16,0.7961706623744876,0.6751914041961631
static,1.9200000000000013,0.6457718232379019,0.6457718232379023,4.440892098500626e-16,0.7961706623744876,0.6751914041961631
static,1.9400000000000013,0.6457718232379019,0.6457718232379023,4.440892098500626e-16,0.7961706623744876,0.6751914041961631
static,1.9600000000000013,0.6457718232379019,0.6457718232379023,4.440892098500626e-16,0.7961706623744876,0.6751914041961631
static,1.9800000000000013,0.6457718232379019,0.6457718232379023,4.440892098500626e-16,0.7961706623744876,0.6751914041961631
static,2.0000000000000013,0.6457718232379019,0.6457718232379023,4.440892098500626e-16,0.7961706623744876,0.6751914041961631
static,2.0200000000000014,0.6457718232379019,0.6457718232379023,4.440892098500626e-16,0.7961706623744876,0.6751914041961631
static,2.0400000000000014,0.6457718232379019,0.6457718232379023,4.440892098500626e-16,0.7961706623744876,0.6751914041961631
static,2.0600000000000014,0.6457718232379019,0.6457718232379023,4.440892098500626e-16,0.7961706623744876,0.6751914041961631
static,2.0800000000000014,0.6457718232379019,0.6457718232379023,4.440892098500626e-16,0.7961706623744876,0.6751914041961631
static,2.1000000000000014,0.6457718232379019,0.6457718232379023,4.440892098500626e-16,0.7961706623744876,0.6751914041961631
static,2.1200000000000014,0.6457718232379019,0.6457718232379023,4.440892098500626e-16,0.7961706623744876,0.6751914041961631
static,2.1400000000000015,0.6457718232379019,0.6457718232379023,4.440892098500626e-16,0.7961706623744876,0.6751914041961631
static,2.1600000000000015,0.6457718232379019,0.6457718232379023,4.440892098500626e-16,0.7961706623744876,0.6751914041961631
static,2.1800000000000015,0.6457718232379019,0.6457718232379023,4.440892098500626e-16,0.7961706623744876,0.6751914041961631
static,2.2000000000000015,0.6457718232379019,0.6457718232379023,4.440892098500626e-16,0.7961706623744876,0.6751914041961631
static,2.2200000000000015,0.6457718232379019,0.6457718232379023,4.440892098500626e-16,0.7961706623744876,0.6751914041961631
static,2.2400000000000015,0.6457718232379019,0.6457718232379023,4.440892098500626e-16,0.7961706623744876,0.6751914041961631
static,2.2600000000000016,0.6457718232379019,0.6457718232379023,4.440892098500626e-16,0.7961706623744876,0.6751914041961631
static,2.2800000000000016,0.6457718232379019,0.6457718232379023,4.440892098500626e-16,0.7961706623744876,0.6751914041961631
static,2.3000000000000016,0.6457718232379019,0.6457718232379023,4.440892098500626e-16,0.7961706623744876,0.6751914041961631
static,2.3200000000000016,0.6457718232379019,0.6457718232379023,4.440892098500626e-16,0.7961706623744876,0.6751914041961631
static,2.3400000000000016,0.6457718232379019,0.6457718232379023,4.440892098500626e-16,0.7961706623744876,0.6751914041961631
static,2.3600000000000017,0.6457718232379019,0.6457718232379023,4.440892098500626e-16,0.7961706623744876,0.6751914041961631
static,2.3800000000000017,0.6457718232379019,0.6457718232379023,4.440892098500626e-16,0.7961706623744876,0.6751914041961631
static,2.4000000000000017,0.6457718232379019,0.6457718232379023,4.440892098500626e-16,0.7961706623744876,0.6751914041961631
static,2.4200000000000017,0.6457718232379019,0.6457718232379023,4.440892098500626e-16,0.7961706623744876,0.6751914041961631
static,2.4400000000000017,0.6457718232379019,0.6457718232379023,4.440892098500626e-16,0.7961706623744876,0.6751914041961631
static,2.4600000000000017,0.6457718232379019,0.6457718232379023,4.440892098500626e-16,0.7961706623744876,0.6751914041961631
static,2.4800000000000018,0.6457718232379019,0.6457718232379023,4.440892098500626e-16,0.7961706623744876,0.6751914041961631
static,2.5000000000000018,0.6457718232379019,0.6457718232379023,4.440892098500626e-16,0.7961706623744876,0.6751914041961631
static,2.520000000000002,0.6457718232379019,0.6457718232379023,4.440892098500626e-16,0.7961706623744876,0.6751914041961631
static,2.540000000000002,0.6457718232379019,0.6457718232379023,4.440892098500626e-16,0.7961706623744876,0.6751914041961631
static,2.560000000000002,0.6457718232379019,0.6457718232379023,4.440892098500626e-16,0.7961706623744876,0.6751914041961631
static,2.580000000000002,0.6457718232379019,0.6457718232379023,4.440892098500626e-16,0.7961706623744876,0.6751914041961631
static,2.600000000000002,0.6457718232379019,0.6457718232379023,4.440892098500626e-16,0.7961706623744876,0.6751914041961631
static,2.620000000000002,0.6457718232379019,0.6457718232379023,4.440892098500626e-16,0.7961706623744876,0.6751914041961631
static,2.640000000000002,0.6457718232379019,0.6457718232379023,4.440892098500626e-16,0.7961706623744876,0.6751914041961631
static,2.660000000000002,0.6457718232379019,0.6457718232379023,4.440892098500626e-16,0.7961706623744876,0.6751914041961631
static,2.680000000000002,0.6457718232379019,0.6457718232379023,4.440892098500626e-16,0.7961706623744876,0.6751914041961631
static,2.700000000000002,0.6457718232379019,0.6457718232379023,4.440892098500626e-16,0.7961706623744876,0.6751914041961631
static,2.720000000000002,0.6457718232379019,0.6457718232379023,4.440892098500626e-16,0.7961706623744876,0.6751914041961631
static,2.740000000000002,0.6457718232379019,0.6457718232379023,4.440892098500626e-16,0.7961706623744876,0.6751914041961631
static,2.760000000000002,0.6457718232379019,0.6457718232379023,4.440892098500626e-16,0.7961706623744876,0.6751914041961631
static,2.780000000000002,0.6457718232379019,0.6457718232379023,4.440892098500626e-16,0.7961706623744876,0.6751914041961631
static,2.800000000000002,0.6457718232379019,0.6457718232379023,4.440892098500626e-16,0.7961706623744876,0.6751914041961631
static,2.820000000000002,0.6457718232379019,0.6457718232379023,4.440892098500626e-16,0.7961706623744876,0.6751914041961631
static,2.840000000000002,0.6457718232379019,0.6457718232379023,4.440892098500626e-16,0.7961706623744876,0.6751914041961631
static,2.860000000000002,0.6457718232379019,0.6457718232379023,4.440892098500626e-16,0.7961706623744876,0.6751914041961631
static,2.880000000000002,0.6457718232379019,0.6457718232379023,4.440892098500626e-16,0.7961706623744876,0.6751914041961631
static,2.900000000000002,0.6457718232379019,0.6457718232379023,4.440892098500626e-16,0.7961706623744876,0.6751914041961631
static,2.920000000000002,0.6457718232379019,0.6457718232379023,4.440892098500626e-16,0.7961706623744876,0.6751914041961631
static,2.940000000000002,0.6457718232379019,0.6457718232379023,4.440892098500626e-16,0.7961706623744876,0.6751914041961631
static,2.960000000000002,0.6457718232379019,0.6457718232379023,4.440892098500626e-16,0.7961706623744876,0.6751914041961631
static,2.980000000000002,0.6457718232379019,0.6457718232379023,4.440892098500626e-16,0.7961706623744876,0.6751914041961631
static,3.000000000000002,0.6457718232379019,0.6457718232379023,4.440892098500626e-16,0.7961706623744876,0.6751914041961631
static,3.0200000000000022,0.6457718232379019,0.6457718232379023,4.440892098500626e-16,0.7961706623744876,0.6751914041961631
static,3.0400000000000023,0.6457718232379019,0.6457718232379023,4.440892098500626e-16,0.7961706623744876,0.6751914041961631
static,3.0600000000000023,0.6457718232379019,0.6457718232379023,4.440892098500626e-16,0.7961706623744876,0.6751914041961631
static,3.0800000000000023,0.6457718232379019,0.6457718232379023,4.440892098500626e-16,0.7961706623744876,0.6751914041961631
static,3.1000000000000023,0.6457718232379019,0.6457718232379023,4.440892098500626e-16,0.7961706623744876,0.6751914041961631
static,3.1200000000000023,0.6457718232379019,0.6457718232379023,4.440892098500626e-16,0.7961706623744876,0.6751914041961631
static,3.1400000000000023,0.6457718232379019,0.6457718232379023,4.440892098500626e-16,0.7961706623744876,0.6751914041961631
static,3.1600000000000024,0.6457718232379019,0.6457718232379023,4.440892098500626e-16,0.7961706623744876,0.6751914041961631
static,3.1800000000000024,0.6457718232379019,0.6457718232379023,4.440892098500626e-16,0.7961706623744876,0.6751914041961631
static,3.2000000000000024,0.6457718232379019,0.6457718232379023,4.440892098500626e-16,0.7961706623744876,0.6751914041961631
static,3.2200000000000024,0.6457718232379019,0.6457718232379023,4.440892098500626e-16,0.7961706623744876,0.6751914041961631
static,3.2400000000000024,0.6457718232379019,0.6457718232379023,4.440892098500626e-16,0.7961706623744876,0.6751914041961631
static,3.2600000000000025,0.6457718232379019,0.6457718232379023,4.440892098500626e-16,0.7961706623744876,0.6751914041961631
static,3.2800000000000025,0.6457718232379019,0.6457718232379023,4.440892098500626e-16,0.7961706623744876,0.6751914041961631
static,3.3000000000000025,0.6457718232379019,0.6457718232379023,4.440892098500626e-16,0.7961706623744876,0.6751914041961631
static,3.3200000000000025,0.6457718232379019,0.6457718232379023,4.440892098500626e-16,0.7961706623744876,0.6751914041961631
static,3.3400000000000025,0.6457718232379019,0.6457718232379023,4.440892098500626e-16,0.7961706623744876,0.6751914041961631
static,3.3600000000000025,0.6457718232379019,0.6457718232379023,4.440892098500626e-16,0.7961706623744876,0.6751914041961631
static,3.3800000000000026,0.6457718232379019,0.6457718232379023,4.440892098500626e-16,0.7961706623744876,0.6751914041961631
static,3.4000000000000026,0.6457718232379019,0.6457718232379023,4.440892098500626e-16,0.7961706623744876,0.6751914041961631
static,3.4200000000000026,0.6457718232379019,0.6457718232379023,4.440892098500626e-16,0.7961706623744876,0.6751914041961631
static,3.4400000000000026,0.6457718232379019,0.6457718232379023,4.440892098500626e-16,0.7961706623744876,0.6751914041961631
static,3.4600000000000026,0.6457718232379019,0.6457718232379023,4.440892098500626e-16,0.7961706623744876,0.6751914041961631
static,3.4800000000000026,0.6457718232379019,0.6457718232379023,4.440892098500626e-16,0.7961706623744876,0.6751914041961631
static,3.5000000000000027,0.6457718232379019,0.6457718232379023,4.440892098500626e-16,0.7961706623744876,0.6751914041961631
static,3.5200000000000027,0.6457718232379019,0.6457718232379023,4.440892098500626e-16,0.7961706623744876,0.6751914041961631
static,3.5400000000000027,0.6457718232379019,0.6457718232379023,4.440892098500626e-16,0.7961706623744876,0.6751914041961631
static,3.5600000000000027,0.6457718232379019,0.6457718232379023,4.440892098500626e-16,0.7961706623744876,0.6751914041961631
static,3.5800000000000027,0.6457718232379019,0.6457718232379023,4.440892098500626e-16,0.7961706623744876,0.6751914041961631
static,3.6000000000000028,0.6457718232379019,0.6457718232379023,4.440892098500626e-16,0.7961706623744876,0.6751914041961631
static,3.6200000000000028,0.6457718232379019,0.6457718232379023,4.440892098500626e-16,0.7961706623744876,0.6751914041961631
static,3.640000000000003,0.6457718232379019,0.6457718232379023,4.440892098500626e-16,0.7961706623744876,0.6751914041961631
static,3.660000000000003,0.6457718232379019,0.6457718232379023,4.440892098500626e-16,0.7961706623744876,0.6751914041961631
static,3.680000000000003,0.6457718232379019,0.6457718232379023,4.440892098500626e-16,0.7961706623744876,0.6751914041961631
static,3.700000000000003,0.6457718232379019,0.6457718232379023,4.440892098500626e-16,0.7961706623744876,0.6751914041961631
static,3.720000000000003,0.6457718232379019,0.6457718232379023,4.440892098500626e-16,0.7961706623744876,0.6751914041961631
static,3.740000000000003,0.6457718232379019,0.6457718232379023,4.440892098500626e-16,0.7961706623744876,0.6751914041961631
static,3.760000000000003,0.6457718232379019,0.6457718232379023,4.440892098500626e-16,0.7961706623744876,0.6751914041961631
static,3.780000000000003,0.6457718232379019,0.6457718232379023,4.440892098500626e-16,0.7961706623744876,0.6751914041961631
static,3.800000000000003,0.6457718232379019,0.6457718232379023,4.440892098500626e-16,0.7961706623744876,0.6751914041961631
static,3.820000000000003,0.6457718232379019,0.6457718232379023,4.440892098500626e-16,0.7961706623744876,0.6751914041961631
static,3.840000000000003,0.6457718232379019,0.6457718232379023,4.440892098500626e-16,0.7961706623744876,0.6751914041961631
static,3.860000000000003,0.6457718232379019,0.6457718232379023,4.440892098500626e-16,0.7961706623744876,0.6751914041961631
static,3.880000000000003,0.6457718232379019,0.6457718232379023,4.440892098500626e-16,0.7961706623744876,0.6751914041961631
static,3.900000000000003,0.6457718232379019,0.6457718232379023,4.440892098500626e-16,0.7961706623744876,0.6751914041961631
static,3.920000000000003,0.6457718232379019,0.6457718232379023,4.440892098500626e-16,0.7961706623744876,0.6751914041961631
static,3.940000000000003,0.6457718232379019,0.6457718232379023,4.440892098500626e-16,0.7961706623744876,0.6751914041961631
static,3.960000000000003,0.6457718232379019,0.6457718232379023,4.440892098500626e-16,0.7961706623744876,0.6751914041961631
static,3.980000000000003,0.6457718232379019,0.6457718232379023,4.440892098500626e-16,0.7961706623744876,0.6751914041961631
static,4.000000000000003,0.6457718232379019,0.6457718232379023,4.440892098500626e-16,0.7961706623744876,0.6751914041961631
static,4.020000000000002,0.6457718232379019,0.6457718232379023,4.440892098500626e-16,0.7961706623744876,0.6751914041961631
static,4.040000000000002,0.6457718232379019,0.6457718232379023,4.440892098500626e-16,0.7961706623744876,0.6751914041961631
static,4.060000000000001,0.6457718232379019,0.6457718232379023,4.440892098500626e-16,0.7961706623744876,0.6751914041961631
static,4.080000000000001,0.6457718232379019,0.6457718232379023,4.440892098500626e-16,0.7961706623744876,0.6751914041961631
static,4.1000000000000005,0.6457718232379019,0.6457718232379023,4.440892098500626e-16,0.7961706623744876,0.6751914041961631
static,4.12,0.6457718232379019,0.6457718232379023,4.440892098500626e-16,0.7961706623744876,0.6751914041961631
static,4.14,0.6457718232379019,0.6457718232379023,4.440892098500626e-16,0.7961706623744876,0.6751914041961631
static,4.159999999999999,0.6457718232379019,0.6457718232379023,4.440892098500626e-16,0.7961706623744876,0.6751914041961631
static,4.179999999999999,0.6457718232379019,0.6457718232379023,4.440892098500626e-16,0.7961706623744876,0.6751914041961631
static,4.199999999999998,0.6457718232379019,0.6457718232379023,4.440892098500626e-16,0.7961706623744876,0.6751914041961631
static,4.219999999999998,0.6457718232379019,0.6457718232379023,4.440892098500626e-16,0.7961706623744876,0.6751914041961631
static,4.2399999999999975,0.6457718232379019,0.6457718232379023,4.440892098500626e-16,0.7961706623744876,0.6751914041961631
static,4.259999999999997,0.6457718232379019,0.6457718232379023,4.440892098500626e-16,0.7961706623744876,0.6751914041961631
static,4.279999999999997,0.6457718232379019,0.6457718232379023,4.440892098500626e-16,0.7961706623744876,0.6751914041961631
static,4.299999999999996,0.6457718232379019,0.6457718232379023,4.440892098500626e-16,0.7961706623744876,0.6751914041961631
static,4.319999999999996,0.6457718232379019,0.6457718232379023,4.440892098500626e-16,0.7961706623744876,0.6751914041961631
static,4.339999999999995,0.6457718232379019,0.6457718232379023,4.440892098500626e-16,0.7961706623744876,0.6751914041961631
static,4.359999999999995,0.6457718232379019,0.6457718232379023,4.440892098500626e-16,0.7961706623744876,0.6751914041961631
static,4.379999999999995,0.6457718232379019,0.6457718232379023,4.440892098500626e-16,0.7961706623744876,0.6751914041961631
static,4.399999999999994,0.6457718232379019,0.6457718232379023,4.440892098500626e-16,0.7961706623744876,0.6751914041961631
static,4.419999999999994,0.6457718232379019,0.6457718232379023,4.440892098500626e-16,0.7961706623744876,0.6751914041961631
static,4.439999999999993,0.6457718232379019,0.6457718232379023,4.440892098500626e-16,0.7961706623744876,0.6751914041961631
static,4.459999999999993,0.6457718232379019,0.6457718232379023,4.440892098500626e-16,0.7961706623744876,0.6751914041961631
static,4.479999999999992,0.6457718232379019,0.6457718232379023,4.440892098500626e-16,0.7961706623744876,0.6751914041961631
static,4.499999999999992,0.6457718232379019,0.6457718232379023,4.440892098500626e-16,0.7961706623744876,0.6751914041961631
static,4.519999999999992,0.6457718232379019,0.6457718232379023,4.440892098500626e-16,0.7961706623744876,0.6751914041961631
static,4.539999999999991,0.6457718232379019,0.6457718232379023,4.440892098500626e-16,0.7961706623744876,0.6751914041961631
static,4.559999999999991,0.6457718232379019,0.6457718232379023,4.440892098500626e-16,0.7961706623744876,0.6751914041961631
static,4.57999999999999,0.6457718232379019,0.6457718232379023,4.440892098500626e-16,0.7961706623744876,0.6751914041961631
static,4.59999999999999,0.6457718232379019,0.6457718232379023,4.440892098500626e-16,0.7961706623744876,0.6751914041961631
static,4.6199999999999894,0.6457718232379019,0.6457718232379023,4.440892098500626e-16,0.7961706623744876,0.6751914041961631
static,4.639999999999989,0.6457718232379019,0.6457718232379023,4.440892098500626e-16,0.7961706623744876,0.6751914041961631
static,4.659999999999989,0.6457718232379019,0.6457718232379023,4.440892098500626e-16,0.7961706623744876,0.6751914041961631
static,4.679999999999988,0.6457718232379019,0.6457718232379023,4.440892098500626e-16,0.7961706623744876,0.6751914041961631
static,4.699999999999988,0.6457718232379019,0.6457718232379023,4.440892098500626e-16,0.7961706623744876,0.6751914041961631
static,4.719999999999987,0.6457718232379019,0.6457718232379023,4.440892098500626e-16,0.7961706623744876,0.6751914041961631
static,4.739999999999987,0.6457718232379019,0.6457718232379023,4.440892098500626e-16,0.7961706623744876,0.6751914041961631
static,4.7599999999999865,0.6457718232379019,0.6457718232379023,4.440892098500626e-16,0.7961706623744876,0.6751914041961631
static,4.779999999999986,0.6457718232379019,0.6457718232379023,4.440892098500626e-16,0.7961706623744876,0.6751914041961631
static,4.799999999999986,0.6457718232379019,0.6457718232379023,4.440892098500626e-16,0.7961706623744876,0.6751914041961631
static,4.819999999999985,0.6457718232379019,0.6457718232379023,4.440892098500626e-16,0.7961706623744876,0.6751914041961631
static,4.839999999999985,0.6457718232379019,0.6457718232379023,4.440892098500626e-16,0.7961706623744876,0.6751914041961631
static,4.859999999999984,0.6457718232379019,0.6457718232379023,4.440892098500626e-16,0.7961706623744876,0.6751914041961631
static,4.879999999999984,0.6457718232379019,0.6457718232379023,4.440892098500626e-16,0.7961706623744876,0.6751914041961631
static,4.8999999999999835,0.6457718232379019,0.6457718232379023,4.440892098500626e-16,0.7961706623744876,0.6751914041961631
static,4.919999999999983,0.6457718232379019,0.6457718232379023,4.440892098500626e-16,0.7961706623744876,0.6751914041961631
static,4.939999999999983,0.6457718232379019,0.6457718232379023,4.440892098500626e-16,0.7961706623744876,0.6751914041961631
static,4.959999999999982,0.6457718232379019,0.6457718232379023,4.440892098500626e-16,0.7961706623744876,0.6751914041961631
static,4.979999999999982,0.6457718232379019,0.6457718232379023,4.440892098500626e-16,0.7961706623744876,0.6751914041961631
static,4.999999999999981,0.6457718232379019,0.6457718232379023,4.440892098500626e-16,0.7961706623744876,0.6751914041961631
static,5.019999999999981,0.6457718232379019,0.6457718232379023,4.440892098500626e-16,0.7961706623744876,0.6751914041961631
static,5.0399999999999805,0.6457718232379019,0.6457718232379023,4.440892098500626e-16,0.7961706623744876,0.6751914041961631
static,5.05999999999998,0.6457718232379019,0.6457718232379023,4.440892098500626e-16,0.7961706623744876,0.6751914041961631
static,5.07999999999998,0.6457718232379019,0.6457718232379023,4.440892098500626e-16,0.7961706623744876,0.6751914041961631
static,5.099999999999979,0.6457718232379019,0.6457718232379023,4.440892098500626e-16,0.7961706623744876,0.6751914041961631
static,5.119999999999979,0.6457718232379019,0.6457718232379023,4.440892098500626e-16,0.7961706623744876,0.6751914041961631
static,5.139999999999978,0.6457718232379019,0.6457718232379023,4.440892098500626e-16,0.7961706623744876,0.6751914041961631
static,5.159999999999978,0.6457718232379019,0.6457718232379023,4.440892098500626e-16,0.7961706623744876,0.6751914041961631
static,5.1799999999999775,0.6457718232379019,0.6457718232379023,4.440892098500626e-16,0.7961706623744876,0.6751914041961631
static,5.199999999999977,0.6457718232379019,0.6457718232379023,4.440892098500626e-16,0.7961706623744876,0.6751914041961631
static,5.219999999999977,0.6457718232379019,0.6457718232379023,4.440892098500626e-16,0.7961706623744876,0.6751914041961631
static,5.239999999999976,0.6457718232379019,0.6457718232379023,4.440892098500626e-16,0.7961706623744876,0.6751914041961631
static,5.259999999999976,0.6457718232379019,0.6457718232379023,4.440892098500626e-16,0.7961706623744876,0.6751914041961631
static,5.279999999999975,0.6457718232379019,0.6457718232379023,4.440892098500626e-16,0.7961706623744876,0.6751914041961631
static,5.299999999999975,0.6457718232379019,0.6457718232379023,4.440892098500626e-16,0.7961706623744876,0.6751914041961631
static,5.3199999999999745,0.6457718232379019,0.6457718232379023,4.440892098500626e-16,0.7961706623744876,0.6751914041961631
static,5.339999999999974,0.6457718232379019,0.6457718232379023,4.440892098500626e-16,0.7961706623744876,0.6751914041961631
static,5.359999999999974,0.6457718232379019,0.6457718232379023,4.440892098500626e-16,0.7961706623744876,0.6751914041961631
static,5.379999999999973,0.6457718232379019,0.6457718232379023,4.440892098500626e-16,0.7961706623744876,0.6751914041961631
static,5.399999999999973,0.6457718232379019,0.6457718232379023,4.440892098500626e-16,0.7961706623744876,0.6751914041961631
static,5.419999999999972,0.6457718232379019,0.6457718232379023,4.440892098500626e-16,0.7961706623744876,0.6751914041961631
static,5.439999999999972,0.6457718232379019,0.6457718232379023,4.440892098500626e-16,0.7961706623744876,0.6751914041961631
static,5.4599999999999715,0.6457718232379019,0.6457718232379023,4.440892098500626e-16,0.7961706623744876,0.6751914041961631
static,5.479999999999971,0.6457718232379019,0.6457718232379023,4.440892098500626e-16,0.7961706623744876,0.6751914041961631
static,5.499999999999971,0.6457718232379019,0.6457718232379023,4.440892098500626e-16,0.7961706623744876,0.6751914041961631
static,5.51999999999997,0.6457718232379019,0.6457718232379023,4.440892098500626e-16,0.7961706623744876,0.6751914041961631
static,5.53999999999997,0.6457718232379019,0.6457718232379023,4.440892098500626e-16,0.7961706623744876,0.6751914041961631
static,5.559999999999969,0.6457718232379019,0.6457718232379023,4.440892098500626e-16,0.7961706623744876,0.6751914041961631
static,5.579999999999969,0.6457718232379019,0.6457718232379023,4.440892098500626e-16,0.7961706623744876,0.6751914041961631
static,5.599999999999969,0.6457718232379019,0.6457718232379023,4.440892098500626e-16,0.7961706623744876,0.6751914041961631
static,5.619999999999968,0.6457718232379019,0.6457718232379023,4.440892098500626e-16,0.7961706623744876,0.6751914041961631
static,5.639999999999968,0.6457718232379019,0.6457718232379023,4.440892098500626e-16,0.7961706623744876,0.6751914041961631
static,5.659999999999967,0.6457718232379019,0.6457718232379023,4.440892098500626e-16,0.7961706623744876,0.6751914041961631
static,5.679999999999967,0.6457718232379019,0.6457718232379023,4.440892098500626e-16,0.7961706623744876,0.6751914041961631
static,5.699999999999966,0.6457718232379019,0.6457718232379023,4.440892098500626e-16,0.7961706623744876,0.6751914041961631
static,5.719999999999966,0.6457718232379019,0.6457718232379023,4.440892098500626e-16,0.7961706623744876,0.6751914041961631
static,5.739999999999966,0.6457718232379019,0.6457718232379023,4.440892098500626e-16,0.7961706623744876,0.6751914041961631
static,5.759999999999965,0.6457718232379019,0.6457718232379023,4.440892098500626e-16,0.7961706623744876,0.6751914041961631
static,5.779999999999965,0.6457718232379019,0.6457718232379023,4.440892098500626e-16,0.7961706623744876,0.6751914041961631
static,5.799999999999964,0.6457718232379019,0.6457718232379023,4.440892098500626e-16,0.7961706623744876,0.6751914041961631
static,5.819999999999964,0.6457718232379019,0.6457718232379023,4.440892098500626e-16,0.7961706623744876,0.6751914041961631
static,5.839999999999963,0.6457718232379019,0.6457718232379023,4.440892098500626e-16,0.7961706623744876,0.6751914041961631
static,5.859999999999963,0.6457718232379019,0.6457718232379023,4.440892098500626e-16,0.7961706623744876,0.6751914041961631
static,5.879999999999963,0.6457718232379019,0.6457718232379023,4.440892098500626e-16,0.7961706623744876,0.6751914041961631
static,5.899999999999962,0.6457718232379019,0.6457718232379023,4.440892098500626e-16,0.7961706623744876,0.6751914041961631
static,5.919999999999962,0.6457718232379019,0.6457718232379023,4.440892098500626e-16,0.7961706623744876,0.6751914041961631
static,5.939999999999961,0.6457718232379019,0.6457718232379023,4.440892098500626e-16,0.7961706623744876,0.6751914041961631
static,5.959999999999961,0.6457718232379019,0.6457718232379023,4.440892098500626e-16,0.7961706623744876,0.6751914041961631
static,5.9799999999999605,0.6457718232379019,0.6457718232379023,4.440892098500626e-16,0.7961706623744876,0.6751914041961631
static,5.99999999999996,0.6457718232379019,0.6457718232379023,4.440892098500626e-16,0.7961706623744876,0.6751914041961631
static,6.01999999999996,0.6457718232379019,0.6457718232379023,4.440892098500626e-16,0.7961706623744876,0.6751914041961631
static,6.039999999999959,0.6457718232379019,0.6457718232379023,4.440892098500626e-16,0.7961706623744876,0.6751914041961631
static,6.059999999999959,0.6457718232379019,0.6457718232379023,4.440892098500626e-16,0.7961706623744876,0.6751914041961631
static,6.079999999999958,0.6457718232379019,0.6457718232379023,4.440892098500626e-16,0.7961706623744876,0.6751914041961631
static,6.099999999999958,0.6457718232379019,0.6457718232379023,4.440892098500626e-16,0.7961706623744876,0.6751914041961631
static,6.1199999999999575,0.6457718232379019,0.6457718232379023,4.440892098500626e-16,0.7961706623744876,0.6751914041961631
static,6.139999999999957,0.6457718232379019,0.6457718232379023,4.440892098500626e-16,0.7961706623744876,0.6751914041961631
static,6.159999999999957,0.6457718232379019,0.6457718232379023,4.440892098500626e-16,0.7961706623744876,0.6751914041961631
static,6.179999999999956,0.6457718232379019,0.6457718232379023,4.440892098500626e-16,0.7961706623744876,0.6751914041961631
static,6.199999999999956,0.6457718232379019,0.6457718232379023,4.440892098500626e-16,0.7961706623744876,0.6751914041961631
static,6.219999999999955,0.6457718232379019,0.6457718232379023,4.440892098500626e-16,0.7961706623744876,0.6751914041961631
static,6.239999999999955,0.6457718232379019,0.6457718232379023,4.440892098500626e-16,0.7961706623744876,0.6751914041961631
static,6.2599999999999545,0.6457718232379019,0.6457718232379023,4.440892098500626e-16,0.7961706623744876,0.6751914041961631
static,6.279999999999954,0.6457718232379019,0.6457718232379023,4.440892098500626e-16,0.7961706623744876,0.6751914041961631
static,6.299999999999954,0.6457718232379019,0.6457718232379023,4.440892098500626e-16,0.7961706623744876,0.6751914041961631
static,6.319999999999953,0.6457718232379019,0.6457718232379023,4.440892098500626e-16,0.7961706623744876,0.6751914041961631
static,6.339999999999953,0.6457718232379019,0.6457718232379023,4.440892098500626e-16,0.7961706623744876,0.6751914041961631
static,6.359999999999952,0.6457718232379019,0.6457718232379023,4.440892098500626e-16,0.7961706623744876,0.6751914041961631
static,6.379999999999952,0.6457718232379019,0.6457718232379023,4.440892098500626e-16,0.7961706623744876,0.6751914041961631
static,6.3999999999999515,0.6457718232379019,0.6457718232379023,4.440892098500626e-16,0.7961706623744876,0.6751914041961631
static,6.419999999999951,0.6457718232379019,0.6457718232379023,4.440892098500626e-16,0.7961706623744876,0.6751914041961631
static,6.439999999999951,0.6457718232379019,0.6457718232379023,4.440892098500626e-16,0.7961706623744876,0.6751914041961631
static,6.45999999999995,0.6457718232379019,0.6457718232379023,4.440892098500626e-16,0.7961706623744876,0.6751914041961631
static,6.47999999999995,0.6457718232379019,0.6457718232379023,4.440892098500626e-16,0.7961706623744876,0.6751914041961631
static,6.499999999999949,0.6457718232379019,0.6457718232379023,4.440892098500626e-16,0.7961706623744876,0.6751914041961631
static,6.519999999999949,0.6457718232379019,0.6457718232379023,4.440892098500626e-16,0.7961706623744876,0.6751914041961631
static,6.5399999999999485,0.6457718232379019,0.6457718232379023,4.440892098500626e-16,0.7961706623744876,0.6751914041961631
static,6.559999999999948,0.6457718232379019,0.6457718232379023,4.440892098500626e-16,0.7961706623744876,0.6751914041961631
static,6.579999999999948,0.6457718232379019,0.6457718232379023,4.440892098500626e-16,0.7961706623744876,0.6751914041961631
static,6.599999999999947,0.6457718232379019,0.6457718232379023,4.440892098500626e-16,0.7961706623744876,0.6751914041961631
static,6.619999999999947,0.6457718232379019,0.6457718232379023,4.440892098500626e-16,0.7961706623744876,0.6751914041961631
static,6.639999999999946,0.6457718232379019,0.6457718232379023,4.440892098500626e-16,0.7961706623744876,0.6751914041961631
static,6.659999999999946,0.6457718232379019,0.6457718232379023,4.440892098500626e-16,0.7961706623744876,0.6751914041961631
static,6.6799999999999455,0.6457718232379019,0.6457718232379023,4.440892098500626e-16,0.7961706623744876,0.6751914041961631
static,6.699999999999945,0.6457718232379019,0.6457718232379023,4.440892098500626e-16,0.7961706623744876,0.6751914041961631
static,6.719999999999945,0.6457718232379019,0.6457718232379023,4.440892098500626e-16,0.7961706623744876,0.6751914041961631
static,6.739999999999944,0.6457718232379019,0.6457718232379023,4.440892098500626e-16,0.7961706623744876,0.6751914041961631
static,6.759999999999944,0.6457718232379019,0.6457718232379023,4.440892098500626e-16,0.7961706623744876,0.6751914041961631
static,6.779999999999943,0.6457718232379019,0.6457718232379023,4.440892098500626e-16,0.7961706623744876,0.6751914041961631
static,6.799999999999943,0.6457718232379019,0.6457718232379023,4.440892098500626e-16,0.7961706623744876,0.6751914041961631
static,6.8199999999999426,0.6457718232379019,0.6457718232379023,4.440892098500626e-16,0.7961706623744876,0.6751914041961631
static,6.839999999999942,0.6457718232379019,0.6457718232379023,4.440892098500626e-16,0.7961706623744876,0.6751914041961631
static,6.859999999999942,0.6457718232379019,0.6457718232379023,4.440892098500626e-16,0.7961706623744876,0.6751914041961631
static,6.879999999999941,0.6457718232379019,0.6457718232379023,4.440892098500626e-16,0.7961706623744876,0.6751914041961631
static,6.899999999999941,0.6457718232379019,0.6457718232379023,4.440892098500626e-16,0.7961706623744876,0.6751914041961631
static,6.91999999999994,0.6457718232379019,0.6457718232379023,4.440892098500626e-16,0.7961706623744876,0.6751914041961631
static,6.93999999999994,0.6457718232379019,0.6457718232379023,4.440892098500626e-16,0.7961706623744876,0.6751914041961631
static,6.95999999999994,0.6457718232379019,0.6457718232379023,4.440892098500626e-16,0.7961706623744876,0.6751914041961631
static,6.979999999999939,0.6457718232379019,0.6457718232379023,4.440892098500626e-16,0.7961706623744876,0.6751914041961631
static,6.999999999999939,0.6457718232379019,0.6457718232379023,4.440892098500626e-16,0.7961706623744876,0.6751914041961631
static,7.019999999999938,0.6457718232379019,0.6457718232379023,4.440892098500626e-16,0.7961706623744876,0.6751914041961631
static,7.039999999999938,0.6457718232379019,0.6457718232379023,4.440892098500626e-16,0.7961706623744876,0.6751914041961631
static,7.059999999999937,0.6457718232379019,0.6457718232379023,4.440892098500626e-16,0.7961706623744876,0.6751914041961631
static,7.079999999999937,0.6457718232379019,0.6457718232379023,4.440892098500626e-16,0.7961706623744876,0.6751914041961631
static,7.099999999999937,0.6457718232379019,0.6457718232379023,4.440892098500626e-16,0.7961706623744876,0.6751914041961631
static,7.119999999999936,0.6457718232379019,0.6457718232379023,4.440892098500626e-16,0.7961706623744876,0.6751914041961631
static,7.139999999999936,0.6457718232379019,0.6457718232379023,4.440892098500626e-16,0.7961706623744876,0.6751914041961631
static,7.159999999999935,0.6457718232379019,0.6457718232379023,4.440892098500626e-16,0.7961706623744876,0.6751914041961631
static,7.179999999999935,0.6457718232379019,0.6457718232379023,4.440892098500626e-16,0.7961706623744876,0.6751914041961631
static,7.1999999999999345,0.6457718232379019,0.6457718232379023,4.440892098500626e-16,0.7961706623744876,0.6751914041961631
static,7.219999999999934,0.6457718232379019,0.6457718232379023,4.440892098500626e-16,0.7961706623744876,0.6751914041961631
static,7.239999999999934,0.6457718232379019,0.6457718232379023,4.440892098500626e-16,0.7961706623744876,0.6751914041961631
static,7.259999999999933,0.6457718232379019,0.6457718232379023,4.440892098500626e-16,0.7961706623744876,0.6751914041961631
static,7.279999999999933,0.6457718232379019,0.6457718232379023,4.440892098500626e-16,0.7961706623744876,0.6751914041961631
static,7.299999999999932,0.6457718232379019,0.6457718232379023,4.440892098500626e-16,0.7961706623744876,0.6751914041961631
static,7.319999999999932,0.6457718232379019,0.6457718232379023,4.440892098500626e-16,0.7961706623744876,0.6751914041961631
static,7.3399999999999315,0.6457718232379019,0.6457718232379023,4.440892098500626e-16,0.7961706623744876,0.6751914041961631
static,7.359999999999931,0.6457718232379019,0.6457718232379023,4.440892098500626e-16,0.7961706623744876,0.6751914041961631
static,7.379999999999931,0.6457718232379019,0.6457718232379023,4.440892098500626e-16,0.7961706623744876,0.6751914041961631
static,7.39999999999993,0.6457718232379019,0.6457718232379023,4.440892098500626e-16,0.7961706623744876,0.6751914041961631
static,7.41999999999993,0.6457718232379019,0.6457718232379023,4.440892098500626e-16,0.7961706623744876,0.6751914041961631
static,7.439999999999929,0.6457718232379019,0.6457718232379023,4.440892098500626e-16,0.7961706623744876,0.6751914041961631
static,7.459999999999929,0.6457718232379019,0.6457718232379023,4.440892098500626e-16,0.7961706623744876,0.6751914041961631
static,7.4799999999999285,0.6457718232379019,0.6457718232379023,4.440892098500626e-16,0.7961706623744876,0.6751914041961631
static,7.499999999999928,0.6457718232379019,0.6457718232379023,4.440892098500626e-16,0.7961706623744876,0.6751914041961631
static,7.519999999999928,0.6457718232379019,0.6457718232379023,4.440892098500626e-16,0.7961706623744876,0.6751914041961631
static,7.539999999999927,0.6457718232379019,0.6457718232379023,4.440892098500626e-16,0.7961706623744876,0.6751914041961631
static,7.559999999999927,0.6457718232379019,0.6457718232379023,4.440892098500626e-16,0.7961706623744876,0.6751914041961631
static,7.579999999999926,0.6457718232379019,0.6457718232379023,4.440892098500626e-16,0.7961706623744876,0.6751914041961631
static,7.599999999999926,0.6457718232379019,0.6457718232379023,4.440892098500626e-16,0.7961706623744876,0.6751914041961631
static,7.6199999999999255,0.6457718232379019,0.6457718232379023,4.440892098500626e-16,0.7961706623744876,0.6751914041961631
static,7.639999999999925,0.6457718232379019,0.6457718232379023,4.440892098500626e-16,0.7961706623744876,0.6751914041961631
static,7.659999999999925,0.6457718232379019,0.6457718232379023,4.440892098500626e-16,0.7961706623744876,0.6751914041961631
static,7.679999999999924,0.6457718232379019,0.6457718232379023,4.440892098500626e-16,0.7961706623744876,0.6751914041961631
static,7.699999999999924,0.6457718232379019,0.6457718232379023,4.440892098500626e-16,0.7961706623744876,0.6751914041961631
static,7.719999999999923,0.6457718232379019,0.6457718232379023,4.440892098500626e-16,0.7961706623744876,0.6751914041961631
static,7.739999999999923,0.6457718232379019,0.6457718232379023,4.440892098500626e-16,0.7961706623744876,0.6751914041961631
static,7.7599999999999225,0.6457718232379019,0.6457718232379023,4.440892098500626e-16,0.7961706623744876,0.6751914041961631
static,7.779999999999922,0.6457718232379019,0.6457718232379023,4.440892098500626e-16,0.7961706623744876,0.6751914041961631
static,7.799999999999922,0.6457718232379019,0.6457718232379023,4.440892098500626e-16,0.7961706623744876,0.6751914041961631
static,7.819999999999921,0.6457718232379019,0.6457718232379023,4.440892098500626e-16,0.7961706623744876,0.6751914041961631
static,7.839999999999921,0.6457718232379019,0.6457718232379023,4.440892098500626e-16,0.7961706623744876,0.6751914041961631
static,7.85999999999992,0.6457718232379019,0.6457718232379023,4.440892098500626e-16,0.7961706623744876,0.6751914041961631
static,7.87999999999992,0.6457718232379019,0.6457718232379023,4.440892098500626e-16,0.7961706623744876,0.6751914041961631
static,7.8999999999999195,0.6457718232379019,0.6457718232379023,4.440892098500626e-16,0.7961706623744876,0.6751914041961631
static,7.919999999999919,0.6457718232379019,0.6457718232379023,4.440892098500626e-16,0.7961706623744876,0.6751914041961631
static,7.939999999999919,0.6457718232379019,0.6457718232379023,4.440892098500626e-16,0.7961706623744876,0.6751914041961631
static,7.959999999999918,0.6457718232379019,0.6457718232379023,4.440892098500626e-16,0.7961706623744876,0.6751914041961631
static,7.979999999999918,0.6457718232379019,0.6457718232379023,4.440892098500626e-16,0.7961706623744876,0.6751914041961631
static,7.999999999999917,0.6457718232379019,0.6457718232379023,4.440892098500626e-16,0.7961706623744876,0.6751914041961631
static,8.019999999999918,0.6457718232379019,0.6457718232379023,4.440892098500626e-16,0.7961706623744876,0.6751914041961631
static,8.039999999999917,0.6457718232379019,0.6457718232379023,4.440892098500626e-16,0.7961706623744876,0.6751914041961631
static,8.059999999999917,0.6457718232379019,0.6457718232379023,4.440892098500626e-16,0.7961706623744876,0.6751914041961631
static,8.079999999999917,0.6457718232379019,0.6457718232379023,4.440892098500626e-16,0.7961706623744876,0.6751914041961631
static,8.099999999999916,0.6457718232379019,0.6457718232379023,4.440892098500626e-16,0.7961706623744876,0.6751914041961631
static,8.119999999999916,0.6457718232379019,0.6457718232379023,4.440892098500626e-16,0.7961706623744876,0.6751914041961631
static,8.139999999999915,0.6457718232379019,0.6457718232379023,4.440892098500626e-16,0.7961706623744876,0.6751914041961631
static,8.159999999999915,0.6457718232379019,0.6457718232379023,4.440892098500626e-16,0.7961706623744876,0.6751914041961631
static,8.179999999999914,0.6457718232379019,0.6457718232379023,4.440892098500626e-16,0.7961706623744876,0.6751914041961631
static,8.199999999999914,0.6457718232379019,0.6457718232379023,4.440892098500626e-16,0.7961706623744876,0.6751914041961631
static,8.219999999999914,0.6457718232379019,0.6457718232379023,4.440892098500626e-16,0.7961706623744876,0.6751914041961631
static,8.239999999999913,0.6457718232379019,0.6457718232379023,4.440892098500626e-16,0.7961706623744876,0.6751914041961631
static,8.259999999999913,0.6457718232379019,0.6457718232379023,4.440892098500626e-16,0.7961706623744876,0.6751914041961631
static,8.279999999999912,0.6457718232379019,0.6457718232379023,4.440892098500626e-16,0.7961706623744876,0.6751914041961631
static,8.299999999999912,0.6457718232379019,0.6457718232379023,4.440892098500626e-16,0.7961706623744876,0.6751914041961631
static,8.319999999999911,0.6457718232379019,0.6457718232379023,4.440892098500626e-16,0.7961706623744876,0.6751914041961631
static,8.339999999999911,0.6457718232379019,0.6457718232379023,4.440892098500626e-16,0.7961706623744876,0.6751914041961631
static,8.35999999999991,0.6457718232379019,0.6457718232379023,4.440892098500626e-16,0.7961706623744876,0.6751914041961631
static,8.37999999999991,0.6457718232379019,0.6457718232379023,4.440892098500626e-16,0.7961706623744876,0.6751914041961631
static,8.39999999999991,0.6457718232379019,0.6457718232379023,4.440892098500626e-16,0.7961706623744876,0.6751914041961631
static,8.41999999999991,0.6457718232379019,0.6457718232379023,4.440892098500626e-16,0.7961706623744876,0.6751914041961631
static,8.439999999999909,0.6457718232379019,0.6457718232379023,4.440892098500626e-16,0.7961706623744876,0.6751914041961631
static,8.459999999999908,0.6457718232379019,0.6457718232379023,4.440892098500626e-16,0.7961706623744876,0.6751914041961631
static,8.479999999999908,0.6457718232379019,0.6457718232379023,4.440892098500626e-16,0.7961706623744876,0.6751914041961631
static,8.499999999999908,0.6457718232379019,0.6457718232379023,4.440892098500626e-16,0.7961706623744876,0.6751914041961631
static,8.519999999999907,0.6457718232379019,0.6457718232379023,4.440892098500626e-16,0.7961706623744876,0.6751914041961631
static,8.539999999999907,0.6457718232379019,0.6457718232379023,4.440892098500626e-16,0.7961706623744876,0.6751914041961631
static,8.559999999999906,0.6457718232379019,0.6457718232379023,4.440892098500626e-16,0.7961706623744876,0.6751914041961631
static,8.579999999999906,0.6457718232379019,0.6457718232379023,4.440892098500626e-16,0.7961706623744876,0.6751914041961631
static,8.599999999999905,0.6457718232379019,0.6457718232379023,4.440892098500626e-16,0.7961706623744876,0.6751914041961631
static,8.619999999999905,0.6457718232379019,0.6457718232379023,4.440892098500626e-16,0.7961706623744876,0.6751914041961631
static,8.639999999999905,0.6457718232379019,0.6457718232379023,4.440892098500626e-16,0.7961706623744876,0.6751914041961631
static,8.659999999999904,0.6457718232379019,0.6457718232379023,4.440892098500626e-16,0.7961706623744876,0.6751914041961631
static,8.679999999999904,0.6457718232379019,0.6457718232379023,4.440892098500626e-16,0.7961706623744876,0.6751914041961631
static,8.699999999999903,0.6457718232379019,0.6457718232379023,4.440892098500626e-16,0.7961706623744876,0.6751914041961631
static,8.719999999999903,0.6457718232379019,0.6457718232379023,4.440892098500626e-16,0.7961706623744876,0.6751914041961631
static,8.739999999999903,0.6457718232379019,0.6457718232379023,4.440892098500626e-16,0.7961706623744876,0.6751914041961631
static,8.759999999999902,0.6457718232379019,0.6457718232379023,4.440892098500626e-16,0.7961706623744876,0.6751914041961631
static,8.779999999999902,0.6457718232379019,0.6457718232379023,4.440892098500626e-16,0.7961706623744876,0.6751914041961631
static,8.799999999999901,0.6457718232379019,0.6457718232379023,4.440892098500626e-16,0.7961706623744876,0.6751914041961631
static,8.8199999999999,0.6457718232379019,0.6457718232379023,4.440892098500626e-16,0.7961706623744876,0.6751914041961631
static,8.8399999999999,0.6457718232379019,0.6457718232379023,4.440892098500626e-16,0.7961706623744876,0.6751914041961631
static,8.8599999999999,0.6457718232379019,0.6457718232379023,4.440892098500626e-16,0.7961706623744876,0.6751914041961631
static,8.8799999999999,0.6457718232379019,0.6457718232379023,4.440892098500626e-16,0.7961706623744876,0.6751914041961631
static,8.899999999999899,0.6457718232379019,0.6457718232379023,4.440892098500626e-16,0.7961706623744876,0.6751914041961631
static,8.919999999999899,0.6457718232379019,0.6457718232379023,4.440892098500626e-16,0.7961706623744876,0.6751914041961631
static,8.939999999999898,0.6457718232379019,0.6457718232379023,4.440892098500626e-16,0.7961706623744876,0.6751914041961631
static,8.959999999999898,0.6457718232379019,0.6457718232379023,4.440892098500626e-16,0.7961706623744876,0.6751914041961631
static,8.979999999999897,0.6457718232379019,0.6457718232379023,4.440892098500626e-16,0.7961706623744876,0.6751914041961631
static,8.999999999999897,0.6457718232379019,0.6457718232379023,4.440892098500626e-16,0.7961706623744876,0.6751914041961631
static,9.019999999999897,0.6457718232379019,0.6457718232379023,4.440892098500626e-16,0.7961706623744876,0.6751914041961631
static,9.039999999999896,0.6457718232379019,0.6457718232379023,4.440892098500626e-16,0.7961706623744876,0.6751914041961631
static,9.059999999999896,0.6457718232379019,0.6457718232379023,4.440892098500626e-16,0.7961706623744876,0.6751914041961631
static,9.079999999999895,0.6457718232379019,0.6457718232379023,4.440892098500626e-16,0.7961706623744876,0.6751914041961631
static,9.099999999999895,0.6457718232379019,0.6457718232379023,4.440892098500626e-16,0.7961706623744876,0.6751914041961631
static,9.119999999999894,0.6457718232379019,0.6457718232379023,4.440892098500626e-16,0.7961706623744876,0.6751914041961631
static,9.139999999999894,0.6457718232379019,0.6457718232379023,4.440892098500626e-16,0.7961706623744876,0.6751914041961631
static,9.159999999999894,0.6457718232379019,0.6457718232379023,4.440892098500626e-16,0.7961706623744876,0.6751914041961631
static,9.179999999999893,0.6457718232379019,0.6457718232379023,4.440892098500626e-16,0.7961706623744876,0.6751914041961631
static,9.199999999999893,0.6457718232379019,0.6457718232379023,4.440892098500626e-16,0.7961706623744876,0.6751914041961631
static,9.219999999999892,0.6457718232379019,0.6457718232379023,4.440892098500626e-16,0.7961706623744876,0.6751914041961631
static,9.239999999999892,0.6457718232379019,0.6457718232379023,4.440892098500626e-16,0.7961706623744876,0.6751914041961631
static,9.259999999999891,0.6457718232379019,0.6457718232379023,4.440892098500626e-16,0.7961706623744876,0.6751914041961631
static,9.279999999999891,0.6457718232379019,0.6457718232379023,4.440892098500626e-16,0.7961706623744876,0.6751914041961631
static,9.29999999999989,0.6457718232379019,0.6457718232379023,4.440892098500626e-16,0.7961706623744876,0.6751914041961631
static,9.31999999999989,0.6457718232379019,0.6457718232379023,4.440892098500626e-16,0.7961706623744876,0.6751914041961631
static,9.33999999999989,0.6457718232379019,0.6457718232379023,4.440892098500626e-16,0.7961706623744876,0.6751914041961631
static,9.35999999999989,0.6457718232379019,0.6457718232379023,4.440892098500626e-16,0.7961706623744876,0.6751914041961631
static,9.379999999999889,0.6457718232379019,0.6457718232379023,4.440892098500626e-16,0.7961706623744876,0.6751914041961631
static,9.399999999999888,0.6457718232379019,0.6457718232379023,4.440892098500626e-16,0.7961706623744876,0.6751914041961631
static,9.419999999999888,0.6457718232379019,0.6457718232379023,4.440892098500626e-16,0.7961706623744876,0.6751914041961631
static,9.439999999999888,0.6457718232379019,0.6457718232379023,4.440892098500626e-16,0.7961706623744876,0.6751914041961631
static,9.459999999999887,0.6457718232379019,0.6457718232379023,4.440892098500626e-16,0.7961706623744876,0.6751914041961631
static,9.479999999999887,0.6457718232379019,0.6457718232379023,4.440892098500626e-16,0.7961706623744876,0.6751914041961631
static,9.499999999999886,0.6457718232379019,0.6457718232379023,4.440892098500626e-16,0.7961706623744876,0.6751914041961631
static,9.519999999999886,0.6457718232379019,0.6457718232379023,4.440892098500626e-16,0.7961706623744876,0.6751914041961631
static,9.539999999999885,0.6457718232379019,0.6457718232379023,4.440892098500626e-16,0.7961706623744876,0.6751914041961631
static,9.559999999999885,0.6457718232379019,0.6457718232379023,4.440892098500626e-16,0.7961706623744876,0.6751914041961631
static,9.579999999999885,0.6457718232379019,0.6457718232379023,4.440892098500626e-16,0.7961706623744876,0.6751914041961631
static,9.599999999999884,0.6457718232379019,0.6457718232379023,4.440892098500626e-16,0.7961706623744876,0.6751914041961631
static,9.619999999999884,0.6457718232379019,0.6457718232379023,4.440892098500626e-16,0.7961706623744876,0.6751914041961631
static,9.639999999999883,0.6457718232379019,0.6457718232379023,4.440892098500626e-16,0.7961706623744876,0.6751914041961631
static,9.659999999999883,0.6457718232379019,0.6457718232379023,4.440892098500626e-16,0.7961706623744876,0.6751914041961631
static,9.679999999999882,0.6457718232379019,0.6457718232379023,4.440892098500626e-16,0.7961706623744876,0.6751914041961631
static,9.699999999999882,0.6457718232379019,0.6457718232379023,4.440892098500626e-16,0.7961706623744876,0.6751914041961631
static,9.719999999999882,0.6457718232379019,0.6457718232379023,4.440892098500626e-16,0.7961706623744876,0.6751914041961631
static,9.739999999999881,0.6457718232379019,0.6457718232379023,4.440892098500626e-16,0.7961706623744876,0.6751914041961631
static,9.75999999999988,0.6457718232379019,0.6457718232379023,4.440892098500626e-16,0.7961706623744876,0.6751914041961631
static,9.77999999999988,0.6457718232379019,0.6457718232379023,4.440892098500626e-16,0.7961706623744876,0.6751914041961631
static,9.79999999999988,0.6457718232379019,0.6457718232379023,4.440892098500626e-16,0.7961706623744876,0.6751914041961631
static,9.81999999999988,0.6457718232379019,0.6457718232379023,4.440892098500626e-16,0.7961706623744876,0.6751914041961631
static,9.839999999999879,0.6457718232379019,0.6457718232379023,4.440892098500626e-16,0.7961706623744876,0.6751914041961631
static,9.859999999999879,0.6457718232379019,0.6457718232379023,4.440892098500626e-16,0.7961706623744876,0.6751914041961631
static,9.879999999999878,0.6457718232379019,0.6457718232379023,4.440892098500626e-16,0.7961706623744876,0.6751914041961631
static,9.899999999999878,0.6457718232379019,0.6457718232379023,4.440892098500626e-16,0.7961706623744876,0.6751914041961631
static,9.919999999999877,0.6457718232379019,0.6457718232379023,4.440892098500626e-16,0.7961706623744876,0.6751914041961631
static,9.939999999999877,0.6457718232379019,0.6457718232379023,4.440892098500626e-16,0.7961706623744876,0.6751914041961631
static,9.959999999999877,0.6457718232379019,0.6457718232379023,4.440892098500626e-16,0.7961706623744876,0.6751914041961631
static,9.979999999999876,0.6457718232379019,0.6457718232379023,4.440892098500626e-16,0.7961706623744876,0.6751914041961631
static,9.999999999999876,0.6457718232379019,0.6457718232379023,4.440892098500626e-16,0.7961706623744876,0.6751914041961631
static,10.0,0.6457718232379019,0.6457718232379023,4.440892098500626e-16,0.7961706623744876,0.6751914041961631
positive_rate,0.0,2.0943951023931953,2.0943951023931957,4.440892098500626e-16,0.7961740796645929,0.6751850472301966
positive_rate,0.02,2.0978857608971837,2.097885752731345,-8.165838671914116e-09,0.7961733665918173,0.6751863737165102
positive_rate,0.04,2.1013764194011726,2.1013764021373382,-1.726383436206902e-08,0.7961728853597793,0.6751872689226694
positive_rate,0.06,2.104867077905161,2.104867051831684,-2.607347715510855e-08,0.7961725416155989,0.6751879083682858
positive_rate,0.08,2.10835773640915,2.1083577022282665,-3.4180883456969013e-08,0.7961722923285044,0.6751883721011372
positive_rate,0.1,2.1118483949131384,2.1118483533756693,-4.15374690199144e-08,0.7961721106545059,0.6751887100575579
positive_rate,0.12000000000000001,2.1153390534171272,2.115339005185805,-4.823132204734293e-08,0.7961719781670827,0.675188956515307
positive_rate,0.14,2.1188297119211157,2.118829657535078,-5.43860378954264e-08,0.7961718816395891,0.6751891360791039
positive_rate,0.16,2.1223203704251046,2.122320310304631,-6.01204734884675e-08,0.7961718114102045,0.6751892667222282
positive_rate,0.18,2.125811028929093,2.125810963393726,-6.553536691100703e-08,0.7961717603864622,0.6751893616383458
positive_rate,0.19999999999999998,2.129301687433082,2.129301616721961,-7.071112095857757e-08,0.7961717233631096,0.675189430510453
positive_rate,0.21999999999999997,2.1327923459370703,2.1327922702272892,-7.57097811110441e-08,0.7961716965275192,0.675189480430934
positive_rate,0.23999999999999996,2.1362830044410592,2.1362829238628103,-8.057824896212651e-08,0.7961716770937186,0.6751895165823517
positive_rate,0.25999999999999995,2.1397736629450477,2.1397735775935516,-8.535149609301129e-08,0.796171663030489,0.6751895427432497
positive_rate,0.27999999999999997,2.1432643214490366,2.1432642313936747,-9.005536183437357e-08,0.7961716528597668,0.6751895616631729
positive_rate,0.3,2.146754979953025,2.146754885244216,-9.470880879547394e-08,0.7961716455077529,0.6751895753396387
positive_rate,0.32,2.150245638457014,2.1502455391313218,-9.932569211557052e-08,0.796171640195383,0.6751895852218894
positive_rate,0.34,2.1537362969610023,2.1537361930449066,-1.0391609572835137e-07,0.7961716363580447,0.6751895923602363
positive_rate,0.36000000000000004,2.157226955464991,2.157226846977645,-1.0848734621760059e-07,0.7961716335869087,0.6751895975151976
positive_rate,0.38000000000000006,2.1607176139689797,2.1607175009242283,-1.1304475133755432e-07,0.796171631586158,0.6751896012370618
positive_rate,0.4000000000000001,2.1642082724729685,2.1642081548808125,-1.1759215601259143e-07,0.7961716301418735,0.6751896039237687
positive_rate,0.4200000000000001,2.167698930976957,2.167698808844618,-1.2213233890889796e-07,0.7961716290994333,0.6751896058629514
positive_rate,0.4400000000000001,2.171189589480946,2.171189462813636,-1.266673099742377e-07,0.7961716283471181,0.6751896072624337
positive_rate,0.46000000000000013,2.1746802479849343,2.174680116786416,-1.3119851827170237e-07,0.796171627804233,0.6751896082723269
positive_rate,0.48000000000000015,2.178170906488923,2.1781707707619105,-1.3572701274000565e-07,0.7961716274125068,0.6751896090010293
positive_rate,0.5000000000000001,2.1816615649929116,2.1816614247393633,-1.4025354833080428e-07,0.7961716271298683,0.675189609526803
positive_rate,0.5200000000000001,2.1851522234969005,2.185152078718229,-1.4477867171791559e-07,0.7961716269259493,0.67518960990614
positive_rate,0.5400000000000001,2.188642882000889,2.188642732698114,-1.4930277503211187e-07,0.7961716267788315,0.6751896101798136
positive_rate,0.5600000000000002,2.192133540504878,2.192133386678734,-1.5382614382275506e-07,0.796171626672696,0.6751896103772503
positive_rate,0.5800000000000002,2.1956241990088663,2.1956240406598844,-1.5834898192679248e-07,0.7961716265961288,0.6751896105196832
positive_rate,0.6000000000000002,2.199114857512855,2.199114694641417,-1.6287143811410942e-07,0.7961716265408937,0.6751896106224335
positive_rate,0.6200000000000002,2.2026055160168436,2.2026053486232255,-1.6739361807793784e-07,0.7961716265010482,0.6751896106965554
positive_rate,0.6400000000000002,2.2060961745208325,2.2060960026052334,-1.7191559908980025e-07,0.796171626472305,0.6751896107500245
positive_rate,0.6600000000000003,2.209586833024821,2.2095866565873843,-1.7643743666084788e-07,0.7961716264515705,0.6751896107885956
positive_rate,0.6800000000000003,2.21307749152881,2.213077310569639,-1.809591707591096e-07,0.7961716264366135,0.6751896108164189
positive_rate,0.7000000000000003,2.2165681500327983,2.216567964551969,-1.8548082936220567e-07,0.7961716264258243,0.6751896108364895
positive_rate,0.7200000000000003,2.220058808536787,2.220058618534352,-1.9000243511868575e-07,0.796171626418042,0.6751896108509665
positive_rate,0.7400000000000003,2.2235494670407756,2.2235492725167743,-1.9452400135122616e-07,0.7961716264124279,0.6751896108614099
positive_rate,0.7600000000000003,2.2270401255447645,2.227039926499225,-1.9904553960614635e-07,0.796171626408378,0.6751896108689437
positive_rate,0.7800000000000004,2.230530784048753,2.230530580481695,-2.035670578770521e-07,0.796171626405457,0.6751896108743773
positive_rate,0.8000000000000004,2.234021442552742,2.23402123446418,-2.0808856193710312e-07,0.7961716264033502,0.6751896108782967
positive_rate,0.8200000000000004,2.2375121010567303,2.2375118884466754,-2.126100548949239e-07,0.7961716264018301,0.6751896108811243
positive_rate,0.8400000000000004,2.241002759560719,2.241002542429179,-2.1713154030322812e-07,0.7961716264007339,0.6751896108831635
positive_rate,0.8600000000000004,2.2444934180647076,2.2444931964116877,-2.216530199383726e-07,0.796171626399943,0.6751896108846348
positive_rate,0.8800000000000004,2.2479840765686965,2.2479838503942,-2.2617449646489263e-07,0.7961716263993727,0.6751896108856957
positive_rate,0.9000000000000005,2.251474735072685,2.2514745043767155,-2.3069596943869897e-07,0.796171626398961,0.6751896108864616
positive_rate,0.9200000000000005,2.254965393576674,2.2549651583592327,-2.3521744108023768e-07,0.7961716263986643,0.6751896108870133
positive_rate,0.9400000000000005,2.2584560520806622,2.2584558123417517,-2.3973891050133034e-07,0.7961716263984502,0.6751896108874117
positive_rate,0.9600000000000005,2.261946710584651,2.261946466324272,-2.442603790342446e-07,0.7961716263982959,0.6751896108876988
positive_rate,0.9800000000000005,2.2654373690886396,2.265437120306793,-2.487818466789804e-07,0.7961716263981842,0.6751896108879066
positive_rate,1.0000000000000004,2.2689280275926285,2.268927774289314,-2.533033143237162e-07,0.7961716263981039,0.6751896108880558
positive_rate,1.0200000000000005,2.272418686096617,2.272418428271836,-2.578247810802736e-07,0.7961716263980458,0.6751896108881639
positive_rate,1.0400000000000005,2.275909344600606,2.275909082254358,-2.62346247836831e-07,0.796171626398004,0.6751896108882418
positive_rate,1.0600000000000005,2.2794000031045942,2.27939973623688,-2.668677141492992e-07,0.796171626397974,0.6751896108882975
positive_rate,1.0800000000000005,2.282890661608583,2.2828903902194027,-2.713891804617674e-07,0.7961716263979524,0.6751896108883378
positive_rate,1.1000000000000005,2.2863813201125716,2.2863810442019252,-2.759106463301464e-07,0.7961716263979367,0.6751896108883669
positive_rate,1.1200000000000006,2.2898719786165604,2.289871698184448,-2.804321126426146e-07,0.7961716263979252,0.6751896108883884
positive_rate,1.1400000000000006,2.293362637120549,2.29336235216697,-2.849535789550828e-07,0.7961716263979173,0.6751896108884031
positive_rate,1.1600000000000006,2.2968532956245378,2.296853006149493,-2.8947504482346176e-07,0.7961716263979113,0.6751896108884142
positive_rate,1.1800000000000006,2.300343954128526,2.3003436601320155,-2.9399651069184074e-07,0.7961716263979071,0.6751896108884221
positive_rate,1.2000000000000006,2.303834612632515,2.3038343141145385,-2.985179765602197e-07,0.7961716263979038,0.6751896108884281
positive_rate,1.2200000000000006,2.3073252711365035,2.307324968097061,-3.030394424285987e-07,0.7961716263979015,0.6751896108884324
positive_rate,1.2400000000000007,2.3108159296404924,2.3108156220795837,-3.075609087410669e-07,0.7961716263979002,0.6751896108884349
positive_rate,1.2600000000000007,2.314306588144481,2.3143062760621067,-3.1208237416535667e-07,0.7961716263978991,0.675189610888437
positive_rate,1.2800000000000007,2.3177972466484698,2.3177969300446293,-3.1660384047782486e-07,0.7961716263978981,0.6751896108884388
positive_rate,1.3000000000000007,2.321287905152458,2.321287584027152,-3.2112530634620384e-07,0.7961716263978974,0.6751896108884401
positive_rate,1.3200000000000007,2.324778563656447,2.324778238009675,-3.256467722145828e-07,0.796171626397897,0.6751896108884409
positive_rate,1.3400000000000007,2.3282692221604355,2.3282688919921974,-3.301682380829618e-07,0.7961716263978967,0.6751896108884413
positive_rate,1.3600000000000008,2.3317598806644244,2.3317595459747205,-3.346897039513408e-07,0.7961716263978966,0.6751896108884414
positive_rate,1.3800000000000008,2.335250539168413,2.335250199957243,-3.3921116981971977e-07,0.7961716263978964,0.6751896108884419
positive_rate,1.4000000000000008,2.3387411976724017,2.338740853939766,-3.4373263568809875e-07,0.7961716263978964,0.6751896108884419
positive_rate,1.4200000000000008,2.34223185617639,2.3422315079222886,-3.4825410155647774e-07,0.7961716263978962,0.6751896108884423
positive_rate,1.4400000000000008,2.3457225146803786,2.3457221619048116,-3.527755669807675e-07,0.7961716263978962,0.6751896108884423
positive_rate,1.4600000000000009,2.3492131731843675,2.349212815887334,-3.572970332932357e-07,0.7961716263978961,0.6751896108884425
positive_rate,1.4800000000000009,2.3527038316883564,2.3527034698698572,-3.618184991616147e-07,0.7961716263978962,0.6751896108884423
positive_rate,1.5000000000000009,2.356194490192345,2.35619412385238,-3.6633996502999366e-07,0.7961716263978961,0.6751896108884425
positive_rate,1.520000000000001,2.3596851486963333,2.3596847778349024,-3.7086143089837265e-07,0.7961716263978961,0.6751896108884425
positive_rate,1.540000000000001,2.363175807200322,2.3631754318174254,-3.7538289676675163e-07,0.7961716263978962,0.6751896108884423
positive_rate,1.560000000000001,2.366666465704311,2.3666660857999484,-3.799043626351306e-07,0.7961716263978963,0.6751896108884421
positive_rate,1.580000000000001,2.3701571242082995,2.370156739782471,-3.844258285035096e-07,0.7961716263978961,0.6751896108884425
positive_rate,1.600000000000001,2.373647782712288,2.373647393764994,-3.8894729392779936e-07,0.7961716263978962,0.6751896108884423
positive_rate,1.620000000000001,2.377138441216277,2.3771380477475166,-3.9346876024026756e-07,0.7961716263978961,0.6751896108884425
positive_rate,1.640000000000001,2.3806290997202657,2.380628701730039,-3.9799022655273575e-07,0.7961716263978958,0.675189610888443
positive_rate,1.660000000000001,2.384119758224254,2.384119355712562,-4.025116919770255e-07,0.7961716263978961,0.6751896108884425
positive_rate,1.680000000000001,2.3876104167282426,2.3876100096950847,-4.070331578454045e-07,0.7961716263978963,0.6751896108884421
positive_rate,1.700000000000001,2.3911010752322315,2.3911006636776078,-4.115546237137835e-07,0.7961716263978957,0.6751896108884432
positive_rate,1.720000000000001,2.3945917337362204,2.394591317660131,-4.1607608958216247e-07,0.7961716263978958,0.675189610888443
positive_rate,1.740000000000001,2.398082392240209,2.3980819716426534,-4.2059755545054145e-07,0.7961716263978961,0.6751896108884425
positive_rate,1.7600000000000011,2.4015730507441972,2.4015726256251764,-4.251190208748312e-07,0.7961716263978962,0.6751896108884423
positive_rate,1.7800000000000011,2.405063709248186,2.405063279607699,-4.296404871872994e-07,0.7961716263978961,0.6751896108884425
positive_rate,1.8000000000000012,2.408554367752175,2.4085539335902215,-4.341619534997676e-07,0.7961716263978961,0.6751896108884425
positive_rate,1.8200000000000012,2.4120450262561635,2.4120445875727445,-4.386834189240574e-07,0.796171626397896,0.6751896108884428
positive_rate,1.8400000000000012,2.415535684760152,2.415535241555267,-4.4320488479243636e-07,0.796171626397896,0.6751896108884428
positive_rate,1.8600000000000012,2.419026343264141,2.41902589553779,-4.4772635066081534e-07,0.7961716263978961,0.6751896108884425
positive_rate,1.8800000000000012,2.4225170017681292,2.422516549520313,-4.522478160851051e-07,0.7961716263978958,0.675189610888443
positive_rate,1.9000000000000012,2.426007660272118,2.4260072035028357,-4.567692823975733e-07,0.796171626397896,0.6751896108884428
positive_rate,1.9200000000000013,2.4294983187761066,2.4294978574853583,-4.612907482659523e-07,0.7961716263978957,0.6751896108884432
positive_rate,1.9400000000000013,2.4329889772800954,2.432988511467881,-4.658122145784205e-07,0.7961716263978958,0.675189610888443
positive_rate,1.9600000000000013,2.436479635784084,2.436479165450404,-4.7033368000271025e-07,0.7961716263978963,0.6751896108884421
positive_rate,1.9800000000000013,2.4399702942880728,2.439969819432927,-4.7485514587108923e-07,0.7961716263978961,0.6751896108884425
positive_rate,2.0000000000000013,2.443460952792061,2.4434604734154495,-4.793766117394682e-07,0.7961716263978961,0.6751896108884425
positive_rate,2.0200000000000014,2.44695161129605,2.446951127397972,-4.838980780519364e-07,0.7961716263978962,0.6751896108884423
positive_rate,2.0400000000000014,2.4504422698000385,2.450441781380495,-4.884195434762262e-07,0.7961716263978961,0.6751896108884425
positive_rate,2.0600000000000014,2.4539329283040274,2.453932435363018,-4.929410093446052e-07,0.7961716263978956,0.6751896108884434
positive_rate,2.0800000000000014,2.457423586808016,2.4574230893455407,-4.974624752129841e-07,0.7961716263978962,0.6751896108884423
positive_rate,2.1000000000000014,2.4609142453120048,2.4609137433280632,-5.019839415254523e-07,0.796171626397896,0.6751896108884428
positive_rate,2.1200000000000014,2.464404903815993,2.4644043973105862,-5.065054069497421e-07,0.7961716263978961,0.6751896108884425
positive_rate,2.1400000000000015,2.467895562319982,2.467895051293109,-5.110268732622103e-07,0.7961716263978961,0.6751896108884425
positive_rate,2.1600000000000015,2.4713862208239705,2.4713857052756314,-5.155483391305893e-07,0.796171626397896,0.6751896108884428
positive_rate,2.1800000000000015,2.4748768793279594,2.4748763592581544,-5.200698049989683e-07,0.7961716263978962,0.6751896108884423
positive_rate,2.2000000000000015,2.478367537831948,2.4783670132406774,-5.24591270423258e-07,0.7961716263978961,0.6751896108884425
positive_rate,2.2200000000000015,2.4818581963359367,2.4818576672232,-5.291127367357262e-07,0.7961716263978961,0.6751896108884425
positive_rate,2.2400000000000015,2.485348854839925,2.4853483212057226,-5.336342026041052e-07,0.7961716263978958,0.675189610888443
positive_rate,2.2600000000000016,2.488839513343914,2.4888389751882456,-5.381556684724842e-07,0.7961716263978958,0.675189610888443
positive_rate,2.2800000000000016,2.4923301718479025,2.4923296291707686,-5.42677133896774e-07,0.7961716263978961,0.6751896108884425
positive_rate,2.3000000000000016,2.4958208303518914,2.495820283153291,-5.471986002092422e-07,0.7961716263978958,0.675189610888443
positive_rate,2.3200000000000016,2.49931148885588,2.4993109371358138,-5.517200660776211e-07,0.7961716263978958,0.675189610888443
positive_rate,2.3400000000000016,2.5028021473598687,2.5028015911183368,-5.562415319460001e-07,0.7961716263978961,0.6751896108884425
positive_rate,2.3600000000000017,2.506292805863857,2.50629224510086,-5.607629973702899e-07,0.796171626397896,0.6751896108884428
positive_rate,2.3800000000000017,2.509783464367846,2.5097828990833824,-5.652844636827581e-07,0.7961716263978961,0.6751896108884425
positive_rate,2.4000000000000017,2.5132741228718345,2.513273553065905,-5.698059295511371e-07,0.796171626397896,0.6751896108884428
positive_rate,2.4200000000000017,2.5167647813758234,2.516764207048428,-5.74327395419516e-07,0.7961716263978961,0.6751896108884425
positive_rate,2.4400000000000017,2.520255439879812,2.5202548610309505,-5.78848861287895e-07,0.7961716263978958,0.675189610888443
positive_rate,2.4600000000000017,2.5237460983838007,2.5237455150134736,-5.83370327156274e-07,0.7961716263978961,0.6751896108884425
positive_rate,2.4800000000000018,2.527236756887789,2.527236168995996,-5.87891793024653e-07,0.7961716263978958,0.675189610888443
positive_rate,2.5000000000000018,2.530727415391778,2.530726822978519,-5.92413258893032e-07,0.7961716263978961,0.6751896108884425
positive_rate,2.520000000000002,2.5342180738957665,2.5342174769610417,-5.96934724761411e-07,0.7961716263978961,0.6751896108884425
positive_rate,2.540000000000002,2.5377087323997554,2.5377081309435647,-6.014561906297899e-07,0.7961716263978958,0.675189610888443
positive_rate,2.560000000000002,2.541199390903744,2.5411987849260873,-6.059776564981689e-07,0.796171626397896,0.6751896108884428
positive_rate,2.580000000000002,2.5446900494077327,2.5446894389086103,-6.104991223665479e-07,0.796171626397896,0.6751896108884428
positive_rate,2.600000000000002,2.548180707911721,2.548180092891133,-6.150205882349269e-07,0.7961716263978958,0.675189610888443
positive_rate,2.620000000000002,2.55167136641571,2.551670746873656,-6.195420541033059e-07,0.796171626397896,0.6751896108884428
positive_rate,2.640000000000002,2.5551620249196985,2.5551614008561785,-6.240635199716849e-07,0.7961716263978962,0.6751896108884423
positive_rate,2.660000000000002,2.5586526834236873,2.5586520548387015,-6.285849858400638e-07,0.7961716263978962,0.6751896108884423
positive_rate,2.680000000000002,2.562143341927676,2.562142708821224,-6.331064517084428e-07,0.7961716263978958,0.675189610888443
positive_rate,2.700000000000002,2.5656340004316647,2.565633362803747,-6.376279175768218e-07,0.7961716263978961,0.6751896108884425
positive_rate,2.720000000000002,2.569124658935653,2.5691240167862697,-6.421493834452008e-07,0.7961716263978958,0.675189610888443
positive_rate,2.740000000000002,2.572615317439642,2.5726146707687927,-6.466708493135798e-07,0.7961716263978962,0.6751896108884423
positive_rate,2.760000000000002,2.5761059759436304,2.5761053247513153,-6.511923151819587e-07,0.7961716263978958,0.675189610888443
positive_rate,2.780000000000002,2.5795966344476193,2.5795959787338383,-6.557137810503377e-07,0.796171626397896,0.6751896108884428
positive_rate,2.800000000000002,2.5830872929516078,2.583086632716361,-6.602352469187167e-07,0.7961716263978961,0.6751896108884425
positive_rate,2.820000000000002,2.5865779514555967,2.586577286698884,-6.647567127870957e-07,0.7961716263978958,0.675189610888443
positive_rate,2.840000000000002,2.590068609959585,2.5900679406814064,-6.692781786554747e-07,0.7961716263978961,0.6751896108884425
positive_rate,2.860000000000002,2.593559268463574,2.5935585946639295,-6.737996445238537e-07,0.7961716263978962,0.6751896108884423
positive_rate,2.880000000000002,2.5970499269675624,2.597049248646452,-6.783211103922326e-07,0.7961716263978958,0.675189610888443
positive_rate,2.900000000000002,2.6005405854715513,2.600539902628975,-6.828425762606116e-07,0.7961716263978958,0.675189610888443
positive_rate,2.920000000000002,2.6040312439755398,2.6040305566114976,-6.873640421289906e-07,0.796171626397896,0.6751896108884428
positive_rate,2.940000000000002,2.6075219024795286,2.60752121059402,-6.918855084414588e-07,0.7961716263978961,0.6751896108884425
positive_rate,2.960000000000002,2.611012560983517,2.611011864576543,-6.964069738657486e-07,0.7961716263978961,0.6751896108884425
positive_rate,2.980000000000002,2.614503219487506,2.614502518559066,-7.009284401782168e-07,0.7961716263978958,0.675189610888443
positive_rate,3.000000000000002,2.6179938779914944,2.617993172541589,-7.054499056025065e-07,0.7961716263978958,0.675189610888443
positive_rate,3.0200000000000022,2.6214845364954833,2.6214838265241114,-7.099713719149747e-07,0.7961716263978962,0.6751896108884423
positive_rate,3.0400000000000023,2.6249751949994717,2.6249744805066344,-7.144928373392645e-07,0.7961716263978961,0.6751896108884425
positive_rate,3.0600000000000023,2.6284658535034606,2.6284651344891574,-7.190143032076435e-07,0.796171626397896,0.6751896108884428
positive_rate,3.0800000000000023,2.631956512007449,2.63195578847168,-7.235357690760225e-07,0.796171626397896,0.6751896108884428
positive_rate,3.1000000000000023,2.635447170511438,2.6354464424542026,-7.280572353884907e-07,0.7961716263978961,0.6751896108884425
positive_rate,3.1200000000000023,2.6389378290154264,2.6389370964367256,-7.325787008127804e-07,0.796171626397896,0.6751896108884428
positive_rate,3.1400000000000023,2.6424284875194153,2.6424277504192486,-7.371001666811594e-07,0.7961716263978962,0.6751896108884423
positive_rate,3.1600000000000024,2.6459191460234037,2.645918404401771,-7.416216325495384e-07,0.7961716263978961,0.6751896108884425
positive_rate,3.1800000000000024,2.6494098045273926,2.6494090583842937,-7.461430988620066e-07,0.7961716263978958,0.675189610888443
positive_rate,3.2000000000000024,2.652900463031381,2.6528997123668168,-7.506645642862964e-07,0.7961716263978961,0.6751896108884425
positive_rate,3.2200000000000024,2.65639112153537,2.6563903663493393,-7.551860305987645e-07,0.7961716263978958,0.675189610888443
positive_rate,3.2400000000000024,2.6598817800393584,2.6598810203318624,-7.597074960230543e-07,0.7961716263978957,0.6751896108884432
positive_rate,3.2600000000000025,2.6633724385433473,2.663371674314385,-7.642289623355225e-07,0.7961716263978958,0.675189610888443
positive_rate,3.2800000000000025,2.6668630970473357,2.666862328296908,-7.687504277598123e-07,0.7961716263978961,0.6751896108884425
positive_rate,3.3000000000000025,2.670353755551324,2.6703529822794305,-7.732718936281913e-07,0.7961716263978958,0.675189610888443
positive_rate,3.3200000000000025,2.673844414055313,2.6738436362619535,-7.777933594965702e-07,0.7961716263978961,0.6751896108884425
positive_rate,3.3400000000000025,2.677335072559302,2.677334290244476,-7.823148258090384e-07,0.7961716263978961,0.6751896108884425
positive_rate,3.3600000000000025,2.6808257310632904,2.680824944226999,-7.868362912333282e-07,0.7961716263978961,0.6751896108884425
positive_rate,3.3800000000000026,2.684316389567279,2.6843155982095217,-7.913577571017072e-07,0.796171626397896,0.6751896108884428
positive_rate,3.4000000000000026,2.6878070480712677,2.6878062521920447,-7.958792229700862e-07,0.7961716263978958,0.675189610888443
positive_rate,3.4200000000000026,2.6912977065752566,2.6912969061745673,-8.004006892825544e-07,0.7961716263978961,0.6751896108884425
positive_rate,3.4400000000000026,2.694788365079245,2.6947875601570903,-8.049221547068441e-07,0.7961716263978958,0.675189610888443
positive_rate,3.4600000000000026,2.6982790235832335,2.698278214139613,-8.094436205752231e-07,0.7961716263978958,0.675189610888443
positive_rate,3.4800000000000026,2.7017696820872223,2.701768868122136,-8.139650864436021e-07,0.7961716263978958,0.675189610888443
positive_rate,3.5000000000000027,2.7052603405912112,2.7052595221046585,-8.184865527560703e-07,0.7961716263978961,0.6751896108884425
positive_rate,3.5200000000000027,2.7087509990951997,2.7087501760871815,-8.230080181803601e-07,0.7961716263978963,0.6751896108884421
positive_rate,3.5400000000000027,2.712241657599188,2.712240830069704,-8.27529484048739e-07,0.7961716263978961,0.6751896108884425
positive_rate,3.5600000000000027,2.715732316103177,2.715731484052227,-8.32050949917118e-07,0.7961716263978958,0.675189610888443
positive_rate,3.5800000000000027,2.719222974607166,2.7192221380347497,-8.365724162295862e-07,0.796171626397896,0.6751896108884428
positive_rate,3.6000000000000028,2.7227136331111543,2.7227127920172727,-8.41093881653876e-07,0.7961716263978958,0.675189610888443
positive_rate,3.6200000000000028,2.7262042916151428,2.7262034459997952,-8.45615347522255e-07,0.7961716263978958,0.675189610888443
positive_rate,3.640000000000003,2.7296949501191317,2.7296940999823183,-8.50136813390634e-07,0.796171626397896,0.6751896108884428
positive_rate,3.660000000000003,2.7331856086231205,2.733184753964841,-8.546582797031022e-07,0.7961716263978961,0.6751896108884425
positive_rate,3.680000000000003,2.736676267127109,2.736675407947364,-8.591797451273919e-07,0.7961716263978963,0.6751896108884421
positive_rate,3.700000000000003,2.7401669256310974,2.7401660619298864,-8.637012109957709e-07,0.7961716263978961,0.6751896108884425
positive_rate,3.720000000000003,2.7436575841350863,2.7436567159124094,-8.682226768641499e-07,0.796171626397896,0.6751896108884428
positive_rate,3.740000000000003,2.747148242639075,2.747147369894932,-8.727441431766181e-07,0.7961716263978962,0.6751896108884423
positive_rate,3.760000000000003,2.7506389011430636,2.750638023877455,-8.772656086009079e-07,0.7961716263978961,0.6751896108884425
positive_rate,3.780000000000003,2.754129559647052,2.7541286778599776,-8.817870744692868e-07,0.7961716263978961,0.6751896108884425
positive_rate,3.800000000000003,2.757620218151041,2.7576193318425006,-8.863085403376658e-07,0.7961716263978961,0.6751896108884425
positive_rate,3.820000000000003,2.76111087665503,2.761109985825023,-8.90830006650134e-07,0.796171626397896,0.6751896108884428
positive_rate,3.840000000000003,2.7646015351590183,2.7646006398075462,-8.953514720744238e-07,0.7961716263978962,0.6751896108884423
positive_rate,3.860000000000003,2.7680921936630067,2.768091293790069,-8.998729379428028e-07,0.796171626397896,0.6751896108884428
positive_rate,3.880000000000003,2.7715828521669956,2.771581947772592,-9.043944038111817e-07,0.7961716263978961,0.6751896108884425
positive_rate,3.900000000000003,2.7750735106709845,2.7750726017551144,-9.089158701236499e-07,0.7961716263978961,0.6751896108884425
positive_rate,3.920000000000003,2.778564169174973,2.7785632557376374,-9.134373355479397e-07,0.7961716263978962,0.6751896108884423
positive_rate,3.940000000000003,2.7820548276789614,2.78205390972016,-9.179588014163187e-07,0.7961716263978961,0.6751896108884425
positive_rate,3.960000000000003,2.7855454861829503,2.785544563702683,-9.224802672846977e-07,0.7961716263978963,0.6751896108884421
positive_rate,3.980000000000003,2.789036144686939,2.7890352176852056,-9.270017335971659e-07,0.7961716263978961,0.6751896108884425
positive_rate,4.000000000000003,2.7925268031909276,2.792525871667728,-9.315231994655448e-07,0.7961716263978958,0.675189610888443
positive_rate,4.020000000000002,2.796017461694916,2.796016525650251,-9.360446648898346e-07,0.7961716263978961,0.6751896108884425
positive_rate,4.040000000000002,2.7995081201989045,2.7995071796327737,-9.405661307582136e-07,0.7961716263978961,0.6751896108884425
positive_rate,4.060000000000001,2.8029987787028934,2.8029978336152968,-9.450875966265926e-07,0.796171626397896,0.6751896108884428
positive_rate,4.080000000000001,2.806489437206882,2.8064884875978193,-9.496090624949716e-07,0.7961716263978961,0.6751896108884425
positive_rate,4.1000000000000005,2.8099800957108707,2.8099791415803423,-9.541305283633505e-07,0.7961716263978958,0.675189610888443
positive_rate,4.12,2.813470754214859,2.8134697955628654,-9.586519937876403e-07,0.7961716263978962,0.6751896108884423
positive_rate,4.14,2.8169614127188476,2.816960449545388,-9.631734596560193e-07,0.7961716263978958,0.675189610888443
positive_rate,4.159999999999999,2.820452071222836,2.8204511035279105,-9.676949255243983e-07,0.7961716263978958,0.675189610888443
positive_rate,4.179999999999999,2.823942729726825,2.8239417575104335,-9.722163913927773e-07,0.7961716263978962,0.6751896108884423
positive_rate,4.199999999999998,2.8274333882308134,2.827432411492956,-9.767378572611563e-07,0.796171626397896,0.6751896108884428
positive_rate,4.219999999999998,2.830924046734802,2.830923065475479,-9.81259322685446e-07,0.7961716263978958,0.675189610888443
positive_rate,4.2399999999999975,2.8344147052387907,2.8344137194580017,-9.857807889979142e-07,0.7961716263978961,0.6751896108884425
positive_rate,4.259999999999997,2.837905363742779,2.8379043734405247,-9.90302254422204e-07,0.7961716263978961,0.6751896108884425
positive_rate,4.279999999999997,2.8413960222467676,2.8413950274230477,-9.948237198464938e-07,0.7961716263978961,0.6751896108884425
positive_rate,4.299999999999996,2.844886680750756,2.8448856814055703,-9.993451857148727e-07,0.7961716263978958,0.675189610888443
positive_rate,4.319999999999996,2.848377339254745,2.8483763353880933,-1.0038666515832517e-06,0.7961716263978963,0.6751896108884421
positive_rate,4.339999999999995,2.8518679977587333,2.851866989370616,-1.0083881174516307e-06,0.7961716263978961,0.6751896108884425
positive_rate,4.359999999999995,2.8553586562627222,2.8553576433531385,-1.012909583764099e-06,0.7961716263978958,0.675189610888443
positive_rate,4.379999999999995,2.8588493147667107,2.8588482973356615,-1.0174310491883887e-06,0.7961716263978961,0.6751896108884425
positive_rate,4.399999999999994,2.862339973270699,2.862338951318184,-1.0219525150567677e-06,0.7961716263978962,0.6751896108884423
positive_rate,4.419999999999994,2.8658306317746876,2.865829605300707,-1.0264739804810574e-06,0.7961716263978962,0.6751896108884423
positive_rate,4.439999999999993,2.8693212902786764,2.8693202592832296,-1.0309954467935256e-06,0.796171626397896,0.6751896108884428
positive_rate,4.459999999999993,2.872811948782665,2.8728109132657527,-1.0355169122178154e-06,0.7961716263978961,0.6751896108884425
positive_rate,4.479999999999992,2.8763026072866538,2.8763015672482752,-1.0400383785302836e-06,0.796171626397896,0.6751896108884428
positive_rate,4.499999999999992,2.879793265790642,2.8797922212307983,-1.0445598439545734e-06,0.7961716263978961,0.6751896108884425
positive_rate,4.519999999999992,2.8832839242946307,2.883282875213321,-1.0490813098229523e-06,0.7961716263978958,0.675189610888443
positive_rate,4.539999999999991,2.886774582798619,2.886773529195844,-1.0536027752472421e-06,0.7961716263978961,0.6751896108884425
positive_rate,4.559999999999991,2.890265241302608,2.8902641831783664,-1.0581242415597103e-06,0.7961716263978962,0.6751896108884423
positive_rate,4.57999999999999,2.8937558998065964,2.8937548371608894,-1.062645706984e-06,0.7961716263978961,0.6751896108884425
positive_rate,4.59999999999999,2.8972465583105853,2.897245491143412,-1.0671671732964683e-06,0.7961716263978958,0.675189610888443
positive_rate,4.6199999999999894,2.9007372168145737,2.900736145125935,-1.071688638720758e-06,0.7961716263978956,0.6751896108884434
positive_rate,4.639999999999989,2.904227875318562,2.9042267991084576,-1.076210104589137e-06,0.796171626397896,0.6751896108884428
positive_rate,4.659999999999989,2.9077185338225506,2.9077174530909806,-1.0807315700134268e-06,0.796171626397896,0.6751896108884428
positive_rate,4.679999999999988,2.9112091923265395,2.911208107073503,-1.085253036325895e-06,0.7961716263978961,0.6751896108884425
positive_rate,4.699999999999988,2.914699850830528,2.914698761056026,-1.0897745017501848e-06,0.7961716263978961,0.6751896108884425
positive_rate,4.719999999999987,2.9181905093345164,2.918189415038549,-1.0942959676185637e-06,0.796171626397896,0.6751896108884428
positive_rate,4.739999999999987,2.9216811678385053,2.921680069021072,-1.0988174334869427e-06,0.7961716263978961,0.6751896108884425
positive_rate,4.7599999999999865,2.9251718263424937,2.9251707230035944,-1.1033388993553217e-06,0.7961716263978962,0.6751896108884423
positive_rate,4.779999999999986,2.928662484846482,2.928661376986117,-1.1078603652237007e-06,0.796171626397896,0.6751896108884428
positive_rate,4.799999999999986,2.932153143350471,2.93215203096864,-1.1123818310920797e-06,0.796171626397896,0.6751896108884428
positive_rate,4.819999999999985,2.9356438018544595,2.935642684951163,-1.1169032965163694e-06,0.796171626397896,0.6751896108884428
positive_rate,4.839999999999985,2.939134460358448,2.9391333389336856,-1.1214247623847484e-06,0.7961716263978961,0.6751896108884425
positive_rate,4.859999999999984,2.942625118862437,2.9426239929162086,-1.1259462282531274e-06,0.7961716263978962,0.6751896108884423
positive_rate,4.879999999999984,2.9461157773664253,2.946114646898731,-1.1304676941215064e-06,0.7961716263978958,0.675189610888443
positive_rate,4.8999999999999835,2.9496064358704137,2.9496053008812537,-1.1349891599898854e-06,0.796171626397896,0.6751896108884428
positive_rate,4.919999999999983,2.953097094374402,2.9530959548637767,-1.1395106254141751e-06,0.7961716263978961,0.6751896108884425
positive_rate,4.939999999999983,2.956587752878391,2.9565866088462993,-1.1440320917266433e-06,0.7961716263978962,0.6751896108884423
positive_rate,4.959999999999982,2.9600784113823795,2.9600772628288223,-1.148553557150933e-06,0.796171626397896,0.6751896108884428
positive_rate,4.979999999999982,2.9635690698863684,2.9635679168113453,-1.153075023019312e-06,0.7961716263978962,0.6751896108884423
positive_rate,4.999999999999981,2.967059728390357,2.967058570793868,-1.157596488887691e-06,0.796171626397896,0.6751896108884428
positive_rate,5.019999999999981,2.9705503868943453,2.970549224776391,-1.1621179543119808e-06,0.7961716263978961,0.6751896108884425
positive_rate,5.0399999999999805,2.9740410453983337,2.9740398787589135,-1.1666394201803598e-06,0.7961716263978961,0.6751896108884425
positive_rate,5.05999999999998,2.9775317039023226,2.9775305327414365,-1.1711608860487388e-06,0.796171626397896,0.6751896108884428
positive_rate,5.07999999999998,2.981022362406311,2.981021186723959,-1.1756823519171178e-06,0.7961716263978961,0.6751896108884425
positive_rate,5.099999999999979,2.9845130209103,2.984511840706482,-1.1802038177854968e-06,0.7961716263978962,0.6751896108884423
positive_rate,5.119999999999979,2.9880036794142883,2.9880024946890047,-1.1847252836538757e-06,0.7961716263978962,0.6751896108884423
positive_rate,5.139999999999978,2.991494337918277,2.9914931486715273,-1.1892467495222547e-06,0.796171626397896,0.6751896108884428
positive_rate,5.159999999999978,2.9949849964222652,2.9949838026540503,-1.1937682149465445e-06,0.7961716263978961,0.6751896108884425
positive_rate,5.1799999999999775,2.998475654926254,2.9984744566365733,-1.1982896808149235e-06,0.7961716263978961,0.6751896108884425
positive_rate,5.199999999999977,3.0019663134302426,3.001965110619096,-1.2028111466833025e-06,0.7961716263978961,0.6751896108884425
positive_rate,5.219999999999977,3.0054569719342314,3.005455764601619,-1.2073326125516814e-06,0.7961716263978962,0.6751896108884423
positive_rate,5.239999999999976,3.00894763043822,3.0089464185841415,-1.2118540784200604e-06,0.7961716263978958,0.675189610888443
positive_rate,5.259999999999976,3.0124382889422083,3.012437072566664,-1.2163755442884394e-06,0.7961716263978961,0.6751896108884425
positive_rate,5.279999999999975,3.0159289474461968,3.015927726549187,-1.2208970097127292e-06,0.7961716263978962,0.6751896108884423
positive_rate,5.299999999999975,3.0194196059501857,3.0194183805317096,-1.2254184760251974e-06,0.7961716263978961,0.6751896108884425
positive_rate,5.3199999999999745,3.022910264454174,3.0229090345142327,-1.2299399414494872e-06,0.7961716263978962,0.6751896108884423
positive_rate,5.339999999999974,3.0264009229581625,3.0263996884967552,-1.2344614073178661e-06,0.7961716263978961,0.6751896108884425
positive_rate,5.359999999999974,3.0298915814621514,3.0298903424792782,-1.2389828731862451e-06,0.7961716263978961,0.6751896108884425
positive_rate,5.379999999999973,3.03338223996614,3.033380996461801,-1.243504339054624e-06,0.7961716263978961,0.6751896108884425
positive_rate,5.399999999999973,3.0368728984701283,3.036871650444324,-1.2480258044789139e-06,0.7961716263978961,0.6751896108884425
positive_rate,5.419999999999972,3.0403635569741168,3.0403623044268464,-1.2525472703472929e-06,0.7961716263978961,0.6751896108884425
positive_rate,5.439999999999972,3.0438542154781056,3.0438529584093694,-1.2570687362156718e-06,0.7961716263978957,0.6751896108884432
positive_rate,5.4599999999999715,3.047344873982094,3.047343612391892,-1.2615902020840508e-06,0.7961716263978963,0.6751896108884421
positive_rate,5.479999999999971,3.050835532486083,3.050834266374415,-1.2661116679524298e-06,0.7961716263978961,0.6751896108884425
positive_rate,5.499999999999971,3.0543261909900714,3.0543249203569376,-1.2706331338208088e-06,0.7961716263978958,0.675189610888443
positive_rate,5.51999999999997,3.05781684949406,3.0578155743394606,-1.2751545992450986e-06,0.7961716263978963,0.6751896108884421
positive_rate,5.53999999999997,3.0613075079980483,3.061306228321983,-1.2796760651134775e-06,0.7961716263978962,0.6751896108884423
positive_rate,5.559999999999969,3.064798166502037,3.064796882304506,-1.2841975309818565e-06,0.7961716263978961,0.6751896108884425
positive_rate,5.579999999999969,3.0682888250060256,3.0682875362870288,-1.2887189968502355e-06,0.7961716263978963,0.6751896108884421
positive_rate,5.599999999999969,3.0717794835100145,3.071778190269552,-1.2932404627186145e-06,0.796171626397896,0.6751896108884428
positive_rate,5.619999999999968,3.075270142014003,3.0752688442520744,-1.2977619285869935e-06,0.7961716263978961,0.6751896108884425
positive_rate,5.639999999999968,3.0787608005179914,3.0787594982345974,-1.3022833940112832e-06,0.7961716263978962,0.6751896108884423
positive_rate,5.659999999999967,3.08225145902198,3.08225015221712,-1.3068048598796622e-06,0.7961716263978963,0.6751896108884421
positive_rate,5.679999999999967,3.0857421175259687,3.085740806199643,-1.3113263257480412e-06,0.7961716263978961,0.6751896108884425
positive_rate,5.699999999999966,3.089232776029957,3.0892314601821655,-1.3158477916164202e-06,0.7961716263978961,0.6751896108884425
positive_rate,5.719999999999966,3.092723434533946,3.0927221141646886,-1.3203692574847992e-06,0.7961716263978962,0.6751896108884423
positive_rate,5.739999999999966,3.0962140930379345,3.096212768147211,-1.3248907233531781e-06,0.7961716263978961,0.6751896108884425
positive_rate,5.759999999999965,3.099704751541923,3.099703422129734,-1.329412188777468e-06,0.7961716263978958,0.675189610888443
positive_rate,5.779999999999965,3.1031954100459114,3.1031940761122567,-1.333933654645847e-06,0.7961716263978961,0.6751896108884425
positive_rate,5.799999999999964,3.1066860685499,3.1066847300947797,-1.3384551200701367e-06,0.7961716263978961,0.6751896108884425
positive_rate,5.819999999999964,3.1101767270538887,3.1101753840773023,-1.3429765863826049e-06,0.7961716263978961,0.6751896108884425
positive_rate,5.839999999999963,3.1136673855578776,3.1136660380598253,-1.3474980522509838e-06,0.7961716263978963,0.6751896108884421
positive_rate,5.859999999999963,3.117158044061866,3.117156692042348,-1.3520195181193628e-06,0.7961716263978963,0.6751896108884421
positive_rate,5.879999999999963,3.1206487025658545,3.1206473460248705,-1.3565409839877418e-06,0.7961716263978958,0.675189610888443
positive_rate,5.899999999999962,3.124139361069843,3.1241380000073935,-1.3610624494120316e-06,0.7961716263978961,0.6751896108884425
positive_rate,5.919999999999962,3.1276300195738314,3.1276286539899165,-1.3655839148363214e-06,0.7961716263978962,0.6751896108884423
positive_rate,5.939999999999961,3.1311206780778202,3.131119307972439,-1.3701053811487895e-06,0.7961716263978961,0.6751896108884425
positive_rate,5.959999999999961,3.134611336581809,3.1346099619549617,-1.3746268474612577e-06,0.7961716263978962,0.6751896108884423
positive_rate,5.9799999999999605,3.1381019950857976,3.1381006159374847,-1.3791483128855475e-06,0.7961716263978961,0.6751896108884425
positive_rate,5.99999999999996,3.141592653589786,3.1415912699200073,-1.3836697787539265e-06,0.7961716263978958,0.675189610888443
positive_rate,6.01999999999996,3.1450833120937745,3.14508192390253,-1.3881912446223055e-06,0.796171626397896,0.6751896108884428
positive_rate,6.039999999999959,3.148573970597763,3.148572577885053,-1.3927127100465952e-06,0.796171626397896,0.6751896108884428
positive_rate,6.059999999999959,3.152064629101752,3.1520632318675754,-1.3972341763590634e-06,0.7961716263978961,0.6751896108884425
positive_rate,6.079999999999958,3.1555552876057402,3.1555538858500984,-1.4017556417833532e-06,0.7961716263978963,0.6751896108884421
positive_rate,6.099999999999958,3.159045946109729,3.159044539832621,-1.4062771080958214e-06,0.7961716263978961,0.6751896108884425
positive_rate,6.1199999999999575,3.1625366046137176,3.162535193815144,-1.4107985735201112e-06,0.7961716263978961,0.6751896108884425
positive_rate,6.139999999999957,3.166027263117706,3.1660258477976666,-1.4153200393884902e-06,0.7961716263978957,0.6751896108884432
positive_rate,6.159999999999957,3.1695179216216944,3.1695165017801896,-1.41984150481278e-06,0.7961716263978958,0.675189610888443
positive_rate,6.179999999999956,3.1730085801256833,3.173007155762712,-1.4243629711252481e-06,0.7961716263978958,0.675189610888443
positive_rate,6.199999999999956,3.1764992386296718,3.176497809745235,-1.428884436549538e-06,0.7961716263978958,0.675189610888443
positive_rate,6.219999999999955,3.1799898971336606,3.179988463727758,-1.433405902862006e-06,0.7961716263978962,0.6751896108884423
positive_rate,6.239999999999955,3.183480555637649,3.183479117710281,-1.4379273682862959e-06,0.7961716263978957,0.6751896108884432
positive_rate,6.2599999999999545,3.1869712141416375,3.1869697716928034,-1.4424488341546748e-06,0.7961716263978962,0.6751896108884423
positive_rate,6.279999999999954,3.190461872645626,3.1904604256753264,-1.4469702995789646e-06,0.7961716263978958,0.675189610888443
positive_rate,6.299999999999954,3.1939525311496144,3.193951079657849,-1.4514917654473436e-06,0.7961716263978961,0.6751896108884425
positive_rate,6.319999999999953,3.1974431896536033,3.197441733640372,-1.4560132313157226e-06,0.7961716263978963,0.6751896108884421
positive_rate,6.339999999999953,3.200933848157592,3.2009323876228946,-1.4605346976281908e-06,0.7961716263978957,0.6751896108884432
positive_rate,6.359999999999952,3.2044245066615806,3.2044230416054176,-1.4650561630524805e-06,0.7961716263978961,0.6751896108884425
positive_rate,6.379999999999952,3.207915165165569,3.20791369558794,-1.4695776289208595e-06,0.7961716263978962,0.6751896108884423
positive_rate,6.3999999999999515,3.2114058236695575,3.211404349570463,-1.4740990943451493e-06,0.7961716263978958,0.675189610888443
positive_rate,6.419999999999951,3.214896482173546,3.2148950035529857,-1.4786205602135283e-06,0.7961716263978963,0.6751896108884421
positive_rate,6.439999999999951,3.218387140677535,3.2183856575355083,-1.4831420265259965e-06,0.7961716263978961,0.6751896108884425
positive_rate,6.45999999999995,3.2218777991815237,3.2218763115180313,-1.4876634923943755e-06,0.7961716263978961,0.6751896108884425
positive_rate,6.47999999999995,3.225368457685512,3.225366965500554,-1.4921849582627544e-06,0.7961716263978961,0.6751896108884425
positive_rate,6.499999999999949,3.2288591161895006,3.228857619483077,-1.4967064236870442e-06,0.7961716263978963,0.6751896108884421
positive_rate,6.519999999999949,3.232349774693489,3.2323482734655995,-1.5012278895554232e-06,0.7961716263978958,0.675189610888443
positive_rate,6.5399999999999485,3.2358404331974775,3.2358389274481225,-1.505749354979713e-06,0.7961716263978961,0.6751896108884425
positive_rate,6.559999999999948,3.2393310917014664,3.239329581430645,-1.5102708212921812e-06,0.7961716263978961,0.6751896108884425
positive_rate,6.579999999999948,3.242821750205455,3.242820235413168,-1.514792286716471e-06,0.7961716263978961,0.6751896108884425
positive_rate,6.599999999999947,3.2463124087094437,3.2463108893956907,-1.5193137530289391e-06,0.7961716263978961,0.6751896108884425
positive_rate,6.619999999999947,3.249803067213432,3.2498015433782137,-1.5238352184532289e-06,0.796171626397896,0.6751896108884428
positive_rate,6.639999999999946,3.2532937257174206,3.2532921973607363,-1.5283566843216079e-06,0.7961716263978961,0.6751896108884425
positive_rate,6.659999999999946,3.256784384221409,3.2567828513432593,-1.5328781497458976e-06,0.796171626397896,0.6751896108884428
positive_rate,6.6799999999999455,3.260275042725398,3.260273505325782,-1.5373996160583658e-06,0.7961716263978961,0.6751896108884425
positive_rate,6.699999999999945,3.2637657012293864,3.2637641593083044,-1.5419210819267448e-06,0.7961716263978961,0.6751896108884425
positive_rate,6.719999999999945,3.2672563597333752,3.2672548132908275,-1.5464425477951238e-06,0.7961716263978957,0.6751896108884432
positive_rate,6.739999999999944,3.2707470182373637,3.27074546727335,-1.5509640136635028e-06,0.7961716263978963,0.6751896108884421
positive_rate,6.759999999999944,3.274237676741352,3.274236121255873,-1.5554854790877926e-06,0.7961716263978961,0.6751896108884425
positive_rate,6.779999999999943,3.2777283352453406,3.2777267752383956,-1.5600069449561715e-06,0.7961716263978963,0.6751896108884421
positive_rate,6.799999999999943,3.2812189937493295,3.2812174292209186,-1.5645284108245505e-06,0.796171626397896,0.6751896108884428
positive_rate,6.8199999999999426,3.284709652253318,3.284708083203441,-1.5690498766929295e-06,0.7961716263978958,0.675189610888443
positive_rate,6.839999999999942,3.288200310757307,3.2881987371859642,-1.5735713425613085e-06,0.7961716263978962,0.6751896108884423
positive_rate,6.859999999999942,3.2916909692612952,3.291689391168487,-1.5780928084296875e-06,0.7961716263978961,0.6751896108884425
positive_rate,6.879999999999941,3.2951816277652837,3.29518004515101,-1.5826142738539772e-06,0.796171626397896,0.6751896108884428
positive_rate,6.899999999999941,3.298672286269272,3.2986706991335324,-1.5871357397223562e-06,0.7961716263978961,0.6751896108884425
positive_rate,6.91999999999994,3.3021629447732606,3.3021613531160554,-1.591657205146646e-06,0.796171626397896,0.6751896108884428
positive_rate,6.93999999999994,3.3056536032772494,3.305652007098578,-1.5961786714591142e-06,0.7961716263978958,0.675189610888443
positive_rate,6.95999999999994,3.3091442617812383,3.3091426610811006,-1.6007001377715824e-06,0.7961716263978961,0.6751896108884425
positive_rate,6.979999999999939,3.3126349202852268,3.3126333150636236,-1.6052216031958721e-06,0.7961716263978962,0.6751896108884423
positive_rate,6.999999999999939,3.316125578789215,3.3161239690461466,-1.609743068620162e-06,0.7961716263978963,0.6751896108884421
positive_rate,7.019999999999938,3.3196162372932037,3.319614623028669,-1.614264534488541e-06,0.7961716263978961,0.6751896108884425
positive_rate,7.039999999999938,3.323106895797192,3.3231052770111917,-1.6187860003569199e-06,0.7961716263978961,0.6751896108884425
positive_rate,7.059999999999937,3.326597554301181,3.3265959309937148,-1.6233074662252989e-06,0.7961716263978963,0.6751896108884421
positive_rate,7.079999999999937,3.33008821280517,3.3300865849762373,-1.627828932537767e-06,0.7961716263978956,0.6751896108884434
positive_rate,7.099999999999937,3.3335788713091583,3.3335772389587603,-1.6323503979620568e-06,0.796171626397896,0.6751896108884428
positive_rate,7.119999999999936,3.3370695298131468,3.337067892941283,-1.6368718638304358e-06,0.7961716263978963,0.6751896108884421
positive_rate,7.139999999999936,3.340560188317135,3.340558546923806,-1.6413933292547256e-06,0.7961716263978958,0.675189610888443
positive_rate,7.159999999999935,3.3440508468211236,3.3440492009063285,-1.6459147951231046e-06,0.7961716263978964,0.6751896108884419
positive_rate,7.179999999999935,3.3475415053251125,3.3475398548888515,-1.6504362609914836e-06,0.7961716263978961,0.6751896108884425
positive_rate,7.1999999999999345,3.351032163829101,3.351030508871374,-1.6549577268598625e-06,0.7961716263978958,0.675189610888443
positive_rate,7.219999999999934,3.35452282233309,3.354521162853897,-1.6594791927282415e-06,0.796171626397896,0.6751896108884428
positive_rate,7.239999999999934,3.3580134808370783,3.3580118168364197,-1.6640006585966205e-06,0.7961716263978962,0.6751896108884423
positive_rate,7.259999999999933,3.3615041393410667,3.3615024708189423,-1.6685221244649995e-06,0.7961716263978958,0.675189610888443
positive_rate,7.279999999999933,3.364994797845055,3.3649931248014653,-1.6730435898892893e-06,0.7961716263978958,0.675189610888443
positive_rate,7.299999999999932,3.368485456349044,3.368483778783988,-1.6775650562017574e-06,0.7961716263978961,0.6751896108884425
positive_rate,7.319999999999932,3.3719761148530325,3.371974432766511,-1.6820865216260472e-06,0.7961716263978961,0.6751896108884425
positive_rate,7.3399999999999315,3.3754667733570214,3.3754650867490334,-1.6866079879385154e-06,0.7961716263978958,0.675189610888443
positive_rate,7.359999999999931,3.37895743186101,3.3789557407315565,-1.6911294533628052e-06,0.7961716263978962,0.6751896108884423
positive_rate,7.379999999999931,3.3824480903649983,3.382446394714079,-1.6956509192311842e-06,0.7961716263978961,0.6751896108884425
positive_rate,7.39999999999993,3.3859387488689867,3.385937048696602,-1.700172384655474e-06,0.7961716263978962,0.6751896108884423
positive_rate,7.41999999999993,3.389429407372975,3.3894277026791246,-1.704693850523853e-06,0.7961716263978961,0.6751896108884425
positive_rate,7.439999999999929,3.392920065876964,3.392918356661647,-1.7092153168363211e-06,0.7961716263978958,0.675189610888443
positive_rate,7.459999999999929,3.396410724380953,3.3964090106441702,-1.7137367827047e-06,0.7961716263978961,0.6751896108884425
positive_rate,7.4799999999999285,3.3999013828849414,3.399899664626693,-1.718258248573079e-06,0.7961716263978958,0.675189610888443
positive_rate,7.499999999999928,3.40339204138893,3.403390318609216,-1.7227797139973688e-06,0.796171626397896,0.6751896108884428
positive_rate,7.519999999999928,3.4068826998929183,3.4068809725917384,-1.7273011798657478e-06,0.7961716263978963,0.6751896108884421
positive_rate,7.539999999999927,3.4103733583969067,3.4103716265742614,-1.7318226452900376e-06,0.7961716263978958,0.675189610888443
positive_rate,7.559999999999927,3.4138640169008956,3.413862280556784,-1.7363441116025058e-06,0.7961716263978961,0.6751896108884425
positive_rate,7.579999999999926,3.4173546754048845,3.417352934539307,-1.7408655774708848e-06,0.7961716263978961,0.6751896108884425
positive_rate,7.599999999999926,3.420845333908873,3.4208435885218296,-1.7453870433392638e-06,0.7961716263978962,0.6751896108884423
positive_rate,7.6199999999999255,3.4243359924128614,3.4243342425043526,-1.7499085087635535e-06,0.7961716263978961,0.6751896108884425
positive_rate,7.639999999999925,3.42782665091685,3.427824896486875,-1.7544299746319325e-06,0.7961716263978962,0.6751896108884423
positive_rate,7.659999999999925,3.4313173094208382,3.431315550469398,-1.7589514400562223e-06,0.7961716263978961,0.6751896108884425
positive_rate,7.679999999999924,3.434807967924827,3.4348062044519208,-1.7634729063686905e-06,0.7961716263978961,0.6751896108884425
positive_rate,7.699999999999924,3.4382986264288156,3.4382968584344433,-1.7679943722370695e-06,0.7961716263978958,0.675189610888443
positive_rate,7.719999999999923,3.4417892849328044,3.4417875124169663,-1.7725158381054484e-06,0.7961716263978958,0.675189610888443
positive_rate,7.739999999999923,3.445279943436793,3.445278166399489,-1.7770373039738274e-06,0.7961716263978961,0.6751896108884425
positive_rate,7.7599999999999225,3.4487706019407813,3.448768820382012,-1.7815587693981172e-06,0.7961716263978958,0.675189610888443
positive_rate,7.779999999999922,3.4522612604447698,3.4522594743645345,-1.7860802352664962e-06,0.7961716263978958,0.675189610888443
positive_rate,7.799999999999922,3.4557519189487587,3.4557501283470575,-1.7906017011348752e-06,0.7961716263978961,0.6751896108884425
positive_rate,7.819999999999921,3.459242577452747,3.45924078232958,-1.7951231670032541e-06,0.7961716263978961,0.6751896108884425
positive_rate,7.839999999999921,3.462733235956736,3.4627314363121027,-1.7996446333157223e-06,0.7961716263978962,0.6751896108884423
positive_rate,7.85999999999992,3.4662238944607244,3.4662220902946257,-1.804166098740012e-06,0.796171626397896,0.6751896108884428
positive_rate,7.87999999999992,3.469714552964713,3.4697127442771483,-1.808687564608391e-06,0.7961716263978962,0.6751896108884423
positive_rate,7.8999999999999195,3.4732052114687013,3.4732033982596713,-1.8132090300326809e-06,0.796171626397896,0.6751896108884428
positive_rate,7.919999999999919,3.47669586997269,3.476694052242194,-1.817730496345149e-06,0.7961716263978961,0.6751896108884425
positive_rate,7.939999999999919,3.4801865284766786,3.480184706224717,-1.8222519617694388e-06,0.7961716263978963,0.6751896108884421
positive_rate,7.959999999999918,3.4836771869806675,3.4836753602072394,-1.826773428081907e-06,0.7961716263978958,0.675189610888443
positive_rate,7.979999999999918,3.487167845484656,3.4871660141897625,-1.8312948935061968e-06,0.7961716263978958,0.675189610888443
positive_rate,7.999999999999917,3.4906585039886444,3.490656668172285,-1.8358163593745758e-06,0.7961716263978961,0.6751896108884425
positive_rate,8.019999999999918,3.494149162492633,3.4941473221548076,-1.8403378252429548e-06,0.7961716263978961,0.6751896108884425
positive_rate,8.039999999999917,3.4976398209966217,3.4976379761373306,-1.8448592911113337e-06,0.7961716263978961,0.6751896108884425
positive_rate,8.059999999999917,3.5011304795006106,3.5011286301198536,-1.8493807569797127e-06,0.796171626397896,0.6751896108884428
positive_rate,8.079999999999917,3.504621138004599,3.504619284102376,-1.8539022228480917e-06,0.796171626397896,0.6751896108884428
positive_rate,8.099999999999916,3.5081117965085875,3.508109938084899,-1.8584236887164707e-06,0.7961716263978958,0.675189610888443
positive_rate,8.119999999999916,3.511602455012576,3.511600592067422,-1.8629451541407605e-06,0.7961716263978961,0.6751896108884425
positive_rate,8.139999999999915,3.5150931135165644,3.5150912460499444,-1.8674666200091394e-06,0.7961716263978961,0.6751896108884425
positive_rate,8.159999999999915,3.5185837720205533,3.5185819000324674,-1.8719880858775184e-06,0.7961716263978958,0.675189610888443
positive_rate,8.179999999999914,3.522074430524542,3.52207255401499,-1.8765095521899866e-06,0.7961716263978961,0.6751896108884425
positive_rate,8.199999999999914,3.5255650890285306,3.5255632079975125,-1.8810310180583656e-06,0.7961716263978961,0.6751896108884425
positive_rate,8.219999999999914,3.529055747532519,3.5290538619800356,-1.8855524834826554e-06,0.7961716263978957,0.6751896108884432
positive_rate,8.239999999999913,3.5325464060365075,3.5325445159625586,-1.8900739489069451e-06,0.7961716263978961,0.6751896108884425
positive_rate,8.259999999999913,3.536037064540496,3.536035169945081,-1.8945954147753241e-06,0.7961716263978963,0.6751896108884421
positive_rate,8.279999999999912,3.539527723044485,3.5395258239276037,-1.8991168810877923e-06,0.7961716263978961,0.6751896108884425
positive_rate,8.299999999999912,3.5430183815484733,3.5430164779101267,-1.903638346512082e-06,0.796171626397896,0.6751896108884428
positive_rate,8.319999999999911,3.546509040052462,3.5465071318926493,-1.9081598128245503e-06,0.7961716263978963,0.6751896108884421
positive_rate,8.339999999999911,3.5499996985564506,3.5499977858751723,-1.91268127824884e-06,0.7961716263978958,0.675189610888443
positive_rate,8.35999999999991,3.553490357060439,3.553488439857695,-1.917202744117219e-06,0.796171626397896,0.6751896108884428
positive_rate,8.37999999999991,3.5569810155644275,3.556979093840218,-1.921724209541509e-06,0.7961716263978963,0.6751896108884421
positive_rate,8.39999999999991,3.5604716740684164,3.5604697478227405,-1.926245675853977e-06,0.7961716263978963,0.6751896108884421
positive_rate,8.41999999999991,3.563962332572405,3.5639604018052635,-1.9307671412782668e-06,0.7961716263978958,0.675189610888443
positive_rate,8.439999999999909,3.5674529910763937,3.567451055787786,-1.935288607590735e-06,0.7961716263978961,0.6751896108884425
positive_rate,8.459999999999908,3.570943649580382,3.5709417097703087,-1.939810073459114e-06,0.7961716263978961,0.6751896108884425
positive_rate,8.479999999999908,3.5744343080843706,3.5744323637528317,-1.9443315388834037e-06,0.7961716263978958,0.675189610888443
positive_rate,8.499999999999908,3.577924966588359,3.5779230177353543,-1.9488530047517827e-06,0.7961716263978962,0.6751896108884423
positive_rate,8.519999999999907,3.5814156250923475,3.5814136717178773,-1.9533744701760725e-06,0.7961716263978957,0.6751896108884432
positive_rate,8.539999999999907,3.5849062835963363,3.5849043257004,-1.9578959364885407e-06,0.7961716263978961,0.6751896108884425
positive_rate,8.559999999999906,3.5883969421003252,3.588394979682923,-1.9624174023569196e-06,0.7961716263978958,0.675189610888443
positive_rate,8.579999999999906,3.5918876006043137,3.5918856336654454,-1.9669388682252986e-06,0.7961716263978963,0.6751896108884421
positive_rate,8.599999999999905,3.595378259108302,3.595376287647968,-1.9714603340936776e-06,0.7961716263978961,0.6751896108884425
positive_rate,8.619999999999905,3.5988689176122906,3.598866941630491,-1.9759817995179674e-06,0.7961716263978961,0.6751896108884425
positive_rate,8.639999999999905,3.602359576116279,3.6023575956130136,-1.9805032653863464e-06,0.7961716263978958,0.675189610888443
positive_rate,8.659999999999904,3.605850234620268,3.6058482495955366,-1.9850247312547253e-06,0.7961716263978961,0.6751896108884425
positive_rate,8.679999999999904,3.6093408931242568,3.609338903578059,-1.9895461975671935e-06,0.796171626397896,0.6751896108884428
positive_rate,8.699999999999903,3.612831551628245,3.612829557560582,-1.9940676629914833e-06,0.7961716263978961,0.6751896108884425
positive_rate,8.719999999999903,3.6163222101322336,3.616320211543105,-1.9985891288598623e-06,0.7961716263978961,0.6751896108884425
positive_rate,8.739999999999903,3.619812868636222,3.619810865525628,-2.003110594284152e-06,0.7961716263978961,0.6751896108884425
positive_rate,8.759999999999902,3.6233035271402105,3.6233015195081504,-2.007632060152531e-06,0.7961716263978961,0.6751896108884425
positive_rate,8.779999999999902,3.6267941856441994,3.626792173490673,-2.0121535264649992e-06,0.796171626397896,0.6751896108884428
positive_rate,8.799999999999901,3.630284844148188,3.630282827473196,-2.016674991889289e-06,0.7961716263978957,0.6751896108884432
positive_rate,8.8199999999999,3.6337755026521767,3.6337734814557185,-2.021196458201757e-06,0.7961716263978958,0.675189610888443
positive_rate,8.8399999999999,3.637266161156165,3.6372641354382416,-2.025717923626047e-06,0.7961716263978956,0.6751896108884434
positive_rate,8.8599999999999,3.6407568196601536,3.6407547894207646,-2.0302393890503367e-06,0.7961716263978958,0.675189610888443
positive_rate,8.8799999999999,3.644247478164142,3.644245443403287,-2.0347608549187157e-06,0.7961716263978961,0.6751896108884425
positive_rate,8.899999999999899,3.647738136668131,3.6477360973858097,-2.039282321231184e-06,0.796171626397896,0.6751896108884428
positive_rate,8.919999999999899,3.6512287951721194,3.6512267513683323,-2.043803787099563e-06,0.7961716263978961,0.6751896108884425
positive_rate,8.939999999999898,3.6547194536761083,3.6547174053508553,-2.048325252967942e-06,0.7961716263978961,0.6751896108884425
positive_rate,8.959999999999898,3.6582101121800967,3.658208059333378,-2.052846718836321e-06,0.7961716263978961,0.6751896108884425
positive_rate,8.979999999999897,3.661700770684085,3.661698713315901,-2.0573681842606106e-06,0.7961716263978957,0.6751896108884432
positive_rate,8.999999999999897,3.6651914291880736,3.6651893672984235,-2.0618896501289896e-06,0.7961716263978958,0.675189610888443
positive_rate,9.019999999999897,3.6686820876920625,3.6686800212809465,-2.0664111159973686e-06,0.7961716263978962,0.6751896108884423
positive_rate,9.039999999999896,3.672172746196051,3.672170675263469,-2.0709325818657476e-06,0.7961716263978958,0.675189610888443
positive_rate,9.059999999999896,3.67566340470004,3.675661329245992,-2.0754540477341266e-06,0.7961716263978957,0.6751896108884432
positive_rate,9.079999999999895,3.6791540632040283,3.6791519832285147,-2.0799755136025055e-06,0.7961716263978962,0.6751896108884423
positive_rate,9.099999999999895,3.6826447217080167,3.6826426372110372,-2.0844969794708845e-06,0.7961716263978963,0.6751896108884421
positive_rate,9.119999999999894,3.686135380212005,3.6861332911935603,-2.0890184448951743e-06,0.7961716263978961,0.6751896108884425
positive_rate,9.139999999999894,3.6896260387159936,3.6896239451760833,-2.093539910319464e-06,0.7961716263978961,0.6751896108884425
positive_rate,9.159999999999894,3.6931166972199825,3.693114599158606,-2.0980613766319323e-06,0.7961716263978962,0.6751896108884423
positive_rate,9.179999999999893,3.6966073557239714,3.6966052531411284,-2.1025828429444005e-06,0.7961716263978956,0.6751896108884434
positive_rate,9.199999999999893,3.70009801422796,3.7000959071236514,-2.1071043083686902e-06,0.7961716263978961,0.6751896108884425
positive_rate,9.219999999999892,3.7035886727319483,3.703586561106174,-2.111625774237069e-06,0.796171626397896,0.6751896108884428
positive_rate,9.239999999999892,3.7070793312359367,3.707077215088697,-2.116147239661359e-06,0.7961716263978961,0.6751896108884425
positive_rate,9.259999999999891,3.710569989739925,3.7105678690712196,-2.120668705529738e-06,0.7961716263978962,0.6751896108884423
positive_rate,9.279999999999891,3.714060648243914,3.7140585230537426,-2.125190171398117e-06,0.7961716263978958,0.675189610888443
positive_rate,9.29999999999989,3.717551306747903,3.717549177036265,-2.129711637710585e-06,0.7961716263978961,0.6751896108884425
positive_rate,9.31999999999989,3.7210419652518913,3.7210398310187878,-2.134233103578964e-06,0.796171626397896,0.6751896108884428
positive_rate,9.33999999999989,3.72453262375588,3.724530485001311,-2.138754569003254e-06,0.7961716263978961,0.6751896108884425
positive_rate,9.35999999999989,3.7280232822598682,3.7280211389838334,-2.143276034871633e-06,0.7961716263978961,0.6751896108884425
positive_rate,9.379999999999889,3.7315139407638567,3.7315117929663564,-2.1477975002959226e-06,0.7961716263978962,0.6751896108884423
positive_rate,9.399999999999888,3.7350045992678456,3.735002446948879,-2.152318966608391e-06,0.7961716263978961,0.6751896108884425
positive_rate,9.419999999999888,3.738495257771834,3.738493100931402,-2.1568404320326806e-06,0.7961716263978961,0.6751896108884425
positive_rate,9.439999999999888,3.741985916275823,3.7419837549139245,-2.161361898345149e-06,0.7961716263978958,0.675189610888443
positive_rate,9.459999999999887,3.7454765747798113,3.7454744088964476,-2.1658833637694386e-06,0.7961716263978958,0.675189610888443
positive_rate,9.479999999999887,3.7489672332837998,3.74896506287897,-2.1704048296378176e-06,0.7961716263978958,0.675189610888443
positive_rate,9.499999999999886,3.752457891787788,3.752455716861493,-2.1749262950621073e-06,0.7961716263978957,0.6751896108884432
positive_rate,9.519999999999886,3.755948550291777,3.7559463708440157,-2.1794477613745755e-06,0.7961716263978961,0.6751896108884425
positive_rate,9.539999999999885,3.7594392087957655,3.7594370248265383,-2.1839692272429545e-06,0.7961716263978961,0.6751896108884425
positive_rate,9.559999999999885,3.7629298672997544,3.7629276788090613,-2.1884906931113335e-06,0.7961716263978961,0.6751896108884425
positive_rate,9.579999999999885,3.766420525803743,3.766418332791584,-2.1930121589797125e-06,0.7961716263978961,0.6751896108884425
positive_rate,9.599999999999884,3.7699111843077313,3.7699089867741065,-2.1975336248480914e-06,0.7961716263978961,0.6751896108884425
positive_rate,9.619999999999884,3.7734018428117198,3.7733996407566295,-2.2020550902723812e-06,0.7961716263978962,0.6751896108884423
positive_rate,9.639999999999883,3.776892501315708,3.7768902947391525,-2.206576555696671e-06,0.796171626397896,0.6751896108884428
positive_rate,9.659999999999883,3.780383159819697,3.780380948721675,-2.211098022009139e-06,0.7961716263978961,0.6751896108884425
positive_rate,9.679999999999882,3.783873818323686,3.783871602704198,-2.215619487877518e-06,0.7961716263978958,0.675189610888443
positive_rate,9.699999999999882,3.7873644768276744,3.7873622566867207,-2.220140953745897e-06,0.7961716263978958,0.675189610888443
positive_rate,9.719999999999882,3.790855135331663,3.7908529106692437,-2.224662419170187e-06,0.7961716263978961,0.6751896108884425
positive_rate,9.739999999999881,3.7943457938356513,3.7943435646517663,-2.229183885038566e-06,0.7961716263978958,0.675189610888443
positive_rate,9.75999999999988,3.7978364523396397,3.797834218634289,-2.233705350906945e-06,0.796171626397896,0.6751896108884428
positive_rate,9.77999999999988,3.8013271108436286,3.801324872616812,-2.238226816775324e-06,0.7961716263978957,0.6751896108884432
positive_rate,9.79999999999988,3.8048177693476175,3.8048155265993344,-2.242748283087792e-06,0.796171626397896,0.6751896108884428
positive_rate,9.81999999999988,3.808308427851606,3.8083061805818574,-2.247269748512082e-06,0.7961716263978958,0.675189610888443
positive_rate,9.839999999999879,3.8117990863555944,3.81179683456438,-2.251791214380461e-06,0.7961716263978957,0.6751896108884432
positive_rate,9.859999999999879,3.815289744859583,3.815287488546903,-2.2563126798047506e-06,0.7961716263978957,0.6751896108884432
positive_rate,9.879999999999878,3.8187804033635713,3.8187781425294256,-2.2608341456731296e-06,0.7961716263978961,0.6751896108884425
positive_rate,9.899999999999878,3.82227106186756,3.822268796511948,-2.2653556119855978e-06,0.7961716263978958,0.675189610888443
positive_rate,9.919999999999877,3.8257617203715486,3.825759450494471,-2.2698770774098875e-06,0.7961716263978958,0.675189610888443
positive_rate,9.939999999999877,3.8292523788755375,3.8292501044769938,-2.2743985437223557e-06,0.7961716263978961,0.6751896108884425
positive_rate,9.959999999999877,3.832743037379526,3.832740758459517,-2.2789200091466455e-06,0.7961716263978962,0.6751896108884423
positive_rate,9.979999999999876,3.8362336958835144,3.83623141244204,-2.2834414745709353e-06,0.7961716263978957,0.6751896108884432
positive_rate,9.999999999999876,3.839724354387503,3.8397220664245624,-2.2879629404393143e-06,0.7961716263978963,0.6751896108884421
positive_rate,10.019999999999875,3.8432150128914917,3.843212720407085,-2.2924844067517824e-06,0.7961716263978958,0.675189610888443
positive_rate,10.039999999999875,3.84670567139548,3.846703374389608,-2.2970058721760722e-06,0.796171626397896,0.6751896108884428
positive_rate,10.059999999999874,3.850196329899469,3.8501940283721305,-2.3015273384885404e-06,0.7961716263978958,0.675189610888443
positive_rate,10.079999999999874,3.8536869884034575,3.8536846823546536,-2.30604880391283e-06,0.7961716263978961,0.6751896108884425
positive_rate,10.099999999999874,3.857177646907446,3.8571753363371766,-2.31057026933712e-06,0.7961716263978958,0.675189610888443
positive_rate,10.119999999999873,3.8606683054114344,3.860665990319699,-2.315091735205499e-06,0.7961716263978961,0.6751896108884425
positive_rate,10.139999999999873,3.8641589639154232,3.8641566443022217,-2.319613201517967e-06,0.796171626397896,0.6751896108884428
positive_rate,10.159999999999872,3.8676496224194117,3.8676472982847443,-2.324134667386346e-06,0.7961716263978958,0.675189610888443
positive_rate,10.179999999999872,3.8711402809234006,3.8711379522672673,-2.328656133254725e-06,0.7961716263978958,0.675189610888443
positive_rate,10.199999999999871,3.874630939427389,3.87462860624979,-2.333177599123104e-06,0.7961716263978962,0.6751896108884423
positive_rate,10.219999999999871,3.8781215979313775,3.878119260232313,-2.337699064547394e-06,0.7961716263978957,0.6751896108884432
positive_rate,10.23999999999987,3.881612256435366,3.881609914214836,-2.3422205299716836e-06,0.7961716263978958,0.675189610888443
positive_rate,10.25999999999987,3.8851029149393543,3.8851005681973585,-2.3467419958400626e-06,0.7961716263978962,0.6751896108884423
positive_rate,10.27999999999987,3.888593573443343,3.8885912221798815,-2.3512634617084416e-06,0.7961716263978958,0.675189610888443
positive_rate,10.29999999999987,3.892084231947332,3.892081876162404,-2.3557849280209098e-06,0.7961716263978957,0.6751896108884432
positive_rate,10.319999999999869,3.8955748904513205,3.8955725301449267,-2.3603063938892888e-06,0.7961716263978958,0.675189610888443
positive_rate,10.339999999999868,3.899065548955309,3.8990631841274497,-2.3648278593135785e-06,0.7961716263978957,0.6751896108884432
positive_rate,10.359999999999868,3.9025562074592974,3.9025538381099723,-2.3693493251819575e-06,0.7961716263978961,0.6751896108884425
positive_rate,10.379999999999868,3.906046865963286,3.9060444920924953,-2.3738707906062473e-06,0.796171626397896,0.6751896108884428
positive_rate,10.399999999999867,3.9095375244672748,3.909535146075018,-2.3783922569187155e-06,0.7961716263978961,0.6751896108884425
positive_rate,10.419999999999867,3.9130281829712636,3.913025800057541,-2.3829137227870945e-06,0.7961716263978961,0.6751896108884425
positive_rate,10.439999999999866,3.916518841475252,3.9165164540400634,-2.3874351886554734e-06,0.7961716263978961,0.6751896108884425
positive_rate,10.459999999999866,3.9200094999792405,3.9200071080225865,-2.391956654079763e-06,0.7961716263978958,0.675189610888443
positive_rate,10.479999999999865,3.923500158483229,3.923497762005109,-2.396478119948142e-06,0.7961716263978958,0.675189610888443
positive_rate,10.499999999999865,3.9269908169872174,3.926988415987632,-2.400999585372432e-06,0.7961716263978963,0.6751896108884421
positive_rate,10.519999999999865,3.9304814754912063,3.9304790699701546,-2.4055210516849e-06,0.7961716263978963,0.6751896108884421
positive_rate,10.539999999999864,3.9339721339951947,3.9339697239526776,-2.41004251710919e-06,0.7961716263978958,0.675189610888443
positive_rate,10.559999999999864,3.9374627924991836,3.9374603779352,-2.414563983421658e-06,0.7961716263978962,0.6751896108884423
positive_rate,10.579999999999863,3.940953451003172,3.940951031917723,-2.419085449290037e-06,0.7961716263978961,0.6751896108884425
positive_rate,10.599999999999863,3.9444441095071605,3.944441685900246,-2.423606914714327e-06,0.7961716263978961,0.6751896108884425
positive_rate,10.619999999999862,3.947934768011149,3.9479323398827684,-2.428128380582706e-06,0.7961716263978958,0.675189610888443
positive_rate,10.639999999999862,3.951425426515138,3.9514229938652914,-2.432649846451085e-06,0.7961716263978962,0.6751896108884423
positive_rate,10.659999999999862,3.9549160850191263,3.954913647847814,-2.437171312319464e-06,0.7961716263978957,0.6751896108884432
positive_rate,10.679999999999861,3.958406743523115,3.958404301830337,-2.441692778187843e-06,0.7961716263978958,0.675189610888443
positive_rate,10.69999999999986,3.9618974020271036,3.9618949558128596,-2.4462142440562218e-06,0.7961716263978957,0.6751896108884432
positive_rate,10.71999999999986,3.965388060531092,3.965385609795382,-2.4507357099246008e-06,0.7961716263978961,0.6751896108884425
positive_rate,10.73999999999986,3.9688787190350805,3.968876263777905,-2.4552571753488905e-06,0.7961716263978958,0.675189610888443
positive_rate,10.75999999999986,3.972369377539069,3.9723669177604277,-2.4597786412172695e-06,0.796171626397896,0.6751896108884428
positive_rate,10.779999999999859,3.975860036043058,3.9758575717429507,-2.4643001070856485e-06,0.7961716263978957,0.6751896108884432
positive_rate,10.799999999999859,3.9793506945470467,3.9793482257254738,-2.4688215729540275e-06,0.7961716263978961,0.6751896108884425
positive_rate,10.819999999999858,3.982841353051035,3.9828388797079963,-2.4733430388224065e-06,0.7961716263978957,0.6751896108884432
positive_rate,10.839999999999858,3.9863320115550236,3.9863295336905193,-2.4778645042466962e-06,0.7961716263978963,0.6751896108884421
positive_rate,10.859999999999857,3.989822670059012,3.989820187673042,-2.4823859701150752e-06,0.7961716263978958,0.675189610888443
positive_rate,10.879999999999857,3.9933133285630005,3.993310841655565,-2.486907435539365e-06,0.7961716263978961,0.6751896108884425
positive_rate,10.899999999999856,3.9968039870669894,3.996801495638087,-2.4914289022959224e-06,0.7961716263978957,0.6751896108884432
positive_rate,10.919999999999856,4.000294645570978,4.00029214962061,-2.4959503681643014e-06,0.7961716263978958,0.675189610888443
positive_rate,10.939999999999856,4.003785304074967,4.0037828036031335,-2.500471833144502e-06,0.796171626397896,0.6751896108884428
positive_rate,10.959999999999855,4.007275962578955,4.007273457585656,-2.504993299012881e-06,0.7961716263978963,0.6751896108884421
positive_rate,10.979999999999855,4.010766621082944,4.010764111568179,-2.50951476488126e-06,0.7961716263978961,0.6751896108884425
positive_rate,10.999999999999854,4.014257279586932,4.014254765550701,-2.514036230749639e-06,0.796171626397896,0.6751896108884428
positive_rate,11.019999999999854,4.0177479380909205,4.017745419533224,-2.518557696618018e-06,0.7961716263978961,0.6751896108884425
positive_rate,11.039999999999853,4.021238596594909,4.021236073515746,-2.523079162486397e-06,0.7961716263978963,0.6751896108884421
positive_rate,11.059999999999853,4.024729255098898,4.02472672749827,-2.527600628354776e-06,0.7961716263978958,0.675189610888443
positive_rate,11.079999999999853,4.028219913602887,4.0282173814807924,-2.532122094223155e-06,0.7961716263978963,0.6751896108884421
positive_rate,11.099999999999852,4.031710572106875,4.031708035463315,-2.536643560091534e-06,0.7961716263978958,0.675189610888443
positive_rate,11.119999999999852,4.0352012306108636,4.0351986894458385,-2.5411650250717344e-06,0.7961716263978961,0.6751896108884425
positive_rate,11.139999999999851,4.038691889114853,4.038689343428361,-2.5456864918282918e-06,0.7961716263978958,0.675189610888443
positive_rate,11.159999999999851,4.042182547618841,4.042179997410884,-2.5502079576966707e-06,0.7961716263978963,0.6751896108884421
positive_rate,11.17999999999985,4.04567320612283,4.045670651393406,-2.5547294235650497e-06,0.7961716263978958,0.675189610888443
positive_rate,11.19999999999985,4.049163864626818,4.049161305375929,-2.5592508894334287e-06,0.7961716263978962,0.6751896108884423
positive_rate,11.21999999999985,4.052654523130807,4.052651959358451,-2.5637723553018077e-06,0.7961716263978957,0.6751896108884432
positive_rate,11.23999999999985,4.056145181634795,4.056142613340975,-2.5682938202820083e-06,0.7961716263978957,0.6751896108884432
positive_rate,11.259999999999849,4.0596358401387835,4.059633267323498,-2.572815285262209e-06,0.7961716263978963,0.6751896108884421
positive_rate,11.279999999999848,4.063126498642772,4.063123921306021,-2.577336751130588e-06,0.796171626397896,0.6751896108884428
positive_rate,11.299999999999848,4.066617157146761,4.066614575288543,-2.581858217887145e-06,0.7961716263978962,0.6751896108884423
positive_rate,11.319999999999848,4.07010781565075,4.070105229271066,-2.586379683755524e-06,0.7961716263978958,0.675189610888443
positive_rate,11.339999999999847,4.073598474154738,4.073595883253589,-2.590901149623903e-06,0.7961716263978962,0.6751896108884423
positive_rate,11.359999999999847,4.077089132658727,4.077086537236111,-2.595422615492282e-06,0.7961716263978958,0.675189610888443
positive_rate,11.379999999999846,4.080579791162715,4.080577191218634,-2.599944081360661e-06,0.7961716263978961,0.6751896108884425
positive_rate,11.399999999999846,4.084070449666704,4.084067845201157,-2.60446554722904e-06,0.7961716263978958,0.675189610888443
positive_rate,11.419999999999845,4.087561108170693,4.08755849918368,-2.608987013097419e-06,0.796171626397896,0.6751896108884428
positive_rate,11.439999999999845,4.091051766674681,4.091049153166203,-2.6135084780776197e-06,0.7961716263978958,0.675189610888443
positive_rate,11.459999999999845,4.09454242517867,4.094539807148726,-2.6180299439459986e-06,0.7961716263978963,0.6751896108884421
positive_rate,11.479999999999844,4.098033083682658,4.098030461131248,-2.6225514098143776e-06,0.7961716263978957,0.6751896108884432
positive_rate,11.499999999999844,4.101523742186647,4.101521115113771,-2.6270728756827566e-06,0.7961716263978962,0.6751896108884423
positive_rate,11.519999999999843,4.105014400690635,4.1050117690962935,-2.6315943415511356e-06,0.7961716263978958,0.675189610888443
positive_rate,11.539999999999843,4.1085050591946235,4.108502423078816,-2.6361158074195146e-06,0.796171626397896,0.6751896108884428
positive_rate,11.559999999999842,4.111995717698613,4.111993077061339,-2.640637274176072e-06,0.7961716263978958,0.675189610888443
positive_rate,11.579999999999842,4.115486376202601,4.115483731043862,-2.6451587391562725e-06,0.7961716263978961,0.6751896108884425
positive_rate,11.599999999999842,4.11897703470659,4.118974385026385,-2.6496802050246515e-06,0.7961716263978958,0.675189610888443
positive_rate,11.619999999999841,4.122467693210579,4.122465039008908,-2.6542016708930305e-06,0.7961716263978957,0.6751896108884432
positive_rate,11.63999999999984,4.1259583517145675,4.125955692991431,-2.6587231367614095e-06,0.796171626397896,0.6751896108884428
positive_rate,11.65999999999984,4.129449010218556,4.129446346973953,-2.6632446026297885e-06,0.7961716263978958,0.675189610888443
positive_rate,11.67999999999984,4.132939668722544,4.132937000956476,-2.6677660684981674e-06,0.7961716263978961,0.6751896108884425
positive_rate,11.69999999999984,4.136430327226533,4.136427654938998,-2.6722875343665464e-06,0.7961716263978963,0.6751896108884421
positive_rate,11.719999999999839,4.139920985730521,4.139918308921522,-2.676808999346747e-06,0.7961716263978962,0.6751896108884423
positive_rate,11.739999999999839,4.14341164423451,4.143408962904044,-2.6813304661033044e-06,0.7961716263978958,0.675189610888443
positive_rate,11.759999999999838,4.146902302738498,4.146899616886567,-2.685851931083505e-06,0.7961716263978961,0.6751896108884425
positive_rate,11.779999999999838,4.150392961242487,4.15039027086909,-2.690373396951884e-06,0.7961716263978961,0.6751896108884425
positive_rate,11.799999999999837,4.153883619746475,4.153880924851613,-2.6948948619320845e-06,0.7961716263978961,0.6751896108884425
positive_rate,11.819999999999837,4.157374278250464,4.157371578834136,-2.699416328688642e-06,0.7961716263978961,0.6751896108884425
positive_rate,11.839999999999836,4.160864936754453,4.160862232816658,-2.703937794557021e-06,0.7961716263978961,0.6751896108884425
positive_rate,11.859999999999836,4.164355595258441,4.164352886799181,-2.7084592604254e-06,0.7961716263978961,0.6751896108884425
positive_rate,11.879999999999836,4.167846253762431,4.167843540781703,-2.7129807271819573e-06,0.7961716263978958,0.675189610888443
positive_rate,11.899999999999835,4.171336912266419,4.171334194764227,-2.717502192162158e-06,0.7961716263978961,0.6751896108884425
positive_rate,11.919999999999835,4.1748275707704074,4.174824848746749,-2.722023658030537e-06,0.7961716263978962,0.6751896108884423
positive_rate,11.939999999999834,4.178318229274396,4.178315502729272,-2.726545123898916e-06,0.7961716263978961,0.6751896108884425
positive_rate,11.959999999999834,4.181808887778384,4.1818061567117955,-2.7310665888791164e-06,0.7961716263978962,0.6751896108884423
positive_rate,11.979999999999833,4.185299546282373,4.185296810694318,-2.7355880547474953e-06,0.7961716263978961,0.6751896108884425
positive_rate,11.999999999999833,4.188790204786361,4.188787464676841,-2.7401095206158743e-06,0.7961716263978961,0.6751896108884425
positive_rate,12.019999999999833,4.19228086329035,4.192278118659363,-2.7446309864842533e-06,0.7961716263978958,0.675189610888443
positive_rate,12.039999999999832,4.195771521794338,4.195768772641886,-2.7491524523526323e-06,0.796171626397896,0.6751896108884428
positive_rate,12.059999999999832,4.199262180298327,4.199259426624409,-2.7536739182210113e-06,0.7961716263978961,0.6751896108884425
positive_rate,12.079999999999831,4.202752838802316,4.202750080606932,-2.7581953840893902e-06,0.7961716263978958,0.675189610888443
positive_rate,12.099999999999831,4.206243497306304,4.206240734589455,-2.762716849069591e-06,0.796171626397896,0.6751896108884428
positive_rate,12.11999999999983,4.209734155810294,4.209731388571978,-2.767238315826148e-06,0.7961716263978961,0.6751896108884425
positive_rate,12.13999999999983,4.213224814314282,4.2132220425545,-2.771759781694527e-06,0.7961716263978958,0.675189610888443
positive_rate,12.15999999999983,4.2167154728182705,4.216712696537023,-2.776281247562906e-06,0.7961716263978962,0.6751896108884423
positive_rate,12.17999999999983,4.220206131322259,4.2202033505195455,-2.780802713431285e-06,0.7961716263978961,0.6751896108884425
positive_rate,12.199999999999829,4.223696789826247,4.223694004502068,-2.785324179299664e-06,0.7961716263978961,0.6751896108884425
positive_rate,12.219999999999828,4.227187448330236,4.227184658484591,-2.789845645168043e-06,0.7961716263978958,0.675189610888443
positive_rate,12.239999999999828,4.230678106834224,4.230675312467114,-2.7943671101482437e-06,0.7961716263978962,0.6751896108884423
positive_rate,12.259999999999827,4.234168765338213,4.234165966449637,-2.7988885760166227e-06,0.7961716263978958,0.675189610888443
positive_rate,12.279999999999827,4.237659423842201,4.23765662043216,-2.8034100409968232e-06,0.7961716263978961,0.6751896108884425
positive_rate,12.299999999999827,4.24115008234619,4.241147274414683,-2.807931506865202e-06,0.7961716263978961,0.6751896108884425
positive_rate,12.319999999999826,4.244640740850179,4.244637928397205,-2.8124529736217596e-06,0.7961716263978958,0.675189610888443
positive_rate,12.339999999999826,4.248131399354167,4.248128582379728,-2.8169744394901386e-06,0.7961716263978958,0.675189610888443
positive_rate,12.359999999999825,4.251622057858156,4.2516192363622505,-2.8214959053585176e-06,0.7961716263978963,0.6751896108884421
positive_rate,12.379999999999825,4.255112716362145,4.255109890344773,-2.826017372115075e-06,0.7961716263978961,0.6751896108884425
positive_rate,12.399999999999824,4.258603374866134,4.258600544327296,-2.830538837983454e-06,0.7961716263978956,0.6751896108884434
positive_rate,12.419999999999824,4.262094033370122,4.262091198309819,-2.8350603029636545e-06,0.7961716263978963,0.6751896108884421
positive_rate,12.439999999999824,4.2655846918741105,4.265581852292342,-2.8395817688320335e-06,0.7961716263978958,0.675189610888443
positive_rate,12.459999999999823,4.269075350378099,4.269072506274865,-2.844103233812234e-06,0.796171626397896,0.6751896108884428
positive_rate,12.479999999999823,4.272566008882087,4.272563160257388,-2.848624699680613e-06,0.7961716263978961,0.6751896108884425
positive_rate,12.499999999999822,4.276056667386076,4.27605381423991,-2.853146165548992e-06,0.7961716263978963,0.6751896108884421
positive_rate,12.519999999999822,4.279547325890064,4.279544468222433,-2.857667631417371e-06,0.7961716263978962,0.6751896108884423
positive_rate,12.539999999999822,4.283037984394053,4.283035122204955,-2.86218909728575e-06,0.7961716263978958,0.675189610888443
positive_rate,12.559999999999821,4.286528642898042,4.286525776187478,-2.8667105640423074e-06,0.796171626397896,0.6751896108884428
positive_rate,12.57999999999982,4.2900193014020305,4.2900164301700014,-2.871232029022508e-06,0.7961716263978958,0.675189610888443
positive_rate,12.59999999999982,4.293509959906019,4.293507084152524,-2.875753494890887e-06,0.7961716263978961,0.6751896108884425
positive_rate,12.61999999999982,4.297000618410008,4.296997738135047,-2.8802749616474443e-06,0.7961716263978962,0.6751896108884423
positive_rate,12.63999999999982,4.300491276913997,4.30048839211757,-2.884796426627645e-06,0.7961716263978961,0.6751896108884425
positive_rate,12.659999999999819,4.303981935417985,4.303979046100093,-2.889317892496024e-06,0.7961716263978963,0.6751896108884421
positive_rate,12.679999999999819,4.307472593921974,4.307469700082615,-2.893839358364403e-06,0.7961716263978958,0.675189610888443
positive_rate,12.699999999999818,4.310963252425962,4.310960354065138,-2.898360824232782e-06,0.7961716263978963,0.6751896108884421
positive_rate,12.719999999999818,4.3144539109299505,4.31445100804766,-2.902882290101161e-06,0.7961716263978961,0.6751896108884425
positive_rate,12.739999999999817,4.317944569433939,4.317941662030184,-2.9074037550813614e-06,0.7961716263978961,0.6751896108884425
positive_rate,12.759999999999817,4.321435227937927,4.321432316012706,-2.9119252209497404e-06,0.7961716263978962,0.6751896108884423
positive_rate,12.779999999999816,4.324925886441916,4.324922969995229,-2.9164466868181194e-06,0.7961716263978963,0.6751896108884421
positive_rate,12.799999999999816,4.328416544945904,4.328413623977752,-2.92096815179832e-06,0.796171626397896,0.6751896108884428
positive_rate,12.819999999999816,4.3319072034498936,4.331904277960275,-2.9254896185548773e-06,0.7961716263978958,0.675189610888443
positive_rate,12.839999999999815,4.335397861953882,4.335394931942798,-2.9300110844232563e-06,0.7961716263978961,0.6751896108884425
positive_rate,12.859999999999815,4.33888852045787,4.33888558592532,-2.9345325502916353e-06,0.7961716263978957,0.6751896108884432
positive_rate,12.879999999999814,4.34237917896186,4.342376239907843,-2.9390540170481927e-06,0.7961716263978963,0.6751896108884421
positive_rate,12.899999999999814,4.345869837465848,4.345866893890366,-2.9435754820283933e-06,0.7961716263978958,0.675189610888443
positive_rate,12.919999999999813,4.349360495969837,4.349357547872889,-2.9480969478967722e-06,0.7961716263978963,0.6751896108884421
positive_rate,12.939999999999813,4.352851154473825,4.352848201855411,-2.9526184137651512e-06,0.7961716263978963,0.6751896108884421
positive_rate,12.959999999999813,4.3563418129778135,4.356338855837934,-2.95713987963353e-06,0.7961716263978961,0.6751896108884425
positive_rate,12.979999999999812,4.359832471481802,4.359829509820457,-2.9616613446137308e-06,0.7961716263978963,0.6751896108884421
positive_rate,12.999999999999812,4.36332312998579,4.36332016380298,-2.9661828104821097e-06,0.796171626397896,0.6751896108884428
positive_rate,13.019999999999811,4.366813788489779,4.3668108177855025,-2.9707042763504887e-06,0.7961716263978957,0.6751896108884432
positive_rate,13.03999999999981,4.370304446993767,4.370301471768025,-2.9752257422188677e-06,0.7961716263978961,0.6751896108884425
positive_rate,13.05999999999981,4.373795105497757,4.373792125750548,-2.979747208975425e-06,0.7961716263978957,0.6751896108884432
positive_rate,13.07999999999981,4.377285764001745,4.377282779733071,-2.9842686739556257e-06,0.7961716263978961,0.6751896108884425
positive_rate,13.09999999999981,4.3807764225057335,4.380773433715594,-2.9887901398240047e-06,0.7961716263978961,0.6751896108884425
positive_rate,13.11999999999981,4.384267081009723,4.384264087698116,-2.993311606580562e-06,0.7961716263978961,0.6751896108884425
positive_rate,13.139999999999809,4.387757739513711,4.38775474168064,-2.9978330715607626e-06,0.7961716263978962,0.6751896108884423
positive_rate,13.159999999999808,4.3912483980177,4.391245395663162,-3.0023545374291416e-06,0.7961716263978961,0.6751896108884425
positive_rate,13.179999999999808,4.394739056521688,4.394736049645685,-3.0068760032975206e-06,0.7961716263978961,0.6751896108884425
positive_rate,13.199999999999807,4.398229715025677,4.3982267036282074,-3.0113974691658996e-06,0.7961716263978963,0.6751896108884421
positive_rate,13.219999999999807,4.401720373529665,4.40171735761073,-3.0159189350342785e-06,0.7961716263978963,0.6751896108884421
positive_rate,13.239999999999807,4.4052110320336535,4.405208011593253,-3.0204404009026575e-06,0.7961716263978958,0.675189610888443
positive_rate,13.259999999999806,4.408701690537642,4.408698665575776,-3.024961865882858e-06,0.7961716263978962,0.6751896108884423
positive_rate,13.279999999999806,4.41219234904163,4.412189319558299,-3.029483331751237e-06,0.7961716263978961,0.6751896108884425
positive_rate,13.299999999999805,4.41568300754562,4.415679973540822,-3.034004797619616e-06,0.7961716263978961,0.6751896108884425
positive_rate,13.319999999999805,4.419173666049608,4.419170627523345,-3.038526263487995e-06,0.7961716263978957,0.6751896108884432
positive_rate,13.339999999999804,4.422664324553597,4.422661281505867,-3.043047729356374e-06,0.7961716263978958,0.675189610888443
positive_rate,13.359999999999804,4.426154983057585,4.42615193548839,-3.047569195224753e-06,0.7961716263978958,0.675189610888443
positive_rate,13.379999999999804,4.429645641561574,4.429642589470912,-3.0520906619813104e-06,0.7961716263978958,0.675189610888443
positive_rate,13.399999999999803,4.433136300065563,4.433133243453436,-3.056612126961511e-06,0.7961716263978962,0.6751896108884423
positive_rate,13.419999999999803,4.436626958569551,4.436623897435958,-3.06113359282989e-06,0.7961716263978961,0.6751896108884425
positive_rate,13.439999999999802,4.44011761707354,4.440114551418481,-3.065655058698269e-06,0.7961716263978958,0.675189610888443
positive_rate,13.459999999999802,4.443608275577528,4.443605205401004,-3.070176524566648e-06,0.7961716263978961,0.6751896108884425
positive_rate,13.479999999999801,4.447098934081517,4.447095859383527,-3.0746979895468485e-06,0.7961716263978963,0.6751896108884421
positive_rate,13.499999999999801,4.450589592585505,4.45058651336605,-3.0792194554152275e-06,0.7961716263978961,0.6751896108884425
positive_rate,13.5199999999998,4.4540802510894935,4.454077167348572,-3.0837409212836064e-06,0.7961716263978961,0.6751896108884425
positive_rate,13.5399999999998,4.457570909593482,4.457567821331095,-3.0882623871519854e-06,0.7961716263978961,0.6751896108884425
positive_rate,13.5599999999998,4.461061568097471,4.461058475313617,-3.092783853908543e-06,0.7961716263978962,0.6751896108884423
positive_rate,13.5799999999998,4.46455222660146,4.464549129296141,-3.0973053188887434e-06,0.7961716263978962,0.6751896108884423
positive_rate,13.599999999999799,4.468042885105448,4.468039783278663,-3.1018267847571224e-06,0.7961716263978962,0.6751896108884423
positive_rate,13.619999999999798,4.4715335436094374,4.471530437261186,-3.1063482515136798e-06,0.796171626397896,0.6751896108884428
positive_rate,13.639999999999798,4.475024202113426,4.4750210912437085,-3.1108697173820588e-06,0.7961716263978961,0.6751896108884425
positive_rate,13.659999999999798,4.478514860617414,4.478511745226232,-3.1153911823622593e-06,0.7961716263978961,0.6751896108884425
positive_rate,13.679999999999797,4.482005519121403,4.4820023992087545,-3.1199126482306383e-06,0.7961716263978961,0.6751896108884425
positive_rate,13.699999999999797,4.485496177625391,4.485493053191277,-3.1244341140990173e-06,0.7961716263978962,0.6751896108884423
positive_rate,13.719999999999796,4.48898683612938,4.4889837071738,-3.1289555799673963e-06,0.7961716263978962,0.6751896108884423
positive_rate,13.739999999999796,4.492477494633368,4.492474361156322,-3.1334770458357752e-06,0.7961716263978961,0.6751896108884425
positive_rate,13.759999999999796,4.4959681531373565,4.495965015138846,-3.137998510815976e-06,0.7961716263978958,0.675189610888443
positive_rate,13.779999999999795,4.499458811641345,4.499455669121368,-3.1425199766843548e-06,0.7961716263978963,0.6751896108884421
positive_rate,13.799999999999795,4.502949470145334,4.502946323103891,-3.147041443440912e-06,0.7961716263978963,0.6751896108884421
positive_rate,13.819999999999794,4.506440128649323,4.506436977086414,-3.1515629084211128e-06,0.7961716263978958,0.675189610888443
positive_rate,13.839999999999794,4.509930787153311,4.509927631068937,-3.1560843742894917e-06,0.7961716263978961,0.6751896108884425
positive_rate,13.859999999999793,4.5134214456573,4.5134182850514595,-3.1606058401578707e-06,0.7961716263978961,0.6751896108884425
positive_rate,13.879999999999793,4.516912104161289,4.516908939033982,-3.165127306914428e-06,0.7961716263978962,0.6751896108884423
positive_rate,13.899999999999793,4.520402762665277,4.520399593016505,-3.169648772782807e-06,0.7961716263978958,0.675189610888443
positive_rate,13.919999999999792,4.523893421169266,4.523890246999028,-3.1741702377630077e-06,0.7961716263978961,0.6751896108884425
positive_rate,13.939999999999792,4.527384079673254,4.527380900981551,-3.1786917036313866e-06,0.7961716263978961,0.6751896108884425
positive_rate,13.959999999999791,4.530874738177243,4.530871554964073,-3.1832131694997656e-06,0.796171626397896,0.6751896108884428
positive_rate,13.97999999999979,4.534365396681231,4.534362208946596,-3.1877346353681446e-06,0.7961716263978962,0.6751896108884423
positive_rate,13.99999999999979,4.53785605518522,4.537852862929119,-3.192256100348345e-06,0.7961716263978961,0.6751896108884425
positive_rate,14.01999999999979,4.541346713689208,4.541343516911642,-3.196777566216724e-06,0.7961716263978961,0.6751896108884425
positive_rate,14.03999999999979,4.5448373721931965,4.544834170894164,-3.201299032085103e-06,0.7961716263978962,0.6751896108884423
positive_rate,14.059999999999789,4.548328030697186,4.548324824876687,-3.2058204988416605e-06,0.7961716263978958,0.675189610888443
positive_rate,14.079999999999789,4.551818689201174,4.55181547885921,-3.2103419647100395e-06,0.7961716263978961,0.6751896108884425
positive_rate,14.099999999999788,4.555309347705163,4.555306132841732,-3.2148634305784185e-06,0.7961716263978961,0.6751896108884425
positive_rate,14.119999999999788,4.558800006209152,4.558796786824256,-3.2193848964467975e-06,0.796171626397896,0.6751896108884428
positive_rate,14.139999999999787,4.5622906647131405,4.562287440806778,-3.2239063623151765e-06,0.796171626397896,0.6751896108884428
positive_rate,14.159999999999787,4.565781323217129,4.565778094789301,-3.2284278281835554e-06,0.7961716263978963,0.6751896108884421
positive_rate,14.179999999999787,4.569271981721117,4.569268748771824,-3.232949293163756e-06,0.7961716263978961,0.6751896108884425
positive_rate,14.199999999999786,4.572762640225106,4.572759402754347,-3.237470759032135e-06,0.7961716263978958,0.675189610888443
positive_rate,14.219999999999786,4.576253298729094,4.576250056736869,-3.241992224900514e-06,0.796171626397896,0.6751896108884428
positive_rate,14.239999999999785,4.579743957233083,4.579740710719392,-3.246513690768893e-06,0.7961716263978961,0.6751896108884425
positive_rate,14.259999999999785,4.583234615737071,4.5832313647019145,-3.251035156637272e-06,0.796171626397896,0.6751896108884428
positive_rate,14.279999999999784,4.58672527424106,4.586722018684438,-3.2555566216174725e-06,0.7961716263978961,0.6751896108884425
positive_rate,14.299999999999784,4.590215932745049,4.5902126726669605,-3.26007808837403e-06,0.7961716263978962,0.6751896108884423
positive_rate,14.319999999999784,4.593706591249037,4.593703326649483,-3.264599554242409e-06,0.7961716263978961,0.6751896108884425
positive_rate,14.339999999999783,4.597197249753026,4.597193980632007,-3.2691210192226094e-06,0.7961716263978961,0.6751896108884425
positive_rate,14.359999999999783,4.600687908257015,4.600684634614529,-3.273642485979167e-06,0.7961716263978958,0.675189610888443
positive_rate,14.379999999999782,4.604178566761004,4.604175288597052,-3.278163951847546e-06,0.7961716263978964,0.6751896108884419
positive_rate,14.399999999999782,4.607669225264992,4.607665942579574,-3.282685417715925e-06,0.796171626397896,0.6751896108884428
positive_rate,14.419999999999781,4.6111598837689804,4.611156596562097,-3.287206883584304e-06,0.7961716263978958,0.675189610888443
positive_rate,14.439999999999781,4.614650542272969,4.614647250544619,-3.2917283494526828e-06,0.7961716263978961,0.6751896108884425
positive_rate,14.45999999999978,4.618141200776957,4.618137904527143,-3.2962498144328833e-06,0.7961716263978961,0.6751896108884425
positive_rate,14.47999999999978,4.621631859280946,4.6216285585096655,-3.3007712803012623e-06,0.7961716263978961,0.6751896108884425
positive_rate,14.49999999999978,4.625122517784934,4.625119212492188,-3.3052927461696413e-06,0.7961716263978961,0.6751896108884425
positive_rate,14.51999999999978,4.628613176288923,4.6286098664747115,-3.309814211149842e-06,0.7961716263978962,0.6751896108884423
positive_rate,14.539999999999779,4.632103834792911,4.632100520457234,-3.314335677018221e-06,0.796171626397896,0.6751896108884428
positive_rate,14.559999999999778,4.6355944932969,4.635591174439757,-3.3188571437747783e-06,0.7961716263978963,0.6751896108884421
positive_rate,14.579999999999778,4.639085151800889,4.639081828422279,-3.3233786096431572e-06,0.7961716263978961,0.6751896108884425
positive_rate,14.599999999999778,4.642575810304877,4.642572482404802,-3.3279000755115362e-06,0.7961716263978961,0.6751896108884425
positive_rate,14.619999999999777,4.646066468808867,4.646063136387324,-3.3324215422680936e-06,0.796171626397896,0.6751896108884428
positive_rate,14.639999999999777,4.649557127312855,4.649553790369848,-3.336943007248294e-06,0.7961716263978961,0.6751896108884425
positive_rate,14.659999999999776,4.6530477858168435,4.65304444435237,-3.341464473116673e-06,0.7961716263978958,0.675189610888443
positive_rate,14.679999999999776,4.656538444320832,4.656535098334893,-3.345985938985052e-06,0.7961716263978963,0.6751896108884421
positive_rate,14.699999999999775,4.66002910282482,4.6600257523174164,-3.3505074039652527e-06,0.7961716263978961,0.6751896108884425
positive_rate,14.719999999999775,4.663519761328809,4.663516406299939,-3.3550288698336317e-06,0.7961716263978961,0.6751896108884425
positive_rate,14.739999999999775,4.667010419832797,4.667007060282462,-3.3595503357020107e-06,0.7961716263978958,0.675189610888443
positive_rate,14.759999999999774,4.670501078336786,4.670497714264984,-3.3640718015703897e-06,0.7961716263978958,0.675189610888443
positive_rate,14.779999999999774,4.673991736840774,4.673988368247507,-3.3685932674387686e-06,0.7961716263978961,0.6751896108884425
positive_rate,14.799999999999773,4.6774823953447635,4.67747902223003,-3.3731147333071476e-06,0.7961716263978962,0.6751896108884423
positive_rate,14.819999999999773,4.680973053848752,4.680969676212553,-3.3776361991755266e-06,0.7961716263978963,0.6751896108884421
positive_rate,14.839999999999772,4.68446371235274,4.684460330195075,-3.3821576650439056e-06,0.7961716263978958,0.675189610888443
positive_rate,14.859999999999772,4.68795437085673,4.687950984177598,-3.386679131800463e-06,0.796171626397896,0.6751896108884428
positive_rate,14.879999999999772,4.691445029360718,4.691441638160121,-3.3912005967806635e-06,0.7961716263978962,0.6751896108884423
positive_rate,14.899999999999771,4.694935687864707,4.694932292142644,-3.3957220626490425e-06,0.7961716263978958,0.675189610888443
positive_rate,14.91999999999977,4.698426346368695,4.6984229461251665,-3.4002435285174215e-06,0.796171626397896,0.6751896108884428
positive_rate,14.93999999999977,4.7019170048726835,4.701913600107689,-3.4047649943858005e-06,0.7961716263978958,0.675189610888443
positive_rate,14.95999999999977,4.705407663376672,4.705404254090212,-3.4092864602541795e-06,0.7961716263978961,0.6751896108884425
positive_rate,14.97999999999977,4.70889832188066,4.708894908072735,-3.41380792523438e-06,0.7961716263978961,0.6751896108884425
positive_rate,14.999999999999769,4.712388980384649,4.712385562055258,-3.418329391102759e-06,0.7961716263978958,0.675189610888443
positive_rate,15.019999999999769,4.715879638888637,4.71587621603778,-3.422850856971138e-06,0.7961716263978961,0.6751896108884425
positive_rate,15.039999999999768,4.719370297392626,4.719366870020303,-3.427372322839517e-06,0.7961716263978962,0.6751896108884423
positive_rate,15.059999999999768,4.722860955896615,4.722857524002826,-3.431893788707896e-06,0.7961716263978957,0.6751896108884432
positive_rate,15.079999999999767,4.7263516144006035,4.726348177985349,-3.436415254576275e-06,0.7961716263978961,0.6751896108884425
positive_rate,15.099999999999767,4.729842272904592,4.7298388319678715,-3.440936720444654e-06,0.796171626397896,0.6751896108884428
positive_rate,15.119999999999767,4.733332931408581,4.733329485950394,-3.4454581872012113e-06,0.7961716263978963,0.6751896108884421
positive_rate,15.139999999999766,4.73682358991257,4.736820139932917,-3.4499796530695903e-06,0.7961716263978958,0.675189610888443
positive_rate,15.159999999999766,4.740314248416558,4.74031079391544,-3.454501118049791e-06,0.796171626397896,0.6751896108884428
positive_rate,15.179999999999765,4.743804906920547,4.743801447897963,-3.45902258391817e-06,0.7961716263978958,0.675189610888443
positive_rate,15.199999999999765,4.747295565424535,4.747292101880485,-3.463544049786549e-06,0.7961716263978961,0.6751896108884425
positive_rate,15.219999999999764,4.7507862239285235,4.750782755863008,-3.468065515654928e-06,0.7961716263978957,0.6751896108884432
positive_rate,15.239999999999764,4.754276882432512,4.754273409845531,-3.4725869806351284e-06,0.7961716263978964,0.6751896108884419
positive_rate,15.259999999999764,4.7577675409365,4.757764063828054,-3.4771084465035074e-06,0.7961716263978958,0.675189610888443
positive_rate,15.279999999999763,4.761258199440489,4.761254717810576,-3.4816299123718863e-06,0.7961716263978961,0.6751896108884425
positive_rate,15.299999999999763,4.764748857944478,4.764745371793099,-3.4861513791284438e-06,0.7961716263978962,0.6751896108884423
positive_rate,15.319999999999762,4.7682395164484666,4.768236025775622,-3.4906728449968227e-06,0.7961716263978957,0.6751896108884432
positive_rate,15.339999999999762,4.771730174952455,4.771726679758144,-3.4951943108652017e-06,0.7961716263978958,0.675189610888443
positive_rate,15.359999999999761,4.775220833456444,4.775217333740668,-3.4997157767335807e-06,0.7961716263978963,0.6751896108884421
positive_rate,15.379999999999761,4.778711491960433,4.77870798772319,-3.5042372426019597e-06,0.7961716263978964,0.6751896108884419
positive_rate,15.39999999999976,4.782202150464421,4.782198641705713,-3.5087587084703387e-06,0.7961716263978963,0.6751896108884421
positive_rate,15.41999999999976,4.78569280896841,4.785689295688236,-3.5132801734505392e-06,0.796171626397896,0.6751896108884428
positive_rate,15.43999999999976,4.789183467472398,4.789179949670759,-3.517801639318918e-06,0.7961716263978962,0.6751896108884423
positive_rate,15.45999999999976,4.7926741259763865,4.792670603653281,-3.522323105187297e-06,0.7961716263978958,0.675189610888443
positive_rate,15.479999999999759,4.796164784480375,4.796161257635804,-3.526844571055676e-06,0.7961716263978958,0.675189610888443
positive_rate,15.499999999999758,4.799655442984363,4.7996519116183265,-3.531366036924055e-06,0.7961716263978963,0.6751896108884421
positive_rate,15.519999999999758,4.803146101488352,4.803142565600849,-3.535887502792434e-06,0.7961716263978963,0.6751896108884421
positive_rate,15.539999999999758,4.80663675999234,4.8066332195833725,-3.5404089677726347e-06,0.7961716263978961,0.6751896108884425
positive_rate,15.559999999999757,4.81012741849633,4.810123873565895,-3.544930434529192e-06,0.7961716263978961,0.6751896108884425
positive_rate,15.579999999999757,4.813618077000318,4.813614527548418,-3.549451900397571e-06,0.796171626397896,0.6751896108884428
positive_rate,15.599999999999756,4.8171087355043065,4.817105181530941,-3.5539733653777716e-06,0.7961716263978962,0.6751896108884423
positive_rate,15.619999999999756,4.820599394008296,4.820595835513464,-3.558494832134329e-06,0.7961716263978963,0.6751896108884421
positive_rate,15.639999999999755,4.824090052512284,4.824086489495986,-3.563016298002708e-06,0.7961716263978961,0.6751896108884425
positive_rate,15.659999999999755,4.827580711016273,4.827577143478509,-3.567537763871087e-06,0.796171626397896,0.6751896108884428
positive_rate,15.679999999999755,4.831071369520261,4.831067797461031,-3.572059229739466e-06,0.7961716263978961,0.6751896108884425
positive_rate,15.699999999999754,4.83456202802425,4.834558451443555,-3.5765806947196666e-06,0.7961716263978957,0.6751896108884432
positive_rate,15.719999999999754,4.838052686528238,4.8380491054260775,-3.5811021605880455e-06,0.7961716263978962,0.6751896108884423
positive_rate,15.739999999999753,4.8415433450322265,4.8415397594086,-3.5856236264564245e-06,0.7961716263978961,0.6751896108884425
positive_rate,15.759999999999753,4.845034003536215,4.845030413391123,-3.5901450923248035e-06,0.7961716263978963,0.6751896108884421
positive_rate,15.779999999999752,4.848524662040203,4.848521067373646,-3.594666557305004e-06,0.7961716263978958,0.675189610888443
positive_rate,15.799999999999752,4.852015320544193,4.852011721356169,-3.5991880240615615e-06,0.7961716263978964,0.6751896108884419
positive_rate,15.819999999999752,4.855505979048181,4.855502375338691,-3.6037094899299404e-06,0.7961716263978958,0.675189610888443
positive_rate,15.839999999999751,4.85899663755217,4.858993029321214,-3.6082309557983194e-06,0.7961716263978958,0.675189610888443
positive_rate,15.85999999999975,4.862487296056159,4.862483683303736,-3.612752422554877e-06,0.796171626397896,0.6751896108884428
positive_rate,15.87999999999975,4.865977954560147,4.86597433728626,-3.6172738875350774e-06,0.796171626397896,0.6751896108884428
positive_rate,15.89999999999975,4.869468613064136,4.869464991268782,-3.6217953534034564e-06,0.7961716263978962,0.6751896108884423
positive_rate,15.91999999999975,4.872959271568124,4.872955645251305,-3.6263168192718354e-06,0.7961716263978958,0.675189610888443
positive_rate,15.939999999999749,4.876449930072113,4.8764462992338276,-3.6308382851402143e-06,0.7961716263978961,0.6751896108884425
positive_rate,15.959999999999749,4.879940588576101,4.879936953216351,-3.635359750120415e-06,0.7961716263978958,0.675189610888443
positive_rate,15.979999999999748,4.88343124708009,4.883427607198874,-3.639881215988794e-06,0.796171626397896,0.6751896108884428
positive_rate,15.999999999999748,4.886921905584078,4.886918261181396,-3.644402681857173e-06,0.7961716263978961,0.6751896108884425
positive_rate,16.019999999999747,4.8904125640880665,4.890408915163919,-3.648924147725552e-06,0.7961716263978963,0.6751896108884421
positive_rate,16.039999999999747,4.893903222592056,4.893899569146441,-3.6534456144821092e-06,0.7961716263978958,0.675189610888443
positive_rate,16.059999999999746,4.897393881096044,4.897390223128965,-3.65796707946231e-06,0.7961716263978961,0.6751896108884425
positive_rate,16.079999999999746,4.900884539600033,4.900880877111487,-3.662488545330689e-06,0.7961716263978958,0.675189610888443
positive_rate,16.099999999999746,4.904375198104021,4.90437153109401,-3.6670100111990678e-06,0.7961716263978961,0.6751896108884425
positive_rate,16.119999999999745,4.9078658566080104,4.9078621850765325,-3.671531477955625e-06,0.7961716263978958,0.675189610888443
positive_rate,16.139999999999745,4.911356515111999,4.911352839059056,-3.6760529429358257e-06,0.7961716263978961,0.6751896108884425
positive_rate,16.159999999999744,4.914847173615987,4.9148434930415785,-3.6805744088042047e-06,0.7961716263978961,0.6751896108884425
positive_rate,16.179999999999744,4.918337832119976,4.918334147024101,-3.6850958746725837e-06,0.796171626397896,0.6751896108884428
positive_rate,16.199999999999743,4.921828490623964,4.921824801006624,-3.6896173405409627e-06,0.7961716263978961,0.6751896108884425
positive_rate,16.219999999999743,4.925319149127953,4.925315454989146,-3.6941388064093417e-06,0.7961716263978963,0.6751896108884421
positive_rate,16.239999999999743,4.928809807631941,4.928806108971669,-3.6986602722777207e-06,0.7961716263978961,0.6751896108884425
positive_rate,16.259999999999742,4.9323004661359295,4.932296762954192,-3.7031817372579212e-06,0.7961716263978961,0.6751896108884425
positive_rate,16.279999999999742,4.935791124639918,4.935787416936715,-3.7077032031263e-06,0.7961716263978963,0.6751896108884421
positive_rate,16.29999999999974,4.939281783143907,4.939278070919237,-3.7122246698828576e-06,0.7961716263978962,0.6751896108884423
positive_rate,16.31999999999974,4.942772441647896,4.942768724901761,-3.716746134863058e-06,0.7961716263978961,0.6751896108884425
positive_rate,16.33999999999974,4.946263100151884,4.9462593788842835,-3.721267600731437e-06,0.7961716263978961,0.6751896108884425
positive_rate,16.35999999999974,4.9497537586558735,4.949750032866806,-3.7257890674879945e-06,0.7961716263978961,0.6751896108884425
positive_rate,16.37999999999974,4.953244417159862,4.953240686849329,-3.7303105333563735e-06,0.7961716263978961,0.6751896108884425
positive_rate,16.39999999999974,4.95673507566385,4.956731340831851,-3.7348319992247525e-06,0.7961716263978961,0.6751896108884425
positive_rate,16.41999999999974,4.960225734167839,4.960221994814374,-3.7393534650931315e-06,0.7961716263978961,0.6751896108884425
positive_rate,16.43999999999974,4.963716392671827,4.963712648796897,-3.743874930073332e-06,0.7961716263978961,0.6751896108884425
positive_rate,16.459999999999738,4.967207051175816,4.96720330277942,-3.748396395941711e-06,0.7961716263978963,0.6751896108884421
positive_rate,16.479999999999738,4.970697709679804,4.970693956761942,-3.75291786181009e-06,0.7961716263978961,0.6751896108884425
positive_rate,16.499999999999737,4.974188368183793,4.974184610744465,-3.757439327678469e-06,0.7961716263978962,0.6751896108884423
positive_rate,16.519999999999737,4.977679026687781,4.977675264726988,-3.7619607926586696e-06,0.7961716263978958,0.675189610888443
positive_rate,16.539999999999736,4.98116968519177,4.981165918709511,-3.766482259415227e-06,0.7961716263978962,0.6751896108884423
positive_rate,16.559999999999736,4.984660343695759,4.9846565726920335,-3.771003725283606e-06,0.7961716263978961,0.6751896108884425
positive_rate,16.579999999999735,4.988151002199747,4.988147226674556,-3.775525191151985e-06,0.7961716263978961,0.6751896108884425
positive_rate,16.599999999999735,4.991641660703737,4.991637880657079,-3.7800466579085423e-06,0.7961716263978958,0.675189610888443
positive_rate,16.619999999999735,4.995132319207725,4.995128534639601,-3.7845681237769213e-06,0.7961716263978962,0.6751896108884423
positive_rate,16.639999999999734,4.9986229777117135,4.998619188622125,-3.789089588757122e-06,0.7961716263978962,0.6751896108884423
positive_rate,16.659999999999734,5.002113636215702,5.002109842604647,-3.793611054625501e-06,0.7961716263978961,0.6751896108884425
positive_rate,16.679999999999733,5.00560429471969,5.00560049658717,-3.79813252049388e-06,0.796171626397896,0.6751896108884428
positive_rate,16.699999999999733,5.009094953223679,5.009091150569693,-3.8026539854740804e-06,0.7961716263978963,0.6751896108884421
positive_rate,16.719999999999732,5.012585611727667,5.012581804552216,-3.8071754513424594e-06,0.7961716263978961,0.6751896108884425
positive_rate,16.739999999999732,5.016076270231656,5.0160724585347385,-3.8116969172108384e-06,0.7961716263978957,0.6751896108884432
positive_rate,16.75999999999973,5.019566928735644,5.019563112517261,-3.816218383079217e-06,0.7961716263978957,0.6751896108884432
positive_rate,16.77999999999973,5.023057587239633,5.023053766499784,-3.820739848947596e-06,0.7961716263978958,0.675189610888443
positive_rate,16.79999999999973,5.026548245743622,5.026544420482306,-3.825261315704154e-06,0.7961716263978962,0.6751896108884423
positive_rate,16.81999999999973,5.03003890424761,5.03003507446483,-3.829782780684354e-06,0.7961716263978963,0.6751896108884421
positive_rate,16.83999999999973,5.033529562751599,5.033525728447352,-3.834304246552733e-06,0.7961716263978958,0.675189610888443
positive_rate,16.85999999999973,5.037020221255588,5.037016382429875,-3.838825713309291e-06,0.796171626397896,0.6751896108884428
positive_rate,16.87999999999973,5.040510879759577,5.040507036412397,-3.84334717917767e-06,0.7961716263978958,0.675189610888443
positive_rate,16.89999999999973,5.044001538263565,5.043997690394921,-3.84786864415787e-06,0.796171626397896,0.6751896108884428
positive_rate,16.919999999999728,5.0474921967675535,5.047488344377443,-3.852390110026249e-06,0.796171626397896,0.6751896108884428
positive_rate,16.939999999999728,5.050982855271542,5.050978998359966,-3.856911575894628e-06,0.7961716263978963,0.6751896108884421
positive_rate,16.959999999999727,5.05447351377553,5.054469652342489,-3.861433041763007e-06,0.7961716263978962,0.6751896108884423
positive_rate,16.979999999999727,5.057964172279519,5.057960306325011,-3.865954507631386e-06,0.7961716263978961,0.6751896108884425
positive_rate,16.999999999999726,5.061454830783507,5.061450960307535,-3.870475972611587e-06,0.7961716263978961,0.6751896108884425
positive_rate,17.019999999999726,5.064945489287496,5.064941614290057,-3.874997438479966e-06,0.7961716263978961,0.6751896108884425
positive_rate,17.039999999999726,5.068436147791485,5.06843226827258,-3.879518905236523e-06,0.7961716263978958,0.675189610888443
positive_rate,17.059999999999725,5.071926806295473,5.071922922255102,-3.884040371104902e-06,0.7961716263978963,0.6751896108884421
positive_rate,17.079999999999725,5.075417464799462,5.075413576237626,-3.888561836085103e-06,0.7961716263978961,0.6751896108884425
positive_rate,17.099999999999724,5.078908123303451,5.078904230220148,-3.89308330284166e-06,0.7961716263978961,0.6751896108884425
positive_rate,17.119999999999724,5.08239878180744,5.082394884202671,-3.897604768710039e-06,0.7961716263978961,0.6751896108884425
positive_rate,17.139999999999723,5.085889440311428,5.0858855381851935,-3.902126234578418e-06,0.7961716263978961,0.6751896108884425
positive_rate,17.159999999999723,5.0893800988154165,5.089376192167716,-3.906647700446797e-06,0.7961716263978958,0.675189610888443
positive_rate,17.179999999999723,5.092870757319405,5.092866846150239,-3.911169166315176e-06,0.7961716263978962,0.6751896108884423
positive_rate,17.199999999999722,5.096361415823393,5.096357500132762,-3.9156906312953765e-06,0.7961716263978958,0.675189610888443
positive_rate,17.21999999999972,5.099852074327382,5.099848154115285,-3.9202120971637555e-06,0.7961716263978958,0.675189610888443
positive_rate,17.23999999999972,5.10334273283137,5.103338808097807,-3.9247335630321345e-06,0.7961716263978961,0.6751896108884425
positive_rate,17.25999999999972,5.106833391335359,5.106829462080331,-3.929255028012335e-06,0.7961716263978961,0.6751896108884425
positive_rate,17.27999999999972,5.110324049839347,5.110320116062853,-3.933776493880714e-06,0.7961716263978961,0.6751896108884425
positive_rate,17.29999999999972,5.1138147083433365,5.113810770045376,-3.9382979606372714e-06,0.7961716263978958,0.675189610888443
positive_rate,17.31999999999972,5.117305366847325,5.1173014240278984,-3.9428194265056504e-06,0.7961716263978962,0.6751896108884423
positive_rate,17.33999999999972,5.120796025351313,5.120792078010421,-3.947340892374029e-06,0.796171626397896,0.6751896108884428
positive_rate,17.35999999999972,5.124286683855303,5.124282731992944,-3.951862359130587e-06,0.7961716263978961,0.6751896108884425
positive_rate,17.37999999999972,5.127777342359291,5.127773385975467,-3.956383824110787e-06,0.7961716263978961,0.6751896108884425
positive_rate,17.399999999999718,5.13126800086328,5.13126403995799,-3.960905289979166e-06,0.796171626397896,0.6751896108884428
positive_rate,17.419999999999717,5.134758659367268,5.134754693940512,-3.965426755847545e-06,0.7961716263978961,0.6751896108884425
positive_rate,17.439999999999717,5.1382493178712565,5.138245347923035,-3.969948221715924e-06,0.7961716263978961,0.6751896108884425
positive_rate,17.459999999999717,5.141739976375245,5.141736001905558,-3.974469686696125e-06,0.7961716263978961,0.6751896108884425
positive_rate,17.479999999999716,5.145230634879233,5.145226655888081,-3.978991152564504e-06,0.7961716263978958,0.675189610888443
positive_rate,17.499999999999716,5.148721293383222,5.148717309870603,-3.983512618432883e-06,0.796171626397896,0.6751896108884428
positive_rate,17.519999999999715,5.15221195188721,5.152207963853126,-3.988034084301262e-06,0.7961716263978961,0.6751896108884425
positive_rate,17.539999999999715,5.1557026103912,5.1556986178356485,-3.992555551057819e-06,0.7961716263978962,0.6751896108884423
positive_rate,17.559999999999715,5.159193268895188,5.159189271818172,-3.99707701603802e-06,0.7961716263978961,0.6751896108884425
positive_rate,17.579999999999714,5.1626839273991765,5.162679925800695,-4.001598481906399e-06,0.7961716263978963,0.6751896108884421
positive_rate,17.599999999999714,5.166174585903166,5.166170579783217,-4.006119948662956e-06,0.7961716263978957,0.6751896108884432
positive_rate,17.619999999999713,5.169665244407154,5.16966123376574,-4.010641414531335e-06,0.7961716263978961,0.6751896108884425
positive_rate,17.639999999999713,5.173155902911143,5.173151887748262,-4.015162880399714e-06,0.796171626397896,0.6751896108884428
positive_rate,17.659999999999712,5.176646561415131,5.176642541730786,-4.019684345379915e-06,0.7961716263978962,0.6751896108884423
positive_rate,17.679999999999712,5.18013721991912,5.180133195713308,-4.024205811248294e-06,0.7961716263978961,0.6751896108884425
positive_rate,17.69999999999971,5.183627878423108,5.183623849695831,-4.028727277116673e-06,0.7961716263978961,0.6751896108884425
positive_rate,17.71999999999971,5.1871185369270965,5.1871145036783535,-4.033248742985052e-06,0.7961716263978962,0.6751896108884423
positive_rate,17.73999999999971,5.190609195431085,5.190605157660876,-4.037770208853431e-06,0.7961716263978958,0.675189610888443
positive_rate,17.75999999999971,5.194099853935073,5.1940958116433995,-4.042291673833631e-06,0.796171626397896,0.6751896108884428
positive_rate,17.77999999999971,5.197590512439062,5.197586465625922,-4.04681313970201e-06,0.7961716263978958,0.675189610888443
positive_rate,17.79999999999971,5.201081170943051,5.201077119608445,-4.051334606458568e-06,0.7961716263978961,0.6751896108884425
positive_rate,17.81999999999971,5.2045718294470396,5.204567773590968,-4.055856071438768e-06,0.7961716263978961,0.6751896108884425
positive_rate,17.83999999999971,5.208062487951028,5.208058427573491,-4.060377537307147e-06,0.7961716263978961,0.6751896108884425
positive_rate,17.859999999999708,5.211553146455017,5.211549081556013,-4.0648990040637045e-06,0.7961716263978961,0.6751896108884425
positive_rate,17.879999999999708,5.215043804959006,5.215039735538536,-4.0694204699320835e-06,0.7961716263978958,0.675189610888443
positive_rate,17.899999999999707,5.218534463462994,5.218530389521058,-4.0739419358004625e-06,0.7961716263978958,0.675189610888443
positive_rate,17.919999999999707,5.222025121966983,5.222021043503581,-4.0784634016688415e-06,0.7961716263978961,0.6751896108884425
positive_rate,17.939999999999706,5.225515780470971,5.2255116974861044,-4.082984866649042e-06,0.7961716263978958,0.675189610888443
positive_rate,17.959999999999706,5.2290064389749595,5.229002351468627,-4.087506332517421e-06,0.7961716263978961,0.6751896108884425
positive_rate,17.979999999999706,5.232497097478948,5.23249300545115,-4.0920277983858e-06,0.796171626397896,0.6751896108884428
positive_rate,17.999999999999705,5.235987755982936,5.235983659433673,-4.0965492633660006e-06,0.7961716263978962,0.6751896108884423
positive_rate,18.019999999999705,5.239478414486925,5.239474313416196,-4.1010707292343795e-06,0.7961716263978961,0.6751896108884425
positive_rate,18.039999999999704,5.242969072990914,5.242964967398718,-4.105592195990937e-06,0.7961716263978961,0.6751896108884425
positive_rate,18.059999999999704,5.246459731494903,5.246455621381241,-4.110113661859316e-06,0.7961716263978962,0.6751896108884423
positive_rate,18.079999999999703,5.249950389998891,5.249946275363763,-4.114635127727695e-06,0.7961716263978962,0.6751896108884423
positive_rate,18.099999999999703,5.25344104850288,5.253436929346286,-4.119156594484252e-06,0.7961716263978961,0.6751896108884425
positive_rate,18.119999999999703,5.256931707006869,5.256927583328809,-4.123678059464453e-06,0.7961716263978958,0.675189610888443
positive_rate,18.139999999999702,5.260422365510857,5.260418237311332,-4.128199525332832e-06,0.7961716263978961,0.6751896108884425
positive_rate,18.1599999999997,5.263913024014846,5.2639088912938545,-4.132720991201211e-06,0.7961716263978958,0.675189610888443
positive_rate,18.1799999999997,5.267403682518834,5.267399545276378,-4.137242456181411e-06,0.7961716263978961,0.6751896108884425
positive_rate,18.1999999999997,5.270894341022823,5.270890199258901,-4.14176392204979e-06,0.796171626397896,0.6751896108884428
positive_rate,18.2199999999997,5.274384999526811,5.274380853241423,-4.146285387918169e-06,0.7961716263978958,0.675189610888443
positive_rate,18.2399999999997,5.2778756580307995,5.277871507223946,-4.150806853786548e-06,0.7961716263978956,0.6751896108884434
positive_rate,18.2599999999997,5.281366316534788,5.281362161206468,-4.155328319654927e-06,0.7961716263978958,0.675189610888443
positive_rate,18.2799999999997,5.284856975038776,5.284852815188991,-4.159849785523306e-06,0.7961716263978957,0.6751896108884432
positive_rate,18.2999999999997,5.288347633542766,5.288343469171514,-4.164371251391685e-06,0.7961716263978961,0.6751896108884425
positive_rate,18.3199999999997,5.291838292046754,5.291834123154037,-4.168892717260064e-06,0.796171626397896,0.6751896108884428
positive_rate,18.339999999999698,5.295328950550743,5.2953247771365595,-4.173414183128443e-06,0.7961716263978961,0.6751896108884425
positive_rate,18.359999999999697,5.298819609054732,5.298815431119082,-4.177935649885001e-06,0.7961716263978962,0.6751896108884423
positive_rate,18.379999999999697,5.30231026755872,5.3023060851016055,-4.182457114865201e-06,0.7961716263978961,0.6751896108884425
positive_rate,18.399999999999697,5.305800926062709,5.305796739084128,-4.18697858073358e-06,0.796171626397896,0.6751896108884428
positive_rate,18.419999999999696,5.309291584566697,5.309287393066651,-4.191500046601959e-06,0.7961716263978961,0.6751896108884425
positive_rate,18.439999999999696,5.312782243070686,5.312778047049173,-4.196021512470338e-06,0.7961716263978958,0.675189610888443
positive_rate,18.459999999999695,5.316272901574674,5.316268701031697,-4.200542977450539e-06,0.7961716263978961,0.6751896108884425
positive_rate,18.479999999999695,5.319763560078663,5.319759355014219,-4.205064443318918e-06,0.7961716263978962,0.6751896108884423
positive_rate,18.499999999999694,5.323254218582651,5.323250008996742,-4.209585909187297e-06,0.7961716263978958,0.675189610888443
positive_rate,18.519999999999694,5.3267448770866395,5.326740662979264,-4.214107375055676e-06,0.7961716263978956,0.6751896108884434
positive_rate,18.539999999999694,5.330235535590629,5.330231316961788,-4.218628840924055e-06,0.7961716263978958,0.675189610888443
positive_rate,18.559999999999693,5.333726194094617,5.33372197094431,-4.223150306792434e-06,0.7961716263978962,0.6751896108884423
positive_rate,18.579999999999693,5.337216852598606,5.337212624926833,-4.227671772660813e-06,0.7961716263978962,0.6751896108884423
positive_rate,18.599999999999692,5.340707511102595,5.340703278909356,-4.23219323941737e-06,0.7961716263978961,0.6751896108884425
positive_rate,18.619999999999692,5.3441981696065834,5.344193932891878,-4.236714705285749e-06,0.7961716263978958,0.675189610888443
positive_rate,18.63999999999969,5.347688828110572,5.347684586874401,-4.241236171154128e-06,0.7961716263978962,0.6751896108884423
positive_rate,18.65999999999969,5.35117948661456,5.351175240856924,-4.2457576361343285e-06,0.7961716263978958,0.675189610888443
positive_rate,18.67999999999969,5.354670145118549,5.354665894839447,-4.2502791020027075e-06,0.7961716263978961,0.6751896108884425
positive_rate,18.69999999999969,5.358160803622537,5.358156548821969,-4.2548005678710865e-06,0.7961716263978961,0.6751896108884425
positive_rate,18.71999999999969,5.361651462126526,5.361647202804493,-4.259322032851287e-06,0.7961716263978961,0.6751896108884425
positive_rate,18.73999999999969,5.365142120630514,5.365137856787015,-4.263843498719666e-06,0.7961716263978957,0.6751896108884432
positive_rate,18.75999999999969,5.3686327791345025,5.368628510769538,-4.268364964588045e-06,0.7961716263978961,0.6751896108884425
positive_rate,18.77999999999969,5.372123437638492,5.3721191647520605,-4.2728864313446024e-06,0.7961716263978958,0.675189610888443
positive_rate,18.799999999999688,5.37561409614248,5.375609818734583,-4.2774078972129814e-06,0.7961716263978957,0.6751896108884432
positive_rate,18.819999999999688,5.379104754646469,5.379100472717106,-4.28192936308136e-06,0.7961716263978961,0.6751896108884425
positive_rate,18.839999999999687,5.382595413150457,5.382591126699629,-4.286450828061561e-06,0.7961716263978957,0.6751896108884432
positive_rate,18.859999999999687,5.3860860716544465,5.386081780682152,-4.290972294818118e-06,0.796171626397896,0.6751896108884428
positive_rate,18.879999999999686,5.389576730158435,5.389572434664674,-4.295493760686497e-06,0.796171626397896,0.6751896108884428
positive_rate,18.899999999999686,5.393067388662423,5.393063088647198,-4.300015225666698e-06,0.7961716263978961,0.6751896108884425
positive_rate,18.919999999999686,5.396558047166412,5.39655374262972,-4.304536691535077e-06,0.7961716263978958,0.675189610888443
positive_rate,18.939999999999685,5.4000487056704,5.400044396612243,-4.309058157403456e-06,0.796171626397896,0.6751896108884428
positive_rate,18.959999999999685,5.403539364174389,5.4035350505947655,-4.313579623271835e-06,0.7961716263978962,0.6751896108884423
positive_rate,18.979999999999684,5.407030022678377,5.407025704577288,-4.318101089140214e-06,0.7961716263978958,0.675189610888443
positive_rate,18.999999999999684,5.410520681182366,5.4105163585598115,-4.322622554120414e-06,0.7961716263978963,0.6751896108884421
positive_rate,19.019999999999683,5.414011339686354,5.414007012542334,-4.327144019988793e-06,0.796171626397896,0.6751896108884428
positive_rate,19.039999999999683,5.417501998190343,5.417497666524857,-4.331665486745351e-06,0.7961716263978961,0.6751896108884425
positive_rate,19.059999999999683,5.420992656694332,5.420988320507379,-4.33618695261373e-06,0.796171626397896,0.6751896108884428
positive_rate,19.079999999999682,5.42448331519832,5.424478974489903,-4.34070841759393e-06,0.7961716263978957,0.6751896108884432
positive_rate,19.09999999999968,5.42797397370231,5.427969628472425,-4.345229884350488e-06,0.7961716263978958,0.675189610888443
positive_rate,19.11999999999968,5.431464632206298,5.431460282454948,-4.349751350218867e-06,0.7961716263978961,0.6751896108884425
positive_rate,19.13999999999968,5.4349552907102865,5.43495093643747,-4.354272816087246e-06,0.7961716263978964,0.6751896108884419
positive_rate,19.15999999999968,5.438445949214275,5.438441590419993,-4.358794281955625e-06,0.7961716263978962,0.6751896108884423
positive_rate,19.17999999999968,5.441936607718263,5.441932244402516,-4.363315746935825e-06,0.7961716263978962,0.6751896108884423
positive_rate,19.19999999999968,5.445427266222252,5.445422898385039,-4.367837212804204e-06,0.7961716263978958,0.675189610888443
positive_rate,19.21999999999968,5.44891792472624,5.448913552367562,-4.372358678672583e-06,0.7961716263978961,0.6751896108884425
positive_rate,19.23999999999968,5.452408583230229,5.452404206350084,-4.376880144540962e-06,0.7961716263978961,0.6751896108884425
positive_rate,19.25999999999968,5.455899241734217,5.455894860332608,-4.381401609521163e-06,0.7961716263978958,0.675189610888443
positive_rate,19.279999999999678,5.4593899002382065,5.45938551431513,-4.38592307627772e-06,0.7961716263978961,0.6751896108884425
positive_rate,19.299999999999677,5.462880558742195,5.462876168297653,-4.390444542146099e-06,0.796171626397896,0.6751896108884428
positive_rate,19.319999999999677,5.466371217246183,5.466366822280175,-4.394966008014478e-06,0.7961716263978962,0.6751896108884423
positive_rate,19.339999999999677,5.469861875750173,5.469857476262699,-4.399487473882857e-06,0.7961716263978958,0.675189610888443
positive_rate,19.359999999999676,5.473352534254161,5.473348130245221,-4.404008939751236e-06,0.7961716263978961,0.6751896108884425
positive_rate,19.379999999999676,5.47684319275815,5.476838784227744,-4.408530405619615e-06,0.796171626397896,0.6751896108884428
positive_rate,19.399999999999675,5.480333851262138,5.4803294382102665,-4.413051871487994e-06,0.7961716263978958,0.675189610888443
positive_rate,19.419999999999675,5.4838245097661265,5.48382009219279,-4.417573336468195e-06,0.7961716263978961,0.6751896108884425
positive_rate,19.439999999999674,5.487315168270115,5.487310746175313,-4.422094802336574e-06,0.7961716263978962,0.6751896108884423
positive_rate,19.459999999999674,5.490805826774103,5.490801400157835,-4.4266162682049526e-06,0.7961716263978958,0.675189610888443
positive_rate,19.479999999999674,5.494296485278092,5.494292054140358,-4.4311377340733316e-06,0.7961716263978962,0.6751896108884423
positive_rate,19.499999999999673,5.49778714378208,5.497782708122881,-4.435659199053532e-06,0.7961716263978958,0.675189610888443
positive_rate,19.519999999999673,5.501277802286069,5.501273362105404,-4.440180664921911e-06,0.7961716263978958,0.675189610888443
positive_rate,19.539999999999672,5.504768460790058,5.504764016087926,-4.4447021316784685e-06,0.7961716263978962,0.6751896108884423
positive_rate,19.559999999999672,5.508259119294046,5.508254670070449,-4.4492235975468475e-06,0.7961716263978962,0.6751896108884423
positive_rate,19.57999999999967,5.511749777798035,5.5117453240529715,-4.4537450634152265e-06,0.796171626397896,0.6751896108884428
positive_rate,19.59999999999967,5.515240436302024,5.515235978035495,-4.4582665292836055e-06,0.7961716263978957,0.6751896108884432
positive_rate,19.61999999999967,5.518731094806013,5.5187266320180175,-4.4627879951519844e-06,0.7961716263978961,0.6751896108884425
positive_rate,19.63999999999967,5.522221753310001,5.52221728600054,-4.467309461020363e-06,0.7961716263978958,0.675189610888443
positive_rate,19.65999999999967,5.5257124118139895,5.5257079399830635,-4.471830926000564e-06,0.7961716263978958,0.675189610888443
positive_rate,19.67999999999967,5.529203070317978,5.529198593965586,-4.476352391868943e-06,0.7961716263978958,0.675189610888443
positive_rate,19.69999999999967,5.532693728821966,5.532689247948109,-4.480873857737322e-06,0.7961716263978958,0.675189610888443
positive_rate,19.71999999999967,5.536184387325955,5.536179901930631,-4.485395323605701e-06,0.7961716263978958,0.675189610888443
positive_rate,19.739999999999668,5.539675045829943,5.539670555913154,-4.48991678947408e-06,0.7961716263978956,0.6751896108884434
positive_rate,19.759999999999668,5.543165704333932,5.543161209895677,-4.4944382544542805e-06,0.7961716263978961,0.6751896108884425
positive_rate,19.779999999999667,5.546656362837921,5.5466518638782,-4.498959721210838e-06,0.7961716263978957,0.6751896108884432
positive_rate,19.799999999999667,5.5501470213419095,5.550142517860722,-4.503481187079217e-06,0.7961716263978961,0.6751896108884425
positive_rate,19.819999999999666,5.553637679845898,5.553633171843245,-4.508002652947596e-06,0.7961716263978958,0.675189610888443
positive_rate,19.839999999999666,5.557128338349887,5.557123825825768,-4.512524119704153e-06,0.7961716263978958,0.675189610888443
positive_rate,19.859999999999665,5.560618996853876,5.560614479808291,-4.517045584684354e-06,0.796171626397896,0.6751896108884428
positive_rate,19.879999999999665,5.564109655357864,5.564105133790814,-4.521567050552733e-06,0.796171626397896,0.6751896108884428
positive_rate,19.899999999999665,5.567600313861853,5.567595787773336,-4.526088516421112e-06,0.7961716263978961,0.6751896108884425
positive_rate,19.919999999999664,5.571090972365841,5.57108644175586,-4.530609981401312e-06,0.7961716263978958,0.675189610888443
positive_rate,19.939999999999664,5.5745816308698295,5.574577095738382,-4.535131447269691e-06,0.7961716263978961,0.6751896108884425
positive_rate,19.959999999999663,5.578072289373818,5.578067749720905,-4.53965291313807e-06,0.7961716263978961,0.6751896108884425
positive_rate,19.979999999999663,5.581562947877806,5.581558403703427,-4.544174379006449e-06,0.796171626397896,0.6751896108884428
positive_rate,19.999999999999662,5.585053606381795,5.58504905768595,-4.548695844874828e-06,0.7961716263978958,0.675189610888443
positive_rate,20.0,5.585053606381854,5.585049057686009,-4.548695845763007e-06,0.7961716263978963,0.6751896108884421
negative_rate,0.0,2.0943951023931953,2.0943951023931957,4.440892098500626e-16,0.7961740796645929,0.6751850472301966
negative_rate,0.02,2.090904443889207,2.0909044520550455,8.165838671914116e-09,0.7961733665918173,0.6751863737165102
negative_rate,0.04,2.087413785385218,2.0874138026490527,1.726383480615823e-08,0.7961728853597791,0.6751872689226697
negative_rate,0.06,2.0839231268812295,2.083923152954707,2.607347759919776e-08,0.796172541615599,0.6751879083682856
negative_rate,0.08,2.0804324683772406,2.080432502558124,3.4180883456969013e-08,0.7961722923285043,0.6751883721011375
negative_rate,0.1,2.076941809873252,2.076941851410721,4.15374690199144e-08,0.7961721106545059,0.6751887100575579
negative_rate,0.12000000000000001,2.0734511513692633,2.0734511996005853,4.823132204734293e-08,0.7961719781670827,0.675188956515307
negative_rate,0.14,2.069960492865275,2.069960547251313,5.438603833951561e-08,0.7961718816395892,0.6751891360791037
negative_rate,0.16,2.066469834361286,2.0664698944817594,6.01204734884675e-08,0.7961718114102044,0.6751892667222285
negative_rate,0.18,2.0629791758572975,2.062979241392665,6.553536735509624e-08,0.7961717603864623,0.6751893616383455
negative_rate,0.19999999999999998,2.0594885173533086,2.05948858806443,7.071112140266678e-08,0.7961717233631096,0.675189430510453
negative_rate,0.21999999999999997,2.05599785884932,2.0559979345591017,7.57097815551333e-08,0.796171696527519,0.6751894804309344
negative_rate,0.23999999999999996,2.0525072003453313,2.0525072809235803,8.057824896212651e-08,0.7961716770937186,0.6751895165823517
negative_rate,0.25999999999999995,2.049016541841343,2.0490166271928394,8.53514965371005e-08,0.7961716630304888,0.6751895427432502
negative_rate,0.27999999999999997,2.045525883337354,2.0455259733927162,9.005536227846278e-08,0.7961716528597668,0.6751895616631729
negative_rate,0.3,2.0420352248333655,2.0420353195421748,9.470880923956315e-08,0.7961716455077531,0.6751895753396383
negative_rate,0.32,2.0385445663293766,2.0385446656550688,9.932569211557052e-08,0.7961716401953828,0.6751895852218899
negative_rate,0.34,2.035053907825388,2.035054011741484,1.0391609572835137e-07,0.7961716363580447,0.6751895923602363
negative_rate,0.36000000000000004,2.0315632493213993,2.0315633578087455,1.0848734621760059e-07,0.7961716335869086,0.6751895975151978
negative_rate,0.38000000000000006,2.028072590817411,2.0280727038621627,1.1304475178164353e-07,0.7961716315861581,0.6751896012370616
negative_rate,0.4000000000000001,2.024581932313422,2.0245820499055784,1.1759215645668064e-07,0.7961716301418738,0.6751896039237684
negative_rate,0.4200000000000001,2.0210912738094335,2.021091395941773,1.2213233935298717e-07,0.7961716290994333,0.6751896058629514
negative_rate,0.4400000000000001,2.0176006153054447,2.017600741972755,1.266673104183269e-07,0.796171628347118,0.6751896072624339
negative_rate,0.46000000000000013,2.014109956801456,2.0141100879999745,1.3119851827170237e-07,0.7961716278042332,0.6751896082723264
negative_rate,0.48000000000000015,2.0106192982974673,2.0106194340244805,1.3572701318409486e-07,0.7961716274125067,0.6751896090010294
negative_rate,0.5000000000000001,2.007128639793479,2.0071287800470277,1.402535487748935e-07,0.7961716271298683,0.675189609526803
negative_rate,0.5200000000000001,2.00363798128949,2.003638126068162,1.447786721620048e-07,0.7961716269259493,0.67518960990614
negative_rate,0.5400000000000001,2.0001473227855016,2.000147472088277,1.4930277547620108e-07,0.7961716267788317,0.6751896101798132
negative_rate,0.5600000000000002,1.9966566642815127,1.9966568181076572,1.5382614471093348e-07,0.7961716266726963,0.6751896103772499
negative_rate,0.5800000000000002,1.9931660057775242,1.9931661641265068,1.583489828149709e-07,0.7961716265961291,0.6751896105196828
negative_rate,0.6000000000000002,1.9896753472735353,1.9896755101449741,1.6287143900228784e-07,0.7961716265408939,0.6751896106224331
negative_rate,0.6200000000000002,1.986184688769547,1.9861848561631656,1.6739361896611626e-07,0.7961716265010481,0.6751896106965556
negative_rate,0.6400000000000002,1.9826940302655582,1.982694202181158,1.7191559997797867e-07,0.796171626472305,0.6751896107500245
negative_rate,0.6600000000000003,1.9792033717615696,1.9792035481990067,1.764374371049371e-07,0.7961716264515705,0.6751896107885956
negative_rate,0.6800000000000003,1.975712713257581,1.975712894216752,1.8095917120319882e-07,0.7961716264366135,0.6751896108164189
negative_rate,0.7000000000000003,1.9722220547535922,1.9722222402344225,1.854808302503841e-07,0.7961716264258244,0.6751896108364893
negative_rate,0.7200000000000003,1.9687313962496036,1.968731586252039,1.9000243511868575e-07,0.7961716264180418,0.6751896108509667
negative_rate,0.7400000000000003,1.965240737745615,1.9652409322696167,1.9452400179531537e-07,0.796171626412428,0.6751896108614097
negative_rate,0.7600000000000003,1.9617500792416263,1.9617502782871667,1.9904554049432477e-07,0.7961716264083784,0.675189610868943
negative_rate,0.7800000000000004,1.9582594207376376,1.9582596243046961,2.035670583211413e-07,0.7961716264054572,0.675189610874377
negative_rate,0.8000000000000004,1.954768762233649,1.954768970322211,2.0808856238119233e-07,0.7961716264033499,0.6751896108782971
negative_rate,0.8200000000000004,1.9512781037296603,1.9512783163397156,2.1261005533901312e-07,0.7961716264018303,0.6751896108811241
negative_rate,0.8400000000000004,1.9477874452256716,1.9477876623572126,2.1713154119140654e-07,0.7961716264007337,0.6751896108831639
negative_rate,0.8600000000000004,1.944296786721683,1.9442970083747038,2.2165302082655103e-07,0.7961716263999429,0.675189610884635
negative_rate,0.8800000000000004,1.9408061282176943,1.9408063543921914,2.2617449690898184e-07,0.7961716263993728,0.6751896108856955
negative_rate,0.9000000000000005,1.9373154697137056,1.937315700409676,2.3069597032687739e-07,0.7961716263989614,0.6751896108864607
negative_rate,0.9200000000000005,1.933824811209717,1.9338250464271585,2.352174415243269e-07,0.7961716263986643,0.6751896108870133
negative_rate,0.9400000000000005,1.9303341527057283,1.9303343924446397,2.3973891138950876e-07,0.7961716263984501,0.675189610887412
negative_rate,0.9600000000000005,1.9268434942017396,1.9268437384621195,2.44260379922423e-07,0.7961716263982956,0.6751896108876992
negative_rate,0.9800000000000005,1.923352835697751,1.9233530844795987,2.487818475671588e-07,0.7961716263981843,0.6751896108879064
negative_rate,1.0000000000000004,1.9198621771937623,1.9198624304970773,2.5330331521189464e-07,0.7961716263981039,0.6751896108880558
negative_rate,1.0200000000000005,1.9163715186897736,1.9163717765145556,2.5782478196845204e-07,0.796171626398046,0.6751896108881638
negative_rate,1.0400000000000005,1.912880860185785,1.9128811225320337,2.6234624872500945e-07,0.7961716263980043,0.6751896108882411
negative_rate,1.0600000000000005,1.9093902016817963,1.9093904685495113,2.6686771503747764e-07,0.796171626397974,0.6751896108882975
negative_rate,1.0800000000000005,1.9058995431778076,1.905899814566989,2.7138918134994583e-07,0.7961716263979525,0.6751896108883376
negative_rate,1.1000000000000005,1.902408884673819,1.9024091605844666,2.75910647662414e-07,0.7961716263979365,0.6751896108883674
negative_rate,1.1200000000000006,1.8989182261698303,1.898918506601944,2.804321139748822e-07,0.7961716263979254,0.675189610888388
negative_rate,1.1400000000000006,1.8954275676658416,1.8954278526194213,2.849535798432612e-07,0.796171626397917,0.6751896108884035
negative_rate,1.1600000000000006,1.891936909161853,1.8919371986368987,2.894750457116402e-07,0.7961716263979113,0.6751896108884142
negative_rate,1.1800000000000006,1.8884462506578643,1.888446544654376,2.9399651158001916e-07,0.796171626397907,0.6751896108884223
negative_rate,1.2000000000000006,1.8849555921538756,1.8849558906718533,2.9851797744839814e-07,0.7961716263979041,0.6751896108884277
negative_rate,1.2200000000000006,1.881464933649887,1.8814652366893305,3.030394433167771e-07,0.7961716263979016,0.6751896108884322
negative_rate,1.2400000000000007,1.8779742751458983,1.8779745827068077,3.075609091851561e-07,0.7961716263979003,0.6751896108884347
negative_rate,1.2600000000000007,1.8744836166419097,1.8744839287242852,3.120823754976243e-07,0.7961716263978991,0.675189610888437
negative_rate,1.2800000000000007,1.870992958137921,1.8709932747417624,3.166038413660033e-07,0.7961716263978981,0.6751896108884388
negative_rate,1.3000000000000007,1.8675022996339323,1.8675026207592396,3.2112530723438226e-07,0.7961716263978975,0.6751896108884399
negative_rate,1.3200000000000007,1.8640116411299437,1.8640119667767168,3.2564677310276124e-07,0.796171626397897,0.6751896108884409
negative_rate,1.3400000000000007,1.860520982625955,1.860521312794194,3.3016823897114023e-07,0.7961716263978967,0.6751896108884413
negative_rate,1.3600000000000008,1.8570303241219663,1.8570306588116714,3.346897052836084e-07,0.7961716263978964,0.6751896108884419
negative_rate,1.3800000000000008,1.8535396656179777,1.8535400048291484,3.392111707078982e-07,0.7961716263978964,0.6751896108884419
negative_rate,1.4000000000000008,1.850049007113989,1.8500493508466258,3.437326370203664e-07,0.7961716263978961,0.6751896108884425
negative_rate,1.4200000000000008,1.8465583486100003,1.846558696864103,3.4825410288874536e-07,0.7961716263978963,0.6751896108884421
negative_rate,1.4400000000000008,1.8430676901060117,1.8430680428815802,3.5277556875712435e-07,0.7961716263978964,0.6751896108884419
negative_rate,1.4600000000000009,1.839577031602023,1.8395773888990574,3.5729703462550333e-07,0.7961716263978961,0.6751896108884425
negative_rate,1.4800000000000009,1.8360863730980344,1.8360867349165346,3.618185004938823e-07,0.796171626397896,0.6751896108884428
negative_rate,1.5000000000000009,1.8325957145940457,1.832596080934012,3.663399663622613e-07,0.7961716263978958,0.675189610888443
negative_rate,1.520000000000001,1.829105056090057,1.829105426951489,3.708614322306403e-07,0.796171626397896,0.6751896108884428
negative_rate,1.540000000000001,1.8256143975860684,1.8256147729689662,3.7538289809901926e-07,0.7961716263978961,0.6751896108884425
negative_rate,1.560000000000001,1.8221237390820797,1.8221241189864437,3.7990436396739824e-07,0.7961716263978961,0.6751896108884425
negative_rate,1.580000000000001,1.818633080578091,1.8186334650039209,3.844258298357772e-07,0.7961716263978961,0.6751896108884425
negative_rate,1.600000000000001,1.8151424220741024,1.815142811021398,3.889472957041562e-07,0.7961716263978961,0.6751896108884425
negative_rate,1.620000000000001,1.8116517635701137,1.8116521570388753,3.934687615725352e-07,0.7961716263978958,0.675189610888443
negative_rate,1.640000000000001,1.808161105066125,1.8081615030563525,3.9799022744091417e-07,0.7961716263978958,0.675189610888443
negative_rate,1.660000000000001,1.8046704465621364,1.8046708490738297,4.0251169330929315e-07,0.7961716263978958,0.675189610888443
negative_rate,1.680000000000001,1.8011797880581477,1.801180195091307,4.0703315917767213e-07,0.7961716263978961,0.6751896108884425
negative_rate,1.700000000000001,1.797689129554159,1.7976895411087843,4.115546250460511e-07,0.7961716263978961,0.6751896108884425
negative_rate,1.720000000000001,1.7941984710501704,1.7941988871262615,4.160760909144301e-07,0.7961716263978963,0.6751896108884421
negative_rate,1.740000000000001,1.7907078125461817,1.7907082331437387,4.205975567828091e-07,0.7961716263978961,0.6751896108884425
negative_rate,1.7600000000000011,1.787217154042193,1.787217579161216,4.2511902265118806e-07,0.7961716263978962,0.6751896108884423
negative_rate,1.7800000000000011,1.7837264955382044,1.7837269251786931,4.2964048851956704e-07,0.7961716263978961,0.6751896108884425
negative_rate,1.8000000000000012,1.7802358370342157,1.7802362711961703,4.34161954387946e-07,0.7961716263978962,0.6751896108884423
negative_rate,1.8200000000000012,1.776745178530227,1.7767456172136475,4.38683420256325e-07,0.7961716263978961,0.6751896108884425
negative_rate,1.8400000000000012,1.7732545200262384,1.7732549632311247,4.43204886124704e-07,0.7961716263978961,0.6751896108884425
negative_rate,1.8600000000000012,1.7697638615222497,1.7697643092486022,4.477263524371722e-07,0.7961716263978958,0.675189610888443
negative_rate,1.8800000000000012,1.766273203018261,1.7662736552660794,4.5224781830555116e-07,0.796171626397896,0.6751896108884428
negative_rate,1.9000000000000012,1.7627825445142724,1.7627830012835566,4.5676928417393015e-07,0.7961716263978962,0.6751896108884423
negative_rate,1.9200000000000013,1.7592918860102837,1.7592923473010338,4.6129075004230913e-07,0.7961716263978961,0.6751896108884425
negative_rate,1.9400000000000013,1.755801227506295,1.755801693318511,4.658122159106881e-07,0.7961716263978961,0.6751896108884425
negative_rate,1.9600000000000013,1.7523105690023064,1.7523110393359882,4.703336817790671e-07,0.7961716263978961,0.6751896108884425
negative_rate,1.9800000000000013,1.7488199104983178,1.7488203853534656,4.748551480915353e-07,0.7961716263978962,0.6751896108884423
negative_rate,2.0000000000000013,1.745329251994329,1.7453297313709426,4.793766135158251e-07,0.796171626397896,0.6751896108884428
negative_rate,2.0200000000000014,1.7418385934903404,1.7418390773884198,4.83898079384204e-07,0.796171626397896,0.6751896108884428
negative_rate,2.0400000000000014,1.7383479349863518,1.7383484234058972,4.884195456966722e-07,0.7961716263978961,0.6751896108884425
negative_rate,2.0600000000000014,1.734857276482363,1.7348577694233744,4.929410115650512e-07,0.7961716263978961,0.6751896108884425
negative_rate,2.0800000000000014,1.7313666179783744,1.7313671154408516,4.974624774334302e-07,0.796171626397896,0.6751896108884428
negative_rate,2.1000000000000014,1.7278759594743858,1.7278764614583288,5.019839433018092e-07,0.7961716263978956,0.6751896108884434
negative_rate,2.1200000000000014,1.724385300970397,1.724385807475806,5.065054091701882e-07,0.7961716263978963,0.6751896108884421
negative_rate,2.1400000000000015,1.7208946424664084,1.7208951534932833,5.110268750385671e-07,0.7961716263978961,0.6751896108884425
negative_rate,2.1600000000000015,1.7174039839624198,1.7174044995107605,5.155483409069461e-07,0.7961716263978962,0.6751896108884423
negative_rate,2.1800000000000015,1.7139133254584311,1.713913845528238,5.200698067753251e-07,0.7961716263978962,0.6751896108884423
negative_rate,2.2000000000000015,1.7104226669544424,1.710423191545715,5.245912726437041e-07,0.796171626397896,0.6751896108884428
negative_rate,2.2200000000000015,1.7069320084504538,1.7069325375631923,5.291127385120831e-07,0.7961716263978961,0.6751896108884425
negative_rate,2.2400000000000015,1.7034413499464651,1.7034418835806695,5.33634204380462e-07,0.7961716263978961,0.6751896108884425
negative_rate,2.2600000000000016,1.6999506914424765,1.6999512295981467,5.38155670248841e-07,0.7961716263978961,0.6751896108884425
negative_rate,2.2800000000000016,1.6964600329384878,1.696460575615624,5.4267713611722e-07,0.7961716263978958,0.675189610888443
negative_rate,2.3000000000000016,1.6929693744344991,1.6929699216331011,5.47198601985599e-07,0.7961716263978961,0.6751896108884425
negative_rate,2.3200000000000016,1.6894787159305105,1.6894792676505783,5.51720067853978e-07,0.7961716263978963,0.6751896108884421
negative_rate,2.3400000000000016,1.6859880574265218,1.6859886136680555,5.56241533722357e-07,0.7961716263978958,0.675189610888443
negative_rate,2.3600000000000017,1.6824973989225331,1.682497959685533,5.607629995907359e-07,0.7961716263978958,0.675189610888443
negative_rate,2.3800000000000017,1.6790067404185445,1.6790073057030102,5.652844654591149e-07,0.7961716263978961,0.6751896108884425
negative_rate,2.4000000000000017,1.6755160819145558,1.6755166517204874,5.698059313274939e-07,0.796171626397896,0.6751896108884428
negative_rate,2.4200000000000017,1.6720254234105671,1.6720259977379646,5.743273971958729e-07,0.7961716263978961,0.6751896108884425
negative_rate,2.4400000000000017,1.6685347649065787,1.6685353437554418,5.788488630642519e-07,0.7961716263978961,0.6751896108884425
negative_rate,2.4600000000000017,1.6650441064025898,1.665044689772919,5.833703289326309e-07,0.796171626397896,0.6751896108884428
negative_rate,2.4800000000000018,1.6615534478986014,1.6615540357903962,5.878917948010098e-07,0.796171626397896,0.6751896108884428
negative_rate,2.5000000000000018,1.6580627893946125,1.6580633818078734,5.924132606693888e-07,0.7961716263978963,0.6751896108884421
negative_rate,2.520000000000002,1.654572130890624,1.6545727278253506,5.969347265377678e-07,0.7961716263978962,0.6751896108884423
negative_rate,2.540000000000002,1.6510814723866352,1.651082073842828,6.01456192850236e-07,0.7961716263978963,0.6751896108884421
negative_rate,2.560000000000002,1.6475908138826467,1.6475914198603052,6.059776582745258e-07,0.7961716263978962,0.6751896108884423
negative_rate,2.580000000000002,1.6441001553786578,1.6441007658777824,6.10499124586994e-07,0.7961716263978961,0.6751896108884425
negative_rate,2.600000000000002,1.6406094968746694,1.6406101118952596,6.150205900112837e-07,0.7961716263978958,0.675189610888443
negative_rate,2.620000000000002,1.6371188383706805,1.6371194579127368,6.195420563237519e-07,0.7961716263978958,0.675189610888443
negative_rate,2.640000000000002,1.633628179866692,1.633628803930214,6.240635217480417e-07,0.796171626397896,0.6751896108884428
negative_rate,2.660000000000002,1.6301375213627032,1.6301381499476912,6.285849880605099e-07,0.7961716263978961,0.6751896108884425
negative_rate,2.680000000000002,1.6266468628587147,1.6266474959651684,6.331064534847997e-07,0.7961716263978961,0.6751896108884425
negative_rate,2.700000000000002,1.6231562043547259,1.6231568419826456,6.376279197972679e-07,0.796171626397896,0.6751896108884428
negative_rate,2.720000000000002,1.6196655458507374,1.619666188000123,6.421493856656468e-07,0.7961716263978963,0.6751896108884421
negative_rate,2.740000000000002,1.6161748873467485,1.6161755340176003,6.46670851978115e-07,0.796171626397896,0.6751896108884428
negative_rate,2.760000000000002,1.61268422884276,1.6126848800350775,6.511923174024048e-07,0.7961716263978963,0.6751896108884421
negative_rate,2.780000000000002,1.6091935703387712,1.6091942260525547,6.55713783714873e-07,0.7961716263978963,0.6751896108884421
negative_rate,2.800000000000002,1.6057029118347828,1.605703572070032,6.602352491391628e-07,0.7961716263978958,0.675189610888443
negative_rate,2.820000000000002,1.6022122533307939,1.602212918087509,6.64756715451631e-07,0.7961716263978963,0.6751896108884421
negative_rate,2.840000000000002,1.5987215948268054,1.5987222641049865,6.692781813200099e-07,0.7961716263978958,0.675189610888443
negative_rate,2.860000000000002,1.5952309363228165,1.5952316101224637,6.737996471883889e-07,0.7961716263978961,0.6751896108884425
negative_rate,2.880000000000002,1.591740277818828,1.591740956139941,6.783211130567679e-07,0.7961716263978961,0.6751896108884425
negative_rate,2.900000000000002,1.5882496193148392,1.5882503021574181,6.828425789251469e-07,0.7961716263978958,0.675189610888443
negative_rate,2.920000000000002,1.5847589608108508,1.5847596481748953,6.873640447935259e-07,0.796171626397896,0.6751896108884428
negative_rate,2.940000000000002,1.5812683023068619,1.5812689941923725,6.918855106619048e-07,0.7961716263978963,0.6751896108884421
negative_rate,2.960000000000002,1.5777776438028734,1.5777783402098498,6.964069765302838e-07,0.7961716263978961,0.6751896108884425
negative_rate,2.980000000000002,1.5742869852988846,1.5742876862273272,7.009284423986628e-07,0.7961716263978958,0.675189610888443
negative_rate,3.000000000000002,1.5707963267948961,1.5707970322448044,7.054499082670418e-07,0.796171626397896,0.6751896108884428
negative_rate,3.0200000000000022,1.5673056682909072,1.5673063782622816,7.099713741354208e-07,0.7961716263978958,0.675189610888443
negative_rate,3.0400000000000023,1.5638150097869188,1.5638157242797588,7.144928400037998e-07,0.7961716263978961,0.6751896108884425
negative_rate,3.0600000000000023,1.56032435128293,1.560325070297236,7.190143058721787e-07,0.7961716263978961,0.6751896108884425
negative_rate,3.0800000000000023,1.5568336927789415,1.5568344163147132,7.235357717405577e-07,0.7961716263978961,0.6751896108884425
negative_rate,3.1000000000000023,1.5533430342749526,1.5533437623321904,7.280572376089367e-07,0.7961716263978961,0.6751896108884425
negative_rate,3.1200000000000023,1.5498523757709641,1.5498531083496676,7.325787034773157e-07,0.7961716263978962,0.6751896108884423
negative_rate,3.1400000000000023,1.5463617172669752,1.546362454367145,7.371001697897839e-07,0.7961716263978961,0.6751896108884425
negative_rate,3.1600000000000024,1.5428710587629868,1.5428718003846222,7.416216352140736e-07,0.796171626397896,0.6751896108884428
negative_rate,3.1800000000000024,1.539380400258998,1.5393811464020994,7.461431015265418e-07,0.7961716263978961,0.6751896108884425
negative_rate,3.2000000000000024,1.5358897417550095,1.5358904924195766,7.506645669508316e-07,0.7961716263978961,0.6751896108884425
negative_rate,3.2200000000000024,1.5323990832510206,1.5323998384370539,7.551860332632998e-07,0.796171626397896,0.6751896108884428
negative_rate,3.2400000000000024,1.5289084247470321,1.528909184454531,7.597074986875896e-07,0.7961716263978958,0.675189610888443
negative_rate,3.2600000000000025,1.5254177662430433,1.5254185304720083,7.642289650000578e-07,0.7961716263978961,0.6751896108884425
negative_rate,3.2800000000000025,1.5219271077390548,1.5219278764894857,7.687504308684368e-07,0.7961716263978961,0.6751896108884425
negative_rate,3.3000000000000025,1.5184364492350662,1.518437222506963,7.732718967368157e-07,0.7961716263978958,0.675189610888443
negative_rate,3.3200000000000025,1.5149457907310775,1.51494656852444,7.777933626051947e-07,0.796171626397896,0.6751896108884428
negative_rate,3.3400000000000025,1.5114551322270888,1.5114559145419173,7.823148284735737e-07,0.7961716263978962,0.6751896108884423
negative_rate,3.3600000000000025,1.5079644737231002,1.5079652605593945,7.868362943419527e-07,0.7961716263978961,0.6751896108884425
negative_rate,3.3800000000000026,1.5044738152191115,1.5044746065768717,7.913577602103317e-07,0.796171626397896,0.6751896108884428
negative_rate,3.4000000000000026,1.5009831567151228,1.500983952594349,7.958792260787106e-07,0.7961716263978961,0.6751896108884425
negative_rate,3.4200000000000026,1.4974924982111342,1.4974932986118261,8.004006919470896e-07,0.7961716263978961,0.6751896108884425
negative_rate,3.4400000000000026,1.4940018397071455,1.4940026446293033,8.049221578154686e-07,0.7961716263978961,0.6751896108884425
negative_rate,3.4600000000000026,1.4905111812031568,1.4905119906467807,8.094436241279368e-07,0.7961716263978961,0.6751896108884425
negative_rate,3.4800000000000026,1.4870205226991682,1.487021336664258,8.139650899963158e-07,0.7961716263978961,0.6751896108884425
negative_rate,3.5000000000000027,1.4835298641951795,1.4835306826817352,8.184865558646948e-07,0.7961716263978963,0.6751896108884421
negative_rate,3.5200000000000027,1.4800392056911909,1.4800400286992124,8.230080217330737e-07,0.7961716263978961,0.6751896108884425
negative_rate,3.5400000000000027,1.4765485471872022,1.4765493747166896,8.275294876014527e-07,0.7961716263978961,0.6751896108884425
negative_rate,3.5600000000000027,1.4730578886832135,1.4730587207341668,8.320509534698317e-07,0.7961716263978961,0.6751896108884425
negative_rate,3.5800000000000027,1.4695672301792249,1.469568066751644,8.365724193382107e-07,0.7961716263978958,0.675189610888443
negative_rate,3.6000000000000028,1.4660765716752362,1.4660774127691212,8.410938852065897e-07,0.7961716263978961,0.6751896108884425
negative_rate,3.6200000000000028,1.4625859131712475,1.4625867587865984,8.456153510749687e-07,0.7961716263978961,0.6751896108884425
negative_rate,3.640000000000003,1.4590952546672589,1.4590961048040758,8.501368169433476e-07,0.7961716263978961,0.6751896108884425
negative_rate,3.660000000000003,1.4556045961632702,1.455605450821553,8.546582828117266e-07,0.7961716263978963,0.6751896108884421
negative_rate,3.680000000000003,1.4521139376592815,1.4521147968390302,8.591797486801056e-07,0.7961716263978958,0.675189610888443
negative_rate,3.700000000000003,1.4486232791552929,1.4486241428565074,8.637012145484846e-07,0.7961716263978961,0.6751896108884425
negative_rate,3.720000000000003,1.4451326206513042,1.4451334888739846,8.682226804168636e-07,0.7961716263978958,0.675189610888443
negative_rate,3.740000000000003,1.4416419621473155,1.4416428348914618,8.727441462852426e-07,0.7961716263978961,0.6751896108884425
negative_rate,3.760000000000003,1.4381513036433269,1.438152180908939,8.772656121536215e-07,0.7961716263978962,0.6751896108884423
negative_rate,3.780000000000003,1.4346606451393382,1.4346615269264162,8.817870780220005e-07,0.7961716263978958,0.675189610888443
negative_rate,3.800000000000003,1.4311699866353496,1.4311708729438937,8.863085438903795e-07,0.7961716263978958,0.675189610888443
negative_rate,3.820000000000003,1.427679328131361,1.4276802189613709,8.908300097587585e-07,0.7961716263978961,0.6751896108884425
negative_rate,3.840000000000003,1.4241886696273722,1.424189564978848,8.953514756271375e-07,0.7961716263978961,0.6751896108884425
negative_rate,3.860000000000003,1.4206980111233836,1.4206989109963253,8.998729414955164e-07,0.7961716263978961,0.6751896108884425
negative_rate,3.880000000000003,1.417207352619395,1.4172082570138025,9.043944073638954e-07,0.796171626397896,0.6751896108884428
negative_rate,3.900000000000003,1.4137166941154062,1.4137176030312797,9.089158732322744e-07,0.7961716263978958,0.675189610888443
negative_rate,3.920000000000003,1.4102260356114176,1.410226949048757,9.134373391006534e-07,0.796171626397896,0.6751896108884428
negative_rate,3.940000000000003,1.406735377107429,1.406736295066234,9.179588049690324e-07,0.7961716263978961,0.6751896108884425
negative_rate,3.960000000000003,1.4032447186034402,1.4032456410837113,9.224802708374114e-07,0.7961716263978958,0.675189610888443
negative_rate,3.980000000000003,1.3997540600994516,1.3997549871011887,9.270017371498795e-07,0.7961716263978961,0.6751896108884425
negative_rate,4.000000000000003,1.396263401595463,1.396264333118666,9.315232030182585e-07,0.7961716263978958,0.675189610888443
negative_rate,4.020000000000002,1.3927727430914745,1.3927736791361431,9.360446684425483e-07,0.7961716263978963,0.6751896108884421
negative_rate,4.040000000000002,1.3892820845874858,1.3892830251536203,9.405661343109273e-07,0.7961716263978961,0.6751896108884425
negative_rate,4.060000000000001,1.3857914260834971,1.3857923711710975,9.450876001793063e-07,0.7961716263978961,0.6751896108884425
negative_rate,4.080000000000001,1.3823007675795087,1.3823017171885748,9.496090660476852e-07,0.7961716263978961,0.6751896108884425
negative_rate,4.1000000000000005,1.37881010907552,1.378811063206052,9.541305319160642e-07,0.7961716263978962,0.6751896108884423
negative_rate,4.12,1.3753194505715314,1.3753204092235294,9.586519977844432e-07,0.7961716263978958,0.675189610888443
negative_rate,4.14,1.371828792067543,1.3718297552410064,9.631734636528222e-07,0.7961716263978958,0.675189610888443
negative_rate,4.159999999999999,1.3683381335635545,1.3683391012584836,9.67694929077112e-07,0.796171626397896,0.6751896108884428
negative_rate,4.179999999999999,1.3648474750595656,1.3648484472759608,9.722163953895802e-07,0.7961716263978961,0.6751896108884425
negative_rate,4.199999999999998,1.3613568165555772,1.3613577932934382,9.767378612579591e-07,0.7961716263978961,0.6751896108884425
negative_rate,4.219999999999998,1.3578661580515887,1.3578671393109154,9.81259326682249e-07,0.7961716263978961,0.6751896108884425
negative_rate,4.2399999999999975,1.3543754995475998,1.3543764853283926,9.85780792994717e-07,0.7961716263978961,0.6751896108884425
negative_rate,4.259999999999997,1.3508848410436114,1.3508858313458698,9.903022584190069e-07,0.7961716263978958,0.675189610888443
negative_rate,4.279999999999997,1.347394182539623,1.347395177363347,9.948237238432966e-07,0.7961716263978957,0.6751896108884432
negative_rate,4.299999999999996,1.3439035240356343,1.3439045233808242,9.993451897116756e-07,0.7961716263978961,0.6751896108884425
negative_rate,4.319999999999996,1.3404128655316456,1.3404138693983014,1.0038666555800546e-06,0.7961716263978961,0.6751896108884425
negative_rate,4.339999999999995,1.3369222070276572,1.3369232154157786,1.0083881214484336e-06,0.7961716263978958,0.675189610888443
negative_rate,4.359999999999995,1.3334315485236685,1.333432561433256,1.0129095873168126e-06,0.7961716263978962,0.6751896108884423
negative_rate,4.379999999999995,1.3299408900196799,1.3299419074507333,1.0174310531851916e-06,0.7961716263978961,0.6751896108884425
negative_rate,4.399999999999994,1.3264502315156914,1.3264512534682105,1.0219525190535705e-06,0.7961716263978961,0.6751896108884425
negative_rate,4.419999999999994,1.3229595730117027,1.3229605994856877,1.0264739849219495e-06,0.7961716263978961,0.6751896108884425
negative_rate,4.439999999999993,1.319468914507714,1.3194699455031649,1.0309954507903285e-06,0.7961716263978961,0.6751896108884425
negative_rate,4.459999999999993,1.3159782560037256,1.315979291520642,1.0355169166587075e-06,0.7961716263978962,0.6751896108884423
negative_rate,4.479999999999992,1.312487597499737,1.3124886375381193,1.0400383825270865e-06,0.7961716263978961,0.6751896108884425
negative_rate,4.499999999999992,1.3089969389957483,1.3089979835555965,1.0445598483954655e-06,0.7961716263978961,0.6751896108884425
negative_rate,4.519999999999992,1.3055062804917599,1.3055073295730737,1.0490813138197552e-06,0.7961716263978958,0.675189610888443
negative_rate,4.539999999999991,1.3020156219877712,1.302016675590551,1.0536027796881342e-06,0.796171626397896,0.6751896108884428
negative_rate,4.559999999999991,1.2985249634837825,1.2985260216080283,1.0581242460006024e-06,0.7961716263978961,0.6751896108884425
negative_rate,4.57999999999999,1.295034304979794,1.2950353676255055,1.0626457114248922e-06,0.7961716263978961,0.6751896108884425
negative_rate,4.59999999999999,1.2915436464758054,1.2915447136429827,1.0671671772932712e-06,0.7961716263978961,0.6751896108884425
negative_rate,4.6199999999999894,1.2880529879718168,1.28805405966046,1.0716886431616501e-06,0.796171626397896,0.6751896108884428
negative_rate,4.639999999999989,1.2845623294678283,1.2845634056779371,1.07621010858594e-06,0.7961716263978961,0.6751896108884425
negative_rate,4.659999999999989,1.2810716709638397,1.2810727516954143,1.0807315744543189e-06,0.796171626397896,0.6751896108884428
negative_rate,4.679999999999988,1.277581012459851,1.2775820977128918,1.085253040766787e-06,0.7961716263978958,0.675189610888443
negative_rate,4.699999999999988,1.2740903539558626,1.2740914437303688,1.0897745061910769e-06,0.7961716263978961,0.6751896108884425
negative_rate,4.719999999999987,1.2705996954518741,1.270600789747846,1.0942959720594558e-06,0.7961716263978957,0.6751896108884432
negative_rate,4.739999999999987,1.2671090369478852,1.2671101357653234,1.0988174379278348e-06,0.7961716263978962,0.6751896108884423
negative_rate,4.7599999999999865,1.2636183784438968,1.2636194817828006,1.1033389037962138e-06,0.796171626397896,0.6751896108884428
negative_rate,4.779999999999986,1.2601277199399084,1.2601288278002778,1.1078603696645928e-06,0.7961716263978961,0.6751896108884425
negative_rate,4.799999999999986,1.2566370614359195,1.256638173817755,1.1123818355329718e-06,0.7961716263978961,0.6751896108884425
negative_rate,4.819999999999985,1.253146402931931,1.2531475198352322,1.1169033014013507e-06,0.7961716263978962,0.6751896108884423
negative_rate,4.839999999999985,1.2496557444279426,1.2496568658527094,1.1214247668256405e-06,0.7961716263978961,0.6751896108884425
negative_rate,4.859999999999984,1.246165085923954,1.2461662118701866,1.1259462326940195e-06,0.796171626397896,0.6751896108884428
negative_rate,4.879999999999984,1.2426744274199653,1.242675557887664,1.1304676990064877e-06,0.7961716263978958,0.675189610888443
negative_rate,4.8999999999999835,1.2391837689159768,1.239184903905141,1.1349891639866883e-06,0.7961716263978958,0.675189610888443
negative_rate,4.919999999999983,1.2356931104119881,1.2356942499226184,1.1395106302991564e-06,0.7961716263978958,0.675189610888443
negative_rate,4.939999999999983,1.2322024519079995,1.2322035959400957,1.1440320961675354e-06,0.7961716263978961,0.6751896108884425
negative_rate,4.959999999999982,1.228711793404011,1.2287129419575729,1.1485535615918252e-06,0.7961716263978963,0.6751896108884421
negative_rate,4.979999999999982,1.2252211349000224,1.22522228797505,1.1530750274602042e-06,0.7961716263978958,0.675189610888443
negative_rate,4.999999999999981,1.2217304763960337,1.2217316339925273,1.1575964933285832e-06,0.796171626397896,0.6751896108884428
negative_rate,5.019999999999981,1.2182398178920453,1.2182409800100047,1.1621179591969621e-06,0.7961716263978961,0.6751896108884425
negative_rate,5.0399999999999805,1.2147491593880566,1.214750326027482,1.1666394250653411e-06,0.7961716263978961,0.6751896108884425
negative_rate,5.05999999999998,1.211258500884068,1.211259672044959,1.1711608909337201e-06,0.7961716263978961,0.6751896108884425
negative_rate,5.07999999999998,1.2077678423800795,1.2077690180624363,1.175682356802099e-06,0.796171626397896,0.6751896108884428
negative_rate,5.099999999999979,1.2042771838760908,1.2042783640799135,1.180203822670478e-06,0.7961716263978958,0.675189610888443
negative_rate,5.119999999999979,1.2007865253721022,1.2007877100973907,1.184725288538857e-06,0.796171626397896,0.6751896108884428
negative_rate,5.139999999999978,1.1972958668681137,1.197297056114868,1.189246754407236e-06,0.7961716263978958,0.675189610888443
negative_rate,5.159999999999978,1.193805208364125,1.1938064021323451,1.193768220275615e-06,0.796171626397896,0.6751896108884428
negative_rate,5.1799999999999775,1.1903145498601364,1.1903157481498223,1.198289686143994e-06,0.796171626397896,0.6751896108884428
negative_rate,5.199999999999977,1.186823891356148,1.1868250941672995,1.2028111515682838e-06,0.7961716263978962,0.6751896108884423
negative_rate,5.219999999999977,1.1833332328521593,1.183334440184777,1.207332617880752e-06,0.7961716263978961,0.6751896108884425
negative_rate,5.239999999999976,1.1798425743481706,1.1798437862022542,1.211854083749131e-06,0.7961716263978961,0.6751896108884425
negative_rate,5.259999999999976,1.1763519158441822,1.1763531322197314,1.2163755491734207e-06,0.7961716263978961,0.6751896108884425
negative_rate,5.279999999999975,1.1728612573401938,1.1728624782372086,1.2208970145977105e-06,0.7961716263978961,0.6751896108884425
negative_rate,5.299999999999975,1.1693705988362049,1.169371824254686,1.225418481354268e-06,0.7961716263978962,0.6751896108884423
negative_rate,5.3199999999999745,1.1658799403322164,1.1658811702721632,1.2299399467785577e-06,0.7961716263978962,0.6751896108884423
negative_rate,5.339999999999974,1.162389281828228,1.1623905162896402,1.2344614122028474e-06,0.7961716263978958,0.675189610888443
negative_rate,5.359999999999974,1.158898623324239,1.1588998623071174,1.2389828780712264e-06,0.796171626397896,0.6751896108884428
negative_rate,5.379999999999973,1.1554079648202507,1.1554092083245948,1.2435043439396054e-06,0.7961716263978957,0.6751896108884432
negative_rate,5.399999999999973,1.1519173063162622,1.151918554342072,1.2480258098079844e-06,0.7961716263978958,0.675189610888443
negative_rate,5.419999999999972,1.1484266478122735,1.1484279003595492,1.2525472756763634e-06,0.796171626397896,0.6751896108884428
negative_rate,5.439999999999972,1.1449359893082849,1.1449372463770264,1.2570687415447424e-06,0.7961716263978958,0.675189610888443
negative_rate,5.4599999999999715,1.1414453308042964,1.1414465923945036,1.2615902074131213e-06,0.796171626397896,0.6751896108884428
negative_rate,5.479999999999971,1.1379546723003078,1.137955938411981,1.2661116732815003e-06,0.7961716263978958,0.675189610888443
negative_rate,5.499999999999971,1.1344640137963191,1.1344652844294583,1.2706331391498793e-06,0.7961716263978963,0.6751896108884421
negative_rate,5.51999999999997,1.1309733552923307,1.1309746304469355,1.2751546050182583e-06,0.7961716263978957,0.6751896108884432
negative_rate,5.53999999999997,1.127482696788342,1.1274839764644127,1.2796760708866373e-06,0.7961716263978958,0.675189610888443
negative_rate,5.559999999999969,1.1239920382843533,1.1239933224818899,1.2841975367550162e-06,0.796171626397896,0.6751896108884428
negative_rate,5.579999999999969,1.120501379780365,1.120502668499367,1.288719002179306e-06,0.796171626397896,0.6751896108884428
negative_rate,5.599999999999969,1.1170107212763762,1.1170120145168445,1.2932404684917742e-06,0.796171626397896,0.6751896108884428
negative_rate,5.619999999999968,1.1135200627723876,1.1135213605343215,1.297761933916064e-06,0.796171626397896,0.6751896108884428
negative_rate,5.639999999999968,1.1100294042683991,1.110030706551799,1.302283399784443e-06,0.7961716263978958,0.675189610888443
negative_rate,5.659999999999967,1.1065387457644105,1.1065400525692761,1.306804865652822e-06,0.7961716263978961,0.6751896108884425
negative_rate,5.679999999999967,1.1030480872604218,1.1030493985867533,1.311326331521201e-06,0.7961716263978962,0.6751896108884423
negative_rate,5.699999999999966,1.0995574287564334,1.0995587446042305,1.3158477969454907e-06,0.7961716263978961,0.6751896108884425
negative_rate,5.719999999999966,1.0960667702524447,1.0960680906217077,1.3203692628138697e-06,0.7961716263978961,0.6751896108884425
negative_rate,5.739999999999966,1.0925761117484563,1.092577436639185,1.3248907286822487e-06,0.7961716263978961,0.6751896108884425
negative_rate,5.759999999999965,1.0890854532444676,1.0890867826566621,1.3294121945506276e-06,0.7961716263978961,0.6751896108884425
negative_rate,5.779999999999965,1.085594794740479,1.0855961286741393,1.3339336604190066e-06,0.7961716263978958,0.675189610888443
negative_rate,5.799999999999964,1.0821041362364905,1.0821054746916168,1.3384551262873856e-06,0.7961716263978961,0.6751896108884425
negative_rate,5.819999999999964,1.0786134777325018,1.078614820709094,1.3429765921557646e-06,0.7961716263978961,0.6751896108884425
negative_rate,5.839999999999963,1.0751228192285132,1.0751241667265712,1.3474980580241436e-06,0.7961716263978963,0.6751896108884421
negative_rate,5.859999999999963,1.0716321607245247,1.0716335127440484,1.3520195238925226e-06,0.7961716263978961,0.6751896108884425
negative_rate,5.879999999999963,1.068141502220536,1.0681428587615258,1.3565409897609015e-06,0.7961716263978962,0.6751896108884423
negative_rate,5.899999999999962,1.0646508437165474,1.064652204779003,1.3610624556292805e-06,0.7961716263978961,0.6751896108884425
negative_rate,5.919999999999962,1.061160185212559,1.06116155079648,1.3655839210535703e-06,0.7961716263978961,0.6751896108884425
negative_rate,5.939999999999961,1.0576695267085703,1.0576708968139574,1.3701053873660385e-06,0.7961716263978961,0.6751896108884425
negative_rate,5.959999999999961,1.0541788682045816,1.0541802428314346,1.3746268532344175e-06,0.796171626397896,0.6751896108884428
negative_rate,5.9799999999999605,1.0506882097005932,1.0506895888489118,1.3791483186587072e-06,0.796171626397896,0.6751896108884428
negative_rate,5.99999999999996,1.0471975511966045,1.0471989348663888,1.383669784082997e-06,0.7961716263978957,0.6751896108884432
negative_rate,6.01999999999996,1.043706892692616,1.0437082808838662,1.388191249951376e-06,0.7961716263978963,0.6751896108884421
negative_rate,6.039999999999959,1.0402162341886274,1.0402176269013435,1.392712715819755e-06,0.7961716263978962,0.6751896108884423
negative_rate,6.059999999999959,1.0367255756846387,1.0367269729188207,1.397234181688134e-06,0.7961716263978961,0.6751896108884425
negative_rate,6.079999999999958,1.0332349171806503,1.033236318936298,1.401755647556513e-06,0.7961716263978961,0.6751896108884425
negative_rate,6.099999999999958,1.0297442586766616,1.0297456649537753,1.406277113424892e-06,0.796171626397896,0.6751896108884428
negative_rate,6.1199999999999575,1.026253600172673,1.0262550109712523,1.410798579293271e-06,0.796171626397896,0.6751896108884428
negative_rate,6.139999999999957,1.0227629416686845,1.0227643569887297,1.4153200451616499e-06,0.7961716263978958,0.675189610888443
negative_rate,6.159999999999957,1.0192722831646959,1.0192737030062071,1.4198415110300289e-06,0.7961716263978961,0.6751896108884425
negative_rate,6.179999999999956,1.0157816246607072,1.0157830490236843,1.4243629768984079e-06,0.7961716263978962,0.6751896108884423
negative_rate,6.199999999999956,1.0122909661567188,1.0122923950411613,1.4288844427667868e-06,0.7961716263978961,0.6751896108884425
negative_rate,6.219999999999955,1.00880030765273,1.0088017410586385,1.4334059086351658e-06,0.7961716263978956,0.6751896108884434
negative_rate,6.239999999999955,1.0053096491487414,1.005311087076116,1.4379273745035448e-06,0.7961716263978958,0.675189610888443
negative_rate,6.2599999999999545,1.001818990644753,1.0018204330935931,1.4424488403719238e-06,0.796171626397896,0.6751896108884428
negative_rate,6.279999999999954,0.9983283321407643,0.9983297791110705,1.4469703062403028e-06,0.7961716263978963,0.6751896108884421
negative_rate,6.299999999999954,0.9948376736367759,0.9948391251285477,1.4514917716645925e-06,0.7961716263978963,0.6751896108884421
negative_rate,6.319999999999953,0.9913470151327872,0.9913484711460249,1.4560132375329715e-06,0.7961716263978961,0.6751896108884425
negative_rate,6.339999999999953,0.9878563566287986,0.9878578171635021,1.4605347034013505e-06,0.7961716263978961,0.6751896108884425
negative_rate,6.359999999999952,0.9843656981248101,0.9843671631809793,1.4650561692697295e-06,0.796171626397896,0.6751896108884428
negative_rate,6.379999999999952,0.9808750396208215,0.9808765091984566,1.4695776351381085e-06,0.7961716263978958,0.675189610888443
negative_rate,6.3999999999999515,0.9773843811168328,0.9773858552159338,1.4740991010064874e-06,0.7961716263978961,0.6751896108884425
negative_rate,6.419999999999951,0.9738937226128443,0.973895201233411,1.4786205664307772e-06,0.7961716263978961,0.6751896108884425
negative_rate,6.439999999999951,0.9704030641088557,0.9704045472508882,1.4831420322991562e-06,0.7961716263978958,0.675189610888443
negative_rate,6.45999999999995,0.966912405604867,0.9669138932683655,1.4876634986116244e-06,0.7961716263978961,0.6751896108884425
negative_rate,6.47999999999995,0.9634217471008786,0.9634232392858428,1.4921849640359142e-06,0.7961716263978961,0.6751896108884425
negative_rate,6.499999999999949,0.9599310885968899,0.95993258530332,1.4967064299042931e-06,0.7961716263978961,0.6751896108884425
negative_rate,6.519999999999949,0.9564404300929013,0.9564419313207974,1.5012278962167613e-06,0.7961716263978961,0.6751896108884425
negative_rate,6.5399999999999485,0.9529497715889128,0.9529512773382744,1.5057493616410511e-06,0.7961716263978957,0.6751896108884432
negative_rate,6.559999999999948,0.9494591130849241,0.9494606233557518,1.51027082750943e-06,0.7961716263978958,0.675189610888443
negative_rate,6.579999999999948,0.9459684545809357,0.945969969373229,1.514792293377809e-06,0.796171626397896,0.6751896108884428
negative_rate,6.599999999999947,0.942477796076947,0.9424793153907063,1.519313759246188e-06,0.7961716263978962,0.6751896108884423
negative_rate,6.619999999999947,0.9389871375729584,0.9389886614081833,1.523835225114567e-06,0.796171626397896,0.6751896108884428
negative_rate,6.639999999999946,0.9354964790689699,0.9354980074256607,1.528356690982946e-06,0.7961716263978958,0.675189610888443
negative_rate,6.659999999999946,0.9320058205649813,0.932007353443138,1.532878156851325e-06,0.7961716263978958,0.675189610888443
negative_rate,6.6799999999999455,0.9285151620609926,0.9285166994606152,1.537399622719704e-06,0.7961716263978958,0.675189610888443
negative_rate,6.699999999999945,0.9250245035570042,0.9250260454780924,1.5419210881439938e-06,0.7961716263978963,0.6751896108884421
negative_rate,6.719999999999945,0.9215338450530155,0.9215353914955697,1.546442554456462e-06,0.7961716263978961,0.6751896108884425
negative_rate,6.739999999999944,0.9180431865490268,0.9180447375130469,1.550964020324841e-06,0.7961716263978961,0.6751896108884425
negative_rate,6.759999999999944,0.9145525280450384,0.9145540835305239,1.5554854853050415e-06,0.796171626397896,0.6751896108884428
negative_rate,6.779999999999943,0.9110618695410497,0.9110634295480012,1.5600069516175097e-06,0.796171626397896,0.6751896108884428
negative_rate,6.799999999999943,0.9075712110370611,0.9075727755654784,1.5645284174858887e-06,0.7961716263978958,0.675189610888443
negative_rate,6.8199999999999426,0.9040805525330726,0.9040821215829559,1.5690498833542676e-06,0.7961716263978961,0.6751896108884425
negative_rate,6.839999999999942,0.900589894029084,0.9005914676004332,1.5735713492226466e-06,0.7961716263978961,0.6751896108884425
negative_rate,6.859999999999942,0.8970992355250955,0.8971008136179103,1.5780928146469364e-06,0.7961716263978961,0.6751896108884425
negative_rate,6.879999999999941,0.8936085770211069,0.8936101596353875,1.5826142805153154e-06,0.7961716263978962,0.6751896108884423
negative_rate,6.899999999999941,0.8901179185171182,0.8901195056528648,1.5871357463836944e-06,0.796171626397896,0.6751896108884428
negative_rate,6.91999999999994,0.8866272600131297,0.8866288516703419,1.5916572122520734e-06,0.7961716263978958,0.675189610888443
negative_rate,6.93999999999994,0.8831366015091411,0.8831381976878192,1.5961786781204523e-06,0.7961716263978961,0.6751896108884425
negative_rate,6.95999999999994,0.8796459430051524,0.8796475437052965,1.6007001439888313e-06,0.7961716263978958,0.675189610888443
negative_rate,6.979999999999939,0.876155284501164,0.8761568897227736,1.6052216098572103e-06,0.7961716263978962,0.6751896108884423
negative_rate,6.999999999999939,0.8726646259971753,0.8726662357402508,1.6097430757255893e-06,0.7961716263978958,0.675189610888443
negative_rate,7.019999999999938,0.8691739674931866,0.8691755817577281,1.6142645415939683e-06,0.796171626397896,0.6751896108884428
negative_rate,7.039999999999938,0.8656833089891982,0.8656849277752053,1.618786007018258e-06,0.7961716263978961,0.6751896108884425
negative_rate,7.059999999999937,0.8621926504852095,0.8621942737926827,1.6233074733307262e-06,0.7961716263978961,0.6751896108884425
negative_rate,7.079999999999937,0.8587019919812209,0.8587036198101599,1.6278289391991052e-06,0.7961716263978962,0.6751896108884423
negative_rate,7.099999999999937,0.8552113334772324,0.8552129658276372,1.632350404623395e-06,0.7961716263978962,0.6751896108884423
negative_rate,7.119999999999936,0.8517206749732438,0.8517223118451144,1.636871870491774e-06,0.796171626397896,0.6751896108884428
negative_rate,7.139999999999936,0.8482300164692553,0.8482316578625915,1.6413933359160637e-06,0.7961716263978958,0.675189610888443
negative_rate,7.159999999999935,0.8447393579652667,0.8447410038800686,1.6459148017844427e-06,0.7961716263978958,0.675189610888443
negative_rate,7.179999999999935,0.841248699461278,0.8412503498975458,1.6504362676528217e-06,0.796171626397896,0.6751896108884428
negative_rate,7.1999999999999345,0.8377580409572896,0.8377596959150233,1.6549577335212007e-06,0.7961716263978963,0.6751896108884421
negative_rate,7.219999999999934,0.8342673824533009,0.8342690419325007,1.6594791998336689e-06,0.7961716263978961,0.6751896108884425
negative_rate,7.239999999999934,0.8307767239493122,0.8307783879499779,1.6640006657020479e-06,0.7961716263978961,0.6751896108884425
negative_rate,7.259999999999933,0.8272860654453238,0.8272877339674549,1.6685221311263376e-06,0.7961716263978961,0.6751896108884425
negative_rate,7.279999999999933,0.8237954069413351,0.8237970799849322,1.6730435969947166e-06,0.7961716263978962,0.6751896108884423
negative_rate,7.299999999999932,0.8203047484373465,0.8203064260024095,1.6775650628630956e-06,0.796171626397896,0.6751896108884428
negative_rate,7.319999999999932,0.816814089933358,0.816815772019887,1.6820865287314746e-06,0.7961716263978962,0.6751896108884423
negative_rate,7.3399999999999315,0.8133234314293694,0.8133251180373641,1.6866079945998536e-06,0.7961716263978962,0.6751896108884423
negative_rate,7.359999999999931,0.8098327729253807,0.8098344640548413,1.6911294604682325e-06,0.7961716263978962,0.6751896108884423
negative_rate,7.379999999999931,0.8063421144213923,0.8063438100723184,1.6956509263366115e-06,0.7961716263978958,0.675189610888443
negative_rate,7.39999999999993,0.8028514559174036,0.8028531560897958,1.7001723922049905e-06,0.7961716263978963,0.6751896108884421
negative_rate,7.41999999999993,0.7993607974134151,0.7993625021072729,1.7046938576292803e-06,0.7961716263978962,0.6751896108884423
negative_rate,7.439999999999929,0.7958701389094265,0.7958718481247501,1.7092153234976593e-06,0.7961716263978962,0.6751896108884423
negative_rate,7.459999999999929,0.7923794804054378,0.7923811941422274,1.7137367898101274e-06,0.7961716263978963,0.6751896108884421
negative_rate,7.4799999999999285,0.7888888219014494,0.7888905401597046,1.7182582552344172e-06,0.7961716263978961,0.6751896108884425
negative_rate,7.499999999999928,0.7853981633974607,0.7853998861771817,1.7227797211027962e-06,0.7961716263978958,0.675189610888443
negative_rate,7.519999999999928,0.781907504893472,0.781909232194659,1.7273011869711752e-06,0.7961716263978961,0.6751896108884425
negative_rate,7.539999999999927,0.7784168463894836,0.7784185782121362,1.731822652395465e-06,0.7961716263978958,0.675189610888443
negative_rate,7.559999999999927,0.7749261878854949,0.7749279242296135,1.7363441187079331e-06,0.7961716263978962,0.6751896108884423
negative_rate,7.579999999999926,0.7714355293815063,0.7714372702470907,1.7408655845763121e-06,0.7961716263978957,0.6751896108884432
negative_rate,7.599999999999926,0.7679448708775178,0.767946616264568,1.745387050000602e-06,0.796171626397896,0.6751896108884428
negative_rate,7.6199999999999255,0.7644542123735292,0.7644559622820454,1.74990851631307e-06,0.7961716263978958,0.675189610888443
negative_rate,7.639999999999925,0.7609635538695405,0.7609653082995227,1.754429982181449e-06,0.7961716263978961,0.6751896108884425
negative_rate,7.659999999999925,0.7574728953655521,0.7574746543169998,1.7589514476057388e-06,0.7961716263978961,0.6751896108884425
negative_rate,7.679999999999924,0.7539822368615634,0.7539840003344771,1.7634729134741178e-06,0.7961716263978962,0.6751896108884423
negative_rate,7.699999999999924,0.750491578357575,0.7504933463519542,1.7679943793424968e-06,0.7961716263978958,0.675189610888443
negative_rate,7.719999999999923,0.7470009198535863,0.7470026923694315,1.7725158452108758e-06,0.796171626397896,0.6751896108884428
negative_rate,7.739999999999923,0.7435102613495976,0.7435120383869087,1.7770373110792548e-06,0.7961716263978961,0.6751896108884425
negative_rate,7.7599999999999225,0.7400196028456092,0.7400213844043858,1.7815587765035445e-06,0.7961716263978961,0.6751896108884425
negative_rate,7.779999999999922,0.7365289443416205,0.7365307304218631,1.7860802428160127e-06,0.7961716263978961,0.6751896108884425
negative_rate,7.799999999999922,0.7330382858376319,0.7330400764393404,1.7906017086843917e-06,0.7961716263978958,0.675189610888443
negative_rate,7.819999999999921,0.7295476273336434,0.7295494224568174,1.7951231741086815e-06,0.7961716263978958,0.675189610888443
negative_rate,7.839999999999921,0.7260569688296548,0.7260587684742947,1.7996446399770605e-06,0.7961716263978962,0.6751896108884423
negative_rate,7.85999999999992,0.7225663103256661,0.722568114491772,1.8041661058454395e-06,0.7961716263978958,0.675189610888443
negative_rate,7.87999999999992,0.7190756518216777,0.7190774605092493,1.8086875717138184e-06,0.7961716263978961,0.6751896108884425
negative_rate,7.8999999999999195,0.715584993317689,0.7155868065267267,1.8132090375821974e-06,0.7961716263978956,0.6751896108884434
negative_rate,7.919999999999919,0.7120943348137003,0.7120961525442038,1.8177305034505764e-06,0.7961716263978962,0.6751896108884423
negative_rate,7.939999999999919,0.7086036763097119,0.7086054985616811,1.8222519693189554e-06,0.7961716263978963,0.6751896108884421
negative_rate,7.959999999999918,0.7051130178057232,0.7051148445791582,1.8267734347432452e-06,0.7961716263978961,0.6751896108884425
negative_rate,7.979999999999918,0.7016223593017348,0.7016241905966353,1.8312949006116241e-06,0.7961716263978961,0.6751896108884425
negative_rate,7.999999999999917,0.6981317007977461,0.6981335366141127,1.8358163664800031e-06,0.7961716263978961,0.6751896108884425
negative_rate,8.019999999999918,0.6946410422937574,0.6946428826315898,1.8403378323483821e-06,0.7961716263978958,0.675189610888443
negative_rate,8.039999999999917,0.6911503837897688,0.6911522286490673,1.8448592986608503e-06,0.7961716263978962,0.6751896108884423
negative_rate,8.059999999999917,0.6876597252857801,0.6876615746665445,1.8493807645292293e-06,0.7961716263978961,0.6751896108884425
negative_rate,8.079999999999917,0.6841690667817917,0.6841709206840217,1.853902229953519e-06,0.7961716263978962,0.6751896108884423
negative_rate,8.099999999999916,0.680678408277803,0.6806802667014988,1.858423695821898e-06,0.7961716263978961,0.6751896108884425
negative_rate,8.119999999999916,0.6771877497738144,0.677189612718976,1.862945161690277e-06,0.7961716263978961,0.6751896108884425
negative_rate,8.139999999999915,0.6736970912698259,0.6736989587364532,1.867466627558656e-06,0.7961716263978961,0.6751896108884425
negative_rate,8.159999999999915,0.6702064327658372,0.6702083047539305,1.871988093427035e-06,0.7961716263978961,0.6751896108884425
negative_rate,8.179999999999914,0.6667157742618486,0.6667176507714079,1.876509559295414e-06,0.7961716263978961,0.6751896108884425
negative_rate,8.199999999999914,0.6632251157578601,0.663226996788885,1.8810310247197037e-06,0.7961716263978958,0.675189610888443
negative_rate,8.219999999999914,0.6597344572538715,0.6597363428063623,1.885552491032172e-06,0.7961716263978963,0.6751896108884421
negative_rate,8.239999999999913,0.656243798749883,0.6562456888238394,1.8900739564564617e-06,0.7961716263978961,0.6751896108884425
negative_rate,8.259999999999913,0.6527531402458944,0.6527550348413167,1.8945954223248407e-06,0.7961716263978961,0.6751896108884425
negative_rate,8.279999999999912,0.6492624817419057,0.6492643808587939,1.8991168881932197e-06,0.7961716263978961,0.6751896108884425
negative_rate,8.299999999999912,0.6457718232379173,0.6457737268762712,1.9036383540615986e-06,0.7961716263978961,0.6751896108884425
negative_rate,8.319999999999911,0.6422811647339286,0.6422830728937484,1.9081598199299776e-06,0.7961716263978961,0.6751896108884425
negative_rate,8.339999999999911,0.6387905062299399,0.6387924189112256,1.9126812857983566e-06,0.796171626397896,0.6751896108884428
negative_rate,8.35999999999991,0.6352998477259515,0.6353017649287029,1.9172027512226464e-06,0.7961716263978961,0.6751896108884425
negative_rate,8.37999999999991,0.6318091892219628,0.63181111094618,1.9217242170910254e-06,0.7961716263978958,0.675189610888443
negative_rate,8.39999999999991,0.6283185307179742,0.6283204569636575,1.9262456834034936e-06,0.7961716263978961,0.6751896108884425
negative_rate,8.41999999999991,0.6248278722139857,0.6248298029811346,1.9307671488277833e-06,0.7961716263978957,0.6751896108884432
negative_rate,8.439999999999909,0.6213372137099971,0.6213391489986116,1.9352886146961623e-06,0.7961716263978963,0.6751896108884421
negative_rate,8.459999999999908,0.6178465552060084,0.6178484950160891,1.9398100805645413e-06,0.7961716263978957,0.6751896108884432
negative_rate,8.479999999999908,0.61435589670202,0.6143578410335662,1.9443315464329203e-06,0.7961716263978961,0.6751896108884425
negative_rate,8.499999999999908,0.6108652381980313,0.6108671870510433,1.94885301185721e-06,0.7961716263978961,0.6751896108884425
negative_rate,8.519999999999907,0.6073745796940428,0.6073765330685208,1.9533744781696782e-06,0.7961716263978961,0.6751896108884425
negative_rate,8.539999999999907,0.6038839211900542,0.6038858790859979,1.957895943593968e-06,0.7961716263978958,0.675189610888443
negative_rate,8.559999999999906,0.6003932626860655,0.6003952251034751,1.962417409462347e-06,0.7961716263978961,0.6751896108884425
negative_rate,8.579999999999906,0.5969026041820771,0.5969045711209524,1.966938875330726e-06,0.7961716263978958,0.675189610888443
negative_rate,8.599999999999905,0.5934119456780884,0.5934139171384296,1.971460341199105e-06,0.7961716263978961,0.6751896108884425
negative_rate,8.619999999999905,0.5899212871740998,0.5899232631559069,1.975981807067484e-06,0.7961716263978961,0.6751896108884425
negative_rate,8.639999999999905,0.5864306286701113,0.586432609173384,1.9805032724917737e-06,0.7961716263978961,0.6751896108884425
negative_rate,8.659999999999904,0.5829399701661226,0.5829419551908613,1.985024738804242e-06,0.7961716263978958,0.675189610888443
negative_rate,8.679999999999904,0.579449311662134,0.5794513012083385,1.989546204672621e-06,0.796171626397896,0.6751896108884428
negative_rate,8.699999999999903,0.5759586531581455,0.5759606472258159,1.9940676700969107e-06,0.796171626397896,0.6751896108884428
negative_rate,8.719999999999903,0.5724679946541569,0.5724699932432932,1.998589136409379e-06,0.7961716263978962,0.6751896108884423
negative_rate,8.739999999999903,0.5689773361501682,0.5689793392607703,2.0031106018336686e-06,0.7961716263978958,0.675189610888443
negative_rate,8.759999999999902,0.5654866776461798,0.5654886852782475,2.0076320677020476e-06,0.7961716263978961,0.6751896108884425
negative_rate,8.779999999999902,0.5619960191421911,0.5619980312957248,2.0121535335704266e-06,0.796171626397896,0.6751896108884428
negative_rate,8.799999999999901,0.5585053606382027,0.5585073773132019,2.0166749994388056e-06,0.796171626397896,0.6751896108884428
negative_rate,8.8199999999999,0.555014702134214,0.5550167233306791,2.0211964653071846e-06,0.7961716263978961,0.6751896108884425
negative_rate,8.8399999999999,0.5515240436302253,0.5515260693481565,2.0257179311755635e-06,0.796171626397896,0.6751896108884428
negative_rate,8.8599999999999,0.5480333851262369,0.5480354153656335,2.0302393965998533e-06,0.7961716263978962,0.6751896108884423
negative_rate,8.8799999999999,0.5445427266222482,0.5445447613831109,2.0347608629123215e-06,0.796171626397896,0.6751896108884428
negative_rate,8.899999999999899,0.5410520681182596,0.541054107400588,2.0392823283366113e-06,0.7961716263978961,0.6751896108884425
negative_rate,8.919999999999899,0.5375614096142711,0.5375634534180653,2.0438037942049903e-06,0.7961716263978962,0.6751896108884423
negative_rate,8.939999999999898,0.5340707511102825,0.5340727994355426,2.0483252600733692e-06,0.7961716263978958,0.675189610888443
negative_rate,8.959999999999898,0.5305800926062938,0.5305821454530197,2.0528467259417482e-06,0.7961716263978961,0.6751896108884425
negative_rate,8.979999999999897,0.5270894341023054,0.527091491470497,2.057368191810127e-06,0.7961716263978961,0.6751896108884425
negative_rate,8.999999999999897,0.5235987755983167,0.5236008374879743,2.061889657678506e-06,0.7961716263978961,0.6751896108884425
negative_rate,9.019999999999897,0.520108117094328,0.5201101835054516,2.066411123546885e-06,0.7961716263978958,0.675189610888443
negative_rate,9.039999999999896,0.5166174585903396,0.5166195295229287,2.070932588971175e-06,0.7961716263978961,0.6751896108884425
negative_rate,9.059999999999896,0.5131268000863509,0.513128875540406,2.075454054839554e-06,0.7961716263978961,0.6751896108884425
negative_rate,9.079999999999895,0.5096361415823625,0.5096382215578831,2.079975520707933e-06,0.796171626397896,0.6751896108884428
negative_rate,9.099999999999895,0.5061454830783738,0.5061475675753604,2.084496986576312e-06,0.7961716263978961,0.6751896108884425
negative_rate,9.119999999999894,0.5026548245743852,0.5026569135928376,2.089018452444691e-06,0.796171626397896,0.6751896108884428
negative_rate,9.139999999999894,0.4991641660703967,0.49916625961031486,2.09353991831307e-06,0.796171626397896,0.6751896108884428
negative_rate,9.159999999999894,0.49567350756640804,0.49567560562779206,2.098061384181449e-06,0.796171626397896,0.6751896108884428
negative_rate,9.179999999999893,0.4921828490624194,0.4921849516452693,2.102582850049828e-06,0.7961716263978961,0.6751896108884425
negative_rate,9.199999999999893,0.48869219055843094,0.4886942976627465,2.1071043154741176e-06,0.7961716263978958,0.675189610888443
negative_rate,9.219999999999892,0.4852015320544423,0.48520364368022373,2.1116257813424966e-06,0.7961716263978961,0.6751896108884425
negative_rate,9.239999999999892,0.4817108735504536,0.48171298969770093,2.1161472472108755e-06,0.796171626397896,0.6751896108884428
negative_rate,9.259999999999891,0.47822021504646517,0.478222335715178,2.1206687126351653e-06,0.7961716263978961,0.6751896108884425
negative_rate,9.279999999999891,0.4747295565424765,0.4747316817326554,2.1251901789476335e-06,0.796171626397896,0.6751896108884428
negative_rate,9.29999999999989,0.47123889803848784,0.4712410277501327,2.1297116448160125e-06,0.7961716263978961,0.6751896108884425
negative_rate,9.31999999999989,0.4677482395344994,0.46775037376760986,2.1342331102403023e-06,0.7961716263978958,0.675189610888443
negative_rate,9.33999999999989,0.46425758103051074,0.4642597197850871,2.1387545765527705e-06,0.7961716263978961,0.6751896108884425
negative_rate,9.35999999999989,0.4607669225265223,0.4607690658025643,2.1432760419770602e-06,0.7961716263978961,0.6751896108884425
negative_rate,9.379999999999889,0.45727626402253363,0.4572784118200415,2.1477975078454392e-06,0.7961716263978961,0.6751896108884425
negative_rate,9.399999999999888,0.45378560551854497,0.4537877578375187,2.152318973713818e-06,0.7961716263978961,0.6751896108884425
negative_rate,9.419999999999888,0.4502949470145565,0.450297103854996,2.156840439582197e-06,0.7961716263978963,0.6751896108884421
negative_rate,9.439999999999888,0.44680428851056786,0.44680644987247314,2.161361905450576e-06,0.796171626397896,0.6751896108884428
negative_rate,9.459999999999887,0.4433136300065792,0.44331579588995057,2.165883371318955e-06,0.7961716263978961,0.6751896108884425
negative_rate,9.479999999999887,0.43982297150259075,0.43982514190742766,2.170404836743245e-06,0.7961716263978961,0.6751896108884425
negative_rate,9.499999999999886,0.4363323129986021,0.4363344879249049,2.174926303055713e-06,0.7961716263978958,0.675189610888443
negative_rate,9.519999999999886,0.4328416544946134,0.4328438339423822,2.179447768924092e-06,0.7961716263978961,0.6751896108884425
negative_rate,9.539999999999885,0.429350995990625,0.42935317995985944,2.183969234348382e-06,0.7961716263978962,0.6751896108884423
negative_rate,9.559999999999885,0.4258603374866363,0.4258625259773366,2.188490700216761e-06,0.7961716263978961,0.6751896108884425
negative_rate,9.579999999999885,0.42236967898264766,0.4223718719948139,2.19301216608514e-06,0.796171626397896,0.6751896108884428
negative_rate,9.599999999999884,0.4188790204786592,0.4188812180122911,2.197533631953519e-06,0.7961716263978961,0.6751896108884425
negative_rate,9.619999999999884,0.41538836197467055,0.4153905640297685,2.202055097821898e-06,0.7961716263978957,0.6751896108884432
negative_rate,9.639999999999883,0.4118977034706821,0.4118999100472455,2.2065765632461876e-06,0.7961716263978961,0.6751896108884425
negative_rate,9.659999999999883,0.40840704496669344,0.4084092560647227,2.2110980291145665e-06,0.7961716263978961,0.6751896108884425
negative_rate,9.679999999999882,0.4049163864627048,0.40491860208219993,2.2156194949829455e-06,0.796171626397896,0.6751896108884428
negative_rate,9.699999999999882,0.40142572795871634,0.4014279480996772,2.2201409608513245e-06,0.7961716263978961,0.6751896108884425
negative_rate,9.719999999999882,0.3979350694547277,0.3979372941171545,2.2246624267197035e-06,0.7961716263978961,0.6751896108884425
negative_rate,9.739999999999881,0.394444410950739,0.3944466401346316,2.2291838925880825e-06,0.7961716263978961,0.6751896108884425
negative_rate,9.75999999999988,0.39095375244675057,0.39095598615210897,2.2337053584564615e-06,0.7961716263978961,0.6751896108884425
negative_rate,9.77999999999988,0.3874630939427619,0.3874653321695863,2.2382268243248404e-06,0.7961716263978958,0.675189610888443
negative_rate,9.79999999999988,0.38397243543877324,0.38397467818706343,2.2427482901932194e-06,0.7961716263978962,0.6751896108884423
negative_rate,9.81999999999988,0.3804817769347848,0.3804840242045405,2.247269755617509e-06,0.7961716263978958,0.675189610888443
negative_rate,9.839999999999879,0.37699111843079613,0.3769933702220178,2.251791221485888e-06,0.7961716263978961,0.6751896108884425
negative_rate,9.859999999999879,0.37350045992680747,0.37350271623949505,2.2563126877983564e-06,0.7961716263978961,0.6751896108884425
negative_rate,9.879999999999878,0.37000980142281903,0.37001206225697225,2.260834153222646e-06,0.7961716263978962,0.6751896108884423
negative_rate,9.899999999999878,0.36651914291883037,0.36652140827444946,2.265355619091025e-06,0.796171626397896,0.6751896108884428
negative_rate,9.919999999999877,0.3630284844148419,0.3630307542919267,2.269877084959404e-06,0.7961716263978958,0.675189610888443
negative_rate,9.939999999999877,0.35953782591085326,0.359540100309404,2.274398550827783e-06,0.7961716263978961,0.6751896108884425
negative_rate,9.959999999999877,0.3560471674068646,0.35604944632688124,2.278920016696162e-06,0.7961716263978961,0.6751896108884425
negative_rate,9.979999999999876,0.35255650890287615,0.3525587923443584,2.283441482120452e-06,0.796171626397896,0.6751896108884428
negative_rate,9.999999999999876,0.3490658503988875,0.34906813836183564,2.287962947988831e-06,0.7961716263978962,0.6751896108884423
negative_rate,10.019999999999875,0.3455751918948988,0.3455774843793129,2.29248441385721e-06,0.796171626397896,0.6751896108884428
negative_rate,10.039999999999875,0.3420845333909104,0.3420868303967901,2.2970058797255888e-06,0.7961716263978961,0.6751896108884425
negative_rate,10.059999999999874,0.3385938748869217,0.33859617641426726,2.3015273455939678e-06,0.7961716263978961,0.6751896108884425
negative_rate,10.079999999999874,0.33510321638293306,0.33510552243174474,2.3060488114623467e-06,0.7961716263978958,0.675189610888443
negative_rate,10.099999999999874,0.3316125578789446,0.3316148684492218,2.3105702773307257e-06,0.7961716263978961,0.6751896108884425
negative_rate,10.119999999999873,0.32812189937495595,0.328124214466699,2.3150917431991047e-06,0.796171626397896,0.6751896108884428
negative_rate,10.139999999999873,0.3246312408709673,0.3246335604841762,2.3196132090674837e-06,0.7961716263978961,0.6751896108884425
negative_rate,10.159999999999872,0.32114058236697884,0.3211429065016535,2.3241346744917735e-06,0.7961716263978958,0.675189610888443
negative_rate,10.179999999999872,0.3176499238629902,0.3176522525191307,2.3286561403601524e-06,0.7961716263978958,0.675189610888443
negative_rate,10.199999999999871,0.31415926535900174,0.3141615985366079,2.3331776062285314e-06,0.7961716263978961,0.6751896108884425
negative_rate,10.219999999999871,0.3106686068550131,0.3106709445540851,2.3376990720969104e-06,0.7961716263978961,0.6751896108884425
negative_rate,10.23999999999987,0.3071779483510244,0.3071802905715625,2.3422205379652894e-06,0.7961716263978957,0.6751896108884432
negative_rate,10.25999999999987,0.30368728984703597,0.3036896365890395,2.346742003389579e-06,0.7961716263978961,0.6751896108884425
negative_rate,10.27999999999987,0.3001966313430473,0.30019898260651684,2.3512634697020474e-06,0.796171626397896,0.6751896108884428
negative_rate,10.29999999999987,0.29670597283905864,0.296708328623994,2.355784935126337e-06,0.7961716263978963,0.6751896108884421
negative_rate,10.319999999999869,0.2932153143350702,0.2932176746414712,2.360306400994716e-06,0.7961716263978961,0.6751896108884425
negative_rate,10.339999999999868,0.28972465583108153,0.2897270206589485,2.364827866863095e-06,0.7961716263978958,0.675189610888443
negative_rate,10.359999999999868,0.28623399732709287,0.28623636667642577,2.369349332731474e-06,0.7961716263978958,0.675189610888443
negative_rate,10.379999999999868,0.28274333882310443,0.282745712693903,2.373870798599853e-06,0.7961716263978962,0.6751896108884423
negative_rate,10.399999999999867,0.27925268031911576,0.2792550587113802,2.378392264468232e-06,0.7961716263978962,0.6751896108884423
negative_rate,10.419999999999867,0.2757620218151271,0.2757644047288574,2.382913730336611e-06,0.796171626397896,0.6751896108884428
negative_rate,10.439999999999866,0.27227136331113866,0.27227375074633464,2.38743519620499e-06,0.7961716263978958,0.675189610888443
negative_rate,10.459999999999866,0.26878070480715,0.26878309676381185,2.391956662073369e-06,0.7961716263978961,0.6751896108884425
negative_rate,10.479999999999865,0.26529004630316155,0.2652924427812891,2.3964781274976588e-06,0.796171626397896,0.6751896108884428
negative_rate,10.499999999999865,0.2617993877991729,0.2618017887987663,2.4009995933660377e-06,0.7961716263978958,0.675189610888443
negative_rate,10.519999999999865,0.2583087292951842,0.25831113481624357,2.4055210592344167e-06,0.7961716263978961,0.6751896108884425
negative_rate,10.539999999999864,0.2548180707911958,0.25482048083372083,2.4100425251027957e-06,0.7961716263978958,0.675189610888443
negative_rate,10.559999999999864,0.2513274122872071,0.2513298268511979,2.4145639909711747e-06,0.7961716263978963,0.6751896108884421
negative_rate,10.579999999999863,0.24783675378321846,0.24783917286867524,2.4190854568395537e-06,0.7961716263978961,0.6751896108884425
negative_rate,10.599999999999863,0.24434609527923,0.24434851888615255,2.4236069227079327e-06,0.7961716263978961,0.6751896108884425
negative_rate,10.619999999999862,0.24085543677524135,0.24085786490362976,2.4281283885763116e-06,0.7961716263978961,0.6751896108884425
negative_rate,10.639999999999862,0.23736477827125269,0.23736721092110694,2.4326498544446906e-06,0.7961716263978961,0.6751896108884425
negative_rate,10.659999999999862,0.23387411976726424,0.23387655693858417,2.4371713198689804e-06,0.7961716263978961,0.6751896108884425
negative_rate,10.679999999999861,0.23038346126327558,0.2303859029560614,2.4416927857373594e-06,0.7961716263978961,0.6751896108884425
negative_rate,10.69999999999986,0.22689280275928714,0.22689524897353866,2.4462142516057384e-06,0.7961716263978961,0.6751896108884425
negative_rate,10.71999999999986,0.22340214425529847,0.22340459499101584,2.4507357174741173e-06,0.7961716263978961,0.6751896108884425
negative_rate,10.73999999999986,0.2199114857513098,0.21991394100849307,2.4552571833424963e-06,0.7961716263978961,0.6751896108884425
negative_rate,10.75999999999986,0.21642082724732137,0.2164232870259703,2.459778648766786e-06,0.7961716263978961,0.6751896108884425
negative_rate,10.779999999999859,0.2129301687433327,0.2129326330434476,2.4643001150792543e-06,0.796171626397896,0.6751896108884428
negative_rate,10.799999999999859,0.20943951023934404,0.20944197906092482,2.4688215809476333e-06,0.7961716263978958,0.675189610888443
negative_rate,10.819999999999858,0.2059488517353556,0.205951325078402,2.473343046371923e-06,0.796171626397896,0.6751896108884428
negative_rate,10.839999999999858,0.20245819323136693,0.20246067109587923,2.477864512240302e-06,0.7961716263978962,0.6751896108884423
negative_rate,10.859999999999857,0.19896753472737827,0.1989700171133565,2.482385978108681e-06,0.7961716263978961,0.6751896108884425
negative_rate,10.879999999999857,0.19547687622338983,0.1954793631308337,2.48690744397706e-06,0.796171626397896,0.6751896108884428
negative_rate,10.899999999999856,0.19198621771940116,0.19198870914831087,2.491428909845439e-06,0.7961716263978963,0.6751896108884421
negative_rate,10.919999999999856,0.1884955592154125,0.18849805516578816,2.495950375713818e-06,0.796171626397896,0.6751896108884428
negative_rate,10.939999999999856,0.18500490071142406,0.18500740118326542,2.5004718411381077e-06,0.796171626397896,0.6751896108884428
negative_rate,10.959999999999855,0.1815142422074354,0.1815167472007426,2.5049933070064867e-06,0.7961716263978957,0.6751896108884432
negative_rate,10.979999999999855,0.17802358370344695,0.17802609321821986,2.5095147728748657e-06,0.7961716263978958,0.675189610888443
negative_rate,10.999999999999854,0.1745329251994583,0.1745354392356971,2.5140362387432447e-06,0.796171626397896,0.6751896108884428
negative_rate,11.019999999999854,0.17104226669546962,0.17104478525317426,2.5185577046116236e-06,0.7961716263978961,0.6751896108884425
negative_rate,11.039999999999853,0.16755160819148118,0.16755413127065158,2.5230791704800026e-06,0.796171626397896,0.6751896108884428
negative_rate,11.059999999999853,0.16406094968749252,0.16406347728812876,2.5276006363483816e-06,0.7961716263978961,0.6751896108884425
negative_rate,11.079999999999853,0.16057029118350385,0.160572823305606,2.5321221022167606e-06,0.7961716263978962,0.6751896108884423
negative_rate,11.099999999999852,0.1570796326795154,0.1570821693230832,2.5366435676410504e-06,0.796171626397896,0.6751896108884428
negative_rate,11.119999999999852,0.15358897417552675,0.15359151534056045,2.5411650335094293e-06,0.7961716263978958,0.675189610888443
negative_rate,11.139999999999851,0.15009831567153809,0.15010086135803766,2.5456864993778083e-06,0.7961716263978958,0.675189610888443
negative_rate,11.159999999999851,0.14660765716754964,0.14661020737551492,2.5502079652461873e-06,0.7961716263978958,0.675189610888443
negative_rate,11.17999999999985,0.14311699866356098,0.14311955339299212,2.5547294311145663e-06,0.796171626397896,0.6751896108884428
negative_rate,11.19999999999985,0.13962634015957232,0.13962889941046935,2.5592508969829453e-06,0.7961716263978963,0.6751896108884421
negative_rate,11.21999999999985,0.13613568165558387,0.13613824542794653,2.5637723628513243e-06,0.796171626397896,0.6751896108884428
negative_rate,11.23999999999985,0.1326450231515952,0.1326475914454238,2.5682938287197032e-06,0.7961716263978961,0.6751896108884425
negative_rate,11.259999999999849,0.12915436464760677,0.12915693746290094,2.572815294143993e-06,0.7961716263978961,0.6751896108884425
negative_rate,11.279999999999848,0.1256637061436181,0.12566628348037823,2.577336760012372e-06,0.796171626397896,0.6751896108884428
negative_rate,11.299999999999848,0.12217304763962944,0.12217562949785545,2.581858225880751e-06,0.7961716263978961,0.6751896108884425
negative_rate,11.319999999999848,0.118682389135641,0.1186849755153327,2.58637969174913e-06,0.796171626397896,0.6751896108884428
negative_rate,11.339999999999847,0.11519173063165233,0.11519432153280991,2.590901157617509e-06,0.796171626397896,0.6751896108884428
negative_rate,11.359999999999847,0.11170107212766367,0.11170366755028717,2.595422623485888e-06,0.7961716263978957,0.6751896108884432
negative_rate,11.379999999999846,0.10821041362367523,0.10821301356776435,2.5999440889101777e-06,0.796171626397896,0.6751896108884428
negative_rate,11.399999999999846,0.10471975511968656,0.10472235958524162,2.604465555222646e-06,0.796171626397896,0.6751896108884428
negative_rate,11.419999999999845,0.1012290966156979,0.10123170560271884,2.608987021091025e-06,0.7961716263978961,0.6751896108884425
negative_rate,11.439999999999845,0.09773843811170946,0.09774105162019604,2.6135084865153146e-06,0.7961716263978956,0.6751896108884434
negative_rate,11.459999999999845,0.0942477796077208,0.09425039763767327,2.6180299523836936e-06,0.7961716263978958,0.675189610888443
negative_rate,11.479999999999844,0.09075712110373235,0.09075974365515051,2.6225514182520726e-06,0.7961716263978963,0.6751896108884421
negative_rate,11.499999999999844,0.08726646259974347,0.08726908967262778,2.6270728841204516e-06,0.7961716263978958,0.675189610888443
negative_rate,11.519999999999843,0.08377580409575502,0.08377843569010497,2.6315943499888306e-06,0.7961716263978961,0.6751896108884425
negative_rate,11.539999999999843,0.08028514559176658,0.08028778170758222,2.6361158154131203e-06,0.7961716263978961,0.6751896108884425
negative_rate,11.559999999999842,0.0767944870877777,0.07679712772505942,2.6406372817255885e-06,0.7961716263978961,0.6751896108884425
negative_rate,11.579999999999842,0.07330382858378925,0.07330647374253665,2.6451587475939675e-06,0.7961716263978958,0.675189610888443
negative_rate,11.599999999999842,0.06981317007980081,0.06981581976001387,2.6496802130182573e-06,0.7961716263978958,0.675189610888443
negative_rate,11.619999999999841,0.06632251157581193,0.06632516577749109,2.6542016793307255e-06,0.7961716263978958,0.675189610888443
negative_rate,11.63999999999984,0.06283185307182348,0.06283451179496831,2.6587231447550153e-06,0.7961716263978961,0.6751896108884425
negative_rate,11.65999999999984,0.05934119456783504,0.059343857812445555,2.6632446106233942e-06,0.7961716263978958,0.675189610888443
negative_rate,11.67999999999984,0.0558505360638466,0.055853203829922766,2.667766076047684e-06,0.7961716263978956,0.6751896108884434
negative_rate,11.69999999999984,0.052359877559857715,0.052362549847399964,2.672287542360152e-06,0.796171626397896,0.6751896108884428
negative_rate,11.719999999999839,0.04886921905586927,0.04887189586487721,2.676809007784442e-06,0.7961716263978961,0.6751896108884425
negative_rate,11.739999999999839,0.04537856055188083,0.04538124188235445,2.681330473652821e-06,0.796171626397896,0.6751896108884428
negative_rate,11.759999999999838,0.041887902047891945,0.04189058789983166,2.6858519395212e-06,0.796171626397896,0.6751896108884428
negative_rate,11.779999999999838,0.0383972435439035,0.03839993391730891,2.690373405389579e-06,0.7961716263978956,0.6751896108884434
negative_rate,11.799999999999837,0.03490658503991506,0.03490927993478612,2.694894871257958e-06,0.7961716263978961,0.6751896108884425
negative_rate,11.819999999999837,0.031415926535926175,0.031418625952263315,2.699416337126337e-06,0.796171626397896,0.6751896108884428
negative_rate,11.839999999999836,0.027925268031937733,0.027927971969740537,2.703937802994716e-06,0.7961716263978961,0.6751896108884425
negative_rate,11.859999999999836,0.02443460952794929,0.024437317987217797,2.7084592684190056e-06,0.7961716263978961,0.6751896108884425
negative_rate,11.879999999999836,0.020943951023960405,0.020946664004695033,2.712980734731474e-06,0.7961716263978961,0.6751896108884425
negative_rate,11.899999999999835,0.017453292519971964,0.017456010022172272,2.7175022001557636e-06,0.7961716263978961,0.6751896108884425
negative_rate,11.919999999999835,0.013962634015983522,0.013965356039649482,2.7220236660241426e-06,0.7961716263978958,0.675189610888443
negative_rate,11.939999999999834,0.010471975511994636,0.010474702057126693,2.7265451318925216e-06,0.7961716263978957,0.6751896108884432
negative_rate,11.959999999999834,0.006981317008006194,0.006984048074603937,2.7310665977609005e-06,0.796171626397896,0.6751896108884428
negative_rate,11.979999999999833,0.003490658504017752,0.0034933940920811694,2.7355880636292795e-06,0.7961716263978962,0.6751896108884423
negative_rate,11.999999999999833,2.886579864025407e-14,2.740109558413624e-06,2.7401095294976585e-06,0.7961716263978961,0.6751896108884425
negative_rate,12.019999999999833,6.279694648675626,6.279697393306622,2.7446309953660375e-06,0.7961716263978961,0.6751896108884425
negative_rate,12.039999999999832,6.276203990171638,6.276206739324099,2.7491524612344165e-06,0.7961716263978958,0.675189610888443
negative_rate,12.059999999999832,6.272713331667649,6.272716085341576,2.7536739271027955e-06,0.7961716263978958,0.675189610888443
negative_rate,12.079999999999831,6.269222673163661,6.269225431359054,2.7581953929711744e-06,0.7961716263978961,0.6751896108884425
negative_rate,12.099999999999831,6.2657320146596724,6.26573477737653,2.762716857951375e-06,0.796171626397896,0.6751896108884428
negative_rate,12.11999999999983,6.262241356155684,6.262244123394008,2.767238323819754e-06,0.796171626397896,0.6751896108884428
negative_rate,12.13999999999983,6.258750697651696,6.258753469411485,2.771759789688133e-06,0.7961716263978961,0.6751896108884425
negative_rate,12.15999999999983,6.255260039147707,6.255262815428963,2.776281255556512e-06,0.796171626397896,0.6751896108884428
negative_rate,12.17999999999983,6.251769380643718,6.251772161446439,2.780802721424891e-06,0.7961716263978958,0.675189610888443
negative_rate,12.199999999999829,6.248278722139729,6.248281507463917,2.78532418729327e-06,0.7961716263978961,0.6751896108884425
negative_rate,12.219999999999828,6.244788063635741,6.244790853481394,2.789845653161649e-06,0.7961716263978961,0.6751896108884425
negative_rate,12.239999999999828,6.2412974051317525,6.2413001994988715,2.794367119030028e-06,0.7961716263978958,0.675189610888443
negative_rate,12.259999999999827,6.237806746627763,6.237809545516349,2.7988885857865853e-06,0.7961716263978961,0.6751896108884425
negative_rate,12.279999999999827,6.234316088123775,6.2343188915338255,2.803410050766786e-06,0.796171626397896,0.6751896108884428
negative_rate,12.299999999999827,6.230825429619786,6.230828237551303,2.807931516635165e-06,0.796171626397896,0.6751896108884428
negative_rate,12.319999999999826,6.227334771115798,6.22733758356878,2.812452982503544e-06,0.7961716263978961,0.6751896108884425
negative_rate,12.339999999999826,6.223844112611809,6.223846929586258,2.816974448371923e-06,0.7961716263978962,0.6751896108884423
negative_rate,12.359999999999825,6.220353454107821,6.220356275603735,2.8214959142403018e-06,0.796171626397896,0.6751896108884428
negative_rate,12.379999999999825,6.2168627956038325,6.216865621621212,2.8260173792205023e-06,0.7961716263978958,0.675189610888443
negative_rate,12.399999999999824,6.213372137099844,6.213374967638689,2.8305388450888813e-06,0.796171626397896,0.6751896108884428
negative_rate,12.419999999999824,6.209881478595856,6.2098843136561666,2.8350603109572603e-06,0.7961716263978961,0.6751896108884425
negative_rate,12.439999999999824,6.206390820091866,6.206393659673644,2.8395817777138177e-06,0.7961716263978961,0.6751896108884425
negative_rate,12.459999999999823,6.202900161587878,6.2029030056911205,2.8441032426940183e-06,0.7961716263978961,0.6751896108884425
negative_rate,12.479999999999823,6.199409503083889,6.199412351708598,2.8486247085623972e-06,0.7961716263978961,0.6751896108884425
negative_rate,12.499999999999822,6.1959188445799,6.195921697726075,2.8531461753189546e-06,0.7961716263978958,0.675189610888443
negative_rate,12.519999999999822,6.192428186075912,6.192431043743553,2.8576676411873336e-06,0.7961716263978961,0.6751896108884425
negative_rate,12.539999999999822,6.188937527571923,6.188940389761029,2.862189106167534e-06,0.7961716263978956,0.6751896108884434
negative_rate,12.559999999999821,6.185446869067935,6.185449735778507,2.866710572035913e-06,0.7961716263978957,0.6751896108884432
negative_rate,12.57999999999982,6.181956210563946,6.181959081795984,2.871232037904292e-06,0.7961716263978961,0.6751896108884425
negative_rate,12.59999999999982,6.178465552059958,6.178468427813462,2.875753503772671e-06,0.7961716263978961,0.6751896108884425
negative_rate,12.61999999999982,6.174974893555969,6.174977773830939,2.88027496964105e-06,0.7961716263978958,0.675189610888443
negative_rate,12.63999999999982,6.171484235051981,6.171487119848416,2.8847964346212507e-06,0.796171626397896,0.6751896108884428
negative_rate,12.659999999999819,6.1679935765479925,6.167996465865893,2.8893179004896297e-06,0.7961716263978961,0.6751896108884425
negative_rate,12.679999999999819,6.164502918044003,6.16450581188337,2.893839367246187e-06,0.7961716263978961,0.6751896108884425
negative_rate,12.699999999999818,6.161012259540015,6.161015157900848,2.898360833114566e-06,0.796171626397896,0.6751896108884428
negative_rate,12.719999999999818,6.157521601036026,6.157524503918324,2.9028822980947666e-06,0.796171626397896,0.6751896108884428
negative_rate,12.739999999999817,6.154030942532037,6.154033849935802,2.907403764851324e-06,0.7961716263978961,0.6751896108884425
negative_rate,12.759999999999817,6.1505402840280485,6.150543195953279,2.911925230719703e-06,0.796171626397896,0.6751896108884428
negative_rate,12.779999999999816,6.14704962552406,6.147052541970757,2.916446696588082e-06,0.7961716263978958,0.675189610888443
negative_rate,12.799999999999816,6.143558967020072,6.143561887988234,2.920968162456461e-06,0.7961716263978963,0.6751896108884421
negative_rate,12.819999999999816,6.140068308516083,6.140071234005711,2.9254896274366615e-06,0.796171626397896,0.6751896108884428
negative_rate,12.839999999999815,6.136577650012095,6.136580580023188,2.9300110933050405e-06,0.7961716263978958,0.675189610888443
negative_rate,12.859999999999815,6.133086991508106,6.1330899260406655,2.9345325591734195e-06,0.7961716263978961,0.6751896108884425
negative_rate,12.879999999999814,6.129596333004118,6.129599272058143,2.9390540250417985e-06,0.7961716263978958,0.675189610888443
negative_rate,12.899999999999814,6.126105674500129,6.1261086180756195,2.943575490021999e-06,0.7961716263978961,0.6751896108884425
negative_rate,12.919999999999813,6.122615015996141,6.122617964093097,2.948096955890378e-06,0.796171626397896,0.6751896108884428
negative_rate,12.939999999999813,6.119124357492152,6.119127310110574,2.9526184226469354e-06,0.7961716263978958,0.675189610888443
negative_rate,12.959999999999813,6.115633698988163,6.115636656128052,2.9571398885153144e-06,0.7961716263978961,0.6751896108884425
negative_rate,12.979999999999812,6.112143040484175,6.112146002145529,2.9616613543836934e-06,0.7961716263978961,0.6751896108884425
negative_rate,12.999999999999812,6.1086523819801855,6.108655348163006,2.9661828202520724e-06,0.7961716263978961,0.6751896108884425
negative_rate,13.019999999999811,6.105161723476197,6.105164694180483,2.9707042861204513e-06,0.7961716263978961,0.6751896108884425
negative_rate,13.03999999999981,6.101671064972209,6.101674040197961,2.9752257519888303e-06,0.7961716263978958,0.675189610888443
negative_rate,13.05999999999981,6.09818040646822,6.098183386215438,2.9797472178572093e-06,0.796171626397896,0.6751896108884428
negative_rate,13.07999999999981,6.094689747964232,6.0946927322329145,2.98426868283741e-06,0.7961716263978961,0.6751896108884425
negative_rate,13.09999999999981,6.091199089460243,6.091202078250392,2.988790148705789e-06,0.7961716263978961,0.6751896108884425
negative_rate,13.11999999999981,6.087708430956255,6.087711424267869,2.993311614574168e-06,0.7961716263978961,0.6751896108884425
negative_rate,13.139999999999809,6.084217772452266,6.084220770285347,2.997833080442547e-06,0.7961716263978958,0.675189610888443
negative_rate,13.159999999999808,6.080727113948278,6.080730116302824,3.002354546310926e-06,0.7961716263978958,0.675189610888443
negative_rate,13.179999999999808,6.077236455444289,6.077239462320301,3.0068760121793048e-06,0.796171626397896,0.6751896108884428
negative_rate,13.199999999999807,6.0737457969403,6.073748808337778,3.0113974780476838e-06,0.7961716263978961,0.6751896108884425
negative_rate,13.219999999999807,6.070255138436312,6.070258154355256,3.0159189439160627e-06,0.796171626397896,0.6751896108884428
negative_rate,13.239999999999807,6.066764479932322,6.066767500372733,3.02044041067262e-06,0.7961716263978962,0.6751896108884423
negative_rate,13.259999999999806,6.063273821428334,6.06327684639021,3.0249618756528207e-06,0.7961716263978958,0.675189610888443
negative_rate,13.279999999999806,6.0597831629243455,6.059786192407687,3.0294833415211997e-06,0.796171626397896,0.6751896108884428
negative_rate,13.299999999999805,6.056292504420357,6.056295538425164,3.0340048073895787e-06,0.7961716263978962,0.6751896108884423
negative_rate,13.319999999999805,6.052801845916369,6.052804884442642,3.0385262732579577e-06,0.7961716263978958,0.675189610888443
negative_rate,13.339999999999804,6.04931118741238,6.049314230460119,3.0430477391263366e-06,0.7961716263978957,0.6751896108884432
negative_rate,13.359999999999804,6.045820528908392,6.045823576477596,3.047569204106537e-06,0.7961716263978958,0.675189610888443
negative_rate,13.379999999999804,6.042329870404403,6.042332922495073,3.052090669974916e-06,0.7961716263978961,0.6751896108884425
negative_rate,13.399999999999803,6.038839211900415,6.038842268512551,3.056612135843295e-06,0.7961716263978961,0.6751896108884425
negative_rate,13.419999999999803,6.035348553396426,6.035351614530028,3.061133601711674e-06,0.796171626397896,0.6751896108884428
negative_rate,13.439999999999802,6.031857894892437,6.031860960547505,3.065655067580053e-06,0.7961716263978961,0.6751896108884425
negative_rate,13.459999999999802,6.028367236388449,6.028370306564982,3.070176533448432e-06,0.7961716263978961,0.6751896108884425
negative_rate,13.479999999999801,6.02487657788446,6.0248796525824595,3.074697999316811e-06,0.796171626397896,0.6751896108884428
negative_rate,13.499999999999801,6.021385919380471,6.021388998599937,3.0792194660733685e-06,0.7961716263978956,0.6751896108884434
negative_rate,13.5199999999998,6.017895260876482,6.017898344617414,3.0837409319417475e-06,0.7961716263978961,0.6751896108884425
negative_rate,13.5399999999998,6.014404602372494,6.014407690634891,3.088262396921948e-06,0.7961716263978958,0.675189610888443
negative_rate,13.5599999999998,6.0109139438685055,6.010917036652368,3.092783862790327e-06,0.7961716263978963,0.6751896108884421
negative_rate,13.5799999999998,6.007423285364517,6.007426382669846,3.097305328658706e-06,0.7961716263978962,0.6751896108884423
negative_rate,13.599999999999799,6.003932626860529,6.003935728687323,3.101826794527085e-06,0.7961716263978961,0.6751896108884425
negative_rate,13.619999999999798,6.00044196835654,6.000445074704801,3.106348260395464e-06,0.7961716263978963,0.6751896108884421
negative_rate,13.639999999999798,5.996951309852552,5.996954420722277,3.1108697253756645e-06,0.796171626397896,0.6751896108884428
negative_rate,13.659999999999798,5.993460651348563,5.993463766739755,3.1153911912440435e-06,0.7961716263978958,0.675189610888443
negative_rate,13.679999999999797,5.989969992844574,5.989973112757232,3.119912658000601e-06,0.7961716263978958,0.675189610888443
negative_rate,13.699999999999797,5.9864793343405855,5.986482458774709,3.12443412386898e-06,0.7961716263978958,0.675189610888443
negative_rate,13.719999999999796,5.982988675836597,5.982991804792187,3.128955589737359e-06,0.796171626397896,0.6751896108884428
negative_rate,13.739999999999796,5.979498017332608,5.979501150809663,3.133477055605738e-06,0.7961716263978961,0.6751896108884425
negative_rate,13.759999999999796,5.976007358828619,5.976010496827141,3.137998521474117e-06,0.7961716263978961,0.6751896108884425
negative_rate,13.779999999999795,5.972516700324631,5.972519842844618,3.142519987342496e-06,0.7961716263978962,0.6751896108884423
negative_rate,13.799999999999795,5.9690260418206424,5.969029188862096,3.147041453210875e-06,0.7961716263978961,0.6751896108884425
negative_rate,13.819999999999794,5.965535383316654,5.965538534879572,3.1515629181910754e-06,0.7961716263978961,0.6751896108884425
negative_rate,13.839999999999794,5.962044724812666,5.96204788089705,3.1560843840594544e-06,0.7961716263978958,0.675189610888443
negative_rate,13.859999999999793,5.958554066308677,5.958557226914527,3.1606058499278333e-06,0.7961716263978962,0.6751896108884423
negative_rate,13.879999999999793,5.955063407804689,5.9550665729320045,3.1651273157962123e-06,0.7961716263978961,0.6751896108884425
negative_rate,13.899999999999793,5.9515727493007,5.951575918949482,3.1696487816645913e-06,0.7961716263978963,0.6751896108884421
negative_rate,13.919999999999792,5.948082090796712,5.948085264966958,3.174170246644792e-06,0.7961716263978958,0.675189610888443
negative_rate,13.939999999999792,5.9445914322927225,5.944594610984436,3.1786917134013493e-06,0.7961716263978961,0.6751896108884425
negative_rate,13.959999999999791,5.941100773788734,5.941103957001913,3.1832131792697282e-06,0.7961716263978958,0.675189610888443
negative_rate,13.97999999999979,5.937610115284746,5.937613303019391,3.1877346451381072e-06,0.7961716263978961,0.6751896108884425
negative_rate,13.99999999999979,5.934119456780756,5.934122649036867,3.192256111006486e-06,0.796171626397896,0.6751896108884428
negative_rate,14.01999999999979,5.930628798276768,5.930631995054345,3.196777576874865e-06,0.7961716263978961,0.6751896108884425
negative_rate,14.03999999999979,5.927138139772779,5.927141341071822,3.201299042743244e-06,0.7961716263978958,0.675189610888443
negative_rate,14.059999999999789,5.923647481268791,5.9236506870892995,3.205820508611623e-06,0.796171626397896,0.6751896108884428
negative_rate,14.079999999999789,5.9201568227648025,5.920160033106777,3.210341974480002e-06,0.7961716263978961,0.6751896108884425
negative_rate,14.099999999999788,5.916666164260814,5.9166693791242535,3.2148634394602027e-06,0.7961716263978962,0.6751896108884423
negative_rate,14.119999999999788,5.913175505756826,5.913178725141731,3.2193849053285817e-06,0.796171626397896,0.6751896108884428
negative_rate,14.139999999999787,5.909684847252837,5.909688071159208,3.2239063711969607e-06,0.796171626397896,0.6751896108884428
negative_rate,14.159999999999787,5.906194188748849,5.906197417176686,3.2284278370653396e-06,0.796171626397896,0.6751896108884428
negative_rate,14.179999999999787,5.902703530244859,5.902706763194162,3.2329493029337186e-06,0.7961716263978958,0.675189610888443
negative_rate,14.199999999999786,5.899212871740871,5.89921610921164,3.2374707688020976e-06,0.7961716263978961,0.6751896108884425
negative_rate,14.219999999999786,5.8957222132368825,5.895725455229117,3.2419922346704766e-06,0.7961716263978957,0.6751896108884432
negative_rate,14.239999999999785,5.892231554732893,5.892234801246595,3.246513701427034e-06,0.7961716263978961,0.6751896108884425
negative_rate,14.259999999999785,5.888740896228905,5.888744147264072,3.251035167295413e-06,0.796171626397896,0.6751896108884428
negative_rate,14.279999999999784,5.885250237724916,5.885253493281549,3.2555566322756135e-06,0.7961716263978958,0.675189610888443
negative_rate,14.299999999999784,5.881759579220928,5.881762839299026,3.2600780981439925e-06,0.7961716263978962,0.6751896108884423
negative_rate,14.319999999999784,5.878268920716939,5.878272185316503,3.2645995640123715e-06,0.7961716263978961,0.6751896108884425
negative_rate,14.339999999999783,5.874778262212951,5.874781531333981,3.2691210298807505e-06,0.7961716263978961,0.6751896108884425
negative_rate,14.359999999999783,5.8712876037089625,5.871290877351458,3.2736424957491295e-06,0.796171626397896,0.6751896108884428
negative_rate,14.379999999999782,5.867796945204974,5.867800223368935,3.27816396072933e-06,0.7961716263978961,0.6751896108884425
negative_rate,14.399999999999782,5.864306286700986,5.864309569386412,3.282685426597709e-06,0.7961716263978963,0.6751896108884421
negative_rate,14.419999999999781,5.860815628196997,5.86081891540389,3.287206892466088e-06,0.7961716263978961,0.6751896108884425
negative_rate,14.439999999999781,5.857324969693008,5.857328261421367,3.2917283592226454e-06,0.7961716263978957,0.6751896108884432
negative_rate,14.45999999999978,5.853834311189019,5.853837607438844,3.296249824202846e-06,0.7961716263978958,0.675189610888443
negative_rate,14.47999999999978,5.850343652685031,5.850346953456321,3.300771290071225e-06,0.7961716263978961,0.6751896108884425
negative_rate,14.49999999999978,5.846852994181042,5.8468562994737985,3.3052927568277823e-06,0.7961716263978961,0.6751896108884425
negative_rate,14.51999999999978,5.843362335677053,5.843365645491276,3.3098142226961613e-06,0.7961716263978957,0.6751896108884432
negative_rate,14.539999999999779,5.839871677173065,5.839874991508753,3.3143356885645403e-06,0.7961716263978958,0.675189610888443
negative_rate,14.559999999999778,5.836381018669076,5.83638433752623,3.318857153544741e-06,0.7961716263978961,0.6751896108884425
negative_rate,14.579999999999778,5.832890360165088,5.832893683543707,3.32337861941312e-06,0.796171626397896,0.6751896108884428
negative_rate,14.599999999999778,5.829399701661099,5.829403029561185,3.327900085281499e-06,0.7961716263978958,0.675189610888443
negative_rate,14.619999999999777,5.825909043157111,5.825912375578662,3.332421551149878e-06,0.7961716263978958,0.675189610888443
negative_rate,14.639999999999777,5.822418384653123,5.82242172159614,3.336943017018257e-06,0.796171626397896,0.6751896108884428
negative_rate,14.659999999999776,5.818927726149134,5.818931067613616,3.3414644819984574e-06,0.7961716263978958,0.675189610888443
negative_rate,14.679999999999776,5.815437067645145,5.8154404136310935,3.3459859487550148e-06,0.7961716263978961,0.6751896108884425
negative_rate,14.699999999999775,5.811946409141156,5.811949759648571,3.3505074146233937e-06,0.7961716263978961,0.6751896108884425
negative_rate,14.719999999999775,5.808455750637168,5.808459105666048,3.3550288804917727e-06,0.7961716263978961,0.6751896108884425
negative_rate,14.739999999999775,5.804965092133179,5.804968451683526,3.35955034724833e-06,0.7961716263978961,0.6751896108884425
negative_rate,14.759999999999774,5.80147443362919,5.801477797701002,3.3640718122285307e-06,0.7961716263978961,0.6751896108884425
negative_rate,14.779999999999774,5.797983775125202,5.79798714371848,3.3685932780969097e-06,0.7961716263978961,0.6751896108884425
negative_rate,14.799999999999773,5.794493116621213,5.794496489735957,3.3731147439652887e-06,0.7961716263978957,0.6751896108884432
negative_rate,14.819999999999773,5.791002458117225,5.791005835753435,3.3776362098336676e-06,0.7961716263978961,0.6751896108884425
negative_rate,14.839999999999772,5.787511799613236,5.787515181770912,3.3821576757020466e-06,0.7961716263978961,0.6751896108884425
negative_rate,14.859999999999772,5.784021141109248,5.784024527788389,3.386679140682247e-06,0.7961716263978961,0.6751896108884425
negative_rate,14.879999999999772,5.7805304826052595,5.780533873805866,3.391200606550626e-06,0.7961716263978961,0.6751896108884425
negative_rate,14.899999999999771,5.777039824101271,5.7770432198233435,3.395722072419005e-06,0.7961716263978961,0.6751896108884425
negative_rate,14.91999999999977,5.773549165597282,5.773552565840821,3.4002435391755625e-06,0.7961716263978958,0.675189610888443
negative_rate,14.93999999999977,5.770058507093293,5.770061911858297,3.404765004155763e-06,0.7961716263978962,0.6751896108884423
negative_rate,14.95999999999977,5.766567848589305,5.766571257875775,3.409286470024142e-06,0.7961716263978958,0.675189610888443
negative_rate,14.97999999999977,5.763077190085316,5.763080603893252,3.413807935892521e-06,0.7961716263978958,0.675189610888443
negative_rate,14.999999999999769,5.759586531581327,5.75958994991073,3.4183294026490785e-06,0.7961716263978961,0.6751896108884425
negative_rate,15.019999999999769,5.756095873077339,5.756099295928207,3.4228508685174575e-06,0.7961716263978962,0.6751896108884423
negative_rate,15.039999999999768,5.75260521457335,5.752608641945684,3.427372333497658e-06,0.7961716263978958,0.675189610888443
negative_rate,15.059999999999768,5.749114556069362,5.749117987963161,3.431893799366037e-06,0.7961716263978961,0.6751896108884425
negative_rate,15.079999999999767,5.745623897565373,5.7456273339806385,3.436415265234416e-06,0.7961716263978957,0.6751896108884432
negative_rate,15.099999999999767,5.742133239061385,5.742136679998116,3.440936731102795e-06,0.796171626397896,0.6751896108884428
negative_rate,15.119999999999767,5.738642580557396,5.7386460260155925,3.4454581960829955e-06,0.796171626397896,0.6751896108884428
negative_rate,15.139999999999766,5.735151922053408,5.73515537203307,3.4499796619513745e-06,0.7961716263978961,0.6751896108884425
negative_rate,15.159999999999766,5.7316612635494195,5.731664718050547,3.4545011278197535e-06,0.7961716263978958,0.675189610888443
negative_rate,15.179999999999765,5.72817060504543,5.728174064068025,3.459022594576311e-06,0.7961716263978958,0.675189610888443
negative_rate,15.199999999999765,5.724679946541442,5.724683410085502,3.46354406044469e-06,0.7961716263978961,0.6751896108884425
negative_rate,15.219999999999764,5.721189288037453,5.72119275610298,3.468065526313069e-06,0.7961716263978958,0.675189610888443
negative_rate,15.239999999999764,5.717698629533464,5.717702102120456,3.472586992181448e-06,0.7961716263978961,0.6751896108884425
negative_rate,15.259999999999764,5.7142079710294755,5.714211448137934,3.477108458049827e-06,0.7961716263978958,0.675189610888443
negative_rate,15.279999999999763,5.710717312525487,5.710720794155411,3.481629923918206e-06,0.7961716263978958,0.675189610888443
negative_rate,15.299999999999763,5.707226654021499,5.7072301401728875,3.4861513888984064e-06,0.7961716263978958,0.675189610888443
negative_rate,15.319999999999762,5.70373599551751,5.703739486190365,3.4906728547667853e-06,0.7961716263978958,0.675189610888443
negative_rate,15.339999999999762,5.700245337013522,5.700248832207842,3.4951943206351643e-06,0.7961716263978958,0.675189610888443
negative_rate,15.359999999999761,5.696754678509533,5.69675817822532,3.4997157865035433e-06,0.7961716263978958,0.675189610888443
negative_rate,15.379999999999761,5.693264020005545,5.693267524242797,3.5042372523719223e-06,0.7961716263978958,0.675189610888443
negative_rate,15.39999999999976,5.689773361501556,5.689776870260274,3.508758717352123e-06,0.7961716263978961,0.6751896108884425
negative_rate,15.41999999999976,5.686282702997567,5.686286216277751,3.5132801841086803e-06,0.7961716263978958,0.675189610888443
negative_rate,15.43999999999976,5.682792044493579,5.682795562295229,3.5178016499770592e-06,0.7961716263978961,0.6751896108884425
negative_rate,15.45999999999976,5.67930138598959,5.679304908312706,3.5223231158454382e-06,0.7961716263978958,0.675189610888443
negative_rate,15.479999999999759,5.675810727485601,5.6758142543301835,3.5268445826019956e-06,0.796171626397896,0.6751896108884428
negative_rate,15.499999999999758,5.6723200689816125,5.67232360034766,3.531366047582196e-06,0.7961716263978963,0.6751896108884421
negative_rate,15.519999999999758,5.668829410477624,5.6688329463651375,3.535887513450575e-06,0.7961716263978961,0.6751896108884425
negative_rate,15.539999999999758,5.665338751973636,5.665342292382615,3.540408979318954e-06,0.7961716263978958,0.675189610888443
negative_rate,15.559999999999757,5.661848093469647,5.661851638400092,3.544930445187333e-06,0.7961716263978958,0.675189610888443
negative_rate,15.579999999999757,5.658357434965659,5.65836098441757,3.549451911055712e-06,0.7961716263978958,0.675189610888443
negative_rate,15.599999999999756,5.65486677646167,5.654870330435046,3.5539733760359127e-06,0.7961716263978961,0.6751896108884425
negative_rate,15.619999999999756,5.651376117957682,5.651379676452524,3.5584948419042917e-06,0.7961716263978958,0.675189610888443
negative_rate,15.639999999999755,5.647885459453693,5.647889022470001,3.5630163077726706e-06,0.796171626397896,0.6751896108884428
negative_rate,15.659999999999755,5.644394800949705,5.644398368487479,3.5675377736410496e-06,0.7961716263978961,0.6751896108884425
negative_rate,15.679999999999755,5.640904142445716,5.640907714504955,3.5720592395094286e-06,0.7961716263978957,0.6751896108884432
negative_rate,15.699999999999754,5.637413483941727,5.6374170605224325,3.5765807053778076e-06,0.796171626397896,0.6751896108884428
negative_rate,15.719999999999754,5.633922825437739,5.63392640653991,3.5811021712461866e-06,0.7961716263978958,0.675189610888443
negative_rate,15.739999999999753,5.630432166933749,5.630435752557387,3.585623638002744e-06,0.7961716263978958,0.675189610888443
negative_rate,15.759999999999753,5.626941508429761,5.626945098574865,3.590145103871123e-06,0.7961716263978958,0.675189610888443
negative_rate,15.779999999999752,5.6234508499257725,5.623454444592342,3.594666569739502e-06,0.7961716263978961,0.6751896108884425
negative_rate,15.799999999999752,5.619960191421784,5.619963790609819,3.5991880347197025e-06,0.7961716263978963,0.6751896108884421
negative_rate,15.819999999999752,5.616469532917796,5.616473136627296,3.6037095005880815e-06,0.7961716263978962,0.6751896108884423
negative_rate,15.839999999999751,5.612978874413807,5.612982482644774,3.6082309664564605e-06,0.7961716263978961,0.6751896108884425
negative_rate,15.85999999999975,5.609488215909819,5.60949182866225,3.612752431436661e-06,0.7961716263978958,0.675189610888443
negative_rate,15.87999999999975,5.60599755740583,5.606001174679728,3.61727389730504e-06,0.796171626397896,0.6751896108884428
negative_rate,15.89999999999975,5.602506898901842,5.602510520697205,3.621795363173419e-06,0.7961716263978957,0.6751896108884432
negative_rate,15.91999999999975,5.5990162403978525,5.599019866714682,3.6263168299299764e-06,0.7961716263978958,0.675189610888443
negative_rate,15.939999999999749,5.595525581893864,5.59552921273216,3.6308382957983554e-06,0.7961716263978958,0.675189610888443
negative_rate,15.959999999999749,5.592034923389876,5.592038558749637,3.6353597616667344e-06,0.7961716263978957,0.6751896108884432
negative_rate,15.979999999999748,5.588544264885886,5.588547904767114,3.6398812275351133e-06,0.7961716263978961,0.6751896108884425
negative_rate,15.999999999999748,5.585053606381898,5.585057250784591,3.6444026934034923e-06,0.7961716263978962,0.6751896108884423
negative_rate,16.019999999999747,5.581562947877909,5.581566596802069,3.6489241592718713e-06,0.7961716263978958,0.675189610888443
negative_rate,16.039999999999747,5.578072289373921,5.578075942819545,3.653445624252072e-06,0.7961716263978961,0.6751896108884425
negative_rate,16.059999999999746,5.5745816308699325,5.574585288837023,3.657967090120451e-06,0.796171626397896,0.6751896108884428
negative_rate,16.079999999999746,5.571090972365944,5.5710946348545,3.66248855598883e-06,0.7961716263978961,0.6751896108884425
negative_rate,16.099999999999746,5.567600313861956,5.5676039808719775,3.667010021857209e-06,0.7961716263978961,0.6751896108884425
negative_rate,16.119999999999745,5.564109655357967,5.564113326889455,3.671531487725588e-06,0.7961716263978958,0.675189610888443
negative_rate,16.139999999999745,5.560618996853979,5.560622672906932,3.6760529535939668e-06,0.7961716263978962,0.6751896108884423
negative_rate,16.159999999999744,5.55712833834999,5.557132018924409,3.6805744185741673e-06,0.7961716263978962,0.6751896108884423
negative_rate,16.179999999999744,5.553637679846001,5.553641364941886,3.6850958853307247e-06,0.796171626397896,0.6751896108884428
negative_rate,16.199999999999743,5.5501470213420125,5.550150710959364,3.6896173511991037e-06,0.7961716263978958,0.675189610888443
negative_rate,16.219999999999743,5.546656362838024,5.546660056976841,3.6941388170674827e-06,0.7961716263978958,0.675189610888443
negative_rate,16.239999999999743,5.543165704334035,5.543169402994318,3.6986602829358617e-06,0.7961716263978958,0.675189610888443
negative_rate,16.259999999999742,5.539675045830046,5.539678749011795,3.7031817488042407e-06,0.796171626397896,0.6751896108884428
negative_rate,16.279999999999742,5.536184387326058,5.536188095029273,3.7077032146726197e-06,0.7961716263978961,0.6751896108884425
negative_rate,16.29999999999974,5.5326937288220694,5.53269744104675,3.7122246805409986e-06,0.7961716263978958,0.675189610888443
negative_rate,16.31999999999974,5.529203070318081,5.529206787064227,3.7167461464093776e-06,0.7961716263978961,0.6751896108884425
negative_rate,16.33999999999974,5.525712411814093,5.525716133081705,3.7212676122777566e-06,0.7961716263978963,0.6751896108884421
negative_rate,16.35999999999974,5.522221753310104,5.522225479099181,3.725789077257957e-06,0.7961716263978958,0.675189610888443
negative_rate,16.37999999999974,5.518731094806116,5.518734825116659,3.730310543126336e-06,0.7961716263978957,0.6751896108884432
negative_rate,16.39999999999974,5.515240436302127,5.515244171134136,3.734832008994715e-06,0.7961716263978961,0.6751896108884425
negative_rate,16.41999999999974,5.511749777798138,5.511753517151614,3.7393534757512725e-06,0.7961716263978961,0.6751896108884425
negative_rate,16.43999999999974,5.5082591192941495,5.50826286316909,3.743874940731473e-06,0.796171626397896,0.6751896108884428
negative_rate,16.459999999999738,5.504768460790161,5.504772209186568,3.748396406599852e-06,0.7961716263978961,0.6751896108884425
negative_rate,16.479999999999738,5.501277802286172,5.501281555204045,3.7529178733564095e-06,0.7961716263978961,0.6751896108884425
negative_rate,16.499999999999737,5.497787143782183,5.4977909012215225,3.7574393392247885e-06,0.7961716263978958,0.675189610888443
negative_rate,16.519999999999737,5.494296485278195,5.494300247239,3.7619608050931674e-06,0.7961716263978961,0.6751896108884425
negative_rate,16.539999999999736,5.490805826774206,5.490809593256477,3.7664822709615464e-06,0.7961716263978961,0.6751896108884425
negative_rate,16.559999999999736,5.487315168270218,5.487318939273954,3.771003735941747e-06,0.7961716263978957,0.6751896108884432
negative_rate,16.579999999999735,5.4838245097662295,5.483828285291431,3.775525201810126e-06,0.7961716263978963,0.6751896108884421
negative_rate,16.599999999999735,5.480333851262241,5.480337631308908,3.7800466667903265e-06,0.7961716263978961,0.6751896108884425
negative_rate,16.619999999999735,5.476843192758253,5.476846977326385,3.7845681326587055e-06,0.7961716263978962,0.6751896108884423
negative_rate,16.639999999999734,5.473352534254264,5.473356323343863,3.7890895985270845e-06,0.7961716263978958,0.675189610888443
negative_rate,16.659999999999734,5.469861875750276,5.46986566936134,3.7936110643954635e-06,0.7961716263978961,0.6751896108884425
negative_rate,16.679999999999733,5.466371217246286,5.4663750153788175,3.798132531152021e-06,0.7961716263978963,0.6751896108884421
negative_rate,16.699999999999733,5.462880558742298,5.462884361396295,3.8026539970204e-06,0.7961716263978958,0.675189610888443
negative_rate,16.719999999999732,5.4593899002383095,5.4593937074137715,3.8071754620006004e-06,0.7961716263978961,0.6751896108884425
negative_rate,16.739999999999732,5.45589924173432,5.455903053431249,3.811696928757158e-06,0.7961716263978962,0.6751896108884423
negative_rate,16.75999999999973,5.452408583230332,5.452412399448726,3.816218394625537e-06,0.7961716263978962,0.6751896108884423
negative_rate,16.77999999999973,5.448917924726343,5.448921745466204,3.820739860493916e-06,0.7961716263978958,0.675189610888443
negative_rate,16.79999999999973,5.445427266222355,5.44543109148368,3.825261325474116e-06,0.7961716263978961,0.6751896108884425
negative_rate,16.81999999999973,5.441936607718366,5.441940437501158,3.829782791342495e-06,0.7961716263978958,0.675189610888443
negative_rate,16.83999999999973,5.438445949214378,5.438449783518635,3.834304257210874e-06,0.7961716263978961,0.6751896108884425
negative_rate,16.85999999999973,5.4349552907103895,5.434959129536113,3.838825723079253e-06,0.7961716263978963,0.6751896108884421
negative_rate,16.87999999999973,5.431464632206401,5.43146847555359,3.843347188947632e-06,0.7961716263978958,0.675189610888443
negative_rate,16.89999999999973,5.427973973702413,5.4279778215710675,3.847868654816011e-06,0.7961716263978961,0.6751896108884425
negative_rate,16.919999999999728,5.424483315198423,5.424487167588544,3.85239012068439e-06,0.7961716263978961,0.6751896108884425
negative_rate,16.939999999999728,5.420992656694435,5.420996513606021,3.856911586552769e-06,0.7961716263978961,0.6751896108884425
negative_rate,16.959999999999727,5.417501998190446,5.417505859623499,3.861433052421148e-06,0.796171626397896,0.6751896108884428
negative_rate,16.979999999999727,5.414011339686457,5.414015205640975,3.865954518289527e-06,0.7961716263978957,0.6751896108884432
negative_rate,16.999999999999726,5.410520681182469,5.410524551658453,3.870475984157906e-06,0.7961716263978958,0.675189610888443
negative_rate,17.019999999999726,5.40703002267848,5.40703389767593,3.874997450026285e-06,0.7961716263978962,0.6751896108884423
negative_rate,17.039999999999726,5.403539364174492,5.403543243693408,3.879518915894664e-06,0.7961716263978961,0.6751896108884425
negative_rate,17.059999999999725,5.400048705670503,5.400052589710885,3.884040381763043e-06,0.7961716263978958,0.675189610888443
negative_rate,17.079999999999725,5.396558047166515,5.396561935728362,3.888561846743244e-06,0.7961716263978958,0.675189610888443
negative_rate,17.099999999999724,5.393067388662526,5.393071281745839,3.893083312611623e-06,0.7961716263978962,0.6751896108884423
negative_rate,17.119999999999724,5.389576730158538,5.3895806277633165,3.897604778480002e-06,0.7961716263978961,0.6751896108884425
negative_rate,17.139999999999723,5.38608607165455,5.386089973780793,3.902126243460202e-06,0.7961716263978961,0.6751896108884425
negative_rate,17.159999999999723,5.382595413150561,5.38259931979827,3.906647709328581e-06,0.7961716263978958,0.675189610888443
negative_rate,17.179999999999723,5.379104754646572,5.379108665815748,3.911169176085139e-06,0.7961716263978957,0.6751896108884432
negative_rate,17.199999999999722,5.375614096142583,5.375618011833225,3.9156906419535176e-06,0.7961716263978961,0.6751896108884425
negative_rate,17.21999999999972,5.372123437638595,5.372127357850703,3.9202121078218966e-06,0.7961716263978958,0.675189610888443
negative_rate,17.23999999999972,5.368632779134606,5.368636703868179,3.9247335736902755e-06,0.7961716263978961,0.6751896108884425
negative_rate,17.25999999999972,5.365142120630617,5.365146049885657,3.9292550395586545e-06,0.7961716263978958,0.675189610888443
negative_rate,17.27999999999972,5.361651462126629,5.361655395903134,3.9337765054270335e-06,0.7961716263978958,0.675189610888443
negative_rate,17.29999999999972,5.35816080362264,5.3581647419206115,3.9382979712954125e-06,0.7961716263978961,0.6751896108884425
negative_rate,17.31999999999972,5.354670145118652,5.354674087938088,3.942819436275613e-06,0.7961716263978957,0.6751896108884432
negative_rate,17.33999999999972,5.351179486614663,5.3511834339555655,3.947340902143992e-06,0.7961716263978961,0.6751896108884425
negative_rate,17.35999999999972,5.347688828110675,5.347692779973043,3.951862368012371e-06,0.7961716263978958,0.675189610888443
negative_rate,17.37999999999972,5.3441981696066865,5.34420212599052,3.95638383388075e-06,0.7961716263978958,0.675189610888443
negative_rate,17.399999999999718,5.340707511102698,5.340711472007998,3.960905299749129e-06,0.7961716263978961,0.6751896108884425
negative_rate,17.419999999999717,5.337216852598709,5.337220818025474,3.965426765617508e-06,0.7961716263978963,0.6751896108884421
negative_rate,17.439999999999717,5.33372619409472,5.333730164042952,3.969948231485887e-06,0.7961716263978961,0.6751896108884425
negative_rate,17.459999999999717,5.330235535590732,5.330239510060429,3.974469697354266e-06,0.7961716263978963,0.6751896108884421
negative_rate,17.479999999999716,5.3267448770867425,5.326748856077907,3.978991164110823e-06,0.7961716263978957,0.6751896108884432
negative_rate,17.499999999999716,5.323254218582754,5.323258202095383,3.983512629091024e-06,0.7961716263978961,0.6751896108884425
negative_rate,17.519999999999715,5.319763560078766,5.319767548112861,3.988034094959403e-06,0.7961716263978963,0.6751896108884421
negative_rate,17.539999999999715,5.316272901574777,5.316276894130338,3.992555560827782e-06,0.7961716263978958,0.675189610888443
negative_rate,17.559999999999715,5.312782243070789,5.312786240147815,3.997077026696161e-06,0.7961716263978962,0.6751896108884423
negative_rate,17.579999999999714,5.3092915845668,5.309295586165293,4.00159849256454e-06,0.7961716263978962,0.6751896108884423
negative_rate,17.599999999999714,5.305800926062812,5.305804932182769,4.00611995754474e-06,0.7961716263978961,0.6751896108884425
negative_rate,17.619999999999713,5.302310267558823,5.302314278200247,4.010641423413119e-06,0.7961716263978961,0.6751896108884425
negative_rate,17.639999999999713,5.298819609054835,5.298823624217724,4.015162889281498e-06,0.7961716263978957,0.6751896108884432
negative_rate,17.659999999999712,5.295328950550846,5.295332970235202,4.019684356038056e-06,0.796171626397896,0.6751896108884428
negative_rate,17.679999999999712,5.291838292046857,5.291842316252678,4.024205821018256e-06,0.7961716263978958,0.675189610888443
negative_rate,17.69999999999971,5.288347633542869,5.288351662270156,4.028727286886635e-06,0.796171626397896,0.6751896108884428
negative_rate,17.71999999999971,5.28485697503888,5.284861008287633,4.033248752755014e-06,0.7961716263978961,0.6751896108884425
negative_rate,17.73999999999971,5.281366316534891,5.2813703543051105,4.037770219511572e-06,0.7961716263978958,0.675189610888443
negative_rate,17.75999999999971,5.2778756580309025,5.277879700322588,4.042291685379951e-06,0.7961716263978958,0.675189610888443
negative_rate,17.77999999999971,5.274384999526914,5.2743890463400644,4.046813150360151e-06,0.7961716263978958,0.675189610888443
negative_rate,17.79999999999971,5.270894341022926,5.270898392357542,4.05133461622853e-06,0.7961716263978961,0.6751896108884425
negative_rate,17.81999999999971,5.267403682518937,5.267407738375019,4.055856082096909e-06,0.7961716263978957,0.6751896108884432
negative_rate,17.83999999999971,5.263913024014949,5.263917084392496,4.06037754707711e-06,0.7961716263978961,0.6751896108884425
negative_rate,17.859999999999708,5.26042236551096,5.260426430409973,4.064899012945489e-06,0.7961716263978958,0.675189610888443
negative_rate,17.879999999999708,5.256931707006972,5.256935776427451,4.069420478813868e-06,0.7961716263978962,0.6751896108884423
negative_rate,17.899999999999707,5.253441048502983,5.253445122444928,4.073941944682247e-06,0.7961716263978961,0.6751896108884425
negative_rate,17.919999999999707,5.249950389998994,5.2499544684624055,4.078463411438804e-06,0.7961716263978962,0.6751896108884423
negative_rate,17.939999999999706,5.246459731495006,5.246463814479882,4.082984876419005e-06,0.796171626397896,0.6751896108884428
negative_rate,17.959999999999706,5.242969072991017,5.2429731604973595,4.087506342287384e-06,0.7961716263978958,0.675189610888443
negative_rate,17.979999999999706,5.239478414487028,5.239482506514837,4.092027809043941e-06,0.7961716263978961,0.6751896108884425
negative_rate,17.999999999999705,5.2359877559830394,5.235991852532314,4.09654927491232e-06,0.7961716263978958,0.675189610888443
negative_rate,18.019999999999705,5.232497097479051,5.232501198549791,4.101070739892521e-06,0.7961716263978962,0.6751896108884423
negative_rate,18.039999999999704,5.229006438975063,5.229010544567268,4.1055922057608996e-06,0.7961716263978958,0.675189610888443
negative_rate,18.059999999999704,5.225515780471074,5.225519890584746,4.1101136716292785e-06,0.7961716263978958,0.675189610888443
negative_rate,18.079999999999703,5.222025121967086,5.222029236602223,4.1146351374976575e-06,0.7961716263978957,0.6751896108884432
negative_rate,18.099999999999703,5.218534463463097,5.218538582619701,4.1191566033660365e-06,0.7961716263978961,0.6751896108884425
negative_rate,18.119999999999703,5.215043804959109,5.215047928637178,4.1236780692344155e-06,0.7961716263978957,0.6751896108884432
negative_rate,18.139999999999702,5.21155314645512,5.211557274654655,4.128199534214616e-06,0.7961716263978961,0.6751896108884425
negative_rate,18.1599999999997,5.208062487951131,5.208066620672132,4.1327210009711735e-06,0.7961716263978961,0.6751896108884425
negative_rate,18.1799999999997,5.204571829447143,5.204575966689609,4.1372424668395524e-06,0.796171626397896,0.6751896108884428
negative_rate,18.1999999999997,5.201081170943154,5.201085312707086,4.141763931819753e-06,0.7961716263978962,0.6751896108884423
negative_rate,18.2199999999997,5.197590512439165,5.197594658724563,4.14628539857631e-06,0.7961716263978958,0.675189610888443
negative_rate,18.2399999999997,5.194099853935176,5.194104004742041,4.150806864444689e-06,0.7961716263978958,0.675189610888443
negative_rate,18.2599999999997,5.190609195431188,5.190613350759518,4.155328330313068e-06,0.796171626397896,0.6751896108884428
negative_rate,18.2799999999997,5.1871185369271995,5.187122696776996,4.159849796181447e-06,0.7961716263978958,0.675189610888443
negative_rate,18.2999999999997,5.183627878423211,5.183632042794472,4.164371261161648e-06,0.7961716263978958,0.675189610888443
negative_rate,18.3199999999997,5.180137219919223,5.18014138881195,4.168892727030027e-06,0.7961716263978963,0.6751896108884421
negative_rate,18.339999999999698,5.176646561415234,5.176650734829427,4.173414192898406e-06,0.796171626397896,0.6751896108884428
negative_rate,18.359999999999697,5.173155902911246,5.173160080846904,4.1779356578786064e-06,0.7961716263978958,0.675189610888443
negative_rate,18.379999999999697,5.169665244407257,5.169669426864381,4.182457123746985e-06,0.7961716263978958,0.675189610888443
negative_rate,18.399999999999697,5.166174585903269,5.1661787728818584,4.186978589615364e-06,0.7961716263978958,0.675189610888443
negative_rate,18.419999999999696,5.1626839273992795,5.162688118899336,4.191500056371922e-06,0.7961716263978963,0.6751896108884421
negative_rate,18.439999999999696,5.159193268895291,5.159197464916813,4.196021522240301e-06,0.796171626397896,0.6751896108884428
negative_rate,18.459999999999695,5.155702610391303,5.15570681093429,4.200542987220501e-06,0.7961716263978962,0.6751896108884423
negative_rate,18.479999999999695,5.152211951887313,5.152216156951767,4.205064453977059e-06,0.7961716263978957,0.6751896108884432
negative_rate,18.499999999999694,5.148721293383325,5.148725502969245,4.209585919845438e-06,0.7961716263978962,0.6751896108884423
negative_rate,18.519999999999694,5.145230634879336,5.145234848986722,4.214107385713817e-06,0.7961716263978963,0.6751896108884421
negative_rate,18.539999999999694,5.141739976375348,5.141744195004199,4.218628850694017e-06,0.7961716263978961,0.6751896108884425
negative_rate,18.559999999999693,5.1382493178713595,5.138253541021676,4.223150316562396e-06,0.7961716263978963,0.6751896108884421
negative_rate,18.579999999999693,5.134758659367371,5.1347628870391535,4.227671782430775e-06,0.796171626397896,0.6751896108884428
negative_rate,18.599999999999692,5.131268000863383,5.131272233056631,4.232193248299154e-06,0.7961716263978957,0.6751896108884432
negative_rate,18.619999999999692,5.127777342359394,5.1277815790741075,4.236714713279355e-06,0.796171626397896,0.6751896108884428
negative_rate,18.63999999999969,5.124286683855406,5.124290925091585,4.241236179147734e-06,0.7961716263978961,0.6751896108884425
negative_rate,18.65999999999969,5.120796025351416,5.120800271109062,4.245757645904291e-06,0.7961716263978958,0.675189610888443
negative_rate,18.67999999999969,5.117305366847428,5.11730961712654,4.25027911177267e-06,0.7961716263978958,0.675189610888443
negative_rate,18.69999999999969,5.1138147083434395,5.113818963144016,4.254800576752871e-06,0.7961716263978962,0.6751896108884423
negative_rate,18.71999999999969,5.11032404983945,5.110328309161494,4.259322043509428e-06,0.7961716263978962,0.6751896108884423
negative_rate,18.73999999999969,5.106833391335462,5.106837655178971,4.263843509377807e-06,0.7961716263978958,0.675189610888443
negative_rate,18.75999999999969,5.103342732831473,5.103347001196449,4.268364975246186e-06,0.7961716263978961,0.6751896108884425
negative_rate,18.77999999999969,5.099852074327485,5.099856347213926,4.272886441114565e-06,0.796171626397896,0.6751896108884428
negative_rate,18.799999999999688,5.096361415823496,5.0963656932314025,4.277407906094766e-06,0.796171626397896,0.6751896108884428
negative_rate,18.819999999999688,5.092870757319508,5.09287503924888,4.281929371963145e-06,0.7961716263978961,0.6751896108884425
negative_rate,18.839999999999687,5.08938009881552,5.089384385266357,4.286450837831524e-06,0.7961716263978958,0.675189610888443
negative_rate,18.859999999999687,5.085889440311531,5.085893731283834,4.290972302811724e-06,0.7961716263978958,0.675189610888443
negative_rate,18.879999999999686,5.082398781807543,5.082403077301311,4.295493768680103e-06,0.7961716263978964,0.6751896108884419
negative_rate,18.899999999999686,5.078908123303554,5.078912423318789,4.300015234548482e-06,0.7961716263978958,0.675189610888443
negative_rate,18.919999999999686,5.075417464799565,5.075421769336266,4.3045367013050395e-06,0.7961716263978962,0.6751896108884423
negative_rate,18.939999999999685,5.0719268062955765,5.071931115353744,4.3090581671734185e-06,0.7961716263978958,0.675189610888443
negative_rate,18.959999999999685,5.068436147791588,5.06844046137122,4.313579632153619e-06,0.7961716263978962,0.6751896108884423
negative_rate,18.979999999999684,5.064945489287599,5.064949807388698,4.3181010989101765e-06,0.7961716263978958,0.675189610888443
negative_rate,18.999999999999684,5.06145483078361,5.061459153406175,4.3226225647785554e-06,0.7961716263978961,0.6751896108884425
negative_rate,19.019999999999683,5.057964172279622,5.0579684994236525,4.3271440306469344e-06,0.796171626397896,0.6751896108884428
negative_rate,19.039999999999683,5.054473513775633,5.054477845441129,4.331665495627135e-06,0.7961716263978958,0.675189610888443
negative_rate,19.059999999999683,5.050982855271645,5.050987191458606,4.336186961495514e-06,0.7961716263978963,0.6751896108884421
negative_rate,19.079999999999682,5.0474921967676565,5.047496537476084,4.340708427363893e-06,0.7961716263978962,0.6751896108884423
negative_rate,19.09999999999968,5.044001538263668,5.044005883493561,4.345229893232272e-06,0.7961716263978957,0.6751896108884432
negative_rate,19.11999999999968,5.04051087975968,5.040515229511039,4.349751359100651e-06,0.7961716263978961,0.6751896108884425
negative_rate,19.13999999999968,5.037020221255691,5.037024575528515,4.3542728240808515e-06,0.7961716263978964,0.6751896108884419
negative_rate,19.15999999999968,5.033529562751702,5.033533921545993,4.358794290837409e-06,0.7961716263978962,0.6751896108884423
negative_rate,19.17999999999968,5.030038904247713,5.03004326756347,4.363315756705788e-06,0.796171626397896,0.6751896108884428
negative_rate,19.19999999999968,5.026548245743725,5.026552613580947,4.3678372216859884e-06,0.7961716263978961,0.6751896108884425
negative_rate,19.21999999999968,5.023057587239736,5.023061959598424,4.372358688442546e-06,0.796171626397896,0.6751896108884428
negative_rate,19.23999999999968,5.019566928735747,5.0195713056159015,4.376880154310925e-06,0.7961716263978961,0.6751896108884425
negative_rate,19.25999999999968,5.016076270231759,5.016080651633379,4.381401620179304e-06,0.7961716263978958,0.675189610888443
negative_rate,19.279999999999678,5.01258561172777,5.012589997650856,4.385923086047683e-06,0.7961716263978961,0.6751896108884425
negative_rate,19.299999999999677,5.009094953223782,5.009099343668333,4.390444551027883e-06,0.7961716263978961,0.6751896108884425
negative_rate,19.319999999999677,5.005604294719793,5.00560868968581,4.394966016896262e-06,0.7961716263978963,0.6751896108884421
negative_rate,19.339999999999677,5.002113636215805,5.002118035703288,4.399487482764641e-06,0.7961716263978962,0.6751896108884423
negative_rate,19.359999999999676,4.9986229777118165,4.998627381720764,4.404008947744842e-06,0.7961716263978962,0.6751896108884423
negative_rate,19.379999999999676,4.995132319207828,4.995136727738242,4.408530413613221e-06,0.7961716263978961,0.6751896108884425
negative_rate,19.399999999999675,4.99164166070384,4.991646073755719,4.4130518794816e-06,0.7961716263978961,0.6751896108884425
negative_rate,19.419999999999675,4.98815100219985,4.9881554197731965,4.417573346238157e-06,0.7961716263978958,0.675189610888443
negative_rate,19.439999999999674,4.984660343695862,4.984664765790674,4.422094812106536e-06,0.7961716263978958,0.675189610888443
negative_rate,19.459999999999674,4.981169685191873,4.9811741118081505,4.426616277086737e-06,0.7961716263978961,0.6751896108884425
negative_rate,19.479999999999674,4.977679026687884,4.977683457825628,4.431137743843294e-06,0.7961716263978957,0.6751896108884432
negative_rate,19.499999999999673,4.974188368183896,4.974192803843105,4.435659209711673e-06,0.796171626397896,0.6751896108884428
negative_rate,19.519999999999673,4.970697709679907,4.970702149860582,4.440180674691874e-06,0.7961716263978964,0.6751896108884419
negative_rate,19.539999999999672,4.967207051175919,4.967211495878059,4.444702140560253e-06,0.7961716263978961,0.6751896108884425
negative_rate,19.559999999999672,4.96371639267193,4.963720841895537,4.449223606428632e-06,0.7961716263978961,0.6751896108884425
negative_rate,19.57999999999967,4.960225734167942,4.960230187913014,4.453745072297011e-06,0.7961716263978958,0.675189610888443
negative_rate,19.59999999999967,4.956735075663953,4.956739533930492,4.45826653816539e-06,0.7961716263978962,0.6751896108884423
negative_rate,19.61999999999967,4.953244417159965,4.953248879947969,4.462788004033769e-06,0.7961716263978957,0.6751896108884432
negative_rate,19.63999999999967,4.9497537586559766,4.949758225965446,4.467309469013969e-06,0.7961716263978962,0.6751896108884423
negative_rate,19.65999999999967,4.946263100151987,4.946267571982923,4.471830935770527e-06,0.7961716263978962,0.6751896108884423
negative_rate,19.67999999999967,4.942772441647999,4.9427769180004,4.4763524016389056e-06,0.7961716263978958,0.675189610888443
negative_rate,19.69999999999967,4.93928178314401,4.939286264017877,4.480873866619106e-06,0.7961716263978961,0.6751896108884425
negative_rate,19.71999999999967,4.935791124640021,4.935795610035354,4.4853953333756635e-06,0.7961716263978961,0.6751896108884425
negative_rate,19.739999999999668,4.932300466136033,4.932304956052832,4.4899167992440425e-06,0.7961716263978963,0.6751896108884421
negative_rate,19.759999999999668,4.928809807632044,4.928814302070309,4.4944382651124215e-06,0.796171626397896,0.6751896108884428
negative_rate,19.779999999999667,4.925319149128056,4.925323648087787,4.4989597309808005e-06,0.7961716263978961,0.6751896108884425
negative_rate,19.799999999999667,4.921828490624067,4.921832994105263,4.503481195961001e-06,0.7961716263978962,0.6751896108884423
negative_rate,19.819999999999666,4.918337832120079,4.918342340122741,4.50800266182938e-06,0.796171626397896,0.6751896108884428
negative_rate,19.839999999999666,4.91484717361609,4.914851686140218,4.512524127697759e-06,0.7961716263978962,0.6751896108884423
negative_rate,19.859999999999665,4.911356515112102,4.911361032157695,4.5170455926779596e-06,0.796171626397896,0.6751896108884428
negative_rate,19.879999999999665,4.9078658566081135,4.907870378175172,4.5215670585463386e-06,0.7961716263978958,0.675189610888443
negative_rate,19.899999999999665,4.904375198104125,4.9043797241926494,4.5260885244147175e-06,0.7961716263978957,0.6751896108884432
negative_rate,19.919999999999664,4.900884539600136,4.900889070210127,4.530609991171275e-06,0.7961716263978958,0.675189610888443
negative_rate,19.939999999999664,4.897393881096147,4.897398416227604,4.535131457039654e-06,0.7961716263978958,0.675189610888443
negative_rate,19.959999999999663,4.893903222592159,4.893907762245082,4.539652922908033e-06,0.7961716263978961,0.6751896108884425
negative_rate,19.979999999999663,4.8904125640881695,4.890417108262558,4.544174388776412e-06,0.796171626397896,0.6751896108884428
negative_rate,19.999999999999662,4.886921905584181,4.886926454280036,4.548695854644791e-06,0.7961716263978963,0.6751896108884421
negative_rate,20.0,4.886921905584122,4.886926454279977,4.548695854644791e-06,0.7961716263978961,0.6751896108884425
wrap,0.0,6.265732014659643,6.265732014659643,0.0,0.7961740796645927,0.6751850472301968
wrap,0.02,6.267477343911637,6.267477340139456,-3.772181678129982e-09,0.796173191395855,0.6751866996227844
wrap,0.04,6.269222673163632,6.269222665588146,-7.575486016264676e-09,0.7961725572048081,0.6751878793686704
wrap,0.06,6.270968002415626,6.2709679914667396,-1.0948886242090339e-08,0.7961720995672968,0.6751887306823747
wrap,0.08,6.27271333166762,6.272713317880162,-1.3787458286174115e-08,0.796171768524921,0.6751893464989057
wrap,0.1,6.274458660919615,6.274458644794638,-1.612497690928194e-08,0.7961715289165502,0.6751897922265326
wrap,0.12000000000000001,6.276203990171609,6.276203972131245,-1.804036475760995e-08,0.7961713555116423,0.6751901148001301
wrap,0.14,6.277949319423604,6.277949299804913,-1.96186906720186e-08,0.7961712300669399,0.6751903481565004
wrap,0.16,6.279694648675598,6.279694627739398,-2.0936199440768632e-08,0.7961711393575224,0.6751905168971214
wrap,0.18,6.281439977927592,6.281439955871693,-2.205589932913199e-08,0.7961710737923497,0.6751906388635825
wrap,0.19999999999999998,0.0,6.283185284151987,-2.3027599382885455e-08,0.7961710264186128,0.6751907269897375
wrap,0.21999999999999997,0.001745329251994221,0.001745305362378323,-2.3889616063144103e-08,0.7961709921993875,0.6751907906454413
wrap,0.23999999999999996,0.003490658503988442,0.00349063383308852,-2.467089998958727e-08,0.7961709674882155,0.6751908366139563
wrap,0.25999999999999995,0.005235987755983551,0.005235962362923669,-2.5393060099077047e-08,0.7961709496469097,0.6751908698029248
wrap,0.27999999999999997,0.006981317007977772,0.006981290935898541,-2.607207916227594e-08,0.7961709367677835,0.6751908937610873
wrap,0.3,0.008726646259971993,0.008726619540262241,-2.6719709556033422e-08,0.7961709274719965,0.6751909110534073
wrap,0.32,0.010471975511966214,0.010471948167416919,-2.7344549291541398e-08,0.7961709207633169,0.6751909235331074
wrap,0.34,0.012217304763960435,0.012217276811093669,-2.7952866687996902e-08,0.7961709159221723,0.6751909325387591
wrap,0.36000000000000004,0.013962634015954656,0.013962605466733531,-2.8549221209317466e-08,0.7961709124289463,0.6751909390369695
wrap,0.38000000000000006,0.015707963267948877,0.015707934131027675,-2.913692132011647e-08,0.7961709099084922,0.6751909437255987
wrap,0.4000000000000001,0.017453292519943098,0.01745326280157808,-2.971836510212711e-08,0.796170908090008,0.6751909471084009
wrap,0.4200000000000001,0.019198621771938207,0.019198591476648805,-3.02952893882491e-08,0.7961709067780416,0.6751909495489626
wrap,0.4400000000000001,0.020943951023932428,0.020943920154984384,-3.086894784232186e-08,0.7961709058315396,0.6751909513096759
wrap,0.46000000000000013,0.02268928027592665,0.022689248835677144,-3.144024951495794e-08,0.7961709051487155,0.675190952579887
wrap,0.48000000000000015,0.02443460952792087,0.024434577518071498,-3.200984943774188e-08,0.796170904656124,0.6751909534962215
wrap,0.5000000000000001,0.02617993877991509,0.02617990620169395,-3.257822100977137e-08,0.7961709043007735,0.6751909541572557
wrap,0.5200000000000001,0.02792526803190931,0.027925234886202615,-3.314570662382721e-08,0.7961709040444307,0.6751909546341128
wrap,0.5400000000000001,0.029670597283903533,0.02967056357135075,-3.3712552749420865e-08,0.7961709038595125,0.6751909549781036
wrap,0.5600000000000002,0.031415926535897754,0.031415892256960246,-3.427893746632549e-08,0.7961709037261193,0.6751909552262457
wrap,0.5800000000000002,0.03316125578789286,0.033161220942902594,-3.484499044859035e-08,0.7961709036298947,0.6751909554052458
wrap,0.6000000000000002,0.034906585039887084,0.03490654962908511,-3.541080184632506e-08,0.7961709035604829,0.6751909555343679
wrap,0.6200000000000002,0.036651914291881305,0.03665187831544084,-3.597644049335713e-08,0.7961709035104125,0.6751909556275104
wrap,0.6400000000000002,0.038397243543875526,0.03839720700192157,-3.654195390723203e-08,0.7961709034742944,0.6751909556946984
wrap,0.6600000000000003,0.040142572795869746,0.040142535688492416,-3.7107377170997324e-08,0.7961709034482408,0.6751909557431642
wrap,0.6800000000000003,0.04188790204786397,0.04188786437512829,-3.767273559773798e-08,0.7961709034294474,0.6751909557781243
wrap,0.7000000000000003,0.04363323129985819,0.043633193061811064,-3.82380469510224e-08,0.7961709034158909,0.6751909558033425
wrap,0.7200000000000003,0.04537856055185241,0.04537852174852771,-3.8803324553526863e-08,0.7961709034061117,0.6751909558215341
wrap,0.7400000000000003,0.04712388980384752,0.04712385043526875,-3.936857861930321e-08,0.7961709033990578,0.6751909558346559
wrap,0.7600000000000003,0.04886921905584174,0.04886917912202738,-3.993381447742195e-08,0.7961709033939699,0.6751909558441207
wrap,0.7800000000000004,0.05061454830783596,0.050614507808798746,-4.049903701286439e-08,0.7961709033902994,0.6751909558509487
wrap,0.8000000000000004,0.05235987755983018,0.05235983649557922,-4.106425111061185e-08,0.7961709033876518,0.6751909558558737
wrap,0.8200000000000004,0.0541052068118244,0.05410516518236632,-4.162945810293195e-08,0.796170903385742,0.6751909558594265
wrap,0.8400000000000004,0.05585053606381862,0.05585049386915823,-4.219466021027074e-08,0.7961709033843645,0.6751909558619891
wrap,0.8600000000000004,0.057595865315812844,0.05759582255595354,-4.275985920898506e-08,0.7961709033833709,0.6751909558638373
wrap,0.8800000000000004,0.059341194567807065,0.059341151242751355,-4.3325055543164126e-08,0.7961709033826541,0.6751909558651707
wrap,0.9000000000000005,0.061086523819802174,0.061086479929550956,-4.389025143325398e-08,0.7961709033821369,0.6751909558661328
wrap,0.9200000000000005,0.0628318530717964,0.06283180861635185,-4.4455444658808574e-08,0.796170903381764,0.6751909558668265
wrap,0.9400000000000005,0.06457718232379062,0.06457713730315365,-4.502063699618475e-08,0.796170903381495,0.6751909558673269
wrap,0.9600000000000005,0.06632251157578484,0.06632246598995614,-4.5585828889471713e-08,0.7961709033813008,0.6751909558676882
wrap,0.9800000000000005,0.06806784082777906,0.0680677946767591,-4.615101989458026e-08,0.7961709033811607,0.6751909558679487
wrap,1.0000000000000004,0.06981317007977328,0.06981312336356245,-4.6716210899688804e-08,0.79617090338106,0.675190955868136
wrap,1.0200000000000005,0.0715584993317675,0.07155845205036601,-4.728140146070814e-08,0.7961709033809872,0.6751909558682716
wrap,1.0400000000000005,0.07330382858376172,0.0733037807371698,-4.7846592021727474e-08,0.7961709033809344,0.6751909558683696
wrap,1.0600000000000005,0.07504915783575683,0.07504910942397366,-4.841178302683602e-08,0.7961709033808968,0.6751909558684397
wrap,1.0800000000000005,0.07679448708775105,0.0767944381107777,-4.8976973143766145e-08,0.7961709033808693,0.675190955868491
wrap,1.1000000000000005,0.07853981633974527,0.07853976679758169,-4.954216370478548e-08,0.7961709033808496,0.6751909558685275
wrap,1.1200000000000006,0.08028514559173949,0.08028509548438584,-5.0107353821715606e-08,0.7961709033808352,0.6751909558685544
wrap,1.1400000000000006,0.08203047484373371,0.08203042417118998,-5.067254393864573e-08,0.7961709033808251,0.6751909558685731
wrap,1.1600000000000006,0.08377580409572793,0.08377575285799409,-5.1237734055575856e-08,0.7961709033808178,0.6751909558685868
wrap,1.1800000000000006,0.08552113334772216,0.08552108154479826,-5.180292372841677e-08,0.7961709033808124,0.6751909558685967
wrap,1.2000000000000006,0.08726646259971638,0.08726641023160245,-5.23681138453469e-08,0.7961709033808084,0.6751909558686041
wrap,1.2200000000000006,0.08901179185171149,0.08901173891840669,-5.293330485045544e-08,0.7961709033808059,0.6751909558686088
wrap,1.2400000000000007,0.0907571211037057,0.09075706760521089,-5.349849496738557e-08,0.7961709033808037,0.675190955868613
wrap,1.2600000000000007,0.09250245035569993,0.0925023962920151,-5.4063684640226484e-08,0.7961709033808022,0.6751909558686157
wrap,1.2800000000000007,0.09424777960769415,0.09424772497881935,-5.462887475715661e-08,0.7961709033808011,0.6751909558686177
wrap,1.3000000000000007,0.09599310885968837,0.09599305366562352,-5.5194064874086735e-08,0.7961709033808007,0.6751909558686185
wrap,1.3200000000000007,0.09773843811168259,0.09773838235242778,-5.575925499101686e-08,0.7961709033807998,0.6751909558686202
wrap,1.3400000000000007,0.09948376736367681,0.099483711039232,-5.6324444663857776e-08,0.7961709033807995,0.6751909558686207
wrap,1.3600000000000008,0.10122909661567103,0.10122903972603622,-5.68896347807879e-08,0.7961709033807994,0.6751909558686209
wrap,1.3800000000000008,0.10297442586766614,0.10297436841284044,-5.7454825785896446e-08,0.7961709033807993,0.675190955868621
wrap,1.4000000000000008,0.10471975511966036,0.10471969709964471,-5.802001545873736e-08,0.7961709033807989,0.6751909558686219
wrap,1.4200000000000008,0.10646508437165458,0.10646502578644891,-5.858520557566749e-08,0.796170903380799,0.6751909558686217
wrap,1.4400000000000008,0.1082104136236488,0.10821035447325314,-5.915039569259761e-08,0.7961709033807985,0.6751909558686224
wrap,1.4600000000000009,0.10995574287564303,0.10995568316005737,-5.971558580952774e-08,0.7961709033807987,0.6751909558686223
wrap,1.4800000000000009,0.11170107212763725,0.1117010118468616,-6.028077548236865e-08,0.7961709033807987,0.6751909558686223
wrap,1.5000000000000009,0.11344640137963147,0.11344634053366581,-6.084596559929878e-08,0.7961709033807987,0.6751909558686223
wrap,1.520000000000001,0.11519173063162569,0.11519166922047003,-6.14111557162289e-08,0.7961709033807987,0.6751909558686223
wrap,1.540000000000001,0.11693705988361991,0.11693699790727427,-6.197634583315903e-08,0.7961709033807984,0.6751909558686227
wrap,1.560000000000001,0.11868238913561502,0.11868232659407851,-6.254153639417837e-08,0.7961709033807984,0.6751909558686227
wrap,1.580000000000001,0.12042771838760924,0.1204276552808827,-6.310672651110849e-08,0.7961709033807984,0.6751909558686227
wrap,1.600000000000001,0.12217304763960346,0.12217298396768694,-6.367191662803862e-08,0.7961709033807984,0.6751909558686227
wrap,1.620000000000001,0.12391837689159768,0.12391831265449116,-6.423710630087953e-08,0.7961709033807984,0.6751909558686227
wrap,1.640000000000001,0.1256637061435919,0.1256636413412954,-6.480229641780966e-08,0.7961709033807987,0.6751909558686223
wrap,1.660000000000001,0.12740903539558612,0.12740897002809964,-6.536748653473978e-08,0.7961709033807985,0.6751909558686224
wrap,1.680000000000001,0.12915436464758034,0.1291542987149039,-6.593267665166991e-08,0.7961709033807983,0.6751909558686229
wrap,1.700000000000001,0.13089969389957545,0.1308996274017081,-6.649786721268924e-08,0.7961709033807985,0.6751909558686224
wrap,1.720000000000001,0.13264502315156967,0.13264495608851226,-6.706305732961937e-08,0.7961709033807985,0.6751909558686224
wrap,1.740000000000001,0.1343903524035639,0.1343902847753165,-6.76282474465495e-08,0.7961709033807988,0.6751909558686221
wrap,1.7600000000000011,0.13613568165555812,0.13613561346212075,-6.819343756347962e-08,0.7961709033807987,0.6751909558686223
wrap,1.7800000000000011,0.13788101090755234,0.13788094214892493,-6.875862723632054e-08,0.7961709033807987,0.6751909558686223
wrap,1.8000000000000012,0.13962634015954656,0.1396262708357292,-6.932381735325066e-08,0.7961709033807987,0.6751909558686223
wrap,1.8200000000000012,0.14137166941154078,0.1413715995225334,-6.988900747018079e-08,0.7961709033807987,0.6751909558686223
wrap,1.8400000000000012,0.143116998663535,0.14311692820933763,-7.04541971430217e-08,0.7961709033807985,0.6751909558686224
wrap,1.8600000000000012,0.14486232791552922,0.14486225689614185,-7.101938725995183e-08,0.7961709033807987,0.6751909558686223
wrap,1.8800000000000012,0.14660765716752433,0.14660758558294615,-7.158457826506037e-08,0.7961709033807985,0.6751909558686224
wrap,1.9000000000000012,0.14835298641951855,0.14835291426975028,-7.21497683819905e-08,0.7961709033807988,0.6751909558686221
wrap,1.9200000000000013,0.15009831567151277,0.15009824295655455,-7.271495805483141e-08,0.7961709033807984,0.6751909558686227
wrap,1.9400000000000013,0.151843644923507,0.15184357164335874,-7.328014817176154e-08,0.7961709033807985,0.6751909558686224
wrap,1.9600000000000013,0.15358897417550121,0.153588900330163,-7.384533828869166e-08,0.7961709033807984,0.6751909558686227
wrap,1.9800000000000013,0.15533430342749543,0.15533422901696728,-7.441052796153258e-08,0.7961709033807984,0.6751909558686227
wrap,2.0,0.15707963267948966,0.15707955770377136,-7.49757180784627e-08,0.7961709033807987,0.6751909558686223
external_cue,0.0,1.5707963267948966,1.9198621771937625,0.34906585039886595,0.7961740796645932,0.675185047230196
external_cue,0.02,1.5707963267948966,1.8043854228281226,0.23358909603322608,0.8992935600067341,0.4607510329996879
external_cue,0.04,1.5707963267948966,1.733699603683888,0.16290327688899175,0.9204653315210097,0.4071263727118653
external_cue,0.06,1.5707963267948966,1.687449889445585,0.11665356265068816,0.9302619775860012,0.3802342335318146
external_cue,0.08,1.5707963267948966,1.6562535539415684,0.08545722714667203,0.9353629085874409,0.36556993167562274
external_cue,0.1,1.5707963267948966,1.6344705993352011,0.06367427254030478,0.9381392475298292,0.3573706464426291
external_cue,0.12000000000000001,1.5707963267948966,1.6187752023886233,0.04797887559372693,0.9396868764450147,0.3527281371721865
external_cue,0.14,1.5707963267948966,1.6072010025330556,0.036404675738158865,0.940563133755206,0.3500757193264573
external_cue,0.16,1.5707963267948966,1.598534607102009,0.02773828030711245,0.9410648623918488,0.34854902827780004
external_cue,0.18,1.5707963267948966,1.5919836715749516,0.021187344780055017,0.941354503371993,0.34766501081402373
external_cue,0.19999999999999998,1.5707963267948966,1.587003436278467,0.016207109483570292,0.9415226852519167,0.34715079253151665
external_cue,0.21999999999999997,1.5707963267948966,1.5832044292342156,0.012408102439319002,0.9416207335496029,0.34685069926644774
external_cue,0.23999999999999996,1.5707963267948966,1.5803006790964715,0.009504352301575203,0.9416780485320076,0.3466751713235506
external_cue,0.25999999999999995,1.5707963267948966,1.5780786022406288,0.007282275445732012,0.9417116116663043,0.3465723474414903
external_cue,0.27999999999999997,1.5707963267948966,1.5763769975262691,0.0055806707313728054,0.9417312883884158,0.34651205343256425
external_cue,0.3,1.5707963267948966,1.5750734280445515,0.004277101249654969,0.9417428325185468,0.34647667526156756
external_cue,0.32,1.5707963267948966,1.5740745489920802,0.0032782221971836556,0.9417496085159078,0.34645590804200366
external_cue,0.34,1.5707963267948966,1.5733090366395823,0.0025127098446855456,0.9417535869825441,0.34644371424317655
external_cue,0.36000000000000004,1.5707963267948966,1.5727223218196995,0.0019259950248029511,0.9417559233572796,0.3464365531968707
external_cue,0.38000000000000006,1.5707963267948966,1.5722726219213232,0.0014762951264266633,0.9417572955796811,0.34643234724057775
external_cue,0.4000000000000001,1.5707963267948966,1.5719279302589126,0.0011316034640160844,0.9417581015952907,0.34642987672620046
external_cue,0.4200000000000001,1.5707963267948966,1.5716637222572756,0.000867395462378795,0.9417585750602171,0.3464284255040156
external_cue,0.4400000000000001,1.5707963267948966,1.5714612034403657,0.0006648766454691035,0.9417588531917641,0.3464275729976739
external_cue,0.46000000000000013,1.5707963267948966,1.57130596928602,0.0005096424911235076,0.9417590165819771,0.3464270721863359
external_cue,0.48000000000000015,1.5707963267948966,1.5711869792387083,0.00039065244381175646,0.9417591125689013,0.34642677797416993
external_cue,0.5000000000000001,1.5707963267948966,1.571095770835825,0.0002994440409285204,0.9417591689594413,0.3464266051298695
external_cue,0.5200000000000001,1.5707963267948966,1.5710258575734564,0.00022953077855980553,0.9417592020883495,0.34642650358544463
external_cue,0.5400000000000001,1.5707963267948966,1.570972267471799,0.0001759406769021865,0.9417592215515203,0.3464264439282754
external_cue,0.5600000000000002,1.5707963267948966,1.5709311894267064,0.000134862631809618,0.9417592329862243,0.34642640887940446
external_cue,0.5800000000000002,1.5707963267948966,1.5708997021532571,0.0001033753583605801,0.9417592397042307,0.3464263882878305
external_cue,0.6000000000000002,1.5707963267948966,1.5708755664251841,7.92396302875531e-05,0.9417592436511626,0.34642637618996414
external_cue,0.6200000000000002,1.5707963267948966,1.5708570658262746,6.073903137782111e-05,0.9417592459700628,0.3464263690822293
external_cue,0.6400000000000002,1.5707963267948966,1.5708428846847202,4.655788982343978e-05,0.941759247332472,0.34642636490626544
external_cue,0.6600000000000003,1.5707963267948966,1.5708320145079007,3.5687713004328714e-05,0.9417592481329239,0.3464263624527747
external_cue,0.6800000000000003,1.5707963267948966,1.5708236822628852,2.7355467988599003e-05,0.9417592486032139,0.3464263610112737
external_cue,0.7000000000000003,1.5707963267948966,1.5708172954019517,2.0968607055138477e-05,0.941759248879525,0.34642636016434375
external_cue,0.7200000000000003,1.5707963267948966,1.5708123997234475,1.6072928550769916e-05,0.9417592490418675,0.3464263596667427
external_cue,0.7400000000000003,1.5707963267948966,1.5708086470711904,1.2320276293831256e-05,0.9417592491372501,0.34642635937438243
external_cue,0.7600000000000003,1.5707963267948966,1.5708057705753222,9.443780425666404e-06,0.941759249193291,0.34642635920260956
external_cue,0.7800000000000004,1.5707963267948966,1.570803565673849,7.238878952264827e-06,0.9417592492262175,0.3464263591016857
external_cue,0.8000000000000004,1.5707963267948966,1.570801875565213,5.548770316110563e-06,0.9417592492455634,0.3464263590423877
external_cue,0.8200000000000004,1.5707963267948966,1.5708005800573461,4.253262449793738e-06,0.9417592492569298,0.3464263590075483
external_cue,0.8400000000000004,1.5707963267948966,1.5707995870202138,3.2602253172697715e-06,0.941759249263608,0.34642635898707874
external_cue,0.8600000000000004,1.5707963267948966,1.5707988258339864,2.499039089887134e-06,0.9417592492675317,0.3464263589750519
external_cue,0.8800000000000004,1.5707963267948966,1.5707982423669091,1.9155720125674236e-06,0.9417592492698372,0.3464263589679853
external_cue,0.9000000000000005,1.5707963267948966,1.5707977951257242,1.4683308275920126e-06,0.9417592492711918,0.34642635896383334
external_cue,0.9200000000000005,1.5707963267948966,1.5707974523048776,1.125509981214634e-06,0.9417592492719877,0.34642635896139373
external_cue,0.9400000000000005,1.5707963267948966,1.5707971895246666,8.62729770290116e-07,0.9417592492724552,0.34642635895996077
external_cue,0.9600000000000005,1.5707963267948966,1.5707969880974784,6.613025815838114e-07,0.9417592492727302,0.34642635895911783
external_cue,0.9800000000000005,1.5707963267948966,1.5707968336988192,5.069039223926097e-07,0.9417592492728917,0.346426358958623
external_cue,1.0000000000000004,1.5707963267948966,1.5707967153486295,3.8855373318824604e-07,0.9417592492729864,0.34642635895833274
external_cue,1.0200000000000005,1.5707963267948966,1.5707966246304363,2.978355397864618e-07,0.9417592492730424,0.3464263589581609
external_cue,1.0400000000000005,1.5707963267948966,1.5707965550928158,2.2829791923584253e-07,0.9417592492730747,0.34642635895806184
external_cue,1.0600000000000005,1.5707963267948966,1.5707965017906005,1.7499570414969412e-07,0.9417592492730942,0.34642635895800233
external_cue,1.0800000000000005,1.5707963267948966,1.5707964609332037,1.3413830712849517e-07,0.9417592492731055,0.3464263589579676
external_cue,1.1000000000000005,1.5707963267948966,1.5707964296150516,1.028201550568042e-07,0.9417592492731122,0.3464263589579472
external_cue,1.1200000000000006,1.5707963267948966,1.5707964056089545,7.88140579466301e-08,0.9417592492731162,0.34642635895793494
external_cue,1.1400000000000006,1.5707963267948966,1.5707963872077184,6.041282185620389e-08,0.9417592492731182,0.3464263589579288
external_cue,1.1600000000000006,1.5707963267948966,1.57079637310274,4.630784333770066e-08,0.9417592492731196,0.3464263589579244
external_cue,1.1800000000000006,1.5707963267948966,1.5707963622909435,3.5496046990601826e-08,0.9417592492731202,0.3464263589579227
external_cue,1.2000000000000006,1.5707963267948966,1.5707963540034482,2.7208551856006125e-08,0.9417592492731207,0.346426358957921
external_cue,1.2200000000000006,1.5707963267948966,1.5707963476508888,2.0855992488577613e-08,0.941759249273121,0.34642635895791996
external_cue,1.2400000000000007,1.5707963267948966,1.5707963427815033,1.598660670509844e-08,0.9417592492731213,0.3464263589579193
external_cue,1.2600000000000007,1.5707963267948966,1.5707963390490052,1.2254108838760658e-08,0.9417592492731216,0.3464263589579183
external_cue,1.2800000000000007,1.5707963267948966,1.570796336187958,9.39306143976637e-09,0.9417592492731217,0.34642635895791796
external_cue,1.3000000000000007,1.5707963267948966,1.5707963339948983,7.200001483909091e-09,0.9417592492731215,0.3464263589579186
external_cue,1.3200000000000007,1.5707963267948966,1.5707963323138665,5.518970169759996e-09,0.9417592492731215,0.3464263589579186
external_cue,1.3400000000000007,1.5707963267948966,1.5707963310253164,4.230419570205868e-09,0.9417592492731215,0.3464263589579186
external_cue,1.3600000000000008,1.5707963267948966,1.5707963300376124,3.242715873597035e-09,0.9417592492731216,0.3464263589579183
external_cue,1.3800000000000008,1.5707963267948966,1.5707963292805143,2.4856179337007234e-09,0.9417592492731216,0.3464263589579183
external_cue,1.4000000000000008,1.5707963267948966,1.5707963287001807,1.905283930625501e-09,0.9417592492731213,0.3464263589579193
external_cue,1.4200000000000008,1.5707963267948966,1.5707963282553417,1.4604450981892114e-09,0.9417592492731215,0.3464263589579186
external_cue,1.4400000000000008,1.5707963267948966,1.570796327914362,1.119465409260556e-09,0.9417592492731215,0.3464263589579186
external_cue,1.4600000000000009,1.5707963267948966,1.570796327652993,8.580967048033017e-10,0.9417592492731217,0.34642635895791796
external_cue,1.4800000000000009,1.5707963267948966,1.5707963274526475,6.577511868499641e-10,0.9417592492731214,0.34642635895791896
external_cue,1.5000000000000009,1.5707963267948966,1.5707963272990781,5.041815853701337e-10,0.9417592492731217,0.34642635895791796
external_cue,1.520000000000001,1.5707963267948966,1.5707963271813636,3.864668585151776e-10,0.9417592492731216,0.3464263589579183
external_cue,1.540000000000001,1.5707963267948966,1.5707963270911325,2.9623592467942217e-10,0.9417592492731214,0.34642635895791896
external_cue,1.560000000000001,1.5707963267948966,1.5707963270219685,2.2707169478053402e-10,0.9417592492731215,0.3464263589579186
external_cue,1.580000000000001,1.5707963267948966,1.5707963269689524,1.740558808194237e-10,0.9417592492731217,0.34642635895791796
external_cue,1.600000000000001,1.5707963267948966,1.5707963269283145,1.334177213152543e-10,0.9417592492731215,0.3464263589579186
external_cue,1.620000000000001,1.5707963267948966,1.5707963268971645,1.0226797186874137e-10,0.9417592492731213,0.3464263589579193
external_cue,1.640000000000001,1.5707963267948966,1.5707963268732874,7.839062732273305e-11,0.9417592492731217,0.34642635895791796
external_cue,1.660000000000001,1.5707963267948966,1.570796326854985,6.008837871718242e-11,0.9417592492731215,0.3464263589579186
external_cue,1.680000000000001,1.5707963267948966,1.5707963268409557,4.6059156488809094e-11,0.9417592492731214,0.34642635895791896
external_cue,1.700000000000001,1.5707963267948966,1.5707963268302019,3.530509218307998e-11,0.9417592492731215,0.3464263589579186
external_cue,1.720000000000001,1.5707963267948966,1.570796326821959,2.7062352359052966e-11,0.9417592492731215,0.3464263589579186
external_cue,1.740000000000001,1.5707963267948966,1.5707963268156406,2.0744295170516125e-11,0.9417592492731215,0.3464263589579186
external_cue,1.7600000000000011,1.5707963267948966,1.5707963268107974,1.5901058247891342e-11,0.9417592492731216,0.3464263589579183
external_cue,1.7800000000000011,1.5707963267948966,1.5707963268070848,1.2188472453544819e-11,0.9417592492731215,0.3464263589579186
external_cue,1.8000000000000012,1.5707963267948966,1.570796326804239,9.342748796825617e-12,0.9417592492731218,0.34642635895791757
external_cue,1.8200000000000012,1.5707963267948966,1.570796326802058,7.16138259804211e-12,0.9417592492731215,0.3464263589579186
external_cue,1.8400000000000012,1.5707963267948966,1.570796326800386,5.489386722956624e-12,0.9417592492731216,0.3464263589579183
external_cue,1.8600000000000012,1.5707963267948966,1.5707963267991043,4.207745263329343e-12,0.9417592492731216,0.3464263589579183
external_cue,1.8800000000000012,1.5707963267948966,1.570796326798122,3.2254199311410048e-12,0.9417592492731215,0.3464263589579186
external_cue,1.9000000000000012,1.5707963267948966,1.5707963267973688,2.4722446312352986e-12,0.9417592492731216,0.3464263589579183
external_cue,1.9200000000000013,1.5707963267948966,1.5707963267967917,1.8953727476400672e-12,0.9417592492731219,0.34642635895791724
external_cue,1.9400000000000013,1.5707963267948966,1.5707963267963492,1.4526158054195548e-12,0.9417592492731217,0.34642635895791796
external_cue,1.9600000000000013,1.5707963267948966,1.5707963267960101,1.113775738303957e-12,0.9417592492731217,0.34642635895791796
external_cue,1.9800000000000013,1.5707963267948966,1.57079632679575,8.535394613318203e-13,0.9417592492731215,0.3464263589579186
external_cue,2.0,1.5707963267948966,1.5707963267955507,6.541434061091422e-13,0.9417592492731215,0.3464263589579186
