information_id,timestamp,observer_id,target_id,modality,navigation_discrepancy,navigation_quality,frontend_quality,shadow_quality,feedback_quality,valid
sat_p01_s01->sat_p02_s01:infrared:0,0.0,sat_p01_s01,sat_p02_s01,INFRARED,0.0,1.0,0.6717504204892415,0.6717504204892415,1.0,True
sat_p01_s01->sat_p02_s01:infrared:1,2.0,sat_p01_s01,sat_p02_s01,INFRARED,3.734098549576694e-05,0.9834714531359662,0.6047163555004069,0.5947212728790707,0.6717504204892415,True
sat_p01_s01->sat_p02_s01:infrared:2,4.0,sat_p01_s01,sat_p02_s01,INFRARED,8.333484629923678e-05,0.9999999965276517,0.572912152111147,0.5729121501217964,0.5947212728790707,True
sat_p01_s01->sat_p02_s01:infrared:3,6.0,sat_p01_s01,sat_p02_s01,INFRARED,0.0009907705195684872,0.9834709711210519,0.5927080332366341,0.5829111450384813,0.5729121501217964,True
sat_p01_s01->sat_p02_s01:infrared:4,8.0,sat_p01_s01,sat_p02_s01,INFRARED,0.0009909385640073302,0.9999995090205017,0.6413522575903168,0.6413519426995071,0.5829111450384813,True
sat_p01_s01->sat_p02_s01:infrared:5,10.0,sat_p01_s01,sat_p02_s01,INFRARED,0.0018727584857502564,0.9834697291956165,0.6638007981157069,0.6528279911626884,0.6413519426995071,True
sat_p01_s01->sat_p02_s01:infrared:6,12.0,sat_p01_s01,sat_p02_s01,INFRARED,0.0018497051765776263,0.9999982892968431,0.5954731505391513,0.5954721318613528,0.6528279911626884,True
sat_p01_s01->sat_p02_s01:infrared:7,14.0,sat_p01_s01,sat_p02_s01,INFRARED,0.002540591577216662,0.983468279866581,0.6356168949274379,0.6251090543084247,0.5954721318613528,True
sat_p01_s01->sat_p02_s01:infrared:8,16.0,sat_p01_s01,sat_p02_s01,INFRARED,0.0024941938231871504,0.9999968895034238,0.603776684597006,0.6037748065516957,0.6251090543084247,True
sat_p01_s01->sat_p02_s01:infrared:9,18.0,sat_p01_s01,sat_p02_s01,INFRARED,0.0030334296534036157,0.9834669290296196,0.5867031831911602,0.5770031778249127,0.6037748065516957,True
sat_p01_s01->sat_p02_s01:infrared:10,20.0,sat_p01_s01,sat_p02_s01,INFRARED,0.003045247171352747,0.9999953632455825,0.6349033107808102,0.6349003668900792,0.5770031778249127,True
sat_p01_s01->sat_p02_s01:optical:0,0.0,sat_p01_s01,sat_p02_s01,OPTICAL,0.0,1.0,0.5918838152144762,0.5918838152144762,1.0,True
sat_p01_s01->sat_p02_s01:optical:1,2.0,sat_p01_s01,sat_p02_s01,OPTICAL,3.734098549576694e-05,0.9834714531359662,0.6089169752209517,0.5988524624597065,0.5918838152144762,True
sat_p01_s01->sat_p02_s01:optical:2,4.0,sat_p01_s01,sat_p02_s01,OPTICAL,8.333484629923678e-05,0.9999999965276517,0.5828379613851965,0.58283795936138,0.5988524624597065,True
sat_p01_s01->sat_p02_s01:optical:3,6.0,sat_p01_s01,sat_p02_s01,OPTICAL,0.0009907705195684872,0.9834709711210519,0.6153446407454168,0.6051735914080298,0.58283795936138,True
sat_p01_s01->sat_p02_s01:optical:4,8.0,sat_p01_s01,sat_p02_s01,OPTICAL,0.0009909385640073302,0.9999995090205017,0.628041906361785,0.628041598006085,0.6051735914080298,True
sat_p01_s01->sat_p02_s01:optical:5,10.0,sat_p01_s01,sat_p02_s01,OPTICAL,0.0018727584857502564,0.9834697291956165,0.6514238899865027,0.6406556766765809,0.628041598006085,True
sat_p01_s01->sat_p02_s01:optical:6,12.0,sat_p01_s01,sat_p02_s01,OPTICAL,0.0018497051765776263,0.9999982892968431,0.5912663309566818,0.5912653194755029,0.6406556766765809,True
sat_p01_s01->sat_p02_s01:optical:7,14.0,sat_p01_s01,sat_p02_s01,OPTICAL,0.002540591577216662,0.983468279866581,0.6203475040241704,0.6100920927021778,0.5912653194755029,True
sat_p01_s01->sat_p02_s01:optical:8,16.0,sat_p01_s01,sat_p02_s01,OPTICAL,0.0024941938231871504,0.9999968895034238,0.6350284505407497,0.6350264752869286,0.6100920927021778,True
sat_p01_s01->sat_p02_s01:optical:9,18.0,sat_p01_s01,sat_p02_s01,OPTICAL,0.0030334296534036157,0.9834669290296196,0.6392581876136862,0.6286892866294724,0.6350264752869286,True
sat_p01_s01->sat_p02_s01:optical:10,20.0,sat_p01_s01,sat_p02_s01,OPTICAL,0.003045247171352747,0.9999953632455825,0.6405883726735985,0.6405854024226316,0.6286892866294724,True
sat_p01_s01->sat_p02_s01:radar:0,0.0,sat_p01_s01,sat_p02_s01,RADAR,0.0,1.0,0.631361734278375,0.631361734278375,1.0,True
sat_p01_s01->sat_p02_s01:radar:1,2.0,sat_p01_s01,sat_p02_s01,RADAR,0.001345298517916308,0.9834705638648827,0.6923610060056049,0.6809166689743897,0.631361734278375,True
sat_p01_s01->sat_p02_s01:radar:2,4.0,sat_p01_s01,sat_p02_s01,RADAR,0.197447159858515,0.9806960635916313,0.7087927377175103,0.6951102477818979,0.6809166689743897,True
sat_p01_s01->sat_p02_s01:radar:3,6.0,sat_p01_s01,sat_p02_s01,RADAR,0.1692798448876278,0.9694809055851598,0.673997353637833,0.6534275647668075,0.6951102477818979,True
sat_p01_s01->sat_p02_s01:radar:4,8.0,sat_p01_s01,sat_p02_s01,RADAR,0.17129146225805,0.9854367032378255,0.5740155636568394,0.5656560046571979,0.6534275647668075,True
sat_p01_s01->sat_p02_s01:radar:5,10.0,sat_p01_s01,sat_p02_s01,RADAR,0.15379722150741074,0.9719086510509726,0.6771235426102951,0.6581022288932277,0.5656560046571979,True
sat_p01_s01->sat_p02_s01:radar:6,12.0,sat_p01_s01,sat_p02_s01,RADAR,0.15611265690311404,0.9878883627142578,0.6292125187823469,0.6215917249792069,0.6581022288932277,True
sat_p01_s01->sat_p02_s01:radar:7,14.0,sat_p01_s01,sat_p02_s01,RADAR,0.11724260315550837,0.9767353140714531,0.6382847488768042,0.6234352546612039,0.6215917249792069,True
sat_p01_s01->sat_p02_s01:radar:8,16.0,sat_p01_s01,sat_p02_s01,RADAR,0.13630956890455048,0.9907528708252566,0.6524781052287538,0.6464445559060118,0.6234352546612039,True
sat_p01_s01->sat_p02_s01:radar:9,18.0,sat_p01_s01,sat_p02_s01,RADAR,0.1054235956371294,0.9780213940056321,0.5953679105938634,0.5822825538652309,0.6464445559060118,True
sat_p01_s01->sat_p02_s01:radar:10,20.0,sat_p01_s01,sat_p02_s01,RADAR,0.12380178221915725,0.9923658486542242,0.6613873778691961,0.6563382465283568,0.5822825538652309,True
sat_p01_s01->sat_p10_s02:infrared:0,0.0,sat_p01_s01,sat_p10_s02,INFRARED,0.0,1.0,0.5928499831910867,0.5928499831910867,1.0,True
sat_p01_s01->sat_p10_s02:infrared:1,2.0,sat_p01_s01,sat_p10_s02,INFRARED,6.550690233214304e-05,0.9834714517115036,0.6279035062925136,0.6175251728682416,0.5928499831910867,True
sat_p01_s01->sat_p10_s02:infrared:2,4.0,sat_p01_s01,sat_p10_s02,INFRARED,0.00010771446648105549,0.9999999941987968,0.6079002050475695,0.6079002015210169,0.6175251728682416,True
sat_p01_s01->sat_p10_s02:infrared:3,6.0,sat_p01_s01,sat_p10_s02,INFRARED,0.001050673770483045,0.9834709109871393,0.6048549774580606,0.5948572756957845,0.6079002015210169,True
sat_p01_s01->sat_p10_s02:infrared:4,8.0,sat_p01_s01,sat_p10_s02,INFRARED,0.0010255797161336667,0.9999994740932612,0.61885267830847,0.6188523528496761,0.5948572756957845,True
sat_p01_s01->sat_p10_s02:infrared:5,10.0,sat_p01_s01,sat_p10_s02,INFRARED,0.001862763172525881,0.9834697475558699,0.6125006786226779,0.602375887782844,0.6188523528496761,True
sat_p01_s01->sat_p10_s02:infrared:6,12.0,sat_p01_s01,sat_p10_s02,INFRARED,0.0018362175275699615,0.9999983141540167,0.6517087428728152,0.6517076441922488,0.602375887782844,True
sat_p01_s01->sat_p10_s02:infrared:7,14.0,sat_p01_s01,sat_p10_s02,INFRARED,0.0025299050337364544,0.9834683065117281,0.5838887403461941,0.5742360706595376,0.6517076441922488,True
sat_p01_s01->sat_p10_s02:infrared:8,16.0,sat_p01_s01,sat_p10_s02,INFRARED,0.0025100718963674664,0.9999968497744995,0.5996489523595072,0.5996470633300862,0.5742360706595376,True
sat_p01_s01->sat_p10_s02:infrared:9,18.0,sat_p01_s01,sat_p10_s02,INFRARED,0.003070789050238362,0.9834668168898444,0.6200072675345204,0.6097565738507449,0.5996470633300862,True
sat_p01_s01->sat_p10_s02:infrared:10,20.0,sat_p01_s01,sat_p10_s02,INFRARED,0.0030831265678804053,0.999995247176578,0.6125061063236255,0.6125031951902572,0.6097565738507449,True
sat_p01_s01->sat_p10_s02:optical:0,0.0,sat_p01_s01,sat_p10_s02,OPTICAL,0.0,1.0,0.5969358155155291,0.5969358155155291,1.0,True
sat_p01_s01->sat_p10_s02:optical:1,2.0,sat_p01_s01,sat_p10_s02,OPTICAL,6.550690233214304e-05,0.9834714517115036,0.6195133060267153,0.6092736504326867,0.5969358155155291,True
sat_p01_s01->sat_p10_s02:optical:2,4.0,sat_p01_s01,sat_p10_s02,OPTICAL,0.00010771446648105549,0.9999999941987968,0.5575250591652731,0.5575250559309569,0.6092736504326867,True
sat_p01_s01->sat_p10_s02:optical:3,6.0,sat_p01_s01,sat_p10_s02,OPTICAL,0.001050673770483045,0.9834709109871393,0.6010772286174193,0.5911419696019984,0.5575250559309569,True
sat_p01_s01->sat_p10_s02:optical:4,8.0,sat_p01_s01,sat_p10_s02,OPTICAL,0.0010255797161336667,0.9999994740932612,0.592152438167983,0.5921521267510254,0.5911419696019984,True
sat_p01_s01->sat_p10_s02:optical:5,10.0,sat_p01_s01,sat_p10_s02,OPTICAL,0.001862763172525881,0.9834697475558699,0.5958658221037003,0.586016009641497,0.5921521267510254,True
sat_p01_s01->sat_p10_s02:optical:6,12.0,sat_p01_s01,sat_p10_s02,OPTICAL,0.0018362175275699615,0.9999983141540167,0.6420561986758233,0.6420551162679597,0.586016009641497,True
sat_p01_s01->sat_p10_s02:optical:7,14.0,sat_p01_s01,sat_p10_s02,OPTICAL,0.0025299050337364544,0.9834683065117281,0.5803884663263026,0.570793662096868,0.6420551162679597,True
sat_p01_s01->sat_p10_s02:optical:8,16.0,sat_p01_s01,sat_p10_s02,OPTICAL,0.0025100718963674664,0.9999968497744995,0.6046106857173814,0.6046087810573814,0.570793662096868,True
sat_p01_s01->sat_p10_s02:optical:9,18.0,sat_p01_s01,sat_p10_s02,OPTICAL,0.003070789050238362,0.9834668168898444,0.5988660729227011,0.5889649104806103,0.6046087810573814,True
sat_p01_s01->sat_p10_s02:optical:10,20.0,sat_p01_s01,sat_p10_s02,OPTICAL,0.0030831265678804053,0.999995247176578,0.5961019944250201,0.5960991612574991,0.5889649104806103,True
sat_p01_s01->sat_p10_s02:radar:0,0.0,sat_p01_s01,sat_p10_s02,RADAR,0.0,1.0,0.6197727843505256,0.6197727843505256,1.0,True
sat_p01_s01->sat_p10_s02:radar:1,2.0,sat_p01_s01,sat_p10_s02,RADAR,0.001349776475647555,0.9834705579304089,0.6408847486279781,0.6302912813022474,0.6197727843505256,True
sat_p01_s01->sat_p10_s02:radar:2,4.0,sat_p01_s01,sat_p10_s02,RADAR,0.2117836927533075,0.9778234308909449,0.5932820784306989,0.5801251174172167,0.6302912813022474,True
sat_p01_s01->sat_p10_s02:radar:3,6.0,sat_p01_s01,sat_p10_s02,RADAR,0.18659971116749166,0.9664976683826347,0.6129421312009249,0.5924071406591769,0.5801251174172167,True
sat_p01_s01->sat_p10_s02:radar:4,8.0,sat_p01_s01,sat_p10_s02,RADAR,0.15756887191246122,0.9876627608268499,0.6612243678854293,0.6530666847117117,0.5924071406591769,True
sat_p01_s01->sat_p10_s02:radar:5,10.0,sat_p01_s01,sat_p10_s02,RADAR,0.12642363142033292,0.975643394368144,0.5960328773946605,0.5815155396563383,0.6530666847117117,True
sat_p01_s01->sat_p10_s02:radar:6,12.0,sat_p01_s01,sat_p10_s02,RADAR,0.11790461726742991,0.9930733512006517,0.666429208989256,0.6618130879089599,0.5815155396563383,True
sat_p01_s01->sat_p10_s02:radar:7,14.0,sat_p01_s01,sat_p10_s02,RADAR,0.09827076222883371,0.9787341381692823,0.6305551285767477,0.6171458303357842,0.6618130879089599,True
sat_p01_s01->sat_p10_s02:radar:8,16.0,sat_p01_s01,sat_p10_s02,RADAR,0.09300385605099426,0.9956844801131142,0.6098328692288628,0.607201123354029,0.6171458303357842,True
sat_p01_s01->sat_p10_s02:radar:9,18.0,sat_p01_s01,sat_p10_s02,RADAR,0.07072400065759896,0.9810149217273869,0.6720213924318603,0.659263013695671,0.607201123354029,True
sat_p01_s01->sat_p10_s02:radar:10,20.0,sat_p01_s01,sat_p10_s02,RADAR,0.05558465043468543,0.9984563659485507,0.6211411293362381,0.620182314738239,0.659263013695671,True
sat_p01_s02->sat_p02_s02:infrared:0,0.0,sat_p01_s02,sat_p02_s02,INFRARED,0.0,1.0,0.5876000070522389,0.5876000070522389,1.0,True
sat_p01_s02->sat_p02_s02:infrared:1,2.0,sat_p01_s02,sat_p02_s02,INFRARED,0.0001462709339287265,0.9834714433008401,0.6572805246873854,0.6464166262678364,0.5876000070522389,True
sat_p01_s02->sat_p02_s02:infrared:2,4.0,sat_p01_s02,sat_p02_s02,INFRARED,9.377879864961206e-05,0.9999999956027684,0.5951674316438238,0.5951674290267348,0.6464166262678364,True
sat_p01_s02->sat_p02_s02:infrared:3,6.0,sat_p01_s02,sat_p02_s02,INFRARED,0.0011166672831502845,0.9834708406539988,0.6137951741331193,0.6036496558940665,0.5951674290267348,True
sat_p01_s02->sat_p02_s02:infrared:4,8.0,sat_p01_s02,sat_p02_s02,INFRARED,0.001115327593452221,0.999999378022373,0.5635242037943436,0.5635238532948966,0.6036496558940665,True
sat_p01_s02->sat_p02_s02:infrared:5,10.0,sat_p01_s02,sat_p02_s02,INFRARED,0.0019181581670298722,0.9834696445648989,0.6194800926275603,0.6092398665114575,0.5635238532948966,True
sat_p01_s02->sat_p02_s02:infrared:6,12.0,sat_p01_s02,sat_p02_s02,INFRARED,0.001925723886903993,0.9999981457954747,0.6051163682872549,0.6051152462777465,0.6092398665114575,True
sat_p01_s02->sat_p02_s02:infrared:7,14.0,sat_p01_s02,sat_p02_s02,INFRARED,0.002576540999095183,0.9834681894081772,0.589695621100071,0.5799468847852173,0.6051152462777465,True
sat_p01_s02->sat_p02_s02:infrared:8,16.0,sat_p01_s02,sat_p02_s02,INFRARED,0.0025842891707486436,0.9999966607303163,0.6246710303433901,0.6246689443983562,0.5799468847852173,True
sat_p01_s02->sat_p02_s02:infrared:9,18.0,sat_p01_s02,sat_p02_s02,INFRARED,0.0031325356150448454,0.9834666285392536,0.6092587751520776,0.5991856735067689,0.6246689443983562,True
sat_p01_s02->sat_p02_s02:infrared:10,20.0,sat_p01_s02,sat_p02_s02,INFRARED,0.003134731045401738,0.9999950867427065,0.6555278983706974,0.6555246775934697,0.5991856735067689,True
sat_p01_s02->sat_p02_s02:optical:0,0.0,sat_p01_s02,sat_p02_s02,OPTICAL,0.0,1.0,0.6183498304541956,0.6183498304541956,1.0,True
sat_p01_s02->sat_p02_s02:optical:1,2.0,sat_p01_s02,sat_p02_s02,OPTICAL,0.0001462709339287265,0.9834714433008401,0.6441346357653477,0.6334880199162074,0.6183498304541956,True
sat_p01_s02->sat_p02_s02:optical:2,4.0,sat_p01_s02,sat_p02_s02,OPTICAL,9.377879864961206e-05,0.9999999956027684,0.6346149535162848,0.6346149507257359,0.6334880199162074,True
sat_p01_s02->sat_p02_s02:optical:3,6.0,sat_p01_s02,sat_p02_s02,OPTICAL,0.0011166672831502845,0.9834708406539988,0.5814287412618937,0.571818212949231,0.6346149507257359,True
sat_p01_s02->sat_p02_s02:optical:4,8.0,sat_p01_s02,sat_p02_s02,OPTICAL,0.001115327593452221,0.999999378022373,0.6442725937255185,0.6442721930023795,0.571818212949231,True
sat_p01_s02->sat_p02_s02:optical:5,10.0,sat_p01_s02,sat_p02_s02,OPTICAL,0.0019181581670298722,0.9834696445648989,0.6207505034118299,0.6104892769539144,0.6442721930023795,True
sat_p01_s02->sat_p02_s02:optical:6,12.0,sat_p01_s02,sat_p02_s02,OPTICAL,0.001925723886903993,0.9999981457954747,0.6129591612223729,0.6129580246707224,0.6104892769539144,True
sat_p01_s02->sat_p02_s02:optical:7,14.0,sat_p01_s02,sat_p02_s02,OPTICAL,0.002576540999095183,0.9834681894081772,0.6195659036315677,0.609323357463579,0.6129580246707224,True
sat_p01_s02->sat_p02_s02:optical:8,16.0,sat_p01_s02,sat_p02_s02,OPTICAL,0.0025842891707486436,0.9999966607303163,0.6224315857385194,0.622429507271595,0.609323357463579,True
sat_p01_s02->sat_p02_s02:optical:9,18.0,sat_p01_s02,sat_p02_s02,OPTICAL,0.0031325356150448454,0.9834666285392536,0.6205094055907294,0.610250293093211,0.622429507271595,True
sat_p01_s02->sat_p02_s02:optical:10,20.0,sat_p01_s02,sat_p02_s02,OPTICAL,0.003134731045401738,0.9999950867427065,0.6056780378239628,0.605675061971926,0.610250293093211,True
sat_p01_s02->sat_p02_s02:radar:0,0.0,sat_p01_s02,sat_p02_s02,RADAR,0.0,1.0,0.7360574613221101,0.7360574613221101,1.0,True
sat_p01_s02->sat_p02_s02:radar:1,2.0,sat_p01_s02,sat_p02_s02,RADAR,0.0013649001830930165,0.9834705377417375,0.5909466752892821,0.5811786445234423,0.7360574613221101,True
sat_p01_s02->sat_p02_s02:radar:2,4.0,sat_p01_s02,sat_p02_s02,RADAR,0.11564323443129933,0.9933356272564728,0.6644919069368603,0.660063485183976,0.5811786445234423,True
sat_p01_s02->sat_p02_s02:radar:3,6.0,sat_p01_s02,sat_p02_s02,RADAR,0.06833040405409876,0.9811781958903114,0.67351617300293,0.6608393835299617,0.660063485183976,True
sat_p01_s02->sat_p02_s02:radar:4,8.0,sat_p01_s02,sat_p02_s02,RADAR,0.058152987790477235,0.9983105437461605,0.6122938948409835,0.6112594510911566,0.6608393835299617,True
sat_p01_s02->sat_p02_s02:radar:5,10.0,sat_p01_s02,sat_p02_s02,RADAR,0.009653572046667525,0.983425629322228,0.6766723595536641,0.6654569410390191,0.6112594510911566,True
sat_p01_s02->sat_p02_s02:radar:6,12.0,sat_p01_s02,sat_p02_s02,RADAR,0.011826216374045316,0.9999300727481614,0.6268170977064856,0.6267732661094375,0.6654569410390191,True
sat_p01_s02->sat_p02_s02:radar:7,14.0,sat_p01_s02,sat_p02_s02,RADAR,0.04406859337499967,0.982516946415232,0.6313377333519545,0.6203000219296764,0.6267732661094375,True
sat_p01_s02->sat_p02_s02:radar:8,16.0,sat_p01_s02,sat_p02_s02,RADAR,0.05621827153164533,0.9984210009058962,0.6627306727340024,0.6616842216021207,0.6203000219296764,True
sat_p01_s02->sat_p02_s02:radar:9,18.0,sat_p01_s02,sat_p02_s02,RADAR,0.05127570571654417,0.9821794326644322,0.5737360051357625,0.563511704023401,0.6616842216021207,True
sat_p01_s02->sat_p02_s02:radar:10,20.0,sat_p01_s02,sat_p02_s02,RADAR,0.0647372887043404,0.9979067356655912,0.6562902791852037,0.654916490150766,0.563511704023401,True
sat_p01_s02->sat_p10_s01:infrared:0,0.0,sat_p01_s02,sat_p10_s01,INFRARED,0.0,1.0,0.5846460817410792,0.5846460817410792,1.0,True
sat_p01_s02->sat_p10_s01:infrared:1,2.0,sat_p01_s02,sat_p10_s01,INFRARED,0.00012840716770740426,0.9834714457136818,0.6162208503490765,0.6060356105717206,0.5846460817410792,True
sat_p01_s02->sat_p10_s01:infrared:2,4.0,sat_p01_s02,sat_p10_s01,INFRARED,5.537185019423104e-05,0.9999999984669791,0.6116287263765068,0.6116287254388671,0.6060356105717206,True
sat_p01_s02->sat_p10_s01:infrared:3,6.0,sat_p01_s02,sat_p10_s01,INFRARED,0.001036507444811777,0.9834709255266204,0.6279286069157162,0.6175495282080408,0.6116287254388671,True
sat_p01_s02->sat_p10_s01:infrared:4,8.0,sat_p01_s02,sat_p10_s01,INFRARED,0.001006973419380337,0.9999994930023949,0.6486862937415211,0.6486859648591237,0.6175495282080408,True
sat_p01_s02->sat_p10_s01:infrared:5,10.0,sat_p01_s02,sat_p10_s01,INFRARED,0.0018477190872589328,0.98346977500491,0.5986573839984086,0.5887614427459429,0.6486859648591237,True
sat_p01_s02->sat_p10_s01:infrared:6,12.0,sat_p01_s02,sat_p10_s01,INFRARED,0.0018364629324980172,0.9999983137033706,0.6057997478828108,0.6057987263247377,0.5887614427459429,True
sat_p01_s02->sat_p10_s01:infrared:7,14.0,sat_p01_s02,sat_p10_s01,INFRARED,0.002517049167757037,0.9834683384168994,0.6266696079251466,0.6163097180425138,0.6057987263247377,True
sat_p01_s02->sat_p10_s01:infrared:8,16.0,sat_p01_s02,sat_p10_s01,INFRARED,0.0025099595163868525,0.9999968500565741,0.6211597000553142,0.6211577434374006,0.6163097180425138,True
sat_p01_s02->sat_p10_s01:infrared:9,18.0,sat_p01_s02,sat_p10_s01,INFRARED,0.003069530090850458,0.9834668206911463,0.5995553555999237,0.5896427994002066,0.6211577434374006,True
sat_p01_s02->sat_p10_s01:infrared:10,20.0,sat_p01_s02,sat_p10_s01,INFRARED,0.0030653299127906966,0.999995301887299,0.6114266296935691,0.6114237571423544,0.5896427994002066,True
sat_p01_s02->sat_p10_s01:optical:0,0.0,sat_p01_s02,sat_p10_s01,OPTICAL,0.0,1.0,0.593750307457299,0.593750307457299,1.0,True
sat_p01_s02->sat_p10_s01:optical:1,2.0,sat_p01_s02,sat_p10_s01,OPTICAL,0.00012840716770740426,0.9834714457136818,0.5943353130033173,0.5845118095180661,0.593750307457299,True
sat_p01_s02->sat_p10_s01:optical:2,4.0,sat_p01_s02,sat_p10_s01,OPTICAL,5.537185019423104e-05,0.9999999984669791,0.5740878077615528,0.5740878068814641,0.5845118095180661,True
sat_p01_s02->sat_p10_s01:optical:3,6.0,sat_p01_s02,sat_p10_s01,OPTICAL,0.001036507444811777,0.9834709255266204,0.608052415307041,0.5980018716507126,0.5740878068814641,True
sat_p01_s02->sat_p10_s01:optical:4,8.0,sat_p01_s02,sat_p10_s01,OPTICAL,0.001006973419380337,0.9999994930023949,0.5824674403664554,0.582467145056858,0.5980018716507126,True
sat_p01_s02->sat_p10_s01:optical:5,10.0,sat_p01_s02,sat_p10_s01,OPTICAL,0.0018477190872589328,0.98346977500491,0.6213579169785399,0.6110867308084041,0.582467145056858,True
sat_p01_s02->sat_p10_s01:optical:6,12.0,sat_p01_s02,sat_p10_s01,OPTICAL,0.0018364629324980172,0.9999983137033706,0.6330450405079657,0.6330439730062476,0.6110867308084041,True
sat_p01_s02->sat_p10_s01:optical:7,14.0,sat_p01_s02,sat_p10_s01,OPTICAL,0.002517049167757037,0.9834683384168994,0.6530451231365495,0.6422492021623618,0.6330439730062476,True
sat_p01_s02->sat_p10_s01:optical:8,16.0,sat_p01_s02,sat_p10_s01,OPTICAL,0.0025099595163868525,0.9999968500565741,0.6022876769915002,0.6022857798193916,0.6422492021623618,True
sat_p01_s02->sat_p10_s01:optical:9,18.0,sat_p01_s02,sat_p10_s01,OPTICAL,0.003069530090850458,0.9834668206911463,0.6285847519751036,0.6181922475598879,0.6022857798193916,True
sat_p01_s02->sat_p10_s01:optical:10,20.0,sat_p01_s02,sat_p10_s01,OPTICAL,0.0030653299127906966,0.999995301887299,0.5915316725374424,0.5915288934549786,0.6181922475598879,True
sat_p01_s02->sat_p10_s01:radar:0,0.0,sat_p01_s02,sat_p10_s01,RADAR,0.0,1.0,0.6429051800007559,0.6429051800007559,1.0,True
sat_p01_s02->sat_p10_s01:radar:1,2.0,sat_p01_s02,sat_p10_s01,RADAR,0.0013612433023906755,0.9834705426439357,0.6431256628338435,0.632495144615441,0.6429051800007559,True
sat_p01_s02->sat_p10_s01:radar:2,4.0,sat_p01_s02,sat_p10_s01,RADAR,0.1143450101854366,0.9934839315720198,0.6413561933030518,0.6371770724607803,0.632495144615441,True
sat_p01_s02->sat_p10_s01:radar:3,6.0,sat_p01_s02,sat_p10_s01,RADAR,0.06942641286541658,0.9811041282267609,0.6034994814687971,0.5920958326517464,0.6371770724607803,True
sat_p01_s02->sat_p10_s01:radar:4,8.0,sat_p01_s02,sat_p10_s01,RADAR,0.031594797466208885,0.9995010089240121,0.6230358588130542,0.6227249694794861,0.5920958326517464,True
sat_p01_s02->sat_p10_s01:radar:5,10.0,sat_p01_s02,sat_p10_s01,RADAR,0.01936622788832535,0.9832870452435819,0.5881626453903328,0.578332709708509,0.6227249694794861,True
sat_p01_s02->sat_p10_s01:radar:6,12.0,sat_p01_s02,sat_p10_s01,RADAR,0.002424324203721438,0.9999970613303956,0.6466286376881989,0.646626737460276,0.578332709708509,True
sat_p01_s02->sat_p10_s01:radar:7,14.0,sat_p01_s02,sat_p10_s01,RADAR,0.04621805933212984,0.9824216134487663,0.5709133532260734,0.5608776176158045,0.646626737460276,True
sat_p01_s02->sat_p10_s01:radar:8,16.0,sat_p01_s02,sat_p10_s01,RADAR,0.048740741850939025,0.9988128752326715,0.6169807009154573,0.6162482678444369,0.5608776176158045,True
sat_p01_s02->sat_p10_s01:radar:9,18.0,sat_p01_s02,sat_p10_s01,RADAR,0.0500169332089682,0.9822420507547052,0.6431674713692446,0.6317461360564449,0.6162482678444369,True
sat_p01_s02->sat_p10_s01:radar:10,20.0,sat_p01_s02,sat_p10_s01,RADAR,0.06473257206778596,0.9979070403576379,0.6323543932538944,0.6310309010291436,0.6317461360564449,True
sat_p02_s01->sat_p01_s01:infrared:0,0.0,sat_p02_s01,sat_p01_s01,INFRARED,0.0,1.0,0.6597283367569833,0.6597283367569833,1.0,True
sat_p02_s01->sat_p01_s01:infrared:1,2.0,sat_p02_s01,sat_p01_s01,INFRARED,3.734098549576694e-05,0.9834714531359662,0.5877702497300018,0.5780552616120546,0.6597283367569833,True
sat_p02_s01->sat_p01_s01:infrared:2,4.0,sat_p02_s01,sat_p01_s01,INFRARED,8.333484629923678e-05,0.9999999965276517,0.6498358595050255,0.6498358572485691,0.5780552616120546,True
sat_p02_s01->sat_p01_s01:infrared:3,6.0,sat_p02_s01,sat_p01_s01,INFRARED,0.0009907705195684872,0.9834709711210519,0.6772126447190878,0.6660189773573372,0.6498358572485691,True
sat_p02_s01->sat_p01_s01:infrared:4,8.0,sat_p02_s01,sat_p01_s01,INFRARED,0.0009909385640073302,0.9999995090205017,0.6579554095136555,0.6579550864710386,0.6660189773573372,True
sat_p02_s01->sat_p01_s01:infrared:5,10.0,sat_p02_s01,sat_p01_s01,INFRARED,0.0018727584857502564,0.9834697291956165,0.6101188839192038,0.6000334535451511,0.6579550864710386,True
sat_p02_s01->sat_p01_s01:infrared:6,12.0,sat_p02_s01,sat_p01_s01,INFRARED,0.0018497051765776263,0.9999982892968431,0.6000156571048623,0.6000146306561834,0.6000334535451511,True
sat_p02_s01->sat_p01_s01:infrared:7,14.0,sat_p02_s01,sat_p01_s01,INFRARED,0.002540591577216662,0.983468279866581,0.5903460523743109,0.5805866166545901,0.6000146306561834,True
sat_p02_s01->sat_p01_s01:infrared:8,16.0,sat_p02_s01,sat_p01_s01,INFRARED,0.0024941938231871504,0.9999968895034238,0.562288250396771,0.5622865014010933,0.5805866166545901,True
sat_p02_s01->sat_p01_s01:infrared:9,18.0,sat_p02_s01,sat_p01_s01,INFRARED,0.0030334296534036157,0.9834669290296196,0.5830859724963791,0.5734457707312631,0.5622865014010933,True
sat_p02_s01->sat_p01_s01:infrared:10,20.0,sat_p02_s01,sat_p01_s01,INFRARED,0.003045247171352747,0.9999953632455825,0.6272558773006678,0.6272529688692078,0.5734457707312631,True
sat_p02_s01->sat_p01_s01:optical:0,0.0,sat_p02_s01,sat_p01_s01,OPTICAL,0.0,1.0,0.6529192463721254,0.6529192463721254,1.0,True
sat_p02_s01->sat_p01_s01:optical:1,2.0,sat_p02_s01,sat_p01_s01,OPTICAL,3.734098549576694e-05,0.9834714531359662,0.5340486376132807,0.5252215896788162,0.6529192463721254,True
sat_p02_s01->sat_p01_s01:optical:2,4.0,sat_p02_s01,sat_p01_s01,OPTICAL,8.333484629923678e-05,0.9999999965276517,0.5897713062640193,0.5897713042161279,0.5252215896788162,True
sat_p02_s01->sat_p01_s01:optical:3,6.0,sat_p02_s01,sat_p01_s01,OPTICAL,0.0009907705195684872,0.9834709711210519,0.598028341710312,0.5881435139797528,0.5897713042161279,True
sat_p02_s01->sat_p01_s01:optical:4,8.0,sat_p02_s01,sat_p01_s01,OPTICAL,0.0009909385640073302,0.9999995090205017,0.6087933223523937,0.6087930234473538,0.5881435139797528,True
sat_p02_s01->sat_p01_s01:optical:5,10.0,sat_p02_s01,sat_p01_s01,OPTICAL,0.0018727584857502564,0.9834697291956165,0.5858906770458694,0.5762057454925376,0.6087930234473538,True
sat_p02_s01->sat_p01_s01:optical:6,12.0,sat_p02_s01,sat_p01_s01,OPTICAL,0.0018497051765776263,0.9999982892968431,0.6329084155943028,0.6329073328758782,0.5762057454925376,True
sat_p02_s01->sat_p01_s01:optical:7,14.0,sat_p02_s01,sat_p01_s01,OPTICAL,0.002540591577216662,0.983468279866581,0.6112009053030014,0.6010967029912399,0.6329073328758782,True
sat_p02_s01->sat_p01_s01:optical:8,16.0,sat_p02_s01,sat_p01_s01,OPTICAL,0.0024941938231871504,0.9999968895034238,0.5995127282827419,0.5995108635004532,0.6010967029912399,True
sat_p02_s01->sat_p01_s01:optical:9,18.0,sat_p02_s01,sat_p01_s01,OPTICAL,0.0030334296534036157,0.9834669290296196,0.5543148901525801,0.5451503627337488,0.5995108635004532,True
sat_p02_s01->sat_p01_s01:optical:10,20.0,sat_p02_s01,sat_p01_s01,OPTICAL,0.003045247171352747,0.9999953632455825,0.609040549052831,0.6090377250813748,0.5451503627337488,True
sat_p02_s01->sat_p01_s01:radar:0,0.0,sat_p02_s01,sat_p01_s01,RADAR,0.0,1.0,0.6296221786755971,0.6296221786755971,1.0,True
sat_p02_s01->sat_p01_s01:radar:1,2.0,sat_p02_s01,sat_p01_s01,RADAR,0.001345298517916308,0.9834705638648827,0.6494761933447242,0.6387407180855534,0.6296221786755971,True
sat_p02_s01->sat_p01_s01:radar:2,4.0,sat_p02_s01,sat_p01_s01,RADAR,0.197447159858515,0.9806960635916313,0.6522536969984056,0.6396626331094251,0.6387407180855534,True
sat_p02_s01->sat_p01_s01:radar:3,6.0,sat_p02_s01,sat_p01_s01,RADAR,0.1692798448876278,0.9694809055851598,0.6140887504427825,0.595347317888928,0.6396626331094251,True
sat_p02_s01->sat_p01_s01:radar:4,8.0,sat_p02_s01,sat_p01_s01,RADAR,0.17129146225805,0.9854367032378255,0.6245868249306734,0.6154907816454637,0.595347317888928,True
sat_p02_s01->sat_p01_s01:radar:5,10.0,sat_p02_s01,sat_p01_s01,RADAR,0.15379722150741074,0.9719086510509726,0.6866412603722156,0.6673525811242997,0.6154907816454637,True
sat_p02_s01->sat_p01_s01:radar:6,12.0,sat_p02_s01,sat_p01_s01,RADAR,0.15611265690311404,0.9878883627142578,0.5873324538763163,0.5802188962288214,0.6673525811242997,True
sat_p02_s01->sat_p01_s01:radar:7,14.0,sat_p02_s01,sat_p01_s01,RADAR,0.11724260315550837,0.9767353140714531,0.6822079493650899,0.666336595685153,0.5802188962288214,True
sat_p02_s01->sat_p01_s01:radar:8,16.0,sat_p02_s01,sat_p01_s01,RADAR,0.13630956890455048,0.9907528708252566,0.6445776250164104,0.6386171324547343,0.666336595685153,True
sat_p02_s01->sat_p01_s01:radar:9,18.0,sat_p02_s01,sat_p01_s01,RADAR,0.1054235956371294,0.9780213940056321,0.6664385671905859,0.651791176502853,0.6386171324547343,True
sat_p02_s01->sat_p01_s01:radar:10,20.0,sat_p02_s01,sat_p01_s01,RADAR,0.12380178221915725,0.9923658486542242,0.6643199585402917,0.6592484394347756,0.651791176502853,True
sat_p02_s01->sat_p03_s01:infrared:0,0.0,sat_p02_s01,sat_p03_s01,INFRARED,0.0,1.0,0.6094575735448692,0.6094575735448692,1.0,True
sat_p02_s01->sat_p03_s01:infrared:1,2.0,sat_p02_s01,sat_p03_s01,INFRARED,3.550294744593364e-05,0.9834714532018046,0.6497564075797717,0.6390168783896621,0.6094575735448692,True
sat_p02_s01->sat_p03_s01:infrared:2,4.0,sat_p02_s01,sat_p03_s01,INFRARED,9.279309141950439e-05,0.9999999956947211,0.6082410021418652,0.608240999523218,0.6390168783896621,True
sat_p02_s01->sat_p03_s01:infrared:3,6.0,sat_p02_s01,sat_p03_s01,INFRARED,0.0008756030420509166,0.9834710768174046,0.5908844881695985,0.581117803854856,0.608240999523218,True
sat_p02_s01->sat_p03_s01:infrared:4,8.0,sat_p02_s01,sat_p03_s01,INFRARED,0.0008861412612551868,0.9999996073769096,0.6125083643550852,0.6125081238701583,0.581117803854856,True
sat_p02_s01->sat_p03_s01:infrared:5,10.0,sat_p02_s01,sat_p03_s01,INFRARED,0.0017624939391200358,0.9834699263023741,0.6151429698471116,0.6049746112209623,0.6125081238701583,True
sat_p02_s01->sat_p03_s01:infrared:6,12.0,sat_p02_s01,sat_p03_s01,INFRARED,0.0017424862246547246,0.9999984818720308,0.6120853892146743,0.6120844599907254,0.6049746112209623,True
sat_p02_s01->sat_p03_s01:infrared:7,14.0,sat_p02_s01,sat_p03_s01,INFRARED,0.0024536802498048224,0.9834684933081319,0.5916697989578037,0.5818886057169566,0.6120844599907254,True
sat_p02_s01->sat_p03_s01:infrared:8,16.0,sat_p02_s01,sat_p03_s01,INFRARED,0.0024177959500784143,0.9999970771356435,0.5688618341771143,0.5688601714711354,0.5818886057169566,True
sat_p02_s01->sat_p03_s01:infrared:9,18.0,sat_p02_s01,sat_p03_s01,INFRARED,0.0029638646512578984,0.983467134181723,0.606577786796748,0.59654931763929,0.5688601714711354,True
sat_p02_s01->sat_p03_s01:infrared:10,20.0,sat_p02_s01,sat_p03_s01,INFRARED,0.002963288430000069,0.9999956094704787,0.630074143744705,0.6300713773855764,0.59654931763929,True
sat_p02_s01->sat_p03_s01:optical:0,0.0,sat_p02_s01,sat_p03_s01,OPTICAL,0.0,1.0,0.5877191495570524,0.5877191495570524,1.0,True
sat_p02_s01->sat_p03_s01:optical:1,2.0,sat_p02_s01,sat_p03_s01,OPTICAL,3.550294744593364e-05,0.9834714532018046,0.592092457205283,0.582306029317507,0.5877191495570524,True
sat_p02_s01->sat_p03_s01:optical:2,4.0,sat_p02_s01,sat_p03_s01,OPTICAL,9.279309141950439e-05,0.9999999956947211,0.6003437809494114,0.600343778364764,0.582306029317507,True
sat_p02_s01->sat_p03_s01:optical:3,6.0,sat_p02_s01,sat_p03_s01,OPTICAL,0.0008756030420509166,0.9834710768174046,0.591041141920428,0.5812718682878718,0.600343778364764,True
sat_p02_s01->sat_p03_s01:optical:4,8.0,sat_p02_s01,sat_p03_s01,OPTICAL,0.0008861412612551868,0.9999996073769096,0.6166284908536339,0.6166282487510503,0.5812718682878718,True
sat_p02_s01->sat_p03_s01:optical:5,10.0,sat_p02_s01,sat_p03_s01,OPTICAL,0.0017624939391200358,0.9834699263023741,0.6336112646737544,0.6231376237730513,0.6166282487510503,True
sat_p02_s01->sat_p03_s01:optical:6,12.0,sat_p02_s01,sat_p03_s01,OPTICAL,0.0017424862246547246,0.9999984818720308,0.6082858070709236,0.6082848836152266,0.6231376237730513,True
sat_p02_s01->sat_p03_s01:optical:7,14.0,sat_p02_s01,sat_p03_s01,OPTICAL,0.0024536802498048224,0.9834684933081319,0.6230780561762844,0.61277763712105,0.6082848836152266,True
sat_p02_s01->sat_p03_s01:optical:8,16.0,sat_p02_s01,sat_p03_s01,OPTICAL,0.0024177959500784143,0.9999970771356435,0.6340341091319153,0.6340322559362168,0.61277763712105,True
sat_p02_s01->sat_p03_s01:optical:9,18.0,sat_p02_s01,sat_p03_s01,OPTICAL,0.0029638646512578984,0.983467134181723,0.6372138886016736,0.6266789168838797,0.6340322559362168,True
sat_p02_s01->sat_p03_s01:optical:10,20.0,sat_p02_s01,sat_p03_s01,OPTICAL,0.002963288430000069,0.9999956094704787,0.6451071979131066,0.6451043655509098,0.6266789168838797,True
sat_p02_s01->sat_p03_s01:radar:0,0.0,sat_p02_s01,sat_p03_s01,RADAR,0.0,1.0,0.6624535344782279,0.6624535344782279,1.0,True
sat_p02_s01->sat_p03_s01:radar:1,2.0,sat_p02_s01,sat_p03_s01,RADAR,0.0009214517198238876,0.9834710363020435,0.606424343280339,0.5964007773247012,0.6624535344782279,True
sat_p02_s01->sat_p03_s01:radar:2,4.0,sat_p02_s01,sat_p03_s01,RADAR,0.1466433919278611,0.9893054554652805,0.6323841601454978,0.6256210995817706,0.5964007773247012,True
sat_p02_s01->sat_p03_s01:radar:3,6.0,sat_p02_s01,sat_p03_s01,RADAR,0.10674804103167895,0.9778839868867786,0.564775660772347,0.5522850748526774,0.6256210995817706,True
sat_p02_s01->sat_p03_s01:radar:4,8.0,sat_p02_s01,sat_p03_s01,RADAR,0.09249059887437536,0.9957318789889101,0.6404373462701172,0.6377038821762151,0.5522850748526774,True
sat_p02_s01->sat_p03_s01:radar:5,10.0,sat_p02_s01,sat_p03_s01,RADAR,0.0983255985896472,0.978728862498696,0.6750262522282124,0.6606676760000761,0.6377038821762151,True
sat_p02_s01->sat_p03_s01:radar:6,12.0,sat_p02_s01,sat_p03_s01,RADAR,0.1300653920244555,0.9915771693866473,0.614010491104135,0.6088387847427433,0.6606676760000761,True
sat_p02_s01->sat_p03_s01:radar:7,14.0,sat_p02_s01,sat_p03_s01,RADAR,0.09654229540996559,0.9788989355903093,0.5969661874518963,0.5843695654800664,0.6088387847427433,True
sat_p02_s01->sat_p03_s01:radar:8,16.0,sat_p02_s01,sat_p03_s01,RADAR,0.12436534569570383,0.9922964559641457,0.6384756922208892,0.633557166610043,0.5843695654800664,True
sat_p02_s01->sat_p03_s01:radar:9,18.0,sat_p02_s01,sat_p03_s01,RADAR,0.10057113932522362,0.9785103217095864,0.6094170257278235,0.5963208499002319,0.633557166610043,True
sat_p02_s01->sat_p03_s01:radar:10,20.0,sat_p02_s01,sat_p03_s01,RADAR,0.12394131144004703,0.9923486970484116,0.6174557279580796,0.6127313871242788,0.5963208499002319,True
sat_p02_s02->sat_p01_s02:infrared:0,0.0,sat_p02_s02,sat_p01_s02,INFRARED,0.0,1.0,0.5918872593042774,0.5918872593042774,1.0,True
sat_p02_s02->sat_p01_s02:infrared:1,2.0,sat_p02_s02,sat_p01_s02,INFRARED,0.0001462709339287265,0.9834714433008401,0.6478970504643752,0.6371882473305563,0.5918872593042774,True
sat_p02_s02->sat_p01_s02:infrared:2,4.0,sat_p02_s02,sat_p01_s02,INFRARED,9.377879864961206e-05,0.9999999956027684,0.6176719942668817,0.6176719915508349,0.6371882473305563,True
sat_p02_s02->sat_p01_s02:infrared:3,6.0,sat_p02_s02,sat_p01_s02,INFRARED,0.0011166672831502845,0.9834708406539988,0.6008221164987853,0.5908910319965751,0.6176719915508349,True
sat_p02_s02->sat_p01_s02:infrared:4,8.0,sat_p02_s02,sat_p01_s02,INFRARED,0.001115327593452221,0.999999378022373,0.6213243502504415,0.6213239638005966,0.5908910319965751,True
sat_p02_s02->sat_p01_s02:infrared:5,10.0,sat_p02_s02,sat_p01_s02,INFRARED,0.0019181581670298722,0.9834696445648989,0.5879068575621972,0.5781885482439607,0.6213239638005966,True
sat_p02_s02->sat_p01_s02:infrared:6,12.0,sat_p02_s02,sat_p01_s02,INFRARED,0.001925723886903993,0.9999981457954747,0.6902733076216483,0.6902720277137576,0.5781885482439607,True
sat_p02_s02->sat_p01_s02:infrared:7,14.0,sat_p02_s02,sat_p01_s02,INFRARED,0.002576540999095183,0.9834681894081772,0.6605152353384367,0.6495957225748084,0.6902720277137576,True
sat_p02_s02->sat_p01_s02:infrared:8,16.0,sat_p02_s02,sat_p01_s02,INFRARED,0.0025842891707486436,0.9999966607303163,0.6449131777128401,0.6449110241738172,0.6495957225748084,True
sat_p02_s02->sat_p01_s02:infrared:9,18.0,sat_p02_s02,sat_p01_s02,INFRARED,0.0031325356150448454,0.9834666285392536,0.6527193527986115,0.6419277012791741,0.6449110241738172,True
sat_p02_s02->sat_p01_s02:infrared:10,20.0,sat_p02_s02,sat_p01_s02,INFRARED,0.003134731045401738,0.9999950867427065,0.614821196423554,0.6148181756488266,0.6419277012791741,True
sat_p02_s02->sat_p01_s02:optical:0,0.0,sat_p02_s02,sat_p01_s02,OPTICAL,0.0,1.0,0.6465690384714944,0.6465690384714944,1.0,True
sat_p02_s02->sat_p01_s02:optical:1,2.0,sat_p02_s02,sat_p01_s02,OPTICAL,0.0001462709339287265,0.9834714433008401,0.5883128379792187,0.5785888758798355,0.6465690384714944,True
sat_p02_s02->sat_p01_s02:optical:2,4.0,sat_p02_s02,sat_p01_s02,OPTICAL,9.377879864961206e-05,0.9999999956027684,0.6044319610474895,0.6044319583896622,0.5785888758798355,True
sat_p02_s02->sat_p01_s02:optical:3,6.0,sat_p02_s02,sat_p01_s02,OPTICAL,0.0011166672831502845,0.9834708406539988,0.598438416715561,0.5885467327669008,0.6044319583896622,True
sat_p02_s02->sat_p01_s02:optical:4,8.0,sat_p02_s02,sat_p01_s02,OPTICAL,0.001115327593452221,0.999999378022373,0.6096275433964164,0.6096271642217237,0.5885467327669008,True
sat_p02_s02->sat_p01_s02:optical:5,10.0,sat_p02_s02,sat_p01_s02,OPTICAL,0.0019181581670298722,0.9834696445648989,0.6062556315721006,0.5962340104976821,0.6096271642217237,True
sat_p02_s02->sat_p01_s02:optical:6,12.0,sat_p02_s02,sat_p01_s02,OPTICAL,0.001925723886903993,0.9999981457954747,0.6053754164261391,0.6053742939363025,0.5962340104976821,True
sat_p02_s02->sat_p01_s02:optical:7,14.0,sat_p02_s02,sat_p01_s02,OPTICAL,0.002576540999095183,0.9834681894081772,0.5902081906408789,0.5804509806234615,0.6053742939363025,True
sat_p02_s02->sat_p01_s02:optical:8,16.0,sat_p02_s02,sat_p01_s02,OPTICAL,0.0025842891707486436,0.9999966607303163,0.6161243373405165,0.6161222799351955,0.5804509806234615,True
sat_p02_s02->sat_p01_s02:optical:9,18.0,sat_p02_s02,sat_p01_s02,OPTICAL,0.0031325356150448454,0.9834666285392536,0.6147761955837991,0.6046118723769877,0.6161222799351955,True
sat_p02_s02->sat_p01_s02:optical:10,20.0,sat_p02_s02,sat_p01_s02,OPTICAL,0.003134731045401738,0.9999950867427065,0.6674779033783765,0.6674746238876995,0.6046118723769877,True
sat_p02_s02->sat_p01_s02:radar:0,0.0,sat_p02_s02,sat_p01_s02,RADAR,0.0,1.0,0.7304479079478999,0.7304479079478999,1.0,True
sat_p02_s02->sat_p01_s02:radar:1,2.0,sat_p02_s02,sat_p01_s02,RADAR,0.0013649001830930165,0.9834705377417375,0.6508693484954176,0.6401108281644027,0.7304479079478999,True
sat_p02_s02->sat_p01_s02:radar:2,4.0,sat_p02_s02,sat_p01_s02,RADAR,0.11564323443129933,0.9933356272564728,0.6259099791980542,0.6217386817927851,0.6401108281644027,True
sat_p02_s02->sat_p01_s02:radar:3,6.0,sat_p02_s02,sat_p01_s02,RADAR,0.06833040405409876,0.9811781958903114,0.6672527151249813,0.6546938152292411,0.6217386817927851,True
sat_p02_s02->sat_p01_s02:radar:4,8.0,sat_p02_s02,sat_p01_s02,RADAR,0.058152987790477235,0.9983105437461605,0.5947353931258572,0.593730613696561,0.6546938152292411,True
sat_p02_s02->sat_p01_s02:radar:5,10.0,sat_p02_s02,sat_p01_s02,RADAR,0.009653572046667525,0.983425629322228,0.6312240920752037,0.6207619499924092,0.593730613696561,True
sat_p02_s02->sat_p01_s02:radar:6,12.0,sat_p02_s02,sat_p01_s02,RADAR,0.011826216374045314,0.9999300727481614,0.5797265879508223,0.5796860492637091,0.6207619499924092,True
sat_p02_s02->sat_p01_s02:radar:7,14.0,sat_p02_s02,sat_p01_s02,RADAR,0.04406859337499967,0.982516946415232,0.639684563912655,0.6285009244044212,0.5796860492637091,True
sat_p02_s02->sat_p01_s02:radar:8,16.0,sat_p02_s02,sat_p01_s02,RADAR,0.05621827153164533,0.9984210009058962,0.5882253235855023,0.5872965163324319,0.6285009244044212,True
sat_p02_s02->sat_p01_s02:radar:9,18.0,sat_p02_s02,sat_p01_s02,RADAR,0.05127570571654417,0.9821794326644322,0.6549812762610112,0.6433091383238657,0.5872965163324319,True
sat_p02_s02->sat_p01_s02:radar:10,20.0,sat_p02_s02,sat_p01_s02,RADAR,0.0647372887043404,0.9979067356655912,0.6563414049316052,0.6549675088774661,0.6433091383238657,True
sat_p02_s02->sat_p03_s02:infrared:0,0.0,sat_p02_s02,sat_p03_s02,INFRARED,0.0,1.0,0.5672732526350448,0.5672732526350448,1.0,True
sat_p02_s02->sat_p03_s02:infrared:1,2.0,sat_p02_s02,sat_p03_s02,INFRARED,0.0001593631290738541,0.9834714413331985,0.6062886909230553,0.5962676127261153,0.5672732526350448,True
sat_p02_s02->sat_p03_s02:infrared:2,4.0,sat_p02_s02,sat_p03_s02,INFRARED,0.0001190064814546681,0.9999999929187287,0.6189938085972022,0.6189938042139391,0.5962676127261153,True
sat_p02_s02->sat_p03_s02:infrared:3,6.0,sat_p02_s02,sat_p03_s02,INFRARED,0.001014818841544105,0.9834709474041291,0.6040882549294497,0.594103248391173,0.6189938042139391,True
sat_p02_s02->sat_p03_s02:infrared:4,8.0,sat_p02_s02,sat_p03_s02,INFRARED,0.0010177569430205305,0.9999994820855366,0.6122363033353739,0.6122359862493374,0.594103248391173,True
sat_p02_s02->sat_p03_s02:infrared:5,10.0,sat_p02_s02,sat_p03_s02,INFRARED,0.0018609764205206416,0.9834697508275784,0.5814699471120899,0.5718581040000522,0.6122359862493374,True
sat_p02_s02->sat_p03_s02:infrared:6,12.0,sat_p02_s02,sat_p03_s02,INFRARED,0.0018665988530644016,0.9999982579058783,0.6277314097330695,0.6277303161658706,0.5718581040000522,True
sat_p02_s02->sat_p03_s02:infrared:7,14.0,sat_p02_s02,sat_p03_s02,INFRARED,0.002537581968680596,0.9834682873819086,0.602286793596185,0.5923299614107811,0.6277303161658706,True
sat_p02_s02->sat_p03_s02:infrared:8,16.0,sat_p02_s02,sat_p03_s02,INFRARED,0.0025241416797763265,0.9999968143594644,0.6001768565857928,0.60017494463807,0.5923299614107811,True
sat_p02_s02->sat_p03_s02:infrared:9,18.0,sat_p02_s02,sat_p03_s02,INFRARED,0.0030610775274765105,0.9834668461724521,0.634217125005083,0.6237315157173088,0.60017494463807,True
sat_p02_s02->sat_p03_s02:infrared:10,20.0,sat_p02_s02,sat_p03_s02,INFRARED,0.0030461285342378132,0.9999953605612387,0.6461725220513099,0.6461695241734646,0.6237315157173088,True
sat_p02_s02->sat_p03_s02:optical:0,0.0,sat_p02_s02,sat_p03_s02,OPTICAL,0.0,1.0,0.609604760208871,0.609604760208871,1.0,True
sat_p02_s02->sat_p03_s02:optical:1,2.0,sat_p02_s02,sat_p03_s02,OPTICAL,0.0001593631290738541,0.9834714413331985,0.5903467325744163,0.5805891519713055,0.609604760208871,True
sat_p02_s02->sat_p03_s02:optical:2,4.0,sat_p02_s02,sat_p03_s02,OPTICAL,0.0001190064814546681,0.9999999929187287,0.6411833268904492,0.641183322350056,0.5805891519713055,True
sat_p02_s02->sat_p03_s02:optical:3,6.0,sat_p02_s02,sat_p03_s02,OPTICAL,0.001014818841544105,0.9834709474041291,0.647013328527865,0.6363188111903983,0.641183322350056,True
sat_p02_s02->sat_p03_s02:optical:4,8.0,sat_p02_s02,sat_p03_s02,OPTICAL,0.0010177569430205305,0.9999994820855366,0.5957002555532864,0.5956999470315082,0.6363188111903983,True
sat_p02_s02->sat_p03_s02:optical:5,10.0,sat_p02_s02,sat_p03_s02,OPTICAL,0.0018609764205206416,0.9834697508275784,0.6386884067072132,0.628130728200806,0.5956999470315082,True
sat_p02_s02->sat_p03_s02:optical:6,12.0,sat_p02_s02,sat_p03_s02,OPTICAL,0.0018665988530644016,0.9999982579058783,0.5693686783078348,0.5693676864140071,0.628130728200806,True
sat_p02_s02->sat_p03_s02:optical:7,14.0,sat_p02_s02,sat_p03_s02,OPTICAL,0.002537581968680596,0.9834682873819086,0.6399511463372205,0.6293716578963554,0.5693676864140071,True
sat_p02_s02->sat_p03_s02:optical:8,16.0,sat_p02_s02,sat_p03_s02,OPTICAL,0.0025241416797763265,0.9999968143594644,0.5948557390313449,0.5948538440347898,0.6293716578963554,True
sat_p02_s02->sat_p03_s02:optical:9,18.0,sat_p02_s02,sat_p03_s02,OPTICAL,0.0030610775274765105,0.9834668461724521,0.5933203131435201,0.5835108571373093,0.5948538440347898,True
sat_p02_s02->sat_p03_s02:optical:10,20.0,sat_p02_s02,sat_p03_s02,OPTICAL,0.0030461285342378132,0.9999953605612387,0.6081904950070649,0.6081876733445081,0.5835108571373093,True
sat_p02_s02->sat_p03_s02:radar:0,0.0,sat_p02_s02,sat_p03_s02,RADAR,0.0,1.0,0.6360227701280816,0.6360227701280816,1.0,True
sat_p02_s02->sat_p03_s02:radar:1,2.0,sat_p02_s02,sat_p03_s02,RADAR,0.000938445646497195,0.983471020759779,0.6327955018778393,0.6223360381639953,0.6360227701280816,True
sat_p02_s02->sat_p03_s02:radar:2,4.0,sat_p02_s02,sat_p03_s02,RADAR,0.10351440567296981,0.9946567103375878,0.6345744966732279,0.6311837813251234,0.6223360381639953,True
sat_p02_s02->sat_p03_s02:radar:3,6.0,sat_p02_s02,sat_p03_s02,RADAR,0.10410419423049107,0.978156590972933,0.6119609029221345,0.598593590611033,0.6311837813251234,True
sat_p02_s02->sat_p03_s02:radar:4,8.0,sat_p02_s02,sat_p03_s02,RADAR,0.13884407343601793,0.9904074663443939,0.5971377648683955,0.5914097007618621,0.598593590611033,True
sat_p02_s02->sat_p03_s02:radar:5,10.0,sat_p02_s02,sat_p03_s02,RADAR,0.11889453573778526,0.9765448289064627,0.5985769023507712,0.5845371786934943,0.5914097007618621,True
sat_p02_s02->sat_p03_s02:radar:6,12.0,sat_p02_s02,sat_p03_s02,RADAR,0.1379695593664992,0.9905273512399816,0.6509042587558382,0.6447384713362441,0.5845371786934943,True
sat_p02_s02->sat_p03_s02:radar:7,14.0,sat_p02_s02,sat_p03_s02,RADAR,0.09384061201882378,0.9791507184227805,0.5939719648863049,0.5815880761414159,0.6447384713362441,True
sat_p02_s02->sat_p03_s02:radar:8,16.0,sat_p02_s02,sat_p03_s02,RADAR,0.08788371272546258,0.9961456735766365,0.614760210624193,0.6123907241003517,0.5815880761414159,True
sat_p02_s02->sat_p03_s02:radar:9,18.0,sat_p02_s02,sat_p03_s02,RADAR,0.05280867317478139,0.9821010785138417,0.5867318410186892,0.5762299738628666,0.6123907241003517,True
sat_p02_s02->sat_p03_s02:radar:10,20.0,sat_p02_s02,sat_p03_s02,RADAR,0.06041238763769901,0.998176835696783,0.6634147619953834,0.6622052478830862,0.5762299738628666,True
sat_p03_s01->sat_p02_s01:infrared:0,0.0,sat_p03_s01,sat_p02_s01,INFRARED,0.0,1.0,0.5904613228393546,0.5904613228393546,1.0,True
sat_p03_s01->sat_p02_s01:infrared:1,2.0,sat_p03_s01,sat_p02_s01,INFRARED,3.550294744593364e-05,0.9834714532018046,0.6293923380819382,0.6189893973675252,0.5904613228393546,True
sat_p03_s01->sat_p02_s01:infrared:2,4.0,sat_p03_s01,sat_p02_s01,INFRARED,9.279309141950439e-05,0.9999999956947211,0.6181140876070835,0.61811408494593,0.6189893973675252,True
sat_p03_s01->sat_p02_s01:infrared:3,6.0,sat_p03_s01,sat_p02_s01,INFRARED,0.0008756030420509166,0.9834710768174046,0.6228438189895027,0.6125488813506709,0.61811408494593,True
sat_p03_s01->sat_p02_s01:infrared:4,8.0,sat_p03_s01,sat_p02_s01,INFRARED,0.0008861412612551868,0.9999996073769096,0.618365054252684,0.6183648114682854,0.6125488813506709,True
sat_p03_s01->sat_p02_s01:infrared:5,10.0,sat_p03_s01,sat_p02_s01,INFRARED,0.0017624939391200358,0.9834699263023741,0.6431886372430843,0.6325566816679805,0.6183648114682854,True
sat_p03_s01->sat_p02_s01:infrared:6,12.0,sat_p03_s01,sat_p02_s01,INFRARED,0.0017424862246547246,0.9999984818720308,0.5882666707021321,0.588265777638046,0.6325566816679805,True
sat_p03_s01->sat_p02_s01:infrared:7,14.0,sat_p03_s01,sat_p02_s01,INFRARED,0.0024536802498048224,0.9834684933081319,0.5770049767821168,0.5674662151472021,0.588265777638046,True
sat_p03_s01->sat_p02_s01:infrared:8,16.0,sat_p03_s01,sat_p02_s01,INFRARED,0.0024177959500784143,0.9999970771356435,0.6271668230993441,0.6271649899757913,0.5674662151472021,True
sat_p03_s01->sat_p02_s01:infrared:9,18.0,sat_p03_s01,sat_p02_s01,INFRARED,0.0029638646512578984,0.983467134181723,0.628166322221841,0.6177809327049868,0.6271649899757913,True
sat_p03_s01->sat_p02_s01:infrared:10,20.0,sat_p03_s01,sat_p02_s01,INFRARED,0.002963288430000069,0.9999956094704787,0.6249624922733099,0.6249597483570379,0.6177809327049868,True
sat_p03_s01->sat_p02_s01:optical:0,0.0,sat_p03_s01,sat_p02_s01,OPTICAL,0.0,1.0,0.6333514975076739,0.6333514975076739,1.0,True
sat_p03_s01->sat_p02_s01:optical:1,2.0,sat_p03_s01,sat_p02_s01,OPTICAL,3.550294744593364e-05,0.9834714532018046,0.5744699998982313,0.5649748456207542,0.6333514975076739,True
sat_p03_s01->sat_p02_s01:optical:2,4.0,sat_p03_s01,sat_p02_s01,OPTICAL,9.279309141950439e-05,0.9999999956947211,0.6046352082039423,0.6046352056008192,0.5649748456207542,True
sat_p03_s01->sat_p02_s01:optical:3,6.0,sat_p03_s01,sat_p02_s01,OPTICAL,0.0008756030420509166,0.9834710768174046,0.6097085673381812,0.5996307412648781,0.6046352056008192,True
sat_p03_s01->sat_p02_s01:optical:4,8.0,sat_p03_s01,sat_p02_s01,OPTICAL,0.0008861412612551868,0.9999996073769096,0.5994212535703816,0.5994210182237566,0.5996307412648781,True
sat_p03_s01->sat_p02_s01:optical:5,10.0,sat_p03_s01,sat_p02_s01,OPTICAL,0.0017624939391200358,0.9834699263023741,0.587866970776096,0.5781494864247669,0.5994210182237566,True
sat_p03_s01->sat_p02_s01:optical:6,12.0,sat_p03_s01,sat_p02_s01,OPTICAL,0.0017424862246547246,0.9999984818720308,0.5890764516305469,0.5890755573371097,0.5781494864247669,True
sat_p03_s01->sat_p02_s01:optical:7,14.0,sat_p03_s01,sat_p02_s01,OPTICAL,0.0024536802498048224,0.9834684933081319,0.6659608767632681,0.6549515400725338,0.5890755573371097,True
sat_p03_s01->sat_p02_s01:optical:8,16.0,sat_p03_s01,sat_p02_s01,OPTICAL,0.0024177959500784143,0.9999970771356435,0.6027655447776243,0.6027637829756981,0.6549515400725338,True
sat_p03_s01->sat_p02_s01:optical:9,18.0,sat_p03_s01,sat_p02_s01,OPTICAL,0.0029638646512578984,0.983467134181723,0.6420144079871282,0.6314000699264765,0.6027637829756981,True
sat_p03_s01->sat_p02_s01:optical:10,20.0,sat_p03_s01,sat_p02_s01,OPTICAL,0.002963288430000069,0.9999956094704787,0.6049277905261391,0.6049251345728166,0.6314000699264765,True
sat_p03_s01->sat_p02_s01:radar:0,0.0,sat_p03_s01,sat_p02_s01,RADAR,0.0,1.0,0.6267449537830784,0.6267449537830784,1.0,True
sat_p03_s01->sat_p02_s01:radar:1,2.0,sat_p03_s01,sat_p02_s01,RADAR,0.0009214517198238876,0.9834710363020435,0.5833436514655823,0.5737015854270743,0.6267449537830784,True
sat_p03_s01->sat_p02_s01:radar:2,4.0,sat_p03_s01,sat_p02_s01,RADAR,0.1466433919278611,0.9893054554652805,0.6418390522775945,0.6349748759488896,0.5737015854270743,True
sat_p03_s01->sat_p02_s01:radar:3,6.0,sat_p03_s01,sat_p02_s01,RADAR,0.10674804103167895,0.9778839868867786,0.6548357155803045,0.6403533603075248,0.6349748759488896,True
sat_p03_s01->sat_p02_s01:radar:4,8.0,sat_p03_s01,sat_p02_s01,RADAR,0.09249059887437536,0.9957318789889101,0.6253935268760442,0.622724271623785,0.6403533603075248,True
sat_p03_s01->sat_p02_s01:radar:5,10.0,sat_p03_s01,sat_p02_s01,RADAR,0.0983255985896472,0.978728862498696,0.6368299176813574,0.6232838209374132,0.622724271623785,True
sat_p03_s01->sat_p02_s01:radar:6,12.0,sat_p03_s01,sat_p02_s01,RADAR,0.1300653920244555,0.9915771693866473,0.6747295342160436,0.6690464016395156,0.6232838209374132,True
sat_p03_s01->sat_p02_s01:radar:7,14.0,sat_p03_s01,sat_p02_s01,RADAR,0.09654229540996559,0.9788989355903093,0.6224845268517711,0.6093494407566361,0.6690464016395156,True
sat_p03_s01->sat_p02_s01:radar:8,16.0,sat_p03_s01,sat_p02_s01,RADAR,0.12436534569570383,0.9922964559641457,0.6343993449870043,0.6295122216965798,0.6093494407566361,True
sat_p03_s01->sat_p02_s01:radar:9,18.0,sat_p03_s01,sat_p02_s01,RADAR,0.10057113932522362,0.9785103217095864,0.6097106082121317,0.5966081233914007,0.6295122216965798,True
sat_p03_s01->sat_p02_s01:radar:10,20.0,sat_p03_s01,sat_p02_s01,RADAR,0.12394131144004703,0.9923486970484116,0.6082969424911231,0.6036426782995985,0.5966081233914007,True
sat_p03_s01->sat_p04_s01:infrared:0,0.0,sat_p03_s01,sat_p04_s01,INFRARED,0.0,1.0,0.6398788069341995,0.6398788069341995,1.0,True
sat_p03_s01->sat_p04_s01:infrared:1,2.0,sat_p03_s01,sat_p04_s01,INFRARED,4.259431686807031e-05,0.9834714529294732,0.6132696119740786,0.6031331563256414,0.6398788069341995,True
sat_p03_s01->sat_p04_s01:infrared:2,4.0,sat_p03_s01,sat_p04_s01,INFRARED,9.81628502685012e-05,0.9999999951820274,0.593462335812761,0.5934623329534757,0.6031331563256414,True
sat_p03_s01->sat_p04_s01:infrared:3,6.0,sat_p03_s01,sat_p04_s01,INFRARED,0.0009968477585479407,0.9834709651812653,0.5839996476894482,0.5743466971786606,0.5934623329534757,True
sat_p03_s01->sat_p04_s01:infrared:4,8.0,sat_p03_s01,sat_p04_s01,INFRARED,0.0009889595073153336,0.999999510979666,0.6212001136037923,0.6211998098243053,0.5743466971786606,True
sat_p03_s01->sat_p04_s01:infrared:5,10.0,sat_p03_s01,sat_p04_s01,INFRARED,0.0018131407630612086,0.9834698372518605,0.6439470637654885,0.6333025140002584,0.6211998098243053,True
sat_p03_s01->sat_p04_s01:infrared:6,12.0,sat_p03_s01,sat_p04_s01,INFRARED,0.0018354736734393698,0.9999983155196158,0.5889034474856694,0.5889024554893639,0.6333025140002584,True
sat_p03_s01->sat_p04_s01:infrared:7,14.0,sat_p03_s01,sat_p04_s01,INFRARED,0.002520333123467671,0.9834683302823671,0.6038156042617204,0.5938335241217128,0.5889024554893639,True
sat_p03_s01->sat_p04_s01:infrared:8,16.0,sat_p03_s01,sat_p04_s01,INFRARED,0.00249183839385809,0.9999968953755288,0.6030618872181684,0.6030600149374757,0.5938335241217128,True
sat_p03_s01->sat_p04_s01:infrared:9,18.0,sat_p03_s01,sat_p04_s01,INFRARED,0.0030432462592394054,0.983466899696572,0.5953339613220152,0.5854912452254412,0.6030600149374757,True
sat_p03_s01->sat_p04_s01:infrared:10,20.0,sat_p03_s01,sat_p04_s01,INFRARED,0.003032778847769452,0.9999954011368051,0.5942500045037258,0.5942472716292515,0.5854912452254412,True
sat_p03_s01->sat_p04_s01:optical:0,0.0,sat_p03_s01,sat_p04_s01,OPTICAL,0.0,1.0,0.6110281073730013,0.6110281073730013,1.0,True
sat_p03_s01->sat_p04_s01:optical:1,2.0,sat_p03_s01,sat_p04_s01,OPTICAL,4.259431686807031e-05,0.9834714529294732,0.5864248003271013,0.5767320504115706,0.6110281073730013,True
sat_p03_s01->sat_p04_s01:optical:2,4.0,sat_p03_s01,sat_p04_s01,OPTICAL,9.81628502685012e-05,0.9999999951820274,0.6138006245983683,0.6138006216410937,0.5767320504115706,True
sat_p03_s01->sat_p04_s01:optical:3,6.0,sat_p03_s01,sat_p04_s01,OPTICAL,0.0009968477585479407,0.9834709651812653,0.6540159600287508,0.6432057074534274,0.6138006216410937,True
sat_p03_s01->sat_p04_s01:optical:4,8.0,sat_p03_s01,sat_p04_s01,OPTICAL,0.0009889595073153336,0.999999510979666,0.5977187333383327,0.5977184410417181,0.6432057074534274,True
sat_p03_s01->sat_p04_s01:optical:5,10.0,sat_p03_s01,sat_p04_s01,OPTICAL,0.0018131407630612086,0.9834698372518605,0.6419000525528888,0.6312893402161504,0.5977184410417181,True
sat_p03_s01->sat_p04_s01:optical:6,12.0,sat_p03_s01,sat_p04_s01,OPTICAL,0.0018354736734393698,0.9999983155196158,0.580052311261965,0.5800513341752249,0.6312893402161504,True
sat_p03_s01->sat_p04_s01:optical:7,14.0,sat_p03_s01,sat_p04_s01,OPTICAL,0.002520333123467671,0.9834683302823671,0.5857192491135752,0.5760363319399696,0.5800513341752249,True
sat_p03_s01->sat_p04_s01:optical:8,16.0,sat_p03_s01,sat_p04_s01,OPTICAL,0.00249183839385809,0.9999968953755288,0.6272879927604553,0.6272860452668025,0.5760363319399696,True
sat_p03_s01->sat_p04_s01:optical:9,18.0,sat_p03_s01,sat_p04_s01,OPTICAL,0.0030432462592394054,0.983466899696572,0.6219115553775024,0.6116294292525852,0.6272860452668025,True
sat_p03_s01->sat_p04_s01:optical:10,20.0,sat_p03_s01,sat_p04_s01,OPTICAL,0.003032778847769452,0.9999954011368051,0.5737768755445256,0.5737742368231705,0.6116294292525852,True
sat_p03_s01->sat_p04_s01:radar:0,0.0,sat_p03_s01,sat_p04_s01,RADAR,0.0,1.0,0.5985292035892753,0.5985292035892753,1.0,True
sat_p03_s01->sat_p04_s01:radar:1,2.0,sat_p03_s01,sat_p04_s01,RADAR,0.00044570139412610627,0.9834713561384516,0.6381596943119976,0.62761177999792,0.5985292035892753,True
sat_p03_s01->sat_p04_s01:radar:2,4.0,sat_p03_s01,sat_p04_s01,RADAR,0.10606320809499842,0.9943910869641917,0.6242006603612908,0.6206995731404302,0.62761177999792,True
sat_p03_s01->sat_p04_s01:radar:3,6.0,sat_p03_s01,sat_p04_s01,RADAR,0.09899798521582089,0.9786639368860884,0.6702037021337792,0.6559041936458757,0.6206995731404302,True
sat_p03_s01->sat_p04_s01:radar:4,8.0,sat_p03_s01,sat_p04_s01,RADAR,0.07468978890352868,0.9972146041503077,0.5637111836081701,0.5621410248169227,0.6559041936458757,True
sat_p03_s01->sat_p04_s01:radar:5,10.0,sat_p03_s01,sat_p04_s01,RADAR,0.031115773882217142,0.9829954747464805,0.6579909114043297,0.6468020883347685,0.5621410248169227,True
sat_p03_s01->sat_p04_s01:radar:6,12.0,sat_p03_s01,sat_p04_s01,RADAR,0.016430473508215342,0.9998650288795693,0.6618036139666603,0.6617142895913781,0.6468020883347685,True
sat_p03_s01->sat_p04_s01:radar:7,14.0,sat_p03_s01,sat_p04_s01,RADAR,0.03188706527739472,0.9829715914178725,0.6565490710463668,0.6453690852103731,0.6617142895913781,True
sat_p03_s01->sat_p04_s01:radar:8,16.0,sat_p03_s01,sat_p04_s01,RADAR,0.04453352805531836,0.9990088739296961,0.6238154545851913,0.6231971748250934,0.6453690852103731,True
sat_p03_s01->sat_p04_s01:radar:9,18.0,sat_p03_s01,sat_p04_s01,RADAR,0.04632015604805533,0.9824169725747451,0.6722937429352396,0.660472783615382,0.6231971748250934,True
sat_p03_s01->sat_p04_s01:radar:10,20.0,sat_p03_s01,sat_p04_s01,RADAR,0.049580293102069434,0.9987716523053483,0.633981426239062,0.6332026766156892,0.660472783615382,True
sat_p03_s02->sat_p02_s02:infrared:0,0.0,sat_p03_s02,sat_p02_s02,INFRARED,0.0,1.0,0.6412808351936532,0.6412808351936532,1.0,True
sat_p03_s02->sat_p02_s02:infrared:1,2.0,sat_p03_s02,sat_p02_s02,INFRARED,0.0001593631290738541,0.9834714413331985,0.614035190003182,0.6038860733417338,0.6412808351936532,True
sat_p03_s02->sat_p02_s02:infrared:2,4.0,sat_p03_s02,sat_p02_s02,INFRARED,0.0001190064814546681,0.9999999929187287,0.6089078211944771,0.6089078168826355,0.6038860733417338,True
sat_p03_s02->sat_p02_s02:infrared:3,6.0,sat_p03_s02,sat_p02_s02,INFRARED,0.001014818841544105,0.9834709474041291,0.5680168901457653,0.5586281090932029,0.6089078168826355,True
sat_p03_s02->sat_p02_s02:infrared:4,8.0,sat_p03_s02,sat_p02_s02,INFRARED,0.0010177569430205305,0.9999994820855366,0.6157223842156332,0.6157220653241049,0.5586281090932029,True
sat_p03_s02->sat_p02_s02:infrared:5,10.0,sat_p03_s02,sat_p02_s02,INFRARED,0.0018609764205206416,0.9834697508275784,0.5985674554800473,0.5886729862944597,0.6157220653241049,True
sat_p03_s02->sat_p02_s02:infrared:6,12.0,sat_p03_s02,sat_p02_s02,INFRARED,0.0018665988530644016,0.9999982579058783,0.6149799873159147,0.6149789159628939,0.5886729862944597,True
sat_p03_s02->sat_p02_s02:infrared:7,14.0,sat_p03_s02,sat_p02_s02,INFRARED,0.002537581968680596,0.9834682873819086,0.5989055186371748,0.589004584717676,0.6149789159628939,True
sat_p03_s02->sat_p02_s02:infrared:8,16.0,sat_p03_s02,sat_p02_s02,INFRARED,0.0025241416797763265,0.9999968143594644,0.6341506514768795,0.6341486313008585,0.589004584717676,True
sat_p03_s02->sat_p02_s02:infrared:9,18.0,sat_p03_s02,sat_p02_s02,INFRARED,0.0030610775274765105,0.9834668461724521,0.6318332873897141,0.6213870904559347,0.6341486313008585,True
sat_p03_s02->sat_p02_s02:infrared:10,20.0,sat_p03_s02,sat_p02_s02,INFRARED,0.0030461285342378132,0.9999953605612387,0.5840427942660757,0.5840400846352978,0.6213870904559347,True
sat_p03_s02->sat_p02_s02:optical:0,0.0,sat_p03_s02,sat_p02_s02,OPTICAL,0.0,1.0,0.5856730220647339,0.5856730220647339,1.0,True
sat_p03_s02->sat_p02_s02:optical:1,2.0,sat_p03_s02,sat_p02_s02,OPTICAL,0.0001593631290738541,0.9834714413331985,0.5818036455058229,0.5721872698185209,0.5856730220647339,True
sat_p03_s02->sat_p02_s02:optical:2,4.0,sat_p03_s02,sat_p02_s02,OPTICAL,0.0001190064814546681,0.9999999929187287,0.5932718123087464,0.5932718081076277,0.5721872698185209,True
sat_p03_s02->sat_p02_s02:optical:3,6.0,sat_p03_s02,sat_p02_s02,OPTICAL,0.001014818841544105,0.9834709474041291,0.5794867342391862,0.5699083675303372,0.5932718081076277,True
sat_p03_s02->sat_p02_s02:optical:4,8.0,sat_p03_s02,sat_p02_s02,OPTICAL,0.0010177569430205305,0.9999994820855366,0.6180927305619752,0.6180924104428104,0.5699083675303372,True
sat_p03_s02->sat_p02_s02:optical:5,10.0,sat_p03_s02,sat_p02_s02,OPTICAL,0.0018609764205206416,0.9834697508275784,0.5928408153435987,0.5830410089463873,0.6180924104428104,True
sat_p03_s02->sat_p02_s02:optical:6,12.0,sat_p03_s02,sat_p02_s02,OPTICAL,0.0018665988530644016,0.9999982579058783,0.6196322583406253,0.6196311788829104,0.5830410089463873,True
sat_p03_s02->sat_p02_s02:optical:7,14.0,sat_p03_s02,sat_p02_s02,OPTICAL,0.002537581968680596,0.9834682873819086,0.5988356029495554,0.5889358248561118,0.6196311788829104,True
sat_p03_s02->sat_p02_s02:optical:8,16.0,sat_p03_s02,sat_p02_s02,OPTICAL,0.0025241416797763265,0.9999968143594644,0.6030206547392818,0.6030187337322402,0.5889358248561118,True
sat_p03_s02->sat_p02_s02:optical:9,18.0,sat_p03_s02,sat_p02_s02,OPTICAL,0.0030610775274765105,0.9834668461724521,0.6522804224125103,0.6414961698500663,0.6030187337322402,True
sat_p03_s02->sat_p02_s02:optical:10,20.0,sat_p03_s02,sat_p02_s02,OPTICAL,0.0030461285342378132,0.9999953605612387,0.5675131459453784,0.5675105130028916,0.6414961698500663,True
sat_p03_s02->sat_p02_s02:radar:0,0.0,sat_p03_s02,sat_p02_s02,RADAR,0.0,1.0,0.6363654200758131,0.6363654200758131,1.0,True
sat_p03_s02->sat_p02_s02:radar:1,2.0,sat_p03_s02,sat_p02_s02,RADAR,0.000938445646497195,0.983471020759779,0.6017147568699995,0.5917690261451607,0.6363654200758131,True
sat_p03_s02->sat_p02_s02:radar:2,4.0,sat_p03_s02,sat_p02_s02,RADAR,0.10351440567296981,0.9946567103375878,0.6328832534671669,0.629501574921402,0.5917690261451607,True
sat_p03_s02->sat_p02_s02:radar:3,6.0,sat_p03_s02,sat_p02_s02,RADAR,0.10410419423049107,0.978156590972933,0.5815007492515837,0.5687987905361354,0.629501574921402,True
sat_p03_s02->sat_p02_s02:radar:4,8.0,sat_p03_s02,sat_p02_s02,RADAR,0.13884407343601793,0.9904074663443939,0.6291938404676011,0.6231582773770156,0.5687987905361354,True
sat_p03_s02->sat_p02_s02:radar:5,10.0,sat_p03_s02,sat_p02_s02,RADAR,0.11889453573778526,0.9765448289064627,0.6260320922103466,0.6113484023775078,0.6231582773770156,True
sat_p03_s02->sat_p02_s02:radar:6,12.0,sat_p03_s02,sat_p02_s02,RADAR,0.1379695593664992,0.9905273512399816,0.652527412555719,0.6463462495702951,0.6113484023775078,True
sat_p03_s02->sat_p02_s02:radar:7,14.0,sat_p03_s02,sat_p02_s02,RADAR,0.09384061201882378,0.9791507184227805,0.621117009398857,0.6081671659774996,0.6463462495702951,True
sat_p03_s02->sat_p02_s02:radar:8,16.0,sat_p03_s02,sat_p02_s02,RADAR,0.08788371272546258,0.9961456735766365,0.5999927356529822,0.5976801677981287,0.6081671659774996,True
sat_p03_s02->sat_p02_s02:radar:9,18.0,sat_p03_s02,sat_p02_s02,RADAR,0.05280867317478139,0.9821010785138417,0.6360563820457696,0.6246716588027624,0.5976801677981287,True
sat_p03_s02->sat_p02_s02:radar:10,20.0,sat_p03_s02,sat_p02_s02,RADAR,0.06041238763769901,0.998176835696783,0.6791005251871229,0.6778624133513058,0.6246716588027624,True
sat_p03_s02->sat_p04_s02:infrared:0,0.0,sat_p03_s02,sat_p04_s02,INFRARED,0.0,1.0,0.5676565286305503,0.5676565286305503,1.0,True
sat_p03_s02->sat_p04_s02:infrared:1,2.0,sat_p03_s02,sat_p04_s02,INFRARED,0.00010992440911741417,0.98347144787979,0.6357522491011836,0.6252441849163739,0.5676565286305503,True
sat_p03_s02->sat_p04_s02:infrared:2,4.0,sat_p03_s02,sat_p04_s02,INFRARED,0.0001109890381732432,0.9999999938407167,0.5839810145257108,0.5839810109288063,0.6252441849163739,True
sat_p03_s02->sat_p04_s02:infrared:3,6.0,sat_p03_s02,sat_p04_s02,INFRARED,0.001020685391640314,0.9834709415321253,0.6112961879394618,0.6011920375078216,0.5839810109288063,True
sat_p03_s02->sat_p04_s02:infrared:4,8.0,sat_p03_s02,sat_p04_s02,INFRARED,0.0010310034828670896,0.9999994685160504,0.5750734922015844,0.5750731865592534,0.6011920375078216,True
sat_p03_s02->sat_p04_s02:infrared:5,10.0,sat_p03_s02,sat_p04_s02,INFRARED,0.001856860431419994,0.9834697583523886,0.5517017882435447,0.5425820243664595,0.5750731865592534,True
sat_p03_s02->sat_p04_s02:infrared:6,12.0,sat_p03_s02,sat_p04_s02,INFRARED,0.0018570479519308654,0.9999982756879388,0.6040711120529177,0.6040700704458134,0.5425820243664595,True
sat_p03_s02->sat_p04_s02:infrared:7,14.0,sat_p03_s02,sat_p04_s02,INFRARED,0.0025432976374504803,0.9834682731016419,0.6170918695961662,0.6068902753368052,0.6040700704458134,True
sat_p03_s02->sat_p04_s02:infrared:8,16.0,sat_p03_s02,sat_p04_s02,INFRARED,0.002534819961973447,0.9999967873490407,0.592067868540063,0.5920659664326572,0.6068902753368052,True
sat_p03_s02->sat_p04_s02:infrared:9,18.0,sat_p03_s02,sat_p04_s02,INFRARED,0.0030634677645013826,0.9834668389739101,0.6197153956335628,0.6094695412072061,0.5920659664326572,True
sat_p03_s02->sat_p04_s02:infrared:10,20.0,sat_p03_s02,sat_p04_s02,INFRARED,0.003050667874675738,0.9999953467235857,0.6290655400850307,0.62906261286919,0.6094695412072061,True
sat_p03_s02->sat_p04_s02:optical:0,0.0,sat_p03_s02,sat_p04_s02,OPTICAL,0.0,1.0,0.5696995875057002,0.5696995875057002,1.0,True
sat_p03_s02->sat_p04_s02:optical:1,2.0,sat_p03_s02,sat_p04_s02,OPTICAL,0.00010992440911741417,0.98347144787979,0.5838422071147231,0.574192140764449,0.5696995875057002,True
sat_p03_s02->sat_p04_s02:optical:2,4.0,sat_p03_s02,sat_p04_s02,OPTICAL,0.0001109890381732432,0.9999999938407167,0.6343036988942059,0.6343036949873497,0.574192140764449,True
sat_p03_s02->sat_p04_s02:optical:3,6.0,sat_p03_s02,sat_p04_s02,OPTICAL,0.001020685391640314,0.9834709415321253,0.617574569322037,0.6073666431574406,0.6343036949873497,True
sat_p03_s02->sat_p04_s02:optical:4,8.0,sat_p03_s02,sat_p04_s02,OPTICAL,0.0010310034828670896,0.9999994685160504,0.5958995629472464,0.5958992462361932,0.6073666431574406,True
sat_p03_s02->sat_p04_s02:optical:5,10.0,sat_p03_s02,sat_p04_s02,OPTICAL,0.001856860431419994,0.9834697583523886,0.6188664237445813,0.6086364122124903,0.5958992462361932,True
sat_p03_s02->sat_p04_s02:optical:6,12.0,sat_p03_s02,sat_p04_s02,OPTICAL,0.0018570479519308654,0.9999982756879388,0.5801599261848569,0.5801589258080987,0.6086364122124903,True
sat_p03_s02->sat_p04_s02:optical:7,14.0,sat_p03_s02,sat_p04_s02,OPTICAL,0.0025432976374504803,0.9834682731016419,0.670812025988715,0.6597223447749353,0.5801589258080987,True
sat_p03_s02->sat_p04_s02:optical:8,16.0,sat_p03_s02,sat_p04_s02,OPTICAL,0.002534819961973447,0.9999967873490407,0.5905740733025808,0.5905721759942177,0.6597223447749353,True
sat_p03_s02->sat_p04_s02:optical:9,18.0,sat_p03_s02,sat_p04_s02,OPTICAL,0.0030634677645013826,0.9834668389739101,0.6070585899169325,0.5970219924975648,0.5905721759942177,True
sat_p03_s02->sat_p04_s02:optical:10,20.0,sat_p03_s02,sat_p04_s02,OPTICAL,0.003050667874675738,0.9999953467235857,0.6792569652501792,0.6792538044797636,0.5970219924975648,True
sat_p03_s02->sat_p04_s02:radar:0,0.0,sat_p03_s02,sat_p04_s02,RADAR,0.0,1.0,0.6065707244321337,0.6065707244321337,1.0,True
sat_p03_s02->sat_p04_s02:radar:1,2.0,sat_p03_s02,sat_p04_s02,RADAR,0.0004514458950213702,0.9834713536042115,0.5798301431822974,0.5702463357760178,0.6065707244321337,True
sat_p03_s02->sat_p04_s02:radar:2,4.0,sat_p03_s02,sat_p04_s02,RADAR,0.1071690748997215,0.9942738519328791,0.5702156967961022,0.5669505572860511,0.5702463357760178,True
sat_p03_s02->sat_p04_s02:radar:3,6.0,sat_p03_s02,sat_p04_s02,RADAR,0.1061419419902217,0.9779470782880011,0.5240474333058138,0.5124906562857467,0.5669505572860511,True
sat_p03_s02->sat_p04_s02:radar:4,8.0,sat_p03_s02,sat_p04_s02,RADAR,0.1279547104568415,0.9918472117588131,0.5922130708101242,0.5873848830501462,0.5124906562857467,True
sat_p03_s02->sat_p04_s02:radar:5,10.0,sat_p03_s02,sat_p04_s02,RADAR,0.11879359860982253,0.9765565433924961,0.6210840117605616,0.6065236556812384,0.5873848830501462,True
sat_p03_s02->sat_p04_s02:radar:6,12.0,sat_p03_s02,sat_p04_s02,RADAR,0.14258237977729796,0.9898866201515174,0.5904314372205031,0.5844601798214066,0.6065236556812384,True
sat_p03_s02->sat_p04_s02:radar:7,14.0,sat_p03_s02,sat_p04_s02,RADAR,0.09806388506749618,0.9787540150689721,0.6548033882551738,0.6408914453355183,0.5844601798214066,True
sat_p03_s02->sat_p04_s02:radar:8,16.0,sat_p03_s02,sat_p04_s02,RADAR,0.09315470882551784,0.9956704995386317,0.6400208356824006,0.6372498651790284,0.6408914453355183,True
sat_p03_s02->sat_p04_s02:radar:9,18.0,sat_p03_s02,sat_p04_s02,RADAR,0.05593530176440437,0.9819341345288092,0.6119342751266914,0.6008791528350419,0.6372498651790284,True
sat_p03_s02->sat_p04_s02:radar:10,20.0,sat_p03_s02,sat_p04_s02,RADAR,0.06949296834146548,0.9975882765648413,0.607730692983405,0.6062650146288716,0.6008791528350419,True
sat_p04_s01->sat_p03_s01:infrared:0,0.0,sat_p04_s01,sat_p03_s01,INFRARED,0.0,1.0,0.6174626595670547,0.6174626595670547,1.0,True
sat_p04_s01->sat_p03_s01:infrared:1,2.0,sat_p04_s01,sat_p03_s01,INFRARED,4.259431686807031e-05,0.9834714529294732,0.5992157392662256,0.5893115737143634,0.6174626595670547,True
sat_p04_s01->sat_p03_s01:infrared:2,4.0,sat_p04_s01,sat_p03_s01,INFRARED,9.81628502685012e-05,0.9999999951820274,0.6136485450789884,0.6136485421224465,0.5893115737143634,True
sat_p04_s01->sat_p03_s01:infrared:3,6.0,sat_p04_s01,sat_p03_s01,INFRARED,0.0009968477585479407,0.9834709651812653,0.5967614953716205,0.5868976038361428,0.6136485421224465,True
sat_p04_s01->sat_p03_s01:infrared:4,8.0,sat_p04_s01,sat_p03_s01,INFRARED,0.0009889595073153336,0.999999510979666,0.6001925874221574,0.6001922939157779,0.5868976038361428,True
sat_p04_s01->sat_p03_s01:infrared:5,10.0,sat_p04_s01,sat_p03_s01,INFRARED,0.0018131407630612086,0.9834698372518605,0.6510007657420023,0.6402396171351236,0.6001922939157779,True
sat_p04_s01->sat_p03_s01:infrared:6,12.0,sat_p04_s01,sat_p03_s01,INFRARED,0.0018354736734393698,0.9999983155196158,0.5806996295743712,0.5806986513972361,0.6402396171351236,True
sat_p04_s01->sat_p03_s01:infrared:7,14.0,sat_p04_s01,sat_p03_s01,INFRARED,0.002520333123467671,0.9834683302823671,0.6459059479937919,0.6352280441929039,0.5806986513972361,True
sat_p04_s01->sat_p03_s01:infrared:8,16.0,sat_p04_s01,sat_p03_s01,INFRARED,0.00249183839385809,0.9999968953755288,0.6175009215534356,0.6174990044449636,0.6352280441929039,True
sat_p04_s01->sat_p03_s01:infrared:9,18.0,sat_p04_s01,sat_p03_s01,INFRARED,0.0030432462592394054,0.983466899696572,0.545152500704639,0.5361394397298246,0.6174990044449636,True
sat_p04_s01->sat_p03_s01:infrared:10,20.0,sat_p04_s01,sat_p03_s01,INFRARED,0.003032778847769452,0.9999954011368051,0.6290099800567308,0.6290070873258843,0.5361394397298246,True
sat_p04_s01->sat_p03_s01:optical:0,0.0,sat_p04_s01,sat_p03_s01,OPTICAL,0.0,1.0,0.5486314138385846,0.5486314138385846,1.0,True
sat_p04_s01->sat_p03_s01:optical:1,2.0,sat_p04_s01,sat_p03_s01,OPTICAL,4.259431686807031e-05,0.9834714529294732,0.6277673128826884,0.6173912313023687,0.5486314138385846,True
sat_p04_s01->sat_p03_s01:optical:2,4.0,sat_p04_s01,sat_p03_s01,OPTICAL,9.81628502685012e-05,0.9999999951820274,0.6035707135827414,0.6035707106747542,0.6173912313023687,True
sat_p04_s01->sat_p03_s01:optical:3,6.0,sat_p04_s01,sat_p03_s01,OPTICAL,0.0009968477585479407,0.9834709651812653,0.5774013353874368,0.567857448610434,0.6035707106747542,True
sat_p04_s01->sat_p03_s01:optical:4,8.0,sat_p04_s01,sat_p03_s01,OPTICAL,0.0009889595073153336,0.999999510979666,0.6461874854444747,0.6461871694456547,0.567857448610434,True
sat_p04_s01->sat_p03_s01:optical:5,10.0,sat_p04_s01,sat_p03_s01,OPTICAL,0.0018131407630612086,0.9834698372518605,0.6085702462645819,0.598510481050153,0.6461871694456547,True
sat_p04_s01->sat_p03_s01:optical:6,12.0,sat_p04_s01,sat_p03_s01,OPTICAL,0.0018354736734393698,0.9999983155196158,0.6231862676943603,0.6231852179493166,0.598510481050153,True
sat_p04_s01->sat_p03_s01:optical:7,14.0,sat_p04_s01,sat_p03_s01,OPTICAL,0.002520333123467671,0.9834683302823671,0.5771766687797295,0.5676349747227394,0.6231852179493166,True
sat_p04_s01->sat_p03_s01:optical:8,16.0,sat_p04_s01,sat_p03_s01,OPTICAL,0.00249183839385809,0.9999968953755288,0.6148106262823367,0.6148087175262212,0.5676349747227394,True
sat_p04_s01->sat_p03_s01:optical:9,18.0,sat_p04_s01,sat_p03_s01,OPTICAL,0.0030432462592394054,0.983466899696572,0.5534507262984947,0.5443004699275966,0.6148087175262212,True
sat_p04_s01->sat_p03_s01:optical:10,20.0,sat_p04_s01,sat_p03_s01,OPTICAL,0.003032778847769452,0.9999954011368051,0.5207827929835585,0.5207803979747393,0.5443004699275966,True
sat_p04_s01->sat_p03_s01:radar:0,0.0,sat_p04_s01,sat_p03_s01,RADAR,0.0,1.0,0.6420283979948294,0.6420283979948294,1.0,True
sat_p04_s01->sat_p03_s01:radar:1,2.0,sat_p04_s01,sat_p03_s01,RADAR,0.00044570139412610627,0.9834713561384516,0.6104052371589954,0.6003160663827704,0.6420283979948294,True
sat_p04_s01->sat_p03_s01:radar:2,4.0,sat_p04_s01,sat_p03_s01,RADAR,0.10606320809499842,0.9943910869641917,0.5788540276074313,0.5756072857061538,0.6003160663827704,True
sat_p04_s01->sat_p03_s01:radar:3,6.0,sat_p04_s01,sat_p03_s01,RADAR,0.09899798521582089,0.9786639368860884,0.6783452187397212,0.6638720023396704,0.5756072857061538,True
sat_p04_s01->sat_p03_s01:radar:4,8.0,sat_p04_s01,sat_p03_s01,RADAR,0.07468978890352868,0.9972146041503077,0.5878915532881568,0.5862540425955588,0.6638720023396704,True
sat_p04_s01->sat_p03_s01:radar:5,10.0,sat_p04_s01,sat_p03_s01,RADAR,0.031115773882217142,0.9829954747464805,0.6251143732439057,0.6144846000977418,0.5862540425955588,True
sat_p04_s01->sat_p03_s01:radar:6,12.0,sat_p04_s01,sat_p03_s01,RADAR,0.016430473508215342,0.9998650288795693,0.6586690286206308,0.6585801273238449,0.6144846000977418,True
sat_p04_s01->sat_p03_s01:radar:7,14.0,sat_p04_s01,sat_p03_s01,RADAR,0.03188706527739472,0.9829715914178725,0.6332187042894054,0.62243599747092,0.6585801273238449,True
sat_p04_s01->sat_p03_s01:radar:8,16.0,sat_p04_s01,sat_p03_s01,RADAR,0.04453352805531836,0.9990088739296961,0.6059838442708132,0.6053832378845734,0.62243599747092,True
sat_p04_s01->sat_p03_s01:radar:9,18.0,sat_p04_s01,sat_p03_s01,RADAR,0.04632015604805533,0.9824169725747451,0.6726008276873839,0.6607744688879076,0.6053832378845734,True
sat_p04_s01->sat_p03_s01:radar:10,20.0,sat_p04_s01,sat_p03_s01,RADAR,0.04958029310206943,0.9987716523053483,0.5970594506135148,0.5963260540137837,0.6607744688879076,True
sat_p04_s01->sat_p05_s01:infrared:0,0.0,sat_p04_s01,sat_p05_s01,INFRARED,0.0,1.0,0.5868823664464999,0.5868823664464999,1.0,True
sat_p04_s01->sat_p05_s01:infrared:1,2.0,sat_p04_s01,sat_p05_s01,INFRARED,5.2596286258838576e-05,0.9834714524612949,0.5885272870570618,0.578799785815114,0.5868823664464999,True
sat_p04_s01->sat_p05_s01:infrared:2,4.0,sat_p04_s01,sat_p05_s01,INFRARED,8.925176867384359e-05,0.9999999960170609,0.620361996872997,0.6203619944021329,0.578799785815114,True
sat_p04_s01->sat_p05_s01:infrared:3,6.0,sat_p04_s01,sat_p05_s01,INFRARED,0.001090361924367972,0.9834708692025326,0.6408845536097176,0.6302912889970261,0.6203619944021329,True
sat_p04_s01->sat_p05_s01:infrared:4,8.0,sat_p04_s01,sat_p05_s01,INFRARED,0.0010910855791234327,0.9999994047663067,0.5515697598998257,0.5515694315869204,0.6302912889970261,True
sat_p04_s01->sat_p05_s01:infrared:5,10.0,sat_p04_s01,sat_p05_s01,INFRARED,0.001899088457744386,0.9834696803601378,0.6370020622540719,0.6264722145537607,0.5515694315869204,True
sat_p04_s01->sat_p05_s01:infrared:6,12.0,sat_p04_s01,sat_p05_s01,INFRARED,0.0019334527458742896,0.9999981308819865,0.5380958212583045,0.538094815493712,0.6264722145537607,True
sat_p04_s01->sat_p05_s01:infrared:7,14.0,sat_p04_s01,sat_p05_s01,INFRARED,0.0026098359786120265,0.9834681044953822,0.6201330959054882,0.6098811203650235,0.538094815493712,True
sat_p04_s01->sat_p05_s01:infrared:8,16.0,sat_p04_s01,sat_p05_s01,INFRARED,0.002586924626991386,0.9999966539160853,0.6070528083941364,0.6070507771444988,0.6098811203650235,True
sat_p04_s01->sat_p05_s01:infrared:9,18.0,sat_p04_s01,sat_p05_s01,INFRARED,0.003151387471775741,0.983466570286748,0.5677983708287451,0.558410716373349,0.6070507771444988,True
sat_p04_s01->sat_p05_s01:infrared:10,20.0,sat_p04_s01,sat_p05_s01,INFRARED,0.003153554558023663,0.9999950275591875,0.6172480385400623,0.6172449693107239,0.558410716373349,True
sat_p04_s01->sat_p05_s01:optical:0,0.0,sat_p04_s01,sat_p05_s01,OPTICAL,0.0,1.0,0.6217315240910446,0.6217315240910446,1.0,True
sat_p04_s01->sat_p05_s01:optical:1,2.0,sat_p04_s01,sat_p05_s01,OPTICAL,5.2596286258838576e-05,0.9834714524612949,0.6417318975259765,0.6311250013506149,0.6217315240910446,True
sat_p04_s01->sat_p05_s01:optical:2,4.0,sat_p04_s01,sat_p05_s01,OPTICAL,8.925176867384359e-05,0.9999999960170609,0.581515355590293,0.5815153532741527,0.6311250013506149,True
sat_p04_s01->sat_p05_s01:optical:3,6.0,sat_p04_s01,sat_p05_s01,OPTICAL,0.001090361924367972,0.9834708692025326,0.6891442110391912,0.6777532562366069,0.5815153532741527,True
sat_p04_s01->sat_p05_s01:optical:4,8.0,sat_p04_s01,sat_p05_s01,OPTICAL,0.0010910855791234327,0.9999994047663067,0.6253650119771201,0.6253646397387944,0.6777532562366069,True
sat_p04_s01->sat_p05_s01:optical:5,10.0,sat_p04_s01,sat_p05_s01,OPTICAL,0.001899088457744386,0.9834696803601378,0.6605337505403934,0.6496149165110437,0.6253646397387944,True
sat_p04_s01->sat_p05_s01:optical:6,12.0,sat_p04_s01,sat_p05_s01,OPTICAL,0.0019334527458742896,0.9999981308819865,0.6321032619228127,0.6321020804472195,0.6496149165110437,True
sat_p04_s01->sat_p05_s01:optical:7,14.0,sat_p04_s01,sat_p05_s01,OPTICAL,0.0026098359786120265,0.9834681044953822,0.6061829427351144,0.5961615896691358,0.6321020804472195,True
sat_p04_s01->sat_p05_s01:optical:8,16.0,sat_p04_s01,sat_p05_s01,OPTICAL,0.002586924626991386,0.9999966539160853,0.5907236804016056,0.5907217037906006,0.5961615896691358,True
sat_p04_s01->sat_p05_s01:optical:9,18.0,sat_p04_s01,sat_p05_s01,OPTICAL,0.003151387471775741,0.983466570286748,0.5820697897360828,0.5724461797792739,0.5907217037906006,True
sat_p04_s01->sat_p05_s01:optical:10,20.0,sat_p04_s01,sat_p05_s01,OPTICAL,0.003153554558023663,0.9999950275591875,0.6351426841834014,0.6351395259739967,0.5724461797792739,True
sat_p04_s01->sat_p05_s01:radar:0,0.0,sat_p04_s01,sat_p05_s01,RADAR,0.0,1.0,0.6326100360205875,0.6326100360205875,1.0,True
sat_p04_s01->sat_p05_s01:radar:1,2.0,sat_p04_s01,sat_p05_s01,RADAR,0.000806800142110332,0.983471133737869,0.6062089206396576,0.596188974463494,0.6326100360205875,True
sat_p04_s01->sat_p05_s01:radar:2,4.0,sat_p04_s01,sat_p05_s01,RADAR,0.09165713444276516,0.9958082946770378,0.6014196376275922,0.5988986637312146,0.596188974463494,True
sat_p04_s01->sat_p05_s01:radar:3,6.0,sat_p04_s01,sat_p05_s01,RADAR,0.10313016897090865,0.9782553171445748,0.6446674834581569,0.6306493934831543,0.5988986637312146,True
sat_p04_s01->sat_p05_s01:radar:4,8.0,sat_p04_s01,sat_p05_s01,RADAR,0.13259937089816023,0.9912472338729418,0.6459623810531057,0.6403084234048702,0.6306493934831543,True
sat_p04_s01->sat_p05_s01:radar:5,10.0,sat_p04_s01,sat_p05_s01,RADAR,0.07571267560728036,0.9806566592089505,0.6876072135308713,0.6743065928691597,0.6403084234048702,True
sat_p04_s01->sat_p05_s01:radar:6,12.0,sat_p04_s01,sat_p05_s01,RADAR,0.029428808155224216,0.9995670663681036,0.5996422788224326,0.5993826735128234,0.6743065928691597,True
sat_p04_s01->sat_p05_s01:radar:7,14.0,sat_p04_s01,sat_p05_s01,RADAR,0.03304975205125524,0.9829344843614204,0.6689206993137478,0.6575052226586394,0.5993826735128234,True
sat_p04_s01->sat_p05_s01:radar:8,16.0,sat_p04_s01,sat_p05_s01,RADAR,0.015503241217198203,0.9998798319766361,0.6581159667670209,0.6580368822721503,0.6575052226586394,True
sat_p04_s01->sat_p05_s01:radar:9,18.0,sat_p04_s01,sat_p05_s01,RADAR,0.01351582800944497,0.9833816288181734,0.6541326880052594,0.6432620681938219,0.6580368822721503,True
sat_p04_s01->sat_p05_s01:radar:10,20.0,sat_p04_s01,sat_p05_s01,RADAR,0.025673778862365708,0.9996704828421713,0.649704863891281,0.6494907749911041,0.6432620681938219,True
sat_p04_s02->sat_p03_s02:infrared:0,0.0,sat_p04_s02,sat_p03_s02,INFRARED,0.0,1.0,0.6138986559367168,0.6138986559367168,1.0,True
sat_p04_s02->sat_p03_s02:infrared:1,2.0,sat_p04_s02,sat_p03_s02,INFRARED,0.00010992440911741417,0.98347144787979,0.644594696407309,0.6339404793713299,0.6138986559367168,True
sat_p04_s02->sat_p03_s02:infrared:2,4.0,sat_p04_s02,sat_p03_s02,INFRARED,0.0001109890381732432,0.9999999938407167,0.6117809483360458,0.6117809445679137,0.6339404793713299,True
sat_p04_s02->sat_p03_s02:infrared:3,6.0,sat_p04_s02,sat_p03_s02,INFRARED,0.001020685391640314,0.9834709415321253,0.5837017057674625,0.574053666145034,0.6117809445679137,True
sat_p04_s02->sat_p03_s02:infrared:4,8.0,sat_p04_s02,sat_p03_s02,INFRARED,0.0010310034828670896,0.9999994685160504,0.6181119346439574,0.618111606127385,0.574053666145034,True
sat_p04_s02->sat_p03_s02:infrared:5,10.0,sat_p04_s02,sat_p03_s02,INFRARED,0.001856860431419994,0.9834697583523886,0.613879428425708,0.6037318531313335,0.618111606127385,True
sat_p04_s02->sat_p03_s02:infrared:6,12.0,sat_p04_s02,sat_p03_s02,INFRARED,0.0018570479519308654,0.9999982756879388,0.646618438528006,0.6466173235560335,0.6037318531313335,True
sat_p04_s02->sat_p03_s02:infrared:7,14.0,sat_p04_s02,sat_p03_s02,INFRARED,0.0025432976374504803,0.9834682731016419,0.6023550359790428,0.5923970670283866,0.6466173235560335,True
sat_p04_s02->sat_p03_s02:infrared:8,16.0,sat_p04_s02,sat_p03_s02,INFRARED,0.002534819961973447,0.9999967873490407,0.620100972325053,0.6200989801570694,0.5923970670283866,True
sat_p04_s02->sat_p03_s02:infrared:9,18.0,sat_p04_s02,sat_p03_s02,INFRARED,0.0030634677645013826,0.9834668389739101,0.6364379468988843,0.625915615839691,0.6200989801570694,True
sat_p04_s02->sat_p03_s02:infrared:10,20.0,sat_p04_s02,sat_p03_s02,INFRARED,0.003050667874675738,0.9999953467235857,0.6104288293427753,0.6104259888487011,0.625915615839691,True
sat_p04_s02->sat_p03_s02:optical:0,0.0,sat_p04_s02,sat_p03_s02,OPTICAL,0.0,1.0,0.5907878891292913,0.5907878891292913,1.0,True
sat_p04_s02->sat_p03_s02:optical:1,2.0,sat_p04_s02,sat_p03_s02,OPTICAL,0.00010992440911741417,0.98347144787979,0.5994520472457237,0.5895439728392561,0.5907878891292913,True
sat_p04_s02->sat_p03_s02:optical:2,4.0,sat_p04_s02,sat_p03_s02,OPTICAL,0.0001109890381732432,0.9999999938407167,0.6299578233092713,0.6299578194291826,0.5895439728392561,True
sat_p04_s02->sat_p03_s02:optical:3,6.0,sat_p04_s02,sat_p03_s02,OPTICAL,0.001020685391640314,0.9834709415321253,0.6370380801008455,0.626508440428596,0.6299578194291826,True
sat_p04_s02->sat_p03_s02:optical:4,8.0,sat_p04_s02,sat_p03_s02,OPTICAL,0.0010310034828670896,0.9999994685160504,0.6200523522482752,0.620052022700402,0.626508440428596,True
sat_p04_s02->sat_p03_s02:optical:5,10.0,sat_p04_s02,sat_p03_s02,OPTICAL,0.001856860431419994,0.9834697583523886,0.642725453644398,0.6321010465825855,0.620052022700402,True
sat_p04_s02->sat_p03_s02:optical:6,12.0,sat_p04_s02,sat_p03_s02,OPTICAL,0.0018570479519308654,0.9999982756879388,0.6109661615758047,0.6109651080794833,0.6321010465825855,True
sat_p04_s02->sat_p03_s02:optical:7,14.0,sat_p04_s02,sat_p03_s02,OPTICAL,0.0025432976374504803,0.9834682731016419,0.6016141056622075,0.5916683855692,0.6109651080794833,True
sat_p04_s02->sat_p03_s02:optical:8,16.0,sat_p04_s02,sat_p03_s02,OPTICAL,0.002534819961973447,0.9999967873490407,0.5970782158123584,0.5970762976084556,0.5916683855692,True
sat_p04_s02->sat_p03_s02:optical:9,18.0,sat_p04_s02,sat_p03_s02,OPTICAL,0.0030634677645013826,0.9834668389739101,0.5959451417060704,0.586092284715528,0.5970762976084556,True
sat_p04_s02->sat_p03_s02:optical:10,20.0,sat_p04_s02,sat_p03_s02,OPTICAL,0.003050667874675738,0.9999953467235857,0.6271707467779931,0.6271678283791494,0.586092284715528,True
sat_p04_s02->sat_p03_s02:radar:0,0.0,sat_p04_s02,sat_p03_s02,RADAR,0.0,1.0,0.6065025441088185,0.6065025441088185,1.0,True
sat_p04_s02->sat_p03_s02:radar:1,2.0,sat_p04_s02,sat_p03_s02,RADAR,0.0004514458950213702,0.9834713536042115,0.6382317121540693,0.627682605865296,0.6065025441088185,True
sat_p04_s02->sat_p03_s02:radar:2,4.0,sat_p04_s02,sat_p03_s02,RADAR,0.1071690748997215,0.9942738519328791,0.6528713146084278,0.6491328767922041,0.627682605865296,True
sat_p04_s02->sat_p03_s02:radar:3,6.0,sat_p04_s02,sat_p03_s02,RADAR,0.1061419419902217,0.9779470782880011,0.6061006601241725,0.5927343697168633,0.6491328767922041,True
sat_p04_s02->sat_p03_s02:radar:4,8.0,sat_p04_s02,sat_p03_s02,RADAR,0.1279547104568415,0.9918472117588131,0.605251531261426,0.6003170436943974,0.5927343697168633,True
sat_p04_s02->sat_p03_s02:radar:5,10.0,sat_p04_s02,sat_p03_s02,RADAR,0.11879359860982253,0.9765565433924961,0.5653184616228137,0.5520654427983385,0.6003170436943974,True
sat_p04_s02->sat_p03_s02:radar:6,12.0,sat_p04_s02,sat_p03_s02,RADAR,0.14258237977729796,0.9898866201515174,0.6188899442258735,0.6126308751355111,0.5520654427983385,True
sat_p04_s02->sat_p03_s02:radar:7,14.0,sat_p04_s02,sat_p03_s02,RADAR,0.09806388506749618,0.9787540150689721,0.5892398725514546,0.5767208910984656,0.6126308751355111,True
sat_p04_s02->sat_p03_s02:radar:8,16.0,sat_p04_s02,sat_p03_s02,RADAR,0.09315470882551784,0.9956704995386317,0.60672410917913,0.6040972968685157,0.5767208910984656,True
sat_p04_s02->sat_p03_s02:radar:9,18.0,sat_p04_s02,sat_p03_s02,RADAR,0.05593530176440437,0.9819341345288092,0.607748833052258,0.5967693243940627,0.6040972968685157,True
sat_p04_s02->sat_p03_s02:radar:10,20.0,sat_p04_s02,sat_p03_s02,RADAR,0.06949296834146548,0.9975882765648413,0.6543483462571758,0.6527702390157499,0.5967693243940627,True
sat_p04_s02->sat_p05_s02:infrared:0,0.0,sat_p04_s02,sat_p05_s02,INFRARED,0.0,1.0,0.5988648572650105,0.5988648572650105,1.0,True
sat_p04_s02->sat_p05_s02:infrared:1,2.0,sat_p04_s02,sat_p05_s02,INFRARED,4.2479047785145e-05,0.9834714529342954,0.6233072012010905,0.6130048387896456,0.5988648572650105,True
sat_p04_s02->sat_p05_s02:infrared:2,4.0,sat_p04_s02,sat_p05_s02,INFRARED,8.966070260371583e-05,0.9999999959804792,0.5809802797982199,0.5809802774629576,0.6130048387896456,True
sat_p04_s02->sat_p05_s02:infrared:3,6.0,sat_p04_s02,sat_p05_s02,INFRARED,0.0011300505967031234,0.9834708258682378,0.6622581874294584,0.6513116065292517,0.5809802774629576,True
sat_p04_s02->sat_p05_s02:infrared:4,8.0,sat_p04_s02,sat_p05_s02,INFRARED,0.0011315159545771756,0.9999993598360272,0.611606904129411,0.6116065126007054,0.6513116065292517,True
sat_p04_s02->sat_p05_s02:infrared:5,10.0,sat_p04_s02,sat_p05_s02,INFRARED,0.0019405272826032902,0.9834696021206214,0.6150111070056798,0.6048447287066389,0.6116065126007054,True
sat_p04_s02->sat_p05_s02:infrared:6,12.0,sat_p04_s02,sat_p05_s02,INFRARED,0.0019363925779169416,0.9999981251936495,0.6021097498349958,0.6021086209958131,0.6048447287066389,True
sat_p04_s02->sat_p05_s02:infrared:7,14.0,sat_p04_s02,sat_p05_s02,INFRARED,0.002606902531776555,0.9834681120204009,0.6051469702718111,0.5951427483480837,0.6021086209958131,True
sat_p04_s02->sat_p05_s02:infrared:8,16.0,sat_p04_s02,sat_p05_s02,INFRARED,0.002612845599768147,0.9999965865247618,0.649150539019989,0.6491483231606981,0.5951427483480837,True
sat_p04_s02->sat_p05_s02:infrared:9,18.0,sat_p04_s02,sat_p05_s02,INFRARED,0.003136333728736011,0.9834666168311432,0.5311646015893088,0.5223826537054996,0.6491483231606981,True
sat_p04_s02->sat_p05_s02:infrared:10,20.0,sat_p04_s02,sat_p05_s02,INFRARED,0.0031317409324091144,0.9999950961113903,0.6075970611107404,0.6075940815224331,0.5223826537054996,True
sat_p04_s02->sat_p05_s02:optical:0,0.0,sat_p04_s02,sat_p05_s02,OPTICAL,0.0,1.0,0.6363522807318223,0.6363522807318223,1.0,True
sat_p04_s02->sat_p05_s02:optical:1,2.0,sat_p04_s02,sat_p05_s02,OPTICAL,4.2479047785145e-05,0.9834714529342954,0.5857356532784666,0.5760542939651921,0.6363522807318223,True
sat_p04_s02->sat_p05_s02:optical:2,4.0,sat_p04_s02,sat_p05_s02,OPTICAL,8.966070260371583e-05,0.9999999959804792,0.607899920393693,0.6078999179502266,0.5760542939651921,True
sat_p04_s02->sat_p05_s02:optical:3,6.0,sat_p04_s02,sat_p05_s02,OPTICAL,0.0011300505967031234,0.9834708258682378,0.6153722502320826,0.6052006551521422,0.6078999179502266,True
sat_p04_s02->sat_p05_s02:optical:4,8.0,sat_p04_s02,sat_p05_s02,OPTICAL,0.0011315159545771756,0.9999993598360272,0.5930260259326469,0.5930256462987501,0.6052006551521422,True
sat_p04_s02->sat_p05_s02:optical:5,10.0,sat_p04_s02,sat_p05_s02,OPTICAL,0.0019405272826032902,0.9834696021206214,0.578545346709741,0.5689817619373659,0.5930256462987501,True
sat_p04_s02->sat_p05_s02:optical:6,12.0,sat_p04_s02,sat_p05_s02,OPTICAL,0.0019363925779169416,0.9999981251936495,0.6371970443005486,0.6371958496794834,0.5689817619373659,True
sat_p04_s02->sat_p05_s02:optical:7,14.0,sat_p04_s02,sat_p05_s02,OPTICAL,0.002606902531776555,0.9834681120204009,0.6054742945703637,0.5954646613579997,0.6371958496794834,True
sat_p04_s02->sat_p05_s02:optical:8,16.0,sat_p04_s02,sat_p05_s02,OPTICAL,0.002612845599768147,0.9999965865247618,0.6681025399114303,0.6681002593599538,0.5954646613579997,True
sat_p04_s02->sat_p05_s02:optical:9,18.0,sat_p04_s02,sat_p05_s02,OPTICAL,0.003136333728736011,0.9834666168311432,0.6240654844683503,0.6137475706911768,0.6681002593599538,True
sat_p04_s02->sat_p05_s02:optical:10,20.0,sat_p04_s02,sat_p05_s02,OPTICAL,0.0031317409324091144,0.9999950961113903,0.6079218263927353,0.6079188452118153,0.6137475706911768,True
sat_p04_s02->sat_p05_s02:radar:0,0.0,sat_p04_s02,sat_p05_s02,RADAR,0.0,1.0,0.5693248542530303,0.5693248542530303,1.0,True
sat_p04_s02->sat_p05_s02:radar:1,2.0,sat_p04_s02,sat_p05_s02,RADAR,0.0008105778925532376,0.9834711307333398,0.6109793498438092,0.6008805520456119,0.5693248542530303,True
sat_p04_s02->sat_p05_s02:radar:2,4.0,sat_p04_s02,sat_p05_s02,RADAR,0.07627842996902218,0.9970950281807622,0.6963209038550567,0.6942981112522116,0.6008805520456119,True
sat_p04_s02->sat_p05_s02:radar:3,6.0,sat_p04_s02,sat_p05_s02,RADAR,0.08719418346996982,0.9797399697825652,0.6158514274439285,0.6033742589144642,0.6942981112522116,True
sat_p04_s02->sat_p05_s02:radar:4,8.0,sat_p04_s02,sat_p05_s02,RADAR,0.10555813249445048,0.9944442310183892,0.6773535805743596,0.6735903605618215,0.6033742589144642,True
sat_p04_s02->sat_p05_s02:radar:5,10.0,sat_p04_s02,sat_p05_s02,RADAR,0.04276588545527496,0.9825725191272618,0.6888278620587807,0.6768233276681421,0.6735903605618215,True
sat_p04_s02->sat_p05_s02:radar:6,12.0,sat_p04_s02,sat_p05_s02,RADAR,0.0406159467470015,0.9991755125116705,0.6654073800618723,0.6648587600023691,0.6768233276681421,True
sat_p04_s02->sat_p05_s02:radar:7,14.0,sat_p04_s02,sat_p05_s02,RADAR,0.0307075630793572,0.9830078787305374,0.6132570391301921,0.6028365011519403,0.6648587600023691,True
sat_p04_s02->sat_p05_s02:radar:8,16.0,sat_p04_s02,sat_p05_s02,RADAR,0.04189319693809087,0.9991228649332099,0.6304083900485363,0.6298554367432261,0.6028365011519403,True
sat_p04_s02->sat_p05_s02:radar:9,18.0,sat_p04_s02,sat_p05_s02,RADAR,0.022262990717223288,0.9832277597517644,0.7063534698233158,0.6945063397272643,0.6298554367432261,True
sat_p04_s02->sat_p05_s02:radar:10,20.0,sat_p04_s02,sat_p05_s02,RADAR,0.03487605827452092,0.9993920151773356,0.6159538742991242,0.615579383692089,0.6945063397272643,True
sat_p05_s01->sat_p04_s01:infrared:0,0.0,sat_p05_s01,sat_p04_s01,INFRARED,0.0,1.0,0.5577956761154816,0.5577956761154816,1.0,True
sat_p05_s01->sat_p04_s01:infrared:1,2.0,sat_p05_s01,sat_p04_s01,INFRARED,5.2596286258838576e-05,0.9834714524612949,0.5816235704289835,0.5720101775955166,0.5577956761154816,True
sat_p05_s01->sat_p04_s01:infrared:2,4.0,sat_p05_s01,sat_p04_s01,INFRARED,8.925176867384359e-05,0.9999999960170609,0.6367757061426351,0.6367757036063962,0.5720101775955166,True
sat_p05_s01->sat_p04_s01:infrared:3,6.0,sat_p05_s01,sat_p04_s01,INFRARED,0.001090361924367972,0.9834708692025326,0.5793302527553894,0.5697544272326657,0.6367757036063962,True
sat_p05_s01->sat_p04_s01:infrared:4,8.0,sat_p05_s01,sat_p04_s01,INFRARED,0.0010910855791234327,0.9999994047663067,0.6398596502836134,0.6398592694175905,0.5697544272326657,True
sat_p05_s01->sat_p04_s01:infrared:5,10.0,sat_p05_s01,sat_p04_s01,INFRARED,0.001899088457744386,0.9834696803601378,0.615592263288464,0.6054163264084794,0.6398592694175905,True
sat_p05_s01->sat_p04_s01:infrared:6,12.0,sat_p05_s01,sat_p04_s01,INFRARED,0.0019334527458742896,0.9999981308819865,0.5867269705501881,0.5867258738882384,0.6054163264084794,True
sat_p05_s01->sat_p04_s01:infrared:7,14.0,sat_p05_s01,sat_p04_s01,INFRARED,0.0026098359786120265,0.9834681044953822,0.608837017724235,0.5987717877678749,0.5867258738882384,True
sat_p05_s01->sat_p04_s01:infrared:8,16.0,sat_p05_s01,sat_p04_s01,INFRARED,0.002586924626991386,0.9999966539160853,0.6533077559498132,0.6533055699272396,0.5987717877678749,True
sat_p05_s01->sat_p04_s01:infrared:9,18.0,sat_p05_s01,sat_p04_s01,INFRARED,0.003151387471775741,0.983466570286748,0.61541791581972,0.6052429469642386,0.6533055699272396,True
sat_p05_s01->sat_p04_s01:infrared:10,20.0,sat_p05_s01,sat_p04_s01,INFRARED,0.003153554558023663,0.9999950275591875,0.5972960995100415,0.5972931294905391,0.6052429469642386,True
sat_p05_s01->sat_p04_s01:optical:0,0.0,sat_p05_s01,sat_p04_s01,OPTICAL,0.0,1.0,0.5975464657006395,0.5975464657006395,1.0,True
sat_p05_s01->sat_p04_s01:optical:1,2.0,sat_p05_s01,sat_p04_s01,OPTICAL,5.2596286258838576e-05,0.9834714524612949,0.6063852368710496,0.5963625696566575,0.5975464657006395,True
sat_p05_s01->sat_p04_s01:optical:2,4.0,sat_p05_s01,sat_p04_s01,OPTICAL,8.925176867384359e-05,0.9999999960170609,0.589830605788626,0.5898306034393667,0.5963625696566575,True
sat_p05_s01->sat_p04_s01:optical:3,6.0,sat_p05_s01,sat_p04_s01,OPTICAL,0.001090361924367972,0.9834708692025326,0.6265744388289636,0.6162177079752099,0.5898306034393667,True
sat_p05_s01->sat_p04_s01:optical:4,8.0,sat_p05_s01,sat_p04_s01,OPTICAL,0.0010910855791234327,0.9999994047663067,0.6323059401261688,0.6323055637563687,0.6162177079752099,True
sat_p05_s01->sat_p04_s01:optical:5,10.0,sat_p05_s01,sat_p04_s01,OPTICAL,0.001899088457744386,0.9834696803601378,0.6143675351961844,0.6042118434630371,0.6323055637563687,True
sat_p05_s01->sat_p04_s01:optical:6,12.0,sat_p05_s01,sat_p04_s01,OPTICAL,0.0019334527458742896,0.9999981308819865,0.5827241620508887,0.5827230728706605,0.6042118434630371,True
sat_p05_s01->sat_p04_s01:optical:7,14.0,sat_p05_s01,sat_p04_s01,OPTICAL,0.0026098359786120265,0.9834681044953822,0.6424351364030549,0.6318144658595448,0.5827230728706605,True
sat_p05_s01->sat_p04_s01:optical:8,16.0,sat_p05_s01,sat_p04_s01,OPTICAL,0.002586924626991386,0.9999966539160853,0.6104559253918849,0.6104538827551322,0.6318144658595448,True
sat_p05_s01->sat_p04_s01:optical:9,18.0,sat_p05_s01,sat_p04_s01,OPTICAL,0.003151387471775741,0.983466570286748,0.6100840392550928,0.5999972576728918,0.6104538827551322,True
sat_p05_s01->sat_p04_s01:optical:10,20.0,sat_p05_s01,sat_p04_s01,OPTICAL,0.003153554558023663,0.9999950275591875,0.5903221305434793,0.5903191952016248,0.5999972576728918,True
sat_p05_s01->sat_p04_s01:radar:0,0.0,sat_p05_s01,sat_p04_s01,RADAR,0.0,1.0,0.6167164741180884,0.6167164741180884,1.0,True
sat_p05_s01->sat_p04_s01:radar:1,2.0,sat_p05_s01,sat_p04_s01,RADAR,0.000806800142110332,0.983471133737869,0.7158282810074295,0.7039964510840065,0.6167164741180884,True
sat_p05_s01->sat_p04_s01:radar:2,4.0,sat_p05_s01,sat_p04_s01,RADAR,0.09165713444276516,0.9958082946770378,0.614664418208339,0.6120879260946996,0.7039964510840065,True
sat_p05_s01->sat_p04_s01:radar:3,6.0,sat_p05_s01,sat_p04_s01,RADAR,0.10313016897090865,0.9782553171445748,0.6156739723936735,0.6022863371216333,0.6120879260946996,True
sat_p05_s01->sat_p04_s01:radar:4,8.0,sat_p05_s01,sat_p04_s01,RADAR,0.13259937089816023,0.9912472338729418,0.6783133305858866,0.6723762126424024,0.6022863371216333,True
sat_p05_s01->sat_p04_s01:radar:5,10.0,sat_p05_s01,sat_p04_s01,RADAR,0.07571267560728036,0.9806566592089505,0.6256563579680083,0.6135540738177463,0.6723762126424024,True
sat_p05_s01->sat_p04_s01:radar:6,12.0,sat_p05_s01,sat_p04_s01,RADAR,0.029428808155224216,0.9995670663681036,0.615166985763,0.6149006592856309,0.6135540738177463,True
sat_p05_s01->sat_p04_s01:radar:7,14.0,sat_p05_s01,sat_p04_s01,RADAR,0.03304975205125524,0.9829344843614204,0.6623218725839798,0.6510190083096246,0.6149006592856309,True
sat_p05_s01->sat_p04_s01:radar:8,16.0,sat_p05_s01,sat_p04_s01,RADAR,0.015503241217198203,0.9998798319766361,0.5829947948789105,0.5829247375467784,0.6510190083096246,True
sat_p05_s01->sat_p04_s01:radar:9,18.0,sat_p05_s01,sat_p04_s01,RADAR,0.01351582800944497,0.9833816288181734,0.6331791756225196,0.6226567690574215,0.5829247375467784,True
sat_p05_s01->sat_p04_s01:radar:10,20.0,sat_p05_s01,sat_p04_s01,RADAR,0.025673778862365708,0.9996704828421713,0.6874959614514824,0.6872694197362462,0.6226567690574215,True
sat_p05_s01->sat_p06_s01:infrared:0,0.0,sat_p05_s01,sat_p06_s01,INFRARED,0.0,1.0,0.6279666972943452,0.6279666972943452,1.0,True
sat_p05_s01->sat_p06_s01:infrared:1,2.0,sat_p05_s01,sat_p06_s01,INFRARED,5.9712431783934725e-05,0.9834714520682971,0.6473682766347251,0.6366682190449041,0.6279666972943452,True
sat_p05_s01->sat_p06_s01:infrared:2,4.0,sat_p05_s01,sat_p06_s01,INFRARED,5.4287586055184454e-05,0.999999998526429,0.6209215167943529,0.6209215158793809,0.6366682190449041,True
sat_p05_s01->sat_p06_s01:infrared:3,6.0,sat_p05_s01,sat_p06_s01,INFRARED,0.0010336768030685904,0.9834709284081656,0.5983259131583285,0.5884361413044848,0.6209215158793809,True
sat_p05_s01->sat_p06_s01:infrared:4,8.0,sat_p05_s01,sat_p06_s01,INFRARED,0.001015469929367538,0.9999994844105442,0.6446740622860794,0.6446737298989305,0.5884361413044848,True
sat_p05_s01->sat_p06_s01:infrared:5,10.0,sat_p05_s01,sat_p06_s01,INFRARED,0.001842279845383148,0.983469784874421,0.5858458554163006,0.5761616973958403,0.6446737298989305,True
sat_p05_s01->sat_p06_s01:infrared:6,12.0,sat_p05_s01,sat_p06_s01,INFRARED,0.0018885699747764565,0.9999982166533153,0.6166547021507816,0.6166536024416629,0.5761616973958403,True
sat_p05_s01->sat_p06_s01:infrared:7,14.0,sat_p05_s01,sat_p06_s01,INFRARED,0.002606710027991858,0.9834681125139249,0.6264042219007236,0.6160485777834585,0.6166536024416629,True
sat_p05_s01->sat_p06_s01:infrared:8,16.0,sat_p05_s01,sat_p06_s01,INFRARED,0.002591847082733961,0.9999966411699908,0.5738300278662889,0.5738281004687711,0.6160485777834585,True
sat_p05_s01->sat_p06_s01:infrared:9,18.0,sat_p05_s01,sat_p06_s01,INFRARED,0.003156518047347009,0.9834665543726924,0.6080770777054497,0.5980234684039946,0.5738281004687711,True
sat_p05_s01->sat_p06_s01:infrared:10,20.0,sat_p05_s01,sat_p06_s01,INFRARED,0.0031592333207262437,0.9999950096348645,0.5992179308292964,0.5992149405130258,0.5980234684039946,True
sat_p05_s01->sat_p06_s01:optical:0,0.0,sat_p05_s01,sat_p06_s01,OPTICAL,0.0,1.0,0.6048600335112304,0.6048600335112304,1.0,True
sat_p05_s01->sat_p06_s01:optical:1,2.0,sat_p05_s01,sat_p06_s01,OPTICAL,5.9712431783934725e-05,0.9834714520682971,0.609169149893954,0.5991004684014171,0.6048600335112304,True
sat_p05_s01->sat_p06_s01:optical:2,4.0,sat_p05_s01,sat_p06_s01,OPTICAL,5.4287586055184454e-05,0.999999998526429,0.5883147353880618,0.5883147345211382,0.5991004684014171,True
sat_p05_s01->sat_p06_s01:optical:3,6.0,sat_p05_s01,sat_p06_s01,OPTICAL,0.0010336768030685904,0.9834709284081656,0.6072410278115183,0.5972038973893227,0.5883147345211382,True
sat_p05_s01->sat_p06_s01:optical:4,8.0,sat_p05_s01,sat_p06_s01,OPTICAL,0.001015469929367538,0.9999994844105442,0.6158482409298969,0.6158479234050375,0.5972038973893227,True
sat_p05_s01->sat_p06_s01:optical:5,10.0,sat_p05_s01,sat_p06_s01,OPTICAL,0.001842279845383148,0.983469784874421,0.5618366614039282,0.5525493805254842,0.6158479234050375,True
sat_p05_s01->sat_p06_s01:optical:6,12.0,sat_p05_s01,sat_p06_s01,OPTICAL,0.0018885699747764565,0.9999982166533153,0.6380908623972714,0.6380897244600474,0.5525493805254842,True
sat_p05_s01->sat_p06_s01:optical:7,14.0,sat_p05_s01,sat_p06_s01,OPTICAL,0.002606710027991858,0.9834681125139249,0.5941249892075969,0.5843029817333514,0.6380897244600474,True
sat_p05_s01->sat_p06_s01:optical:8,16.0,sat_p05_s01,sat_p06_s01,OPTICAL,0.002591847082733961,0.9999966411699908,0.6046921767678884,0.6046901457096587,0.5843029817333514,True
sat_p05_s01->sat_p06_s01:optical:9,18.0,sat_p05_s01,sat_p06_s01,OPTICAL,0.003156518047347009,0.9834665543726924,0.6232666369685643,0.6129618919149297,0.6046901457096587,True
sat_p05_s01->sat_p06_s01:optical:10,20.0,sat_p05_s01,sat_p06_s01,OPTICAL,0.0031592333207262437,0.9999950096348645,0.5962268456856616,0.5962238702959981,0.6129618919149297,True
sat_p05_s01->sat_p06_s01:radar:0,0.0,sat_p05_s01,sat_p06_s01,RADAR,0.0,1.0,0.6791536045726687,0.6791536045726687,1.0,True
sat_p05_s01->sat_p06_s01:radar:1,2.0,sat_p05_s01,sat_p06_s01,RADAR,0.001216466494640254,0.9834707261559151,0.6218978733976057,0.6116183531451627,0.6791536045726687,True
sat_p05_s01->sat_p06_s01:radar:2,4.0,sat_p05_s01,sat_p06_s01,RADAR,0.10918230646817409,0.9940573398506803,0.6109221464541466,0.6072916437600767,0.6116183531451627,True
sat_p05_s01->sat_p06_s01:radar:3,6.0,sat_p05_s01,sat_p06_s01,RADAR,0.09331813471614965,0.9791985933057502,0.6442579802697059,0.6308565080060998,0.6072916437600767,True
sat_p05_s01->sat_p06_s01:radar:4,8.0,sat_p05_s01,sat_p06_s01,RADAR,0.11161668014267107,0.9937902192383521,0.6244313089175682,0.6205537273884812,0.6308565080060998,True
sat_p05_s01->sat_p06_s01:radar:5,10.0,sat_p05_s01,sat_p06_s01,RADAR,0.08747171165125237,0.9797162237657605,0.6362225637151908,0.6233175675976177,0.6205537273884812,True
sat_p05_s01->sat_p06_s01:radar:6,12.0,sat_p05_s01,sat_p06_s01,RADAR,0.04768587501553851,0.9988636747690214,0.5843711047453941,0.5837070691148171,0.6233175675976177,True
sat_p05_s01->sat_p06_s01:radar:7,14.0,sat_p05_s01,sat_p06_s01,RADAR,0.047007129997646405,0.9823854800263327,0.6366125036816823,0.625398880020095,0.5837070691148171,True
sat_p05_s01->sat_p06_s01:radar:8,16.0,sat_p05_s01,sat_p06_s01,RADAR,0.03467143287820795,0.9993991264679343,0.6401332616914992,0.6397486225575538,0.625398880020095,True
sat_p05_s01->sat_p06_s01:radar:9,18.0,sat_p05_s01,sat_p06_s01,RADAR,0.014544622466030019,0.9833674345758574,0.6484217853656502,0.6376368675981167,0.6397486225575538,True
sat_p05_s01->sat_p06_s01:radar:10,20.0,sat_p05_s01,sat_p06_s01,RADAR,0.027523740819822163,0.9996212935730302,0.6267788855771321,0.6265415203848751,0.6376368675981167,True
sat_p05_s02->sat_p04_s02:infrared:0,0.0,sat_p05_s02,sat_p04_s02,INFRARED,0.0,1.0,0.5791528836633262,0.5791528836633262,1.0,True
sat_p05_s02->sat_p04_s02:infrared:1,2.0,sat_p05_s02,sat_p04_s02,INFRARED,4.2479047785145e-05,0.9834714529342954,0.5853530297512044,0.5756779946489088,0.5791528836633262,True
sat_p05_s02->sat_p04_s02:infrared:2,4.0,sat_p05_s02,sat_p04_s02,INFRARED,8.966070260371583e-05,0.9999999959804792,0.6035740740350415,0.6035740716089629,0.5756779946489088,True
sat_p05_s02->sat_p04_s02:infrared:3,6.0,sat_p05_s02,sat_p04_s02,INFRARED,0.0011300505967031234,0.9834708258682378,0.6391669427575967,0.6286020410614902,0.6035740716089629,True
sat_p05_s02->sat_p04_s02:infrared:4,8.0,sat_p05_s02,sat_p04_s02,INFRARED,0.0011315159545771756,0.9999993598360272,0.5673275580767279,0.5673271948940644,0.6286020410614902,True
sat_p05_s02->sat_p04_s02:infrared:5,10.0,sat_p05_s02,sat_p04_s02,INFRARED,0.0019405272826032902,0.9834696021206214,0.603559395693401,0.5935823187387518,0.5673271948940644,True
sat_p05_s02->sat_p04_s02:infrared:6,12.0,sat_p05_s02,sat_p04_s02,INFRARED,0.0019363925779169416,0.9999981251936495,0.6251209814163625,0.6251198094355768,0.5935823187387518,True
sat_p05_s02->sat_p04_s02:infrared:7,14.0,sat_p05_s02,sat_p04_s02,INFRARED,0.002606902531776555,0.9834681120204009,0.5614326351752752,0.5521510937424664,0.6251198094355768,True
sat_p05_s02->sat_p04_s02:infrared:8,16.0,sat_p05_s02,sat_p04_s02,INFRARED,0.002612845599768147,0.9999965865247618,0.594249348036788,0.5942473195813531,0.5521510937424664,True
sat_p05_s02->sat_p04_s02:infrared:9,18.0,sat_p05_s02,sat_p04_s02,INFRARED,0.003136333728736011,0.9834666168311432,0.5851514761633492,0.5754769425961184,0.5942473195813531,True
sat_p05_s02->sat_p04_s02:infrared:10,20.0,sat_p05_s02,sat_p04_s02,INFRARED,0.0031317409324091144,0.9999950961113903,0.6311617006549571,0.6311586055082824,0.5754769425961184,True
sat_p05_s02->sat_p04_s02:optical:0,0.0,sat_p05_s02,sat_p04_s02,OPTICAL,0.0,1.0,0.6125024528458279,0.6125024528458279,1.0,True
sat_p05_s02->sat_p04_s02:optical:1,2.0,sat_p05_s02,sat_p04_s02,OPTICAL,4.2479047785145e-05,0.9834714529342954,0.5804592504897996,0.5708651024483553,0.6125024528458279,True
sat_p05_s02->sat_p04_s02:optical:2,4.0,sat_p05_s02,sat_p04_s02,OPTICAL,8.966070260371583e-05,0.9999999959804792,0.6272414099555947,0.6272414074343848,0.5708651024483553,True
sat_p05_s02->sat_p04_s02:optical:3,6.0,sat_p05_s02,sat_p04_s02,OPTICAL,0.0011300505967031234,0.9834708258682378,0.609328083474763,0.5992563934796357,0.6272414074343848,True
sat_p05_s02->sat_p04_s02:optical:4,8.0,sat_p05_s02,sat_p04_s02,OPTICAL,0.0011315159545771756,0.9999993598360272,0.6185434181496647,0.6185430221804528,0.5992563934796357,True
sat_p05_s02->sat_p04_s02:optical:5,10.0,sat_p05_s02,sat_p04_s02,OPTICAL,0.0019405272826032902,0.9834696021206214,0.6144795883469412,0.6043219962628095,0.6185430221804528,True
sat_p05_s02->sat_p04_s02:optical:6,12.0,sat_p05_s02,sat_p04_s02,OPTICAL,0.0019363925779169416,0.9999981251936495,0.5832657409996009,0.5832646474892856,0.6043219962628095,True
sat_p05_s02->sat_p04_s02:optical:7,14.0,sat_p05_s02,sat_p04_s02,OPTICAL,0.002606902531776555,0.9834681120204009,0.6122580637331674,0.6021362820089243,0.5832646474892856,True
sat_p05_s02->sat_p04_s02:optical:8,16.0,sat_p05_s02,sat_p04_s02,OPTICAL,0.002612845599768147,0.9999965865247618,0.6156157886053528,0.6156136872161021,0.6021362820089243,True
sat_p05_s02->sat_p04_s02:optical:9,18.0,sat_p05_s02,sat_p04_s02,OPTICAL,0.003136333728736011,0.9834666168311432,0.5895173756547691,0.57977065899837,0.6156136872161021,True
sat_p05_s02->sat_p04_s02:optical:10,20.0,sat_p05_s02,sat_p04_s02,OPTICAL,0.0031317409324091144,0.9999950961113903,0.652710234674335,0.6527070338560497,0.57977065899837,True
sat_p05_s02->sat_p04_s02:radar:0,0.0,sat_p05_s02,sat_p04_s02,RADAR,0.0,1.0,0.6171558530176475,0.6171558530176475,1.0,True
sat_p05_s02->sat_p04_s02:radar:1,2.0,sat_p05_s02,sat_p04_s02,RADAR,0.0008105778925532376,0.9834711307333398,0.5962917417023936,0.5864357134590057,0.6171558530176475,True
sat_p05_s02->sat_p04_s02:radar:2,4.0,sat_p05_s02,sat_p04_s02,RADAR,0.07627842996902218,0.9970950281807622,0.5756694779362285,0.5739971743256284,0.5864357134590057,True
sat_p05_s02->sat_p04_s02:radar:3,6.0,sat_p05_s02,sat_p04_s02,RADAR,0.08719418346996982,0.9797399697825652,0.5968933942927119,0.5848003160877543,0.5739971743256284,True
sat_p05_s02->sat_p04_s02:radar:4,8.0,sat_p05_s02,sat_p04_s02,RADAR,0.10555813249445048,0.9944442310183892,0.6797978023340586,0.6760210027900838,0.5848003160877543,True
sat_p05_s02->sat_p04_s02:radar:5,10.0,sat_p05_s02,sat_p04_s02,RADAR,0.04276588545527496,0.9825725191272618,0.5903145619389383,0.5800268662018486,0.6760210027900838,True
sat_p05_s02->sat_p04_s02:radar:6,12.0,sat_p05_s02,sat_p04_s02,RADAR,0.0406159467470015,0.9991755125116705,0.6214775255371046,0.6209651250930213,0.5800268662018486,True
sat_p05_s02->sat_p04_s02:radar:7,14.0,sat_p05_s02,sat_p04_s02,RADAR,0.0307075630793572,0.9830078787305374,0.6136949015790443,0.6032669233889623,0.6209651250930213,True
sat_p05_s02->sat_p04_s02:radar:8,16.0,sat_p05_s02,sat_p04_s02,RADAR,0.04189319693809086,0.9991228649332099,0.7001486936646208,0.6995345686934403,0.6032669233889623,True
sat_p05_s02->sat_p04_s02:radar:9,18.0,sat_p05_s02,sat_p04_s02,RADAR,0.022262990717223288,0.9832277597517644,0.6418646219051918,0.631099114259755,0.6995345686934403,True
sat_p05_s02->sat_p04_s02:radar:10,20.0,sat_p05_s02,sat_p04_s02,RADAR,0.03487605827452092,0.9993920151773356,0.6242627774195653,0.6238832351255398,0.631099114259755,True
sat_p05_s02->sat_p06_s02:infrared:0,0.0,sat_p05_s02,sat_p06_s02,INFRARED,0.0,1.0,0.6550045364919908,0.6550045364919908,1.0,True
sat_p05_s02->sat_p06_s02:infrared:1,2.0,sat_p05_s02,sat_p06_s02,INFRARED,9.573476740508435e-05,0.9834714493147879,0.579666016218449,0.5700849770888874,0.6550045364919908,True
sat_p05_s02->sat_p06_s02:infrared:2,4.0,sat_p05_s02,sat_p06_s02,INFRARED,6.906625213927821e-05,0.9999999976149264,0.6282473752534327,0.6282473737550165,0.5700849770888874,True
sat_p05_s02->sat_p06_s02:infrared:3,6.0,sat_p05_s02,sat_p06_s02,INFRARED,0.0011036736804484783,0.9834708548406781,0.609222570238882,0.5991526419410683,0.6282473737550165,True
sat_p05_s02->sat_p06_s02:infrared:4,8.0,sat_p05_s02,sat_p06_s02,INFRARED,0.0010926124229831114,0.9999994030992247,0.6485051690044428,0.6485047819112046,0.5991526419410683,True
sat_p05_s02->sat_p06_s02:infrared:5,10.0,sat_p05_s02,sat_p06_s02,INFRARED,0.0019254970362323496,0.9834696306940025,0.6348135598752418,0.6243198572900491,0.6485047819112046,True
sat_p05_s02->sat_p06_s02:infrared:6,12.0,sat_p05_s02,sat_p06_s02,INFRARED,0.0019164093272332062,0.9999981636893313,0.600864643069055,0.6008635396949005,0.6243198572900491,True
sat_p05_s02->sat_p06_s02:infrared:7,14.0,sat_p05_s02,sat_p06_s02,INFRARED,0.0025994174490450318,0.9834681311831472,0.5799527141873507,0.5703650119964278,0.6008635396949005,True
sat_p05_s02->sat_p06_s02:infrared:8,16.0,sat_p05_s02,sat_p06_s02,INFRARED,0.0025876999004330664,0.9999966519102175,0.6290628094327506,0.6290607032739858,0.5703650119964278,True
sat_p05_s02->sat_p06_s02:infrared:9,18.0,sat_p05_s02,sat_p06_s02,INFRARED,0.003119552179866706,0.9834666684550064,0.6085983664514814,0.5985362078811975,0.6290607032739858,True
sat_p05_s02->sat_p06_s02:infrared:10,20.0,sat_p05_s02,sat_p06_s02,INFRARED,0.003114037004857436,0.9999951513985207,0.6345135251900136,0.6345104486867967,0.5985362078811975,True
sat_p05_s02->sat_p06_s02:optical:0,0.0,sat_p05_s02,sat_p06_s02,OPTICAL,0.0,1.0,0.5894788988300039,0.5894788988300039,1.0,True
sat_p05_s02->sat_p06_s02:optical:1,2.0,sat_p05_s02,sat_p06_s02,OPTICAL,9.573476740508435e-05,0.9834714493147879,0.6437229890379343,0.6330831809863846,0.5894788988300039,True
sat_p05_s02->sat_p06_s02:optical:2,4.0,sat_p05_s02,sat_p06_s02,OPTICAL,6.906625213927821e-05,0.9999999976149264,0.6389729199968719,0.6389729184728744,0.6330831809863846,True
sat_p05_s02->sat_p06_s02:optical:3,6.0,sat_p05_s02,sat_p06_s02,OPTICAL,0.0011036736804484783,0.9834708548406781,0.6644904906191751,0.6535070308427418,0.6389729184728744,True
sat_p05_s02->sat_p06_s02:optical:4,8.0,sat_p05_s02,sat_p06_s02,OPTICAL,0.0010926124229831114,0.9999994030992247,0.6294313675909364,0.6294309918828651,0.6535070308427418,True
sat_p05_s02->sat_p06_s02:optical:5,10.0,sat_p05_s02,sat_p06_s02,OPTICAL,0.0019254970362323496,0.9834696306940025,0.6069774351073178,0.5969438739445867,0.6294309918828651,True
sat_p05_s02->sat_p06_s02:optical:6,12.0,sat_p05_s02,sat_p06_s02,OPTICAL,0.0019164093272332062,0.9999981636893313,0.6597828436939802,0.6597816321277052,0.5969438739445867,True
sat_p05_s02->sat_p06_s02:optical:7,14.0,sat_p05_s02,sat_p06_s02,OPTICAL,0.0025994174490450318,0.9834681311831472,0.5851982638388571,0.5755238429092231,0.6597816321277052,True
sat_p05_s02->sat_p06_s02:optical:8,16.0,sat_p05_s02,sat_p06_s02,OPTICAL,0.0025876999004330664,0.9999966519102175,0.6186137730693035,0.6186117018948506,0.5755238429092231,True
sat_p05_s02->sat_p06_s02:optical:9,18.0,sat_p05_s02,sat_p06_s02,OPTICAL,0.003119552179866706,0.9834666684550064,0.5736901442065822,0.5642051348483196,0.6186117018948506,True
sat_p05_s02->sat_p06_s02:optical:10,20.0,sat_p05_s02,sat_p06_s02,OPTICAL,0.003114037004857436,0.9999951513985207,0.6243854929088855,0.6243824655124609,0.5642051348483196,True
sat_p05_s02->sat_p06_s02:radar:0,0.0,sat_p05_s02,sat_p06_s02,RADAR,0.0,1.0,0.6520086974170922,0.6520086974170922,1.0,True
sat_p05_s02->sat_p06_s02:radar:1,2.0,sat_p05_s02,sat_p06_s02,RADAR,0.0012250699303806272,0.983470715826718,0.5813124409355771,0.5717037624058887,0.6520086974170922,True
sat_p05_s02->sat_p06_s02:radar:2,4.0,sat_p05_s02,sat_p06_s02,RADAR,0.19321789710736934,0.9815065636896613,0.6410866079230231,0.6292307135699875,0.5717037624058887,True
sat_p05_s02->sat_p06_s02:radar:3,6.0,sat_p05_s02,sat_p06_s02,RADAR,0.12132405276696608,0.9762599073004925,0.6397276137721082,0.6245404209187236,0.6292307135699875,True
sat_p05_s02->sat_p06_s02:radar:4,8.0,sat_p05_s02,sat_p06_s02,RADAR,0.15837307788434782,0.987537294932976,0.6443560030153672,0.6363255841916203,0.6245404209187236,True
sat_p05_s02->sat_p06_s02:radar:5,10.0,sat_p05_s02,sat_p06_s02,RADAR,0.08726107563735339,0.9797342531681863,0.5797597379765536,0.5680104739034421,0.6363255841916203,True
sat_p05_s02->sat_p06_s02:radar:6,12.0,sat_p05_s02,sat_p06_s02,RADAR,0.08728652145630228,0.9961977784057303,0.6067646617164204,0.6044576080170025,0.5680104739034421,True
sat_p05_s02->sat_p06_s02:radar:7,14.0,sat_p05_s02,sat_p06_s02,RADAR,0.06091598399099094,0.9816484336980978,0.6833636811671249,0.6708228872638744,0.6044576080170025,True
sat_p05_s02->sat_p06_s02:radar:8,16.0,sat_p05_s02,sat_p06_s02,RADAR,0.03177814078241598,0.9994952023374404,0.6249861270371763,0.6246706355011157,0.6708228872638744,True
sat_p05_s02->sat_p06_s02:radar:9,18.0,sat_p05_s02,sat_p06_s02,RADAR,0.044475498033055616,0.9824992470215338,0.6297741825021835,0.6187526601019974,0.6246706355011157,True
sat_p05_s02->sat_p06_s02:radar:10,20.0,sat_p05_s02,sat_p06_s02,RADAR,0.014231000047476463,0.9998987444455141,0.6574704751524048,0.6574039026148851,0.6187526601019974,True
sat_p06_s01->sat_p05_s01:infrared:0,0.0,sat_p06_s01,sat_p05_s01,INFRARED,0.0,1.0,0.5945738133809451,0.5945738133809451,1.0,True
sat_p06_s01->sat_p05_s01:infrared:1,2.0,sat_p06_s01,sat_p05_s01,INFRARED,5.9712431783934725e-05,0.9834714520682971,0.6265360128218387,0.616180282302975,0.5945738133809451,True
sat_p06_s01->sat_p05_s01:infrared:2,4.0,sat_p06_s01,sat_p05_s01,INFRARED,5.4287586055184454e-05,0.999999998526429,0.6099664682056698,0.6099664673068409,0.616180282302975,True
sat_p06_s01->sat_p05_s01:infrared:3,6.0,sat_p06_s01,sat_p05_s01,INFRARED,0.0010336768030685904,0.9834709284081656,0.589796298249772,0.5800475130114026,0.6099664673068409,True
sat_p06_s01->sat_p05_s01:infrared:4,8.0,sat_p06_s01,sat_p05_s01,INFRARED,0.001015469929367538,0.9999994844105442,0.6182602751504327,0.6182599563819539,0.5800475130114026,True
sat_p06_s01->sat_p05_s01:infrared:5,10.0,sat_p06_s01,sat_p05_s01,INFRARED,0.001842279845383148,0.983469784874421,0.582395201615419,0.5727680836446112,0.6182599563819539,True
sat_p06_s01->sat_p05_s01:infrared:6,12.0,sat_p06_s01,sat_p05_s01,INFRARED,0.0018885699747764565,0.9999982166533153,0.6171893854625661,0.6171882847999217,0.5727680836446112,True
sat_p06_s01->sat_p05_s01:infrared:7,14.0,sat_p06_s01,sat_p05_s01,INFRARED,0.002606710027991858,0.9834681125139249,0.5925844198035298,0.5827878808493367,0.6171882847999217,True
sat_p06_s01->sat_p05_s01:infrared:8,16.0,sat_p06_s01,sat_p05_s01,INFRARED,0.002591847082733961,0.9999966411699908,0.5638749412498121,0.563873047289738,0.5827878808493367,True
sat_p06_s01->sat_p05_s01:infrared:9,18.0,sat_p06_s01,sat_p05_s01,INFRARED,0.003156518047347009,0.9834665543726924,0.6109598658454662,0.6008585941230431,0.563873047289738,True
sat_p06_s01->sat_p05_s01:infrared:10,20.0,sat_p06_s01,sat_p05_s01,INFRARED,0.0031592333207262437,0.9999950096348645,0.6001651761563018,0.6001621811129312,0.6008585941230431,True
sat_p06_s01->sat_p05_s01:optical:0,0.0,sat_p06_s01,sat_p05_s01,OPTICAL,0.0,1.0,0.6123677790577703,0.6123677790577703,1.0,True
sat_p06_s01->sat_p05_s01:optical:1,2.0,sat_p06_s01,sat_p05_s01,OPTICAL,5.9712431783934725e-05,0.9834714520682971,0.6102993432871248,0.6002119813389167,0.6123677790577703,True
sat_p06_s01->sat_p05_s01:optical:2,4.0,sat_p06_s01,sat_p05_s01,OPTICAL,5.4287586055184454e-05,0.999999998526429,0.635742947464631,0.6357429465278186,0.6002119813389167,True
sat_p06_s01->sat_p05_s01:optical:3,6.0,sat_p06_s01,sat_p05_s01,OPTICAL,0.0010336768030685904,0.9834709284081656,0.6157468507115906,0.6055691269337322,0.6357429465278186,True
sat_p06_s01->sat_p05_s01:optical:4,8.0,sat_p06_s01,sat_p05_s01,OPTICAL,0.001015469929367538,0.9999994844105442,0.5759102072621849,0.5759099103289546,0.6055691269337322,True
sat_p06_s01->sat_p05_s01:optical:5,10.0,sat_p06_s01,sat_p05_s01,OPTICAL,0.001842279845383148,0.983469784874421,0.5979349441489976,0.5880509508911137,0.5759099103289546,True
sat_p06_s01->sat_p05_s01:optical:6,12.0,sat_p06_s01,sat_p05_s01,OPTICAL,0.0018885699747764565,0.9999982166533153,0.5983241593687589,0.598323092349353,0.5880509508911137,True
sat_p06_s01->sat_p05_s01:optical:7,14.0,sat_p06_s01,sat_p05_s01,OPTICAL,0.002606710027991858,0.9834681125139249,0.6091290045379529,0.5990589523704265,0.598323092349353,True
sat_p06_s01->sat_p05_s01:optical:8,16.0,sat_p06_s01,sat_p05_s01,OPTICAL,0.002591847082733961,0.9999966411699908,0.6109822051635987,0.6109801529782328,0.5990589523704265,True
sat_p06_s01->sat_p05_s01:optical:9,18.0,sat_p06_s01,sat_p05_s01,OPTICAL,0.003156518047347009,0.9834665543726924,0.5960944847012419,0.586238988949696,0.6109801529782328,True
sat_p06_s01->sat_p05_s01:optical:10,20.0,sat_p06_s01,sat_p05_s01,OPTICAL,0.0031592333207262437,0.9999950096348645,0.5977334783298349,0.5977304954215243,0.586238988949696,True
sat_p06_s01->sat_p05_s01:radar:0,0.0,sat_p06_s01,sat_p05_s01,RADAR,0.0,1.0,0.6439596995946075,0.6439596995946075,1.0,True
sat_p06_s01->sat_p05_s01:radar:1,2.0,sat_p06_s01,sat_p05_s01,RADAR,0.001216466494640254,0.9834707261559151,0.5953064181625152,0.5854664353555656,0.6439596995946075,True
sat_p06_s01->sat_p05_s01:radar:2,4.0,sat_p06_s01,sat_p05_s01,RADAR,0.10918230646817409,0.9940573398506803,0.619639772738402,0.615957464154016,0.5854664353555656,True
sat_p06_s01->sat_p05_s01:radar:3,6.0,sat_p06_s01,sat_p05_s01,RADAR,0.09331813471614965,0.9791985933057502,0.6351398015002789,0.6219280001815666,0.615957464154016,True
sat_p06_s01->sat_p05_s01:radar:4,8.0,sat_p06_s01,sat_p05_s01,RADAR,0.11161668014267107,0.9937902192383521,0.6083023009443684,0.604524877018698,0.6219280001815666,True
sat_p06_s01->sat_p05_s01:radar:5,10.0,sat_p06_s01,sat_p05_s01,RADAR,0.08747171165125237,0.9797162237657605,0.6714001475891802,0.6577816172318459,0.604524877018698,True
sat_p06_s01->sat_p05_s01:radar:6,12.0,sat_p06_s01,sat_p05_s01,RADAR,0.04768587501553851,0.9988636747690214,0.5959866770481138,0.5953094423496569,0.6577816172318459,True
sat_p06_s01->sat_p05_s01:radar:7,14.0,sat_p06_s01,sat_p05_s01,RADAR,0.047007129997646405,0.9823854800263327,0.6690735683544502,0.6572881586208179,0.5953094423496569,True
sat_p06_s01->sat_p05_s01:radar:8,16.0,sat_p06_s01,sat_p05_s01,RADAR,0.03467143287820795,0.9993991264679343,0.6147872224410738,0.6144178130712568,0.6572881586208179,True
sat_p06_s01->sat_p05_s01:radar:9,18.0,sat_p06_s01,sat_p05_s01,RADAR,0.01454462246603002,0.9833674345758574,0.6305985625600485,0.6201100907118983,0.6144178130712568,True
sat_p06_s01->sat_p05_s01:radar:10,20.0,sat_p06_s01,sat_p05_s01,RADAR,0.027523740819822163,0.9996212935730302,0.6126651437749174,0.6124331235473895,0.6201100907118983,True
sat_p06_s01->sat_p07_s01:infrared:0,0.0,sat_p06_s01,sat_p07_s01,INFRARED,0.0,1.0,0.6348623488678833,0.6348623488678833,1.0,True
sat_p06_s01->sat_p07_s01:infrared:1,2.0,sat_p06_s01,sat_p07_s01,INFRARED,5.155069274159034e-05,0.9834714525148426,0.6255827577571361,0.6152427834396516,0.6348623488678833,True
sat_p06_s01->sat_p07_s01:infrared:2,4.0,sat_p06_s01,sat_p07_s01,INFRARED,5.8132762156019365e-05,0.999999998310291,0.5876696279290485,0.5876696269360578,0.6152427834396516,True
sat_p06_s01->sat_p07_s01:infrared:3,6.0,sat_p06_s01,sat_p07_s01,INFRARED,0.0010605721214115478,0.9834709007109244,0.5914218676639472,0.5816461968915992,0.5876696269360578,True
sat_p06_s01->sat_p07_s01:infrared:4,8.0,sat_p06_s01,sat_p07_s01,INFRARED,0.0010015537250968485,0.9999994984451936,0.6058038972067787,0.6058035933629224,0.5816461968915992,True
sat_p06_s01->sat_p07_s01:infrared:5,10.0,sat_p06_s01,sat_p07_s01,INFRARED,0.0018585627145516273,0.983469755242312,0.5832223956246805,0.5735815866768393,0.6058035933629224,True
sat_p06_s01->sat_p07_s01:infrared:6,12.0,sat_p06_s01,sat_p07_s01,INFRARED,0.0019064956004883214,0.999998182638914,0.5905063783598756,0.5905053051965626,0.5735815866768393,True
sat_p06_s01->sat_p07_s01:infrared:7,14.0,sat_p06_s01,sat_p07_s01,INFRARED,0.0026000402721125877,0.983468129590744,0.5984149096165963,0.5885219918798481,0.5905053051965626,True
sat_p06_s01->sat_p07_s01:infrared:8,16.0,sat_p06_s01,sat_p07_s01,INFRARED,0.0025875612703889325,0.9999966522689396,0.6752495570225443,0.6752472964686288,0.5885219918798481,True
sat_p06_s01->sat_p07_s01:infrared:9,18.0,sat_p06_s01,sat_p07_s01,INFRARED,0.0031386645970009662,0.9834666096389564,0.5820376470687418,0.572414591444931,0.6752472964686288,True
sat_p06_s01->sat_p07_s01:infrared:10,20.0,sat_p06_s01,sat_p07_s01,INFRARED,0.003127959902697062,0.9999951079453897,0.603851167669336,0.6038482135964472,0.572414591444931,True
sat_p06_s01->sat_p07_s01:optical:0,0.0,sat_p06_s01,sat_p07_s01,OPTICAL,0.0,1.0,0.592553742887973,0.592553742887973,1.0,True
sat_p06_s01->sat_p07_s01:optical:1,2.0,sat_p06_s01,sat_p07_s01,OPTICAL,5.155069274159034e-05,0.9834714525148426,0.6489990620750891,0.6382720502597583,0.592553742887973,True
sat_p06_s01->sat_p07_s01:optical:2,4.0,sat_p06_s01,sat_p07_s01,OPTICAL,5.8132762156019365e-05,0.999999998310291,0.564526134356395,0.5645261334025101,0.6382720502597583,True
sat_p06_s01->sat_p07_s01:optical:3,6.0,sat_p06_s01,sat_p07_s01,OPTICAL,0.0010605721214115478,0.9834709007109244,0.6407755423804845,0.6301840998184662,0.5645261334025101,True
sat_p06_s01->sat_p07_s01:optical:4,8.0,sat_p06_s01,sat_p07_s01,OPTICAL,0.0010015537250968485,0.9999994984451936,0.6299968570266659,0.6299965410487143,0.6301840998184662,True
sat_p06_s01->sat_p07_s01:optical:5,10.0,sat_p06_s01,sat_p07_s01,OPTICAL,0.0018585627145516273,0.983469755242312,0.6429226790447513,0.6322950097998731,0.6299965410487143,True
sat_p06_s01->sat_p07_s01:optical:6,12.0,sat_p06_s01,sat_p07_s01,OPTICAL,0.0019064956004883214,0.999998182638914,0.6267992880616936,0.6267981489410588,0.6322950097998731,True
sat_p06_s01->sat_p07_s01:optical:7,14.0,sat_p06_s01,sat_p07_s01,OPTICAL,0.0026000402721125877,0.983468129590744,0.6011773344838582,0.5912387486971892,0.6267981489410588,True
sat_p06_s01->sat_p07_s01:optical:8,16.0,sat_p06_s01,sat_p07_s01,OPTICAL,0.0025875612703889325,0.9999966522689396,0.6063116038877311,0.6063095741195424,0.5912387486971892,True
sat_p06_s01->sat_p07_s01:optical:9,18.0,sat_p06_s01,sat_p07_s01,OPTICAL,0.0031386645970009662,0.9834666096389564,0.6014291272929739,0.5914854647569374,0.6063095741195424,True
sat_p06_s01->sat_p07_s01:optical:10,20.0,sat_p06_s01,sat_p07_s01,OPTICAL,0.003127959902697062,0.9999951079453897,0.6015216912860739,0.6015187486091108,0.5914854647569374,True
sat_p06_s01->sat_p07_s01:radar:0,0.0,sat_p06_s01,sat_p07_s01,RADAR,0.0,1.0,0.5949684474645848,0.5949684474645848,1.0,True
sat_p06_s01->sat_p07_s01:radar:1,2.0,sat_p06_s01,sat_p07_s01,RADAR,0.0012182827985777046,0.983470723981341,0.6745935048369003,0.6634429625950566,0.5949684474645848,True
sat_p06_s01->sat_p07_s01:radar:2,4.0,sat_p06_s01,sat_p07_s01,RADAR,0.10038401277455243,0.9949741968136985,0.5984200741133927,0.5954125325981668,0.6634429625950566,True
sat_p06_s01->sat_p07_s01:radar:3,6.0,sat_p06_s01,sat_p07_s01,RADAR,0.08312648701808412,0.9800794167619862,0.6800375326074486,0.6664907883341684,0.5954125325981668,True
sat_p06_s01->sat_p07_s01:radar:4,8.0,sat_p06_s01,sat_p07_s01,RADAR,0.12052846036480527,0.9927627609816705,0.6282779752813958,0.6237309774043323,0.6664907883341684,True
sat_p06_s01->sat_p07_s01:radar:5,10.0,sat_p06_s01,sat_p07_s01,RADAR,0.12895849155234587,0.975327650211089,0.635115719693671,0.6194459225009528,0.6237309774043323,True
sat_p06_s01->sat_p07_s01:radar:6,12.0,sat_p06_s01,sat_p07_s01,RADAR,0.13267095875963936,0.9912378219579261,0.642437255275433,0.6368081056638484,0.6194459225009528,True
sat_p06_s01->sat_p07_s01:radar:7,14.0,sat_p06_s01,sat_p07_s01,RADAR,0.10533957382945151,0.9780300537889185,0.6238261324688241,0.610120705893417,0.6368081056638484,True
sat_p06_s01->sat_p07_s01:radar:8,16.0,sat_p06_s01,sat_p07_s01,RADAR,0.09931586260859815,0.9950803211747767,0.6095174432125454,0.6065188131535685,0.610120705893417,True
sat_p06_s01->sat_p07_s01:radar:9,18.0,sat_p06_s01,sat_p07_s01,RADAR,0.09137400524734555,0.9793744072703969,0.6982293275597831,0.6838279338176704,0.6065188131535685,True
sat_p06_s01->sat_p07_s01:radar:10,20.0,sat_p06_s01,sat_p07_s01,RADAR,0.10721648308946999,0.99426879922934,0.6540550151488582,0.6503064945419831,0.6838279338176704,True
sat_p06_s02->sat_p05_s02:infrared:0,0.0,sat_p06_s02,sat_p05_s02,INFRARED,0.0,1.0,0.6058747433040356,0.6058747433040356,1.0,True
sat_p06_s02->sat_p05_s02:infrared:1,2.0,sat_p06_s02,sat_p05_s02,INFRARED,9.573476740508435e-05,0.9834714493147879,0.6128837902727697,0.6027537094811014,0.6058747433040356,True
sat_p06_s02->sat_p05_s02:infrared:2,4.0,sat_p06_s02,sat_p05_s02,INFRARED,6.906625213927821e-05,0.9999999976149264,0.5955496183079322,0.5955496168875025,0.6027537094811014,True
sat_p06_s02->sat_p05_s02:infrared:3,6.0,sat_p06_s02,sat_p05_s02,INFRARED,0.0011036736804484783,0.9834708548406781,0.5666858295340845,0.5573189971979849,0.5955496168875025,True
sat_p06_s02->sat_p05_s02:infrared:4,8.0,sat_p06_s02,sat_p05_s02,INFRARED,0.0010926124229831114,0.9999994030992247,0.5969124357563766,0.596912079458881,0.5573189971979849,True
sat_p06_s02->sat_p05_s02:infrared:5,10.0,sat_p06_s02,sat_p05_s02,INFRARED,0.0019254970362323496,0.9834696306940025,0.6277356291837357,0.6173589274067959,0.596912079458881,True
sat_p06_s02->sat_p05_s02:infrared:6,12.0,sat_p06_s02,sat_p05_s02,INFRARED,0.0019164093272332062,0.9999981636893313,0.63503783917557,0.6350366730488108,0.6173589274067959,True
sat_p06_s02->sat_p05_s02:infrared:7,14.0,sat_p06_s02,sat_p05_s02,INFRARED,0.0025994174490450318,0.9834681311831472,0.6649099231268222,0.6539177195026659,0.6350366730488108,True
sat_p06_s02->sat_p05_s02:infrared:8,16.0,sat_p06_s02,sat_p05_s02,INFRARED,0.0025876999004330664,0.9999966519102175,0.6070095521637061,0.6070075198412266,0.6539177195026659,True
sat_p06_s02->sat_p05_s02:infrared:9,18.0,sat_p06_s02,sat_p05_s02,INFRARED,0.003119552179866706,0.9834666684550064,0.6019881388186439,0.5920352693334017,0.6070075198412266,True
sat_p06_s02->sat_p05_s02:infrared:10,20.0,sat_p06_s02,sat_p05_s02,INFRARED,0.003114037004857436,0.9999951513985207,0.6085650775050938,0.6085621268155588,0.5920352693334017,True
sat_p06_s02->sat_p05_s02:optical:0,0.0,sat_p06_s02,sat_p05_s02,OPTICAL,0.0,1.0,0.5950219918943245,0.5950219918943245,1.0,True
sat_p06_s02->sat_p05_s02:optical:1,2.0,sat_p06_s02,sat_p05_s02,OPTICAL,9.573476740508435e-05,0.9834714493147879,0.6296946621855846,0.6192867220454427,0.5950219918943245,True
sat_p06_s02->sat_p05_s02:optical:2,4.0,sat_p06_s02,sat_p05_s02,OPTICAL,6.906625213927821e-05,0.9999999976149264,0.5804394824296426,0.5804394810452518,0.6192867220454427,True
sat_p06_s02->sat_p05_s02:optical:3,6.0,sat_p06_s02,sat_p05_s02,OPTICAL,0.0011036736804484783,0.9834708548406781,0.6022436865912681,0.5922891132743159,0.5804394810452518,True
sat_p06_s02->sat_p05_s02:optical:4,8.0,sat_p06_s02,sat_p05_s02,OPTICAL,0.0010926124229831114,0.9999994030992247,0.5953170294208107,0.5953166740756143,0.5922891132743159,True
sat_p06_s02->sat_p05_s02:optical:5,10.0,sat_p06_s02,sat_p05_s02,OPTICAL,0.0019254970362323496,0.9834696306940025,0.6123036737752385,0.6021820679203148,0.5953166740756143,True
sat_p06_s02->sat_p05_s02:optical:6,12.0,sat_p06_s02,sat_p05_s02,OPTICAL,0.0019164093272332062,0.9999981636893313,0.5981468411416444,0.5981457427582185,0.6021820679203148,True
sat_p06_s02->sat_p05_s02:optical:7,14.0,sat_p06_s02,sat_p05_s02,OPTICAL,0.0025994174490450318,0.9834681311831472,0.6163429135640255,0.6061536133707882,0.5981457427582185,True
sat_p06_s02->sat_p05_s02:optical:8,16.0,sat_p06_s02,sat_p05_s02,OPTICAL,0.0025876999004330664,0.9999966519102175,0.5876686630565414,0.5876666954890951,0.6061536133707882,True
sat_p06_s02->sat_p05_s02:optical:9,18.0,sat_p06_s02,sat_p05_s02,OPTICAL,0.003119552179866706,0.9834666684550064,0.6493504741397746,0.6386145474619229,0.5876666954890951,True
sat_p06_s02->sat_p05_s02:optical:10,20.0,sat_p06_s02,sat_p05_s02,OPTICAL,0.003114037004857436,0.9999951513985207,0.6285292662217008,0.6285262187337708,0.6386145474619229,True
sat_p06_s02->sat_p05_s02:radar:0,0.0,sat_p06_s02,sat_p05_s02,RADAR,0.0,1.0,0.6757611559396082,0.6757611559396082,1.0,True
sat_p06_s02->sat_p05_s02:radar:1,2.0,sat_p06_s02,sat_p05_s02,RADAR,0.0012250699303806272,0.983470715826718,0.6528453255443949,0.6420542596372728,0.6757611559396082,True
sat_p06_s02->sat_p05_s02:radar:2,4.0,sat_p06_s02,sat_p05_s02,RADAR,0.19321789710736934,0.9815065636896613,0.6423073909287356,0.6304289201029352,0.6420542596372728,True
sat_p06_s02->sat_p05_s02:radar:3,6.0,sat_p06_s02,sat_p05_s02,RADAR,0.12132405276696608,0.9762599073004925,0.5896561644491474,0.5756576724442886,0.6304289201029352,True
sat_p06_s02->sat_p05_s02:radar:4,8.0,sat_p06_s02,sat_p05_s02,RADAR,0.15837307788434782,0.987537294932976,0.6683369035527436,0.6600076178383577,0.5756576724442886,True
sat_p06_s02->sat_p05_s02:radar:5,10.0,sat_p06_s02,sat_p05_s02,RADAR,0.08726107563735339,0.9797342531681863,0.6504650331493864,0.6372828734646336,0.6600076178383577,True
sat_p06_s02->sat_p05_s02:radar:6,12.0,sat_p06_s02,sat_p05_s02,RADAR,0.08728652145630228,0.9961977784057303,0.6103176509692432,0.607997088017364,0.6372828734646336,True
sat_p06_s02->sat_p05_s02:radar:7,14.0,sat_p06_s02,sat_p05_s02,RADAR,0.06091598399099094,0.9816484336980978,0.6826623796601552,0.6701344557380076,0.607997088017364,True
sat_p06_s02->sat_p05_s02:radar:8,16.0,sat_p06_s02,sat_p05_s02,RADAR,0.03177814078241598,0.9994952023374404,0.6308722629119556,0.630553800068264,0.6701344557380076,True
sat_p06_s02->sat_p05_s02:radar:9,18.0,sat_p06_s02,sat_p05_s02,RADAR,0.044475498033055616,0.9824992470215338,0.674732620008193,0.6629242910989163,0.630553800068264,True
sat_p06_s02->sat_p05_s02:radar:10,20.0,sat_p06_s02,sat_p05_s02,RADAR,0.014231000047476463,0.9998987444455141,0.6233165373241097,0.6232534230625028,0.6629242910989163,True
sat_p06_s02->sat_p07_s02:infrared:0,0.0,sat_p06_s02,sat_p07_s02,INFRARED,0.0,1.0,0.6376473426526018,0.6376473426526018,1.0,True
sat_p06_s02->sat_p07_s02:infrared:1,2.0,sat_p06_s02,sat_p07_s02,INFRARED,9.425000077665312e-05,0.9834714494534982,0.5782904437331149,0.5687321409033131,0.6376473426526018,True
sat_p06_s02->sat_p07_s02:infrared:2,4.0,sat_p06_s02,sat_p07_s02,INFRARED,0.00012054166142332907,0.999999992734854,0.605089837174956,0.60508983277889,0.5687321409033131,True
sat_p06_s02->sat_p07_s02:infrared:3,6.0,sat_p06_s02,sat_p07_s02,INFRARED,0.0009573462801257699,0.9834710031400753,0.6056204171080395,0.5956101191353544,0.60508983277889,True
sat_p06_s02->sat_p07_s02:infrared:4,8.0,sat_p06_s02,sat_p07_s02,INFRARED,0.0009587113705876687,0.9999995404363595,0.5720459457354262,0.5720456828439089,0.5956101191353544,True
sat_p06_s02->sat_p07_s02:infrared:5,10.0,sat_p06_s02,sat_p07_s02,INFRARED,0.0018161229021637052,0.9834698319298287,0.5988724651007278,0.588973002600015,0.5720456828439089,True
sat_p06_s02->sat_p07_s02:infrared:6,12.0,sat_p06_s02,sat_p07_s02,INFRARED,0.0018202505307898524,0.9999983433453749,0.6061685525329554,0.6061675483210193,0.588973002600015,True
sat_p06_s02->sat_p07_s02:infrared:7,14.0,sat_p06_s02,sat_p07_s02,INFRARED,0.002529327055192087,0.9834683079496216,0.5853632430946142,0.5756861982221633,0.6061675483210193,True
sat_p06_s02->sat_p07_s02:infrared:8,16.0,sat_p06_s02,sat_p07_s02,INFRARED,0.0025132161867558616,0.9999968418771862,0.6532674386562486,0.653265375557447,0.5756861982221633,True
sat_p06_s02->sat_p07_s02:infrared:9,18.0,sat_p06_s02,sat_p07_s02,INFRARED,0.0030645942443441754,0.9834668355794063,0.6177574897279416,0.6075440035782164,0.653265375557447,True
sat_p06_s02->sat_p07_s02:infrared:10,20.0,sat_p06_s02,sat_p07_s02,INFRARED,0.0030756668246529565,0.9999952701479776,0.589241766399125,0.5892389793727645,0.6075440035782164,True
sat_p06_s02->sat_p07_s02:optical:0,0.0,sat_p06_s02,sat_p07_s02,OPTICAL,0.0,1.0,0.6092205087637029,0.6092205087637029,1.0,True
sat_p06_s02->sat_p07_s02:optical:1,2.0,sat_p06_s02,sat_p07_s02,OPTICAL,9.425000077665312e-05,0.9834714494534982,0.6151470356894628,0.6049795468165388,0.6092205087637029,True
sat_p06_s02->sat_p07_s02:optical:2,4.0,sat_p06_s02,sat_p07_s02,OPTICAL,0.00012054166142332907,0.999999992734854,0.665895510368513,0.6658955055306849,0.6049795468165388,True
sat_p06_s02->sat_p07_s02:optical:3,6.0,sat_p06_s02,sat_p07_s02,OPTICAL,0.0009573462801257699,0.9834710031400753,0.6352760965508878,0.624775619945813,0.6658955055306849,True
sat_p06_s02->sat_p07_s02:optical:4,8.0,sat_p06_s02,sat_p07_s02,OPTICAL,0.0009587113705876687,0.9999995404363595,0.6623436485719287,0.6623433441828703,0.624775619945813,True
sat_p06_s02->sat_p07_s02:optical:5,10.0,sat_p06_s02,sat_p07_s02,OPTICAL,0.0018161229021637052,0.9834698319298287,0.5882999854122763,0.5785752877777322,0.6623433441828703,True
sat_p06_s02->sat_p07_s02:optical:6,12.0,sat_p06_s02,sat_p07_s02,OPTICAL,0.0018202505307898524,0.9999983433453749,0.6308389698093706,0.6308379247270736,0.5785752877777322,True
sat_p06_s02->sat_p07_s02:optical:7,14.0,sat_p06_s02,sat_p07_s02,OPTICAL,0.002529327055192087,0.9834683079496216,0.6116025384706901,0.601491713647463,0.6308379247270736,True
sat_p06_s02->sat_p07_s02:optical:8,16.0,sat_p06_s02,sat_p07_s02,OPTICAL,0.0025132161867558616,0.9999968418771862,0.6557197060396713,0.6557176351963082,0.601491713647463,True
sat_p06_s02->sat_p07_s02:optical:9,18.0,sat_p06_s02,sat_p07_s02,OPTICAL,0.0030645942443441754,0.9834668355794063,0.595231925746234,0.5853908584494848,0.6557176351963082,True
sat_p06_s02->sat_p07_s02:optical:10,20.0,sat_p06_s02,sat_p07_s02,OPTICAL,0.0030756668246529565,0.9999952701479776,0.6109975173729629,0.6109946274451197,0.5853908584494848,True
sat_p06_s02->sat_p07_s02:radar:0,0.0,sat_p06_s02,sat_p07_s02,RADAR,0.0,1.0,0.6445147233428339,0.6445147233428339,1.0,True
sat_p06_s02->sat_p07_s02:radar:1,2.0,sat_p06_s02,sat_p07_s02,RADAR,0.0012266261963182524,0.983470713950506,0.6626317077654145,0.6516788787222952,0.6445147233428339,True
sat_p06_s02->sat_p07_s02:radar:2,4.0,sat_p06_s02,sat_p07_s02,RADAR,0.19130559532006958,0.9818674931739497,0.5746930319915536,0.5642724066660832,0.6516788787222952,True
sat_p06_s02->sat_p07_s02:radar:3,6.0,sat_p06_s02,sat_p07_s02,RADAR,0.11921833652896284,0.9765071832740561,0.591329644484448,0.5774376455219573,0.5642724066660832,True
sat_p06_s02->sat_p07_s02:radar:4,8.0,sat_p06_s02,sat_p07_s02,RADAR,0.17847697352809544,0.9841991491696886,0.6751651812982211,0.6644969969827078,0.5774376455219573,True
sat_p06_s02->sat_p07_s02:radar:5,10.0,sat_p06_s02,sat_p07_s02,RADAR,0.10163342737425654,0.978405235591485,0.6172503166718918,0.6039209415022809,0.6644969969827078,True
sat_p06_s02->sat_p07_s02:radar:6,12.0,sat_p06_s02,sat_p07_s02,RADAR,0.11601100205918934,0.9932933145785448,0.6132270141203988,0.609114293444755,0.6039209415022809,True
sat_p06_s02->sat_p07_s02:radar:7,14.0,sat_p06_s02,sat_p07_s02,RADAR,0.08189238157890752,0.9801792187645435,0.6034487296675709,0.5914879044100159,0.609114293444755,True
sat_p06_s02->sat_p07_s02:radar:8,16.0,sat_p06_s02,sat_p07_s02,RADAR,0.05020828798933264,0.9987403579245232,0.6467737779371207,0.645959074473116,0.5914879044100159,True
sat_p06_s02->sat_p07_s02:radar:9,18.0,sat_p06_s02,sat_p07_s02,RADAR,0.05629630432871609,0.9819142427588725,0.6120878309549441,0.6010177590340448,0.645959074473116,True
sat_p06_s02->sat_p07_s02:radar:10,20.0,sat_p06_s02,sat_p07_s02,RADAR,0.042768161357430994,0.9990858602675863,0.6943418675533203,0.6937071420643115,0.6010177590340448,True
sat_p07_s01->sat_p06_s01:infrared:0,0.0,sat_p07_s01,sat_p06_s01,INFRARED,0.0,1.0,0.6391076742686732,0.6391076742686732,1.0,True
sat_p07_s01->sat_p06_s01:infrared:1,2.0,sat_p07_s01,sat_p06_s01,INFRARED,5.155069274159034e-05,0.9834714525148426,0.5996819935895915,0.5897701212825521,0.6391076742686732,True
sat_p07_s01->sat_p06_s01:infrared:2,4.0,sat_p07_s01,sat_p06_s01,INFRARED,5.8132762156019365e-05,0.999999998310291,0.6137036709301797,0.6137036698931991,0.5897701212825521,True
sat_p07_s01->sat_p06_s01:infrared:3,6.0,sat_p07_s01,sat_p06_s01,INFRARED,0.0010605721214115478,0.9834709007109244,0.6205742461819492,0.6103167128505645,0.6137036698931991,True
sat_p07_s01->sat_p06_s01:infrared:4,8.0,sat_p07_s01,sat_p06_s01,INFRARED,0.0010015537250968485,0.9999994984451936,0.5990913307390097,0.5990910302618733,0.6103167128505645,True
sat_p07_s01->sat_p06_s01:infrared:5,10.0,sat_p07_s01,sat_p06_s01,INFRARED,0.0018585627145516273,0.983469755242312,0.6192414319553159,0.6090052195209933,0.5990910302618733,True
sat_p07_s01->sat_p06_s01:infrared:6,12.0,sat_p07_s01,sat_p06_s01,INFRARED,0.0019064956004883214,0.999998182638914,0.6033264574604403,0.6033253609984144,0.6090052195209933,True
sat_p07_s01->sat_p06_s01:infrared:7,14.0,sat_p07_s01,sat_p06_s01,INFRARED,0.0026000402721125877,0.983468129590744,0.6065034037018451,0.5964767680290736,0.6033253609984144,True
sat_p07_s01->sat_p06_s01:infrared:8,16.0,sat_p07_s01,sat_p06_s01,INFRARED,0.0025875612703889325,0.9999966522689396,0.6113414429346264,0.6113393963278895,0.5964767680290736,True
sat_p07_s01->sat_p06_s01:infrared:9,18.0,sat_p07_s01,sat_p06_s01,INFRARED,0.0031386645970009662,0.9834666096389564,0.6007970157318583,0.5908638041430134,0.6113393963278895,True
sat_p07_s01->sat_p06_s01:infrared:10,20.0,sat_p07_s01,sat_p06_s01,INFRARED,0.003127959902697062,0.9999951079453897,0.5618783959788639,0.5618756472390665,0.5908638041430134,True
sat_p07_s01->sat_p06_s01:optical:0,0.0,sat_p07_s01,sat_p06_s01,OPTICAL,0.0,1.0,0.5902815090386417,0.5902815090386417,1.0,True
sat_p07_s01->sat_p06_s01:optical:1,2.0,sat_p07_s01,sat_p06_s01,OPTICAL,5.155069274159034e-05,0.9834714525148426,0.6046423427680399,0.5946484830940615,0.5902815090386417,True
sat_p07_s01->sat_p06_s01:optical:2,4.0,sat_p07_s01,sat_p06_s01,OPTICAL,5.8132762156019365e-05,0.999999998310291,0.6028001046275758,0.602800103609019,0.5946484830940615,True
sat_p07_s01->sat_p06_s01:optical:3,6.0,sat_p07_s01,sat_p06_s01,OPTICAL,0.0010605721214115478,0.9834709007109244,0.5932898676081033,0.5834833204792065,0.602800103609019,True
sat_p07_s01->sat_p06_s01:optical:4,8.0,sat_p07_s01,sat_p06_s01,OPTICAL,0.0010015537250968485,0.9999994984451936,0.5823063820008757,0.582306089942311,0.5834833204792065,True
sat_p07_s01->sat_p06_s01:optical:5,10.0,sat_p07_s01,sat_p06_s01,OPTICAL,0.0018585627145516273,0.983469755242312,0.6276669297800965,0.6172914418045249,0.582306089942311,True
sat_p07_s01->sat_p06_s01:optical:6,12.0,sat_p07_s01,sat_p06_s01,OPTICAL,0.0019064956004883214,0.999998182638914,0.6423648413118762,0.6423636739030106,0.6172914418045249,True
sat_p07_s01->sat_p06_s01:optical:7,14.0,sat_p07_s01,sat_p06_s01,OPTICAL,0.0026000402721125877,0.983468129590744,0.5516270766414885,0.5425076492962146,0.6423636739030106,True
sat_p07_s01->sat_p06_s01:optical:8,16.0,sat_p07_s01,sat_p06_s01,OPTICAL,0.0025875612703889325,0.9999966522689396,0.6293170048134299,0.629314898029346,0.5425076492962146,True
sat_p07_s01->sat_p06_s01:optical:9,18.0,sat_p07_s01,sat_p06_s01,OPTICAL,0.0031386645970009662,0.9834666096389564,0.6458695845482221,0.6351911705845612,0.629314898029346,True
sat_p07_s01->sat_p06_s01:optical:10,20.0,sat_p07_s01,sat_p06_s01,OPTICAL,0.003127959902697062,0.9999951079453897,0.6110502372827792,0.6110472479916488,0.6351911705845612,True
sat_p07_s01->sat_p06_s01:radar:0,0.0,sat_p07_s01,sat_p06_s01,RADAR,0.0,1.0,0.5980788181247327,0.5980788181247327,1.0,True
sat_p07_s01->sat_p06_s01:radar:1,2.0,sat_p07_s01,sat_p06_s01,RADAR,0.0012182827985777046,0.983470723981341,0.6308382820520506,0.6204109819648757,0.5980788181247327,True
sat_p07_s01->sat_p06_s01:radar:2,4.0,sat_p07_s01,sat_p06_s01,RADAR,0.10038401277455242,0.9949741968136985,0.6335174187764159,0.6303334849145519,0.6204109819648757,True
sat_p07_s01->sat_p06_s01:radar:3,6.0,sat_p07_s01,sat_p06_s01,RADAR,0.08312648701808412,0.9800794167619862,0.6032328749370457,0.5912161242399558,0.6303334849145519,True
sat_p07_s01->sat_p06_s01:radar:4,8.0,sat_p07_s01,sat_p06_s01,RADAR,0.12052846036480527,0.9927627609816705,0.6483561892983856,0.6436638805874199,0.5912161242399558,True
sat_p07_s01->sat_p06_s01:radar:5,10.0,sat_p07_s01,sat_p06_s01,RADAR,0.12895849155234587,0.975327650211089,0.6058728464852267,0.5909245396891399,0.6436638805874199,True
sat_p07_s01->sat_p06_s01:radar:6,12.0,sat_p07_s01,sat_p06_s01,RADAR,0.13267095875963936,0.9912378219579261,0.6214359143732123,0.6159907822497352,0.5909245396891399,True
sat_p07_s01->sat_p06_s01:radar:7,14.0,sat_p07_s01,sat_p06_s01,RADAR,0.10533957382945151,0.9780300537889185,0.6279466543538943,0.6141507001343106,0.6159907822497352,True
sat_p07_s01->sat_p06_s01:radar:8,16.0,sat_p07_s01,sat_p06_s01,RADAR,0.09931586260859815,0.9950803211747767,0.6869175368264544,0.6835381231658548,0.6141507001343106,True
sat_p07_s01->sat_p06_s01:radar:9,18.0,sat_p07_s01,sat_p06_s01,RADAR,0.09137400524734555,0.9793744072703969,0.6341087947596733,0.6210299250127008,0.6835381231658548,True
sat_p07_s01->sat_p06_s01:radar:10,20.0,sat_p07_s01,sat_p06_s01,RADAR,0.10721648308946999,0.99426879922934,0.5820973558876258,0.5787612390729635,0.6210299250127008,True
sat_p07_s01->sat_p08_s01:infrared:0,0.0,sat_p07_s01,sat_p08_s01,INFRARED,1.7991934265579778e-13,1.0,0.6179166095420182,0.6179166095420182,1.0,True
sat_p07_s01->sat_p08_s01:infrared:1,2.0,sat_p07_s01,sat_p08_s01,INFRARED,6.546270586381455e-05,0.98347145171435,0.6300501666991849,0.6196363520965156,0.6179166095420182,True
sat_p07_s01->sat_p08_s01:infrared:2,4.0,sat_p07_s01,sat_p08_s01,INFRARED,7.466294171418685e-05,0.9999999972127226,0.643543586381284,0.6435435845875495,0.6196363520965156,True
sat_p07_s01->sat_p08_s01:infrared:3,6.0,sat_p07_s01,sat_p08_s01,INFRARED,0.0011013934546567122,0.9834708573131489,0.5428944531870317,0.5339208733064033,0.6435435845875495,True
sat_p07_s01->sat_p08_s01:infrared:4,8.0,sat_p07_s01,sat_p08_s01,INFRARED,0.0010613849654751877,0.9999994367311361,0.6318442233641399,0.6318438674659621,0.5339208733064033,True
sat_p07_s01->sat_p08_s01:infrared:5,10.0,sat_p07_s01,sat_p08_s01,INFRARED,0.0018752754803046453,0.9834697245566973,0.6549680432390989,0.6441412410777956,0.6318438674659621,True
sat_p07_s01->sat_p08_s01:infrared:6,12.0,sat_p07_s01,sat_p08_s01,INFRARED,0.0018711090991861406,0.9999982494769016,0.6137951106925246,0.6137940362300056,0.6441412410777956,True
sat_p07_s01->sat_p08_s01:infrared:7,14.0,sat_p07_s01,sat_p08_s01,INFRARED,0.0025584714192587476,0.9834682350349637,0.6252742419917778,0.6149373551844786,0.6137940362300056,True
sat_p07_s01->sat_p08_s01:infrared:8,16.0,sat_p07_s01,sat_p08_s01,INFRARED,0.0025504329070811893,0.9999967476512821,0.6224276915987476,0.6224256672468428,0.6149373551844786,True
sat_p07_s01->sat_p08_s01:infrared:9,18.0,sat_p07_s01,sat_p08_s01,INFRARED,0.0031034273401897906,0.9834667177977663,0.5865987052916444,0.5769003033575927,0.6224256672468428,True
sat_p07_s01->sat_p08_s01:infrared:10,20.0,sat_p07_s01,sat_p08_s01,INFRARED,0.00309257855963566,0.9999952179903601,0.6003068275228234,0.6003039568497872,0.5769003033575927,True
sat_p07_s01->sat_p08_s01:optical:0,0.0,sat_p07_s01,sat_p08_s01,OPTICAL,1.7991934265579778e-13,1.0,0.6205710171290901,0.6205710171290901,1.0,True
sat_p07_s01->sat_p08_s01:optical:1,2.0,sat_p07_s01,sat_p08_s01,OPTICAL,6.546270586381455e-05,0.98347145171435,0.5720881299913648,0.5626323437111553,0.6205710171290901,True
sat_p07_s01->sat_p08_s01:optical:2,4.0,sat_p07_s01,sat_p08_s01,OPTICAL,7.466294171418685e-05,0.9999999972127226,0.579880003034399,0.5798800014181126,0.5626323437111553,True
sat_p07_s01->sat_p08_s01:optical:3,6.0,sat_p07_s01,sat_p08_s01,OPTICAL,0.0011013934546567122,0.9834708573131489,0.6335626443095623,0.6230903969607109,0.5798800014181126,True
sat_p07_s01->sat_p08_s01:optical:4,8.0,sat_p07_s01,sat_p08_s01,OPTICAL,0.0010613849654751877,0.9999994367311361,0.641270126219412,0.6412697650119166,0.6230903969607109,True
sat_p07_s01->sat_p08_s01:optical:5,10.0,sat_p07_s01,sat_p08_s01,OPTICAL,0.0018752754803046453,0.9834697245566973,0.6076482227695039,0.5976036302744907,0.6412697650119166,True
sat_p07_s01->sat_p08_s01:optical:6,12.0,sat_p07_s01,sat_p08_s01,OPTICAL,0.0018711090991861406,0.9999982494769016,0.5502358180281293,0.5502348548276202,0.5976036302744907,True
sat_p07_s01->sat_p08_s01:optical:7,14.0,sat_p07_s01,sat_p08_s01,OPTICAL,0.0025584714192587476,0.9834682350349637,0.6591211232072045,0.6482246877148523,0.5502348548276202,True
sat_p07_s01->sat_p08_s01:optical:8,16.0,sat_p07_s01,sat_p08_s01,OPTICAL,0.0025504329070811893,0.9999967476512821,0.5693664758412795,0.5693646240629519,0.6482246877148523,True
sat_p07_s01->sat_p08_s01:optical:9,18.0,sat_p07_s01,sat_p08_s01,OPTICAL,0.0031034273401897906,0.9834667177977663,0.550280705558084,0.5411827593626479,0.5693646240629519,True
sat_p07_s01->sat_p08_s01:optical:10,20.0,sat_p07_s01,sat_p08_s01,OPTICAL,0.00309257855963566,0.9999952179903601,0.621168047531016,0.6211650770994246,0.5411827593626479,True
sat_p07_s01->sat_p08_s01:radar:0,0.0,sat_p07_s01,sat_p08_s01,RADAR,1.2722218725854067e-13,1.0,0.6348322455851125,0.6348322455851125,1.0,True
sat_p07_s01->sat_p08_s01:radar:1,2.0,sat_p07_s01,sat_p08_s01,RADAR,0.0008101170451494464,0.9834711311006137,0.6957371898404683,0.6842374410411677,0.6348322455851125,True
sat_p07_s01->sat_p08_s01:radar:2,4.0,sat_p07_s01,sat_p08_s01,RADAR,0.04746429501378298,0.9988742045331577,0.643411294309746,0.642686944791297,0.6842374410411677,True
sat_p07_s01->sat_p08_s01:radar:3,6.0,sat_p07_s01,sat_p08_s01,RADAR,0.10177656234786303,0.9783909925200868,0.607221136667645,0.5940996905834325,0.642686944791297,True
sat_p07_s01->sat_p08_s01:radar:4,8.0,sat_p07_s01,sat_p08_s01,RADAR,0.12008187761579327,0.9928160997981463,0.66322479024595,0.6584602495414278,0.5940996905834325,True
sat_p07_s01->sat_p08_s01:radar:5,10.0,sat_p07_s01,sat_p08_s01,RADAR,0.11857989492964055,0.976581312886175,0.5872953230888667,0.5735416376740358,0.6584602495414278,True
sat_p07_s01->sat_p08_s01:radar:6,12.0,sat_p07_s01,sat_p08_s01,RADAR,0.12968038688310882,0.991626751200283,0.5804605045910076,0.5756001643676578,0.5735416376740358,True
sat_p07_s01->sat_p08_s01:radar:7,14.0,sat_p07_s01,sat_p08_s01,RADAR,0.10200629908709773,0.9783680904111655,0.6551387069866256,0.6409668057089449,0.5756001643676578,True
sat_p07_s01->sat_p08_s01:radar:8,16.0,sat_p07_s01,sat_p08_s01,RADAR,0.09534684474599965,0.995464804795699,0.7075676859798226,0.7043587284036485,0.6409668057089449,True
sat_p07_s01->sat_p08_s01:radar:9,18.0,sat_p07_s01,sat_p08_s01,RADAR,0.09163137680844502,0.9793513430881828,0.5916336166999938,0.5794171771312581,0.7043587284036485,True
sat_p07_s01->sat_p08_s01:radar:10,20.0,sat_p07_s01,sat_p08_s01,RADAR,0.10890829126376532,0.9940870427971994,0.6399808530413407,0.6361966736466954,0.5794171771312581,True
sat_p07_s02->sat_p06_s02:infrared:0,0.0,sat_p07_s02,sat_p06_s02,INFRARED,0.0,1.0,0.6376727283116681,0.6376727283116681,1.0,True
sat_p07_s02->sat_p06_s02:infrared:1,2.0,sat_p07_s02,sat_p06_s02,INFRARED,9.425000077665312e-05,0.9834714494534982,0.6190527407482951,0.6088206962318864,0.6376727283116681,True
sat_p07_s02->sat_p06_s02:infrared:2,4.0,sat_p07_s02,sat_p06_s02,INFRARED,0.00012054166142332907,0.999999992734854,0.6159559380597055,0.6159559335846957,0.6088206962318864,True
sat_p07_s02->sat_p06_s02:infrared:3,6.0,sat_p07_s02,sat_p06_s02,INFRARED,0.0009573462801257699,0.9834710031400753,0.5883016844742692,0.5785776477789056,0.6159559335846957,True
sat_p07_s02->sat_p06_s02:infrared:4,8.0,sat_p07_s02,sat_p06_s02,INFRARED,0.0009587113705876687,0.9999995404363595,0.6320664446627132,0.6320661541879569,0.5785776477789056,True
sat_p07_s02->sat_p06_s02:infrared:5,10.0,sat_p07_s02,sat_p06_s02,INFRARED,0.0018161229021637052,0.9834698319298287,0.5808589032337366,0.5712572079382275,0.6320661541879569,True
sat_p07_s02->sat_p06_s02:infrared:6,12.0,sat_p07_s02,sat_p06_s02,INFRARED,0.0018202505307898524,0.9999983433453749,0.590862165104337,0.5908611862497983,0.5712572079382275,True
sat_p07_s02->sat_p06_s02:infrared:7,14.0,sat_p07_s02,sat_p06_s02,INFRARED,0.002529327055192087,0.9834683079496216,0.6124397635792471,0.6023150980083485,0.5908611862497983,True
sat_p07_s02->sat_p06_s02:infrared:8,16.0,sat_p07_s02,sat_p06_s02,INFRARED,0.0025132161867558616,0.9999968418771862,0.6125608414030099,0.6125589068606418,0.6023150980083485,True
sat_p07_s02->sat_p06_s02:infrared:9,18.0,sat_p07_s02,sat_p06_s02,INFRARED,0.0030645942443441754,0.9834668355794063,0.5940417172776221,0.5842203278931793,0.6125589068606418,True
sat_p07_s02->sat_p06_s02:infrared:10,20.0,sat_p07_s02,sat_p06_s02,INFRARED,0.0030756668246529565,0.9999952701479776,0.6220790474851781,0.6220761051433372,0.5842203278931793,True
sat_p07_s02->sat_p06_s02:optical:0,0.0,sat_p07_s02,sat_p06_s02,OPTICAL,0.0,1.0,0.6263175734795428,0.6263175734795428,1.0,True
sat_p07_s02->sat_p06_s02:optical:1,2.0,sat_p07_s02,sat_p06_s02,OPTICAL,9.425000077665312e-05,0.9834714494534982,0.5903852725920544,0.5806270597721064,0.6263175734795428,True
sat_p07_s02->sat_p06_s02:optical:2,4.0,sat_p07_s02,sat_p06_s02,OPTICAL,0.00012054166142332907,0.999999992734854,0.5982162890374658,0.5982162846913371,0.5806270597721064,True
sat_p07_s02->sat_p06_s02:optical:3,6.0,sat_p07_s02,sat_p06_s02,OPTICAL,0.0009573462801257699,0.9834710031400753,0.6345875853468634,0.6240984891413179,0.5982162846913371,True
sat_p07_s02->sat_p06_s02:optical:4,8.0,sat_p07_s02,sat_p06_s02,OPTICAL,0.0009587113705876687,0.9999995404363595,0.5919210706526405,0.5919207986272385,0.6240984891413179,True
sat_p07_s02->sat_p06_s02:optical:5,10.0,sat_p07_s02,sat_p06_s02,OPTICAL,0.0018161229021637052,0.9834698319298287,0.6193033780338977,0.6090661891085726,0.5919207986272385,True
sat_p07_s02->sat_p06_s02:optical:6,12.0,sat_p07_s02,sat_p06_s02,OPTICAL,0.0018202505307898524,0.9999983433453749,0.5763371072365213,0.5763361524449869,0.6090661891085726,True
sat_p07_s02->sat_p06_s02:optical:7,14.0,sat_p07_s02,sat_p06_s02,OPTICAL,0.002529327055192087,0.9834683079496216,0.6176098543336945,0.6073997184145709,0.5763361524449869,True
sat_p07_s02->sat_p06_s02:optical:8,16.0,sat_p07_s02,sat_p06_s02,OPTICAL,0.0025132161867558616,0.9999968418771862,0.6361001447772885,0.6360981358949094,0.6073997184145709,True
sat_p07_s02->sat_p06_s02:optical:9,18.0,sat_p07_s02,sat_p06_s02,OPTICAL,0.0030645942443441754,0.9834668355794063,0.56429581008888,0.5549662146788283,0.6360981358949094,True
sat_p07_s02->sat_p06_s02:optical:10,20.0,sat_p07_s02,sat_p06_s02,OPTICAL,0.0030756668246529565,0.9999952701479776,0.6225020384032809,0.6224990940607557,0.5549662146788283,True
sat_p07_s02->sat_p06_s02:radar:0,0.0,sat_p07_s02,sat_p06_s02,RADAR,0.0,1.0,0.5718417796367874,0.5718417796367874,1.0,True
sat_p07_s02->sat_p06_s02:radar:1,2.0,sat_p07_s02,sat_p06_s02,RADAR,0.0012266261963182524,0.983470713950506,0.5834837490857672,0.5738391792918973,0.5718417796367874,True
sat_p07_s02->sat_p06_s02:radar:2,4.0,sat_p07_s02,sat_p06_s02,RADAR,0.19130559532006958,0.9818674931739497,0.6002969200249431,0.5894120320249339,0.5738391792918973,True
sat_p07_s02->sat_p06_s02:radar:3,6.0,sat_p07_s02,sat_p06_s02,RADAR,0.11921833652896284,0.9765071832740561,0.5971328864899157,0.5831045530265743,0.5894120320249339,True
sat_p07_s02->sat_p06_s02:radar:4,8.0,sat_p07_s02,sat_p06_s02,RADAR,0.17847697352809544,0.9841991491696886,0.646818451367997,0.6365981695036382,0.5831045530265743,True
sat_p07_s02->sat_p06_s02:radar:5,10.0,sat_p07_s02,sat_p06_s02,RADAR,0.10163342737425654,0.978405235591485,0.6724715020608028,0.6579496384023594,0.6365981695036382,True
sat_p07_s02->sat_p06_s02:radar:6,12.0,sat_p07_s02,sat_p06_s02,RADAR,0.11601100205918934,0.9932933145785448,0.6642382097427291,0.659783373025074,0.6579496384023594,True
sat_p07_s02->sat_p06_s02:radar:7,14.0,sat_p07_s02,sat_p06_s02,RADAR,0.08189238157890752,0.9801792187645435,0.5679751420932617,0.5567174310546539,0.659783373025074,True
sat_p07_s02->sat_p06_s02:radar:8,16.0,sat_p07_s02,sat_p06_s02,RADAR,0.05020828798933264,0.9987403579245232,0.5989295691345584,0.5981751322490293,0.5567174310546539,True
sat_p07_s02->sat_p06_s02:radar:9,18.0,sat_p07_s02,sat_p06_s02,RADAR,0.05629630432871609,0.9819142427588725,0.6900294016246388,0.6775496973776151,0.5981751322490293,True
sat_p07_s02->sat_p06_s02:radar:10,20.0,sat_p07_s02,sat_p06_s02,RADAR,0.042768161357430994,0.9990858602675863,0.6869023079449768,0.6862743832529976,0.6775496973776151,True
sat_p07_s02->sat_p08_s02:infrared:0,0.0,sat_p07_s02,sat_p08_s02,INFRARED,0.0,1.0,0.5798933278095751,0.5798933278095751,1.0,True
sat_p07_s02->sat_p08_s02:infrared:1,2.0,sat_p07_s02,sat_p08_s02,INFRARED,6.260732711550563e-05,0.9834714518941721,0.6171165932323628,0.606916551934217,0.5798933278095751,True
sat_p07_s02->sat_p08_s02:infrared:2,4.0,sat_p07_s02,sat_p08_s02,INFRARED,0.00012774747889943556,0.9999999918402909,0.595647133448277,0.5956471285879696,0.606916551934217,True
sat_p07_s02->sat_p08_s02:infrared:3,6.0,sat_p07_s02,sat_p08_s02,INFRARED,0.0009126587335173266,0.9834710442324138,0.5877579217490658,0.5780428970584272,0.5956471285879696,True
sat_p07_s02->sat_p08_s02:infrared:4,8.0,sat_p07_s02,sat_p08_s02,INFRARED,0.0009320113499085202,0.9999995656775161,0.5918512896411162,0.5918510325867941,0.5780428970584272,True
sat_p07_s02->sat_p08_s02:infrared:5,10.0,sat_p07_s02,sat_p08_s02,INFRARED,0.0018188853801082558,0.9834698269920086,0.5414866793152686,0.5325358108246645,0.5918510325867941,True
sat_p07_s02->sat_p08_s02:infrared:6,12.0,sat_p07_s02,sat_p08_s02,INFRARED,0.0018196530532748852,0.9999983444327533,0.6128870058819195,0.6128859912062665,0.5325358108246645,True
sat_p07_s02->sat_p08_s02:infrared:7,14.0,sat_p07_s02,sat_p08_s02,INFRARED,0.002513200998408007,0.9834683479355228,0.6003068542541209,0.5903827902076709,0.6128859912062665,True
sat_p07_s02->sat_p08_s02:infrared:8,16.0,sat_p07_s02,sat_p08_s02,INFRARED,0.002500345999459588,0.999996874139827,0.5989871256552328,0.5989852533052326,0.5903827902076709,True
sat_p07_s02->sat_p08_s02:infrared:9,18.0,sat_p07_s02,sat_p08_s02,INFRARED,0.0030529859158067714,0.9834668704997966,0.5995067515151593,0.5895950287561129,0.5989852533052326,True
sat_p07_s02->sat_p08_s02:infrared:10,20.0,sat_p07_s02,sat_p08_s02,INFRARED,0.003050620544555903,0.9999953468679724,0.65588653229504,0.6558834803684102,0.5895950287561129,True
sat_p07_s02->sat_p08_s02:optical:0,0.0,sat_p07_s02,sat_p08_s02,OPTICAL,0.0,1.0,0.5912843788036757,0.5912843788036757,1.0,True
sat_p07_s02->sat_p08_s02:optical:1,2.0,sat_p07_s02,sat_p08_s02,OPTICAL,6.260732711550563e-05,0.9834714518941721,0.6411636370858415,0.6305661330665605,0.5912843788036757,True
sat_p07_s02->sat_p08_s02:optical:2,4.0,sat_p07_s02,sat_p08_s02,OPTICAL,0.00012774747889943556,0.9999999918402909,0.6235354762819643,0.6235354711940961,0.6305661330665605,True
sat_p07_s02->sat_p08_s02:optical:3,6.0,sat_p07_s02,sat_p08_s02,OPTICAL,0.0009126587335173266,0.9834710442324138,0.590552585544499,0.5807913679796003,0.6235354711940961,True
sat_p07_s02->sat_p08_s02:optical:4,8.0,sat_p07_s02,sat_p08_s02,OPTICAL,0.0009320113499085202,0.9999995656775161,0.5986863912043319,0.5986861311813714,0.5807913679796003,True
sat_p07_s02->sat_p08_s02:optical:5,10.0,sat_p07_s02,sat_p08_s02,OPTICAL,0.0018188853801082558,0.9834698269920086,0.5764282274837371,0.5668997691567411,0.5986861311813714,True
sat_p07_s02->sat_p08_s02:optical:6,12.0,sat_p07_s02,sat_p08_s02,OPTICAL,0.0018196530532748852,0.9999983444327533,0.5995486486731709,0.5995476560800653,0.5668997691567411,True
sat_p07_s02->sat_p08_s02:optical:7,14.0,sat_p07_s02,sat_p08_s02,OPTICAL,0.002513200998408007,0.9834683479355228,0.65825174598513,0.6473697571496693,0.5995476560800653,True
sat_p07_s02->sat_p08_s02:optical:8,16.0,sat_p07_s02,sat_p08_s02,OPTICAL,0.002500345999459588,0.999996874139827,0.6128888038431572,0.6128868880384548,0.6473697571496693,True
sat_p07_s02->sat_p08_s02:optical:9,18.0,sat_p07_s02,sat_p08_s02,OPTICAL,0.0030529859158067714,0.9834668704997966,0.624290517585973,0.613969041612975,0.6128868880384548,True
sat_p07_s02->sat_p08_s02:optical:10,20.0,sat_p07_s02,sat_p08_s02,OPTICAL,0.003050620544555903,0.9999953468679724,0.6311941678808466,0.6311912308510484,0.613969041612975,True
sat_p07_s02->sat_p08_s02:radar:0,0.0,sat_p07_s02,sat_p08_s02,RADAR,0.0,1.0,0.5722133761577397,0.5722133761577397,1.0,True
sat_p07_s02->sat_p08_s02:radar:1,2.0,sat_p07_s02,sat_p08_s02,RADAR,0.0008140688258999152,0.9834711279444452,0.595270099019986,0.5854309557147872,0.5722133761577397,True
sat_p07_s02->sat_p08_s02:radar:2,4.0,sat_p07_s02,sat_p08_s02,RADAR,0.09154509130786438,0.9958185149847035,0.6054488850996906,0.6029172096591183,0.5854309557147872,True
sat_p07_s02->sat_p08_s02:radar:3,6.0,sat_p07_s02,sat_p08_s02,RADAR,0.1349705104758199,0.9745541583862094,0.5896266129546245,0.5746230675501053,0.6029172096591183,True
sat_p07_s02->sat_p08_s02:radar:4,8.0,sat_p07_s02,sat_p08_s02,RADAR,0.19676006012588812,0.980828888094379,0.668494726364935,0.6556789391574753,0.5746230675501053,True
sat_p07_s02->sat_p08_s02:radar:5,10.0,sat_p07_s02,sat_p08_s02,RADAR,0.13440934570926896,0.9746278211328577,0.6416896730411917,0.6254086078795926,0.6556789391574753,True
sat_p07_s02->sat_p08_s02:radar:6,12.0,sat_p07_s02,sat_p08_s02,RADAR,0.13602028584571957,0.9907918975542541,0.7051412459570194,0.6986482331255263,0.6254086078795926,True
sat_p07_s02->sat_p08_s02:radar:7,14.0,sat_p07_s02,sat_p08_s02,RADAR,0.0905470734997111,0.979448076779706,0.6322048606231618,0.6192118348681379,0.6986482331255263,True
sat_p07_s02->sat_p08_s02:radar:8,16.0,sat_p07_s02,sat_p08_s02,RADAR,0.07601401323672316,0.9971151042282876,0.5644393672999657,0.562811018555854,0.6192118348681379,True
sat_p07_s02->sat_p08_s02:radar:9,18.0,sat_p07_s02,sat_p08_s02,RADAR,0.06435226841806575,0.9814371775438773,0.6456279017690414,0.6336432256557837,0.562811018555854,True
sat_p07_s02->sat_p08_s02:radar:10,20.0,sat_p07_s02,sat_p08_s02,RADAR,0.058830938776715025,0.9982709568417278,0.661247866563199,0.6601045404635958,0.6336432256557837,True
sat_p08_s01->sat_p07_s01:infrared:0,0.0,sat_p08_s01,sat_p07_s01,INFRARED,1.7991934265579778e-13,1.0,0.6153215414511359,0.6153215414511359,1.0,True
sat_p08_s01->sat_p07_s01:infrared:1,2.0,sat_p08_s01,sat_p07_s01,INFRARED,6.546270586381455e-05,0.98347145171435,0.6815043019351521,0.6702400251737387,0.6153215414511359,True
sat_p08_s01->sat_p07_s01:infrared:2,4.0,sat_p08_s01,sat_p07_s01,INFRARED,7.466294171418685e-05,0.9999999972127226,0.6331439009260587,0.633143899161311,0.6702400251737387,True
sat_p08_s01->sat_p07_s01:infrared:3,6.0,sat_p08_s01,sat_p07_s01,INFRARED,0.0011013934546567122,0.9834708573131489,0.6272379727153589,0.6168702667657354,0.633143899161311,True
sat_p08_s01->sat_p07_s01:infrared:4,8.0,sat_p08_s01,sat_p07_s01,INFRARED,0.0010613849654751877,0.9999994367311361,0.6234602140218936,0.6234598628461672,0.6168702667657354,True
sat_p08_s01->sat_p07_s01:infrared:5,10.0,sat_p08_s01,sat_p07_s01,INFRARED,0.0018752754803046453,0.9834697245566973,0.5612430080169297,0.5519655065037822,0.6234598628461672,True
sat_p08_s01->sat_p07_s01:infrared:6,12.0,sat_p08_s01,sat_p07_s01,INFRARED,0.0018711090991861406,0.9999982494769016,0.5749882330961498,0.5749872265659665,0.5519655065037822,True
sat_p08_s01->sat_p07_s01:infrared:7,14.0,sat_p08_s01,sat_p07_s01,INFRARED,0.0025584714192587476,0.9834682350349637,0.5960065124022518,0.5861534728215868,0.5749872265659665,True
sat_p08_s01->sat_p07_s01:infrared:8,16.0,sat_p08_s01,sat_p07_s01,INFRARED,0.0025504329070811893,0.9999967476512821,0.5939695276751316,0.5939675958790998,0.5861534728215868,True
sat_p08_s01->sat_p07_s01:infrared:9,18.0,sat_p08_s01,sat_p07_s01,INFRARED,0.0031034273401897906,0.9834667177977663,0.5666666671828767,0.557297807259743,0.5939675958790998,True
sat_p08_s01->sat_p07_s01:infrared:10,20.0,sat_p08_s01,sat_p07_s01,INFRARED,0.00309257855963566,0.9999952179903601,0.5935050388435242,0.5935022006967071,0.557297807259743,True
sat_p08_s01->sat_p07_s01:optical:0,0.0,sat_p08_s01,sat_p07_s01,OPTICAL,1.7991934265579778e-13,1.0,0.6383327418375255,0.6383327418375255,1.0,True
sat_p08_s01->sat_p07_s01:optical:1,2.0,sat_p08_s01,sat_p07_s01,OPTICAL,6.546270586381455e-05,0.98347145171435,0.5988152842552514,0.5889177369152533,0.6383327418375255,True
sat_p08_s01->sat_p07_s01:optical:2,4.0,sat_p08_s01,sat_p07_s01,OPTICAL,7.466294171418685e-05,0.9999999972127226,0.6134928204043628,0.6134928186943881,0.5889177369152533,True
sat_p08_s01->sat_p07_s01:optical:3,6.0,sat_p08_s01,sat_p07_s01,OPTICAL,0.0011013934546567122,0.9834708573131489,0.6020218082744578,0.5920709039048931,0.6134928186943881,True
sat_p08_s01->sat_p07_s01:optical:4,8.0,sat_p08_s01,sat_p07_s01,OPTICAL,0.0010613849654751877,0.9999994367311361,0.6492500241535546,0.6492496584512311,0.5920709039048931,True
sat_p08_s01->sat_p07_s01:optical:5,10.0,sat_p08_s01,sat_p07_s01,OPTICAL,0.0018752754803046453,0.9834697245566973,0.6202497405321122,0.6099968414774795,0.6492496584512311,True
sat_p08_s01->sat_p07_s01:optical:6,12.0,sat_p08_s01,sat_p07_s01,OPTICAL,0.0018711090991861406,0.9999982494769016,0.6296282756086471,0.6296271734298072,0.6099968414774795,True
sat_p08_s01->sat_p07_s01:optical:7,14.0,sat_p08_s01,sat_p07_s01,OPTICAL,0.0025584714192587476,0.9834682350349637,0.585204062156825,0.5755296061446639,0.6296271734298072,True
sat_p08_s01->sat_p07_s01:optical:8,16.0,sat_p08_s01,sat_p07_s01,OPTICAL,0.0025504329070811893,0.9999967476512821,0.6003248900591162,0.6003229375932296,0.5755296061446639,True
sat_p08_s01->sat_p07_s01:optical:9,18.0,sat_p08_s01,sat_p07_s01,OPTICAL,0.0031034273401897906,0.9834667177977663,0.5737535772540683,0.5642675474467856,0.6003229375932296,True
sat_p08_s01->sat_p07_s01:optical:10,20.0,sat_p08_s01,sat_p07_s01,OPTICAL,0.00309257855963566,0.9999952179903601,0.6186349586383254,0.6186320003199896,0.5642675474467856,True
sat_p08_s01->sat_p07_s01:radar:0,0.0,sat_p08_s01,sat_p07_s01,RADAR,1.2722218725854067e-13,1.0,0.5934215732538942,0.5934215732538942,1.0,True
sat_p08_s01->sat_p07_s01:radar:1,2.0,sat_p08_s01,sat_p07_s01,RADAR,0.0008101170451494464,0.9834711311006137,0.5682687220960378,0.5588758828888907,0.5934215732538942,True
sat_p08_s01->sat_p07_s01:radar:2,4.0,sat_p08_s01,sat_p07_s01,RADAR,0.04746429501378298,0.9988742045331577,0.6799106884891809,0.6791452481182222,0.5588758828888907,True
sat_p08_s01->sat_p07_s01:radar:3,6.0,sat_p08_s01,sat_p07_s01,RADAR,0.10177656234786303,0.9783909925200868,0.6130481892141879,0.5998008263079112,0.6791452481182222,True
sat_p08_s01->sat_p07_s01:radar:4,8.0,sat_p08_s01,sat_p07_s01,RADAR,0.12008187761579327,0.9928160997981463,0.613563304747379,0.6091555271985543,0.5998008263079112,True
sat_p08_s01->sat_p07_s01:radar:5,10.0,sat_p08_s01,sat_p07_s01,RADAR,0.11857989492964055,0.976581312886175,0.6864464868622893,0.6703708113660769,0.6091555271985543,True
sat_p08_s01->sat_p07_s01:radar:6,12.0,sat_p08_s01,sat_p07_s01,RADAR,0.12968038688310882,0.991626751200283,0.602959785289985,0.5979110529915279,0.6703708113660769,True
sat_p08_s01->sat_p07_s01:radar:7,14.0,sat_p08_s01,sat_p07_s01,RADAR,0.10200629908709773,0.9783680904111655,0.6336093151317383,0.6199031357121653,0.5979110529915279,True
sat_p08_s01->sat_p07_s01:radar:8,16.0,sat_p08_s01,sat_p07_s01,RADAR,0.09534684474599965,0.995464804795699,0.6129512772081935,0.6101714235153287,0.6199031357121653,True
sat_p08_s01->sat_p07_s01:radar:9,18.0,sat_p08_s01,sat_p07_s01,RADAR,0.09163137680844503,0.9793513430881828,0.631585275098707,0.6185438874426381,0.6101714235153287,True
sat_p08_s01->sat_p07_s01:radar:10,20.0,sat_p08_s01,sat_p07_s01,RADAR,0.10890829126376532,0.9940870427971994,0.6750577021963378,0.67106611489383,0.6185438874426381,True
sat_p08_s01->sat_p09_s01:infrared:0,0.0,sat_p08_s01,sat_p09_s01,INFRARED,1.7991934265579778e-13,1.0,0.5644146684361024,0.5644146684361024,1.0,True
sat_p08_s01->sat_p09_s01:infrared:1,2.0,sat_p08_s01,sat_p09_s01,INFRARED,0.0001148881656428515,0.9834714473310547,0.6057754058769953,0.5957628151754056,0.5644146684361024,True
sat_p08_s01->sat_p09_s01:infrared:2,4.0,sat_p08_s01,sat_p09_s01,INFRARED,0.00010150880071556998,0.9999999948479817,0.6080793232491912,0.6080793201163555,0.5957628151754056,True
sat_p08_s01->sat_p09_s01:infrared:3,6.0,sat_p08_s01,sat_p09_s01,INFRARED,0.0010163270070519656,0.9834709458977938,0.6236024586658683,0.6132948998883113,0.6080793201163555,True
sat_p08_s01->sat_p09_s01:infrared:4,8.0,sat_p08_s01,sat_p09_s01,INFRARED,0.0010174385080946621,0.999999482409575,0.5956616239671195,0.5956613156583664,0.6132948998883113,True
sat_p08_s01->sat_p09_s01:infrared:5,10.0,sat_p08_s01,sat_p09_s01,INFRARED,0.0018009067978027446,0.9834698589934935,0.6082633696866957,0.5982086904166818,0.5956613156583664,True
sat_p08_s01->sat_p09_s01:infrared:6,12.0,sat_p08_s01,sat_p09_s01,INFRARED,0.001778406573156427,0.9999984186362806,0.6473821402336175,0.6473811164869884,0.5982086904166818,True
sat_p08_s01->sat_p09_s01:infrared:7,14.0,sat_p08_s01,sat_p09_s01,INFRARED,0.002495136613222274,0.9834683924239636,0.5894050866134444,0.5796612730182311,0.6473811164869884,True
sat_p08_s01->sat_p09_s01:infrared:8,16.0,sat_p08_s01,sat_p09_s01,INFRARED,0.002473423799662921,0.9999969410920321,0.5853567277340341,0.5853549371816756,0.5796612730182311,True
sat_p08_s01->sat_p09_s01:infrared:9,18.0,sat_p08_s01,sat_p09_s01,INFRARED,0.0030356563667866348,0.9834669223842769,0.6411934605520178,0.6305925593020172,0.5853549371816756,True
sat_p08_s01->sat_p09_s01:infrared:10,20.0,sat_p08_s01,sat_p09_s01,INFRARED,0.0030254446667157702,0.9999954233527572,0.578084644363501,0.5780819986740073,0.6305925593020172,True
sat_p08_s01->sat_p09_s01:optical:0,0.0,sat_p08_s01,sat_p09_s01,OPTICAL,1.7991934265579778e-13,1.0,0.5623702056944282,0.5623702056944282,1.0,True
sat_p08_s01->sat_p09_s01:optical:1,2.0,sat_p08_s01,sat_p09_s01,OPTICAL,0.0001148881656428515,0.9834714473310547,0.6164136320610947,0.606225206877717,0.5623702056944282,True
sat_p08_s01->sat_p09_s01:optical:2,4.0,sat_p08_s01,sat_p09_s01,OPTICAL,0.00010150880071556998,0.9999999948479817,0.5553375841611846,0.5553375813000753,0.606225206877717,True
sat_p08_s01->sat_p09_s01:optical:3,6.0,sat_p08_s01,sat_p09_s01,OPTICAL,0.0010163270070519656,0.9834709458977938,0.610000392385086,0.5999176628969859,0.5553375813000753,True
sat_p08_s01->sat_p09_s01:optical:4,8.0,sat_p08_s01,sat_p09_s01,OPTICAL,0.0010174385080946621,0.999999482409575,0.6190348516035797,0.6190345311970679,0.5999176628969859,True
sat_p08_s01->sat_p09_s01:optical:5,10.0,sat_p08_s01,sat_p09_s01,OPTICAL,0.0018009067978027446,0.9834698589934935,0.5542485291022192,0.5450867227635107,0.6190345311970679,True
sat_p08_s01->sat_p09_s01:optical:6,12.0,sat_p08_s01,sat_p09_s01,OPTICAL,0.001778406573156427,0.9999984186362806,0.6107991600826839,0.6107981941870523,0.5450867227635107,True
sat_p08_s01->sat_p09_s01:optical:7,14.0,sat_p08_s01,sat_p09_s01,OPTICAL,0.002495136613222274,0.9834683924239636,0.5956931564005903,0.5858453909032453,0.6107981941870523,True
sat_p08_s01->sat_p09_s01:optical:8,16.0,sat_p08_s01,sat_p09_s01,OPTICAL,0.002473423799662921,0.9999969410920321,0.6105752530182139,0.6105733853247074,0.5858453909032453,True
sat_p08_s01->sat_p09_s01:optical:9,18.0,sat_p08_s01,sat_p09_s01,OPTICAL,0.0030356563667866348,0.9834669223842769,0.648505327386406,0.6377835384745166,0.6105733853247074,True
sat_p08_s01->sat_p09_s01:optical:10,20.0,sat_p08_s01,sat_p09_s01,OPTICAL,0.0030254446667157702,0.9999954233527572,0.6090342424391731,0.6090314551042867,0.6377835384745166,True
sat_p08_s01->sat_p09_s01:radar:0,0.0,sat_p08_s01,sat_p09_s01,RADAR,1.2722218725854067e-13,1.0,0.6803741808184921,0.6803741808184921,1.0,True
sat_p08_s01->sat_p09_s01:radar:1,2.0,sat_p08_s01,sat_p09_s01,RADAR,0.0004547492831290779,0.9834713521321936,0.6226287357257216,0.6123375246005337,0.6803741808184921,True
sat_p08_s01->sat_p09_s01:radar:2,4.0,sat_p08_s01,sat_p09_s01,RADAR,0.0450138109787438,0.9989873914449924,0.6857869898807003,0.6850925561078341,0.6123375246005337,True
sat_p08_s01->sat_p09_s01:radar:3,6.0,sat_p08_s01,sat_p09_s01,RADAR,0.07286867006270727,0.9808638772637422,0.5824834516336633,0.5713369768113625,0.6850925561078341,True
sat_p08_s01->sat_p09_s01:radar:4,8.0,sat_p08_s01,sat_p09_s01,RADAR,0.06988805035487808,0.9975608098793275,0.6202487473153468,0.6187358426985358,0.5713369768113625,True
sat_p08_s01->sat_p09_s01:radar:5,10.0,sat_p08_s01,sat_p09_s01,RADAR,0.04360177290601842,0.982537052023159,0.623022218006382,0.6121424134249205,0.6187358426985358,True
sat_p08_s01->sat_p09_s01:radar:6,12.0,sat_p08_s01,sat_p09_s01,RADAR,0.10567902175905736,0.9944315338842347,0.5652904335377966,0.5621426329130751,0.6121424134249205,True
sat_p08_s01->sat_p09_s01:radar:7,14.0,sat_p08_s01,sat_p09_s01,RADAR,0.05502488729954295,0.9819837331572754,0.623338701423269,0.6121084650450299,0.5621426329130751,True
sat_p08_s01->sat_p09_s01:radar:8,16.0,sat_p08_s01,sat_p09_s01,RADAR,0.06080374958642686,0.9981531595306345,0.6175908512796828,0.6164502595020297,0.6121084650450299,True
sat_p08_s01->sat_p09_s01:radar:9,18.0,sat_p08_s01,sat_p09_s01,RADAR,0.029992290136762297,0.9830292185703298,0.6718610962111993,0.6604590883963004,0.6164502595020297,True
sat_p08_s01->sat_p09_s01:radar:10,20.0,sat_p08_s01,sat_p09_s01,RADAR,0.05377244547847683,0.998555306629282,0.6266452670336228,0.6257399567705475,0.6604590883963004,True
sat_p08_s02->sat_p07_s02:infrared:0,0.0,sat_p08_s02,sat_p07_s02,INFRARED,0.0,1.0,0.6023841353085608,0.6023841353085608,1.0,True
sat_p08_s02->sat_p07_s02:infrared:1,2.0,sat_p08_s02,sat_p07_s02,INFRARED,6.260732711550563e-05,0.9834714518941721,0.6498132826667492,0.6390728125643859,0.6023841353085608,True
sat_p08_s02->sat_p07_s02:infrared:2,4.0,sat_p08_s02,sat_p07_s02,INFRARED,0.00012774747889943556,0.9999999918402909,0.5663311445354847,0.5663311399143873,0.6390728125643859,True
sat_p08_s02->sat_p07_s02:infrared:3,6.0,sat_p08_s02,sat_p07_s02,INFRARED,0.0009126587335173266,0.9834710442324138,0.6181065093414433,0.6078898541888815,0.5663311399143873,True
sat_p08_s02->sat_p07_s02:infrared:4,8.0,sat_p08_s02,sat_p07_s02,INFRARED,0.0009320113499085202,0.9999995656775161,0.6219733075270666,0.6219730373900748,0.6078898541888815,True
sat_p08_s02->sat_p07_s02:infrared:5,10.0,sat_p08_s02,sat_p07_s02,INFRARED,0.0018188853801082558,0.9834698269920086,0.6107894640464063,0.6006930085342609,0.6219730373900748,True
sat_p08_s02->sat_p07_s02:infrared:6,12.0,sat_p08_s02,sat_p07_s02,INFRARED,0.0018196530532748852,0.9999983444327533,0.6135314729600998,0.6135304572174883,0.6006930085342609,True
sat_p08_s02->sat_p07_s02:infrared:7,14.0,sat_p08_s02,sat_p07_s02,INFRARED,0.002513200998408007,0.9834683479355228,0.6360957244754941,0.6255800112787637,0.6135304572174883,True
sat_p08_s02->sat_p07_s02:infrared:8,16.0,sat_p08_s02,sat_p07_s02,INFRARED,0.002500345999459588,0.999996874139827,0.6513873699729562,0.6513853338271192,0.6255800112787637,True
sat_p08_s02->sat_p07_s02:infrared:9,18.0,sat_p08_s02,sat_p07_s02,INFRARED,0.0030529859158067714,0.9834668704997966,0.6065072912889371,0.5964798276992396,0.6513853338271192,True
sat_p08_s02->sat_p07_s02:infrared:10,20.0,sat_p08_s02,sat_p07_s02,INFRARED,0.003050620544555903,0.9999953468679724,0.6232210153628792,0.6232181154332124,0.5964798276992396,True
sat_p08_s02->sat_p07_s02:optical:0,0.0,sat_p08_s02,sat_p07_s02,OPTICAL,0.0,1.0,0.6352968457309114,0.6352968457309114,1.0,True
sat_p08_s02->sat_p07_s02:optical:1,2.0,sat_p08_s02,sat_p07_s02,OPTICAL,6.260732711550563e-05,0.9834714518941721,0.6234109891888067,0.6131069106642977,0.6352968457309114,True
sat_p08_s02->sat_p07_s02:optical:2,4.0,sat_p08_s02,sat_p07_s02,OPTICAL,0.00012774747889943556,0.9999999918402909,0.6276828906963418,0.6276828855746319,0.6131069106642977,True
sat_p08_s02->sat_p07_s02:optical:3,6.0,sat_p08_s02,sat_p07_s02,OPTICAL,0.0009126587335173266,0.9834710442324138,0.608443026823519,0.5983860989460569,0.6276828855746319,True
sat_p08_s02->sat_p07_s02:optical:4,8.0,sat_p08_s02,sat_p07_s02,OPTICAL,0.0009320113499085202,0.9999995656775161,0.6291794925380476,0.6291792192712476,0.5983860989460569,True
sat_p08_s02->sat_p07_s02:optical:5,10.0,sat_p08_s02,sat_p07_s02,OPTICAL,0.0018188853801082558,0.9834698269920086,0.5724941484206645,0.5630307211012082,0.6291792192712476,True
sat_p08_s02->sat_p07_s02:optical:6,12.0,sat_p08_s02,sat_p07_s02,OPTICAL,0.0018196530532748852,0.9999983444327533,0.618698438203516,0.6186974139066461,0.5630307211012082,True
sat_p08_s02->sat_p07_s02:optical:7,14.0,sat_p08_s02,sat_p07_s02,OPTICAL,0.002513200998408007,0.9834683479355228,0.6285185560946867,0.6181281060092617,0.6186974139066461,True
sat_p08_s02->sat_p07_s02:optical:8,16.0,sat_p08_s02,sat_p07_s02,OPTICAL,0.002500345999459588,0.999996874139827,0.593083405002609,0.593081551106814,0.6181281060092617,True
sat_p08_s02->sat_p07_s02:optical:9,18.0,sat_p08_s02,sat_p07_s02,OPTICAL,0.0030529859158067714,0.9834668704997966,0.6174100766890196,0.6072023559363895,0.593081551106814,True
sat_p08_s02->sat_p07_s02:optical:10,20.0,sat_p08_s02,sat_p07_s02,OPTICAL,0.003050620544555903,0.9999953468679724,0.6106101861784639,0.6106073449286502,0.6072023559363895,True
sat_p08_s02->sat_p07_s02:radar:0,0.0,sat_p08_s02,sat_p07_s02,RADAR,0.0,1.0,0.6313932652031524,0.6313932652031524,1.0,True
sat_p08_s02->sat_p07_s02:radar:1,2.0,sat_p08_s02,sat_p07_s02,RADAR,0.0008140688258999152,0.9834711279444452,0.6694018729649183,0.6583374150529324,0.6313932652031524,True
sat_p08_s02->sat_p07_s02:radar:2,4.0,sat_p08_s02,sat_p07_s02,RADAR,0.09154509130786438,0.9958185149847035,0.5896653778464805,0.5871997009049763,0.6583374150529324,True
sat_p08_s02->sat_p07_s02:radar:3,6.0,sat_p08_s02,sat_p07_s02,RADAR,0.1349705104758199,0.9745541583862094,0.6356273862678867,0.6194533124715264,0.5871997009049763,True
sat_p08_s02->sat_p07_s02:radar:4,8.0,sat_p08_s02,sat_p07_s02,RADAR,0.19676006012588812,0.980828888094379,0.6154541689837919,0.6036552282374227,0.6194533124715264,True
sat_p08_s02->sat_p07_s02:radar:5,10.0,sat_p08_s02,sat_p07_s02,RADAR,0.13440934570926896,0.9746278211328577,0.6258686024124929,0.6099889522847548,0.6036552282374227,True
sat_p08_s02->sat_p07_s02:radar:6,12.0,sat_p08_s02,sat_p07_s02,RADAR,0.13602028584571957,0.9907918975542541,0.6260609400162642,0.6202961067433145,0.6099889522847548,True
sat_p08_s02->sat_p07_s02:radar:7,14.0,sat_p08_s02,sat_p07_s02,RADAR,0.0905470734997111,0.979448076779706,0.6501343241691869,0.6367728134559841,0.6202961067433145,True
sat_p08_s02->sat_p07_s02:radar:8,16.0,sat_p08_s02,sat_p07_s02,RADAR,0.07601401323672316,0.9971151042282876,0.5239453210954244,0.5224337934539877,0.6367728134559841,True
sat_p08_s02->sat_p07_s02:radar:9,18.0,sat_p08_s02,sat_p07_s02,RADAR,0.06435226841806575,0.9814371775438773,0.649140068032473,0.6370901962004308,0.5224337934539877,True
sat_p08_s02->sat_p07_s02:radar:10,20.0,sat_p08_s02,sat_p07_s02,RADAR,0.058830938776715025,0.9982709568417278,0.5825477851160824,0.5815405348538608,0.6370901962004308,True
sat_p08_s02->sat_p09_s02:infrared:0,0.0,sat_p08_s02,sat_p09_s02,INFRARED,0.0,1.0,0.6142685015967331,0.6142685015967331,1.0,True
sat_p08_s02->sat_p09_s02:infrared:1,2.0,sat_p08_s02,sat_p09_s02,INFRARED,5.3607618804386425e-05,0.9834714524084788,0.593633255754533,0.5838213602348845,0.6142685015967331,True
sat_p08_s02->sat_p09_s02:infrared:2,4.0,sat_p08_s02,sat_p09_s02,INFRARED,0.0001054851322251547,0.9999999944364434,0.6336162735261667,0.6336162700010066,0.5838213602348845,True
sat_p08_s02->sat_p09_s02:infrared:3,6.0,sat_p08_s02,sat_p09_s02,INFRARED,0.001057549421686809,0.9834709038592336,0.5829366364969207,0.5733012207882882,0.6336162700010066,True
sat_p08_s02->sat_p09_s02:infrared:4,8.0,sat_p08_s02,sat_p09_s02,INFRARED,0.0010535716553041836,0.9999994449935375,0.6016357603099591,0.6016354263982241,0.5733012207882882,True
sat_p08_s02->sat_p09_s02:infrared:5,10.0,sat_p08_s02,sat_p09_s02,INFRARED,0.0019120108184983095,0.9834696561429841,0.6415886470037987,0.6309829660540683,0.6016354263982241,True
sat_p08_s02->sat_p09_s02:infrared:6,12.0,sat_p08_s02,sat_p09_s02,INFRARED,0.0018958731898453493,0.999998202834039,0.6090210783872756,0.609019983875324,0.6309829660540683,True
sat_p08_s02->sat_p09_s02:infrared:7,14.0,sat_p08_s02,sat_p09_s02,INFRARED,0.0025554099567064044,0.9834682427335316,0.6176742796653653,0.6074630384041967,0.609019983875324,True
sat_p08_s02->sat_p09_s02:infrared:8,16.0,sat_p08_s02,sat_p09_s02,INFRARED,0.002563181601934142,0.9999967150554332,0.6031974452003501,0.6031954637301798,0.6074630384041967,True
sat_p08_s02->sat_p09_s02:infrared:9,18.0,sat_p08_s02,sat_p09_s02,INFRARED,0.0030948734739810048,0.983466743869192,0.6142540285720848,0.6040984093883218,0.6031954637301798,True
sat_p08_s02->sat_p09_s02:infrared:10,20.0,sat_p08_s02,sat_p09_s02,INFRARED,0.0030709418083793667,0.999995284669322,0.6617714460294253,0.661768325558224,0.6040984093883218,True
sat_p08_s02->sat_p09_s02:optical:0,0.0,sat_p08_s02,sat_p09_s02,OPTICAL,0.0,1.0,0.6084874932308094,0.6084874932308094,1.0,True
sat_p08_s02->sat_p09_s02:optical:1,2.0,sat_p08_s02,sat_p09_s02,OPTICAL,5.3607618804386425e-05,0.9834714524084788,0.6411577532567458,0.6305603468183689,0.6084874932308094,True
sat_p08_s02->sat_p09_s02:optical:2,4.0,sat_p08_s02,sat_p09_s02,OPTICAL,0.0001054851322251547,0.9999999944364434,0.626590941249727,0.6265909377636528,0.6305603468183689,True
sat_p08_s02->sat_p09_s02:optical:3,6.0,sat_p08_s02,sat_p09_s02,OPTICAL,0.001057549421686809,0.9834709038592336,0.5958633959994175,0.5860143126401796,0.6265909377636528,True
sat_p08_s02->sat_p09_s02:optical:4,8.0,sat_p08_s02,sat_p09_s02,OPTICAL,0.0010535716553041836,0.9999994449935375,0.5651305354808697,0.5651302218297704,0.5860143126401796,True
sat_p08_s02->sat_p09_s02:optical:5,10.0,sat_p08_s02,sat_p09_s02,OPTICAL,0.0019120108184983095,0.9834696561429841,0.5876829121019692,0.5779683114860312,0.5651302218297704,True
sat_p08_s02->sat_p09_s02:optical:6,12.0,sat_p08_s02,sat_p09_s02,OPTICAL,0.0018958731898453493,0.999998202834039,0.5578781162357132,0.5578771136361522,0.5779683114860312,True
sat_p08_s02->sat_p09_s02:optical:7,14.0,sat_p08_s02,sat_p09_s02,OPTICAL,0.0025554099567064044,0.9834682427335316,0.6036964941043228,0.5937163302011722,0.5578771136361522,True
sat_p08_s02->sat_p09_s02:optical:8,16.0,sat_p08_s02,sat_p09_s02,OPTICAL,0.002563181601934142,0.9999967150554332,0.6615130220260808,0.6615108489924731,0.5937163302011722,True
sat_p08_s02->sat_p09_s02:optical:9,18.0,sat_p08_s02,sat_p09_s02,OPTICAL,0.0030948734739810048,0.983466743869192,0.6336009508697963,0.6231254640643424,0.6615108489924731,True
sat_p08_s02->sat_p09_s02:optical:10,20.0,sat_p08_s02,sat_p09_s02,OPTICAL,0.0030709418083793667,0.999995284669322,0.6023176931283238,0.6023148530012276,0.6231254640643424,True
sat_p08_s02->sat_p09_s02:radar:0,0.0,sat_p08_s02,sat_p09_s02,RADAR,0.0,1.0,0.7000789392935656,0.7000789392935656,1.0,True
sat_p08_s02->sat_p09_s02:radar:1,2.0,sat_p08_s02,sat_p09_s02,RADAR,0.0004467935185145422,0.9834713556591492,0.627256902612584,0.616889196358957,0.7000789392935656,True
sat_p08_s02->sat_p09_s02:radar:2,4.0,sat_p08_s02,sat_p09_s02,RADAR,0.06908719696425521,0.9976163250835569,0.599877015934376,0.5984471041385425,0.616889196358957,True
sat_p08_s02->sat_p09_s02:radar:3,6.0,sat_p08_s02,sat_p09_s02,RADAR,0.11566462242111641,0.9769148169663247,0.5707057019094048,0.557530856322464,0.5984471041385425,True
sat_p08_s02->sat_p09_s02:radar:4,8.0,sat_p08_s02,sat_p09_s02,RADAR,0.16667791023060918,0.986205268602848,0.5957422614030242,0.5875241569250376,0.557530856322464,True
sat_p08_s02->sat_p09_s02:radar:5,10.0,sat_p08_s02,sat_p09_s02,RADAR,0.12277066605495293,0.9760875586235371,0.6466431174336663,0.6311803017965406,0.5875241569250376,True
sat_p08_s02->sat_p09_s02:radar:6,12.0,sat_p08_s02,sat_p09_s02,RADAR,0.11340064538649876,0.993590774085177,0.6959878851400463,0.6915271415502039,0.6311803017965406,True
sat_p08_s02->sat_p09_s02:radar:7,14.0,sat_p08_s02,sat_p09_s02,RADAR,0.07336229398868466,0.9808284770036391,0.5675675749973603,0.5566864401813096,0.6915271415502039,True
sat_p08_s02->sat_p09_s02:radar:8,16.0,sat_p08_s02,sat_p09_s02,RADAR,0.06567121035180797,0.9978459693263855,0.6349027672612979,0.6335351672258543,0.5566864401813096,True
sat_p08_s02->sat_p09_s02:radar:9,18.0,sat_p08_s02,sat_p09_s02,RADAR,0.0545499919534093,0.9820092830371239,0.5952148406753712,0.5845064989446772,0.6335351672258543,True
sat_p08_s02->sat_p09_s02:radar:10,20.0,sat_p08_s02,sat_p09_s02,RADAR,0.043262989032873074,0.9990645946545638,0.6064037655059633,0.6058365321822163,0.5845064989446772,True
sat_p09_s01->sat_p08_s01:infrared:0,0.0,sat_p09_s01,sat_p08_s01,INFRARED,1.7991934265579778e-13,1.0,0.6080873678207339,0.6080873678207339,1.0,True
sat_p09_s01->sat_p08_s01:infrared:1,2.0,sat_p09_s01,sat_p08_s01,INFRARED,0.0001148881656428515,0.9834714473310547,0.575232011854849,0.5657242592500428,0.6080873678207339,True
sat_p09_s01->sat_p08_s01:infrared:2,4.0,sat_p09_s01,sat_p08_s01,INFRARED,0.00010150880071556998,0.9999999948479817,0.5958482357663452,0.5958482326965242,0.5657242592500428,True
sat_p09_s01->sat_p08_s01:infrared:3,6.0,sat_p09_s01,sat_p08_s01,INFRARED,0.0010163270070519656,0.9834709458977938,0.5851859083684746,0.5755133388292034,0.5958482326965242,True
sat_p09_s01->sat_p08_s01:infrared:4,8.0,sat_p09_s01,sat_p08_s01,INFRARED,0.0010174385080946621,0.999999482409575,0.5959299626081808,0.5959296541605381,0.5755133388292034,True
sat_p09_s01->sat_p08_s01:infrared:5,10.0,sat_p09_s01,sat_p08_s01,INFRARED,0.0018009067978027446,0.9834698589934935,0.5757381502348612,0.5662211174286537,0.5959296541605381,True
sat_p09_s01->sat_p08_s01:infrared:6,12.0,sat_p09_s01,sat_p08_s01,INFRARED,0.001778406573156427,0.9999984186362806,0.5926338485440117,0.5926329113743447,0.5662211174286537,True
sat_p09_s01->sat_p08_s01:infrared:7,14.0,sat_p09_s01,sat_p08_s01,INFRARED,0.002495136613222274,0.9834683924239636,0.586503038919995,0.5768072008384169,0.5926329113743447,True
sat_p09_s01->sat_p08_s01:infrared:8,16.0,sat_p09_s01,sat_p08_s01,INFRARED,0.002473423799662921,0.9999969410920321,0.6782717431734793,0.6782696684026397,0.5768072008384169,True
sat_p09_s01->sat_p08_s01:infrared:9,18.0,sat_p09_s01,sat_p08_s01,INFRARED,0.0030356563667866348,0.9834669223842769,0.5716907752860405,0.5622389673260435,0.6782696684026397,True
sat_p09_s01->sat_p08_s01:infrared:10,20.0,sat_p09_s01,sat_p08_s01,INFRARED,0.0030254446667157702,0.9999954233527572,0.556258425948144,0.5562558801495526,0.5622389673260435,True
sat_p09_s01->sat_p08_s01:optical:0,0.0,sat_p09_s01,sat_p08_s01,OPTICAL,1.7991934265579778e-13,1.0,0.6557884204718654,0.6557884204718654,1.0,True
sat_p09_s01->sat_p08_s01:optical:1,2.0,sat_p09_s01,sat_p08_s01,OPTICAL,0.0001148881656428515,0.9834714473310547,0.6352425138744062,0.6247428745262799,0.6557884204718654,True
sat_p09_s01->sat_p08_s01:optical:2,4.0,sat_p09_s01,sat_p08_s01,OPTICAL,0.00010150880071556998,0.9999999948479817,0.606093711124376,0.6060937080017702,0.6247428745262799,True
sat_p09_s01->sat_p08_s01:optical:3,6.0,sat_p09_s01,sat_p08_s01,OPTICAL,0.0010163270070519656,0.9834709458977938,0.6244952528722039,0.6141729370509083,0.6060937080017702,True
sat_p09_s01->sat_p08_s01:optical:4,8.0,sat_p09_s01,sat_p08_s01,OPTICAL,0.0010174385080946621,0.999999482409575,0.5769539069880663,0.5769536083622484,0.6141729370509083,True
sat_p09_s01->sat_p08_s01:optical:5,10.0,sat_p09_s01,sat_p08_s01,OPTICAL,0.0018009067978027446,0.9834698589934935,0.5959815958678557,0.5861299360508773,0.5769536083622484,True
sat_p09_s01->sat_p08_s01:optical:6,12.0,sat_p09_s01,sat_p08_s01,OPTICAL,0.001778406573156427,0.9999984186362806,0.5871663972560317,0.5871654687323938,0.5861299360508773,True
sat_p09_s01->sat_p08_s01:optical:7,14.0,sat_p09_s01,sat_p08_s01,OPTICAL,0.002495136613222274,0.9834683924239636,0.6022588221441771,0.5923025156372836,0.5871654687323938,True
sat_p09_s01->sat_p08_s01:optical:8,16.0,sat_p09_s01,sat_p08_s01,OPTICAL,0.002473423799662921,0.9999969410920321,0.6231509981960532,0.6231490920344996,0.5923025156372836,True
sat_p09_s01->sat_p08_s01:optical:9,18.0,sat_p09_s01,sat_p08_s01,OPTICAL,0.0030356563667866348,0.9834669223842769,0.5884098535482242,0.5786816277696551,0.6231490920344996,True
sat_p09_s01->sat_p08_s01:optical:10,20.0,sat_p09_s01,sat_p08_s01,OPTICAL,0.0030254446667157702,0.9999954233527572,0.6033864136054834,0.6033836521187173,0.5786816277696551,True
sat_p09_s01->sat_p08_s01:radar:0,0.0,sat_p09_s01,sat_p08_s01,RADAR,1.2722218725854067e-13,1.0,0.6063169820690817,0.6063169820690817,1.0,True
sat_p09_s01->sat_p08_s01:radar:1,2.0,sat_p09_s01,sat_p08_s01,RADAR,0.00045474928312907797,0.9834713521321936,0.5813452686267198,0.5717364173919733,0.6063169820690817,True
sat_p09_s01->sat_p08_s01:radar:2,4.0,sat_p09_s01,sat_p08_s01,RADAR,0.0450138109787438,0.9989873914449924,0.650794823929052,0.6501358235227868,0.5717364173919733,True
sat_p09_s01->sat_p08_s01:radar:3,6.0,sat_p09_s01,sat_p08_s01,RADAR,0.07286867006270727,0.9808638772637422,0.6802935551991165,0.667275374230141,0.6501358235227868,True
sat_p09_s01->sat_p08_s01:radar:4,8.0,sat_p09_s01,sat_p08_s01,RADAR,0.06988805035487808,0.9975608098793275,0.62926120046368,0.6277263127601864,0.667275374230141,True
sat_p09_s01->sat_p08_s01:radar:5,10.0,sat_p09_s01,sat_p08_s01,RADAR,0.04360177290601842,0.982537052023159,0.6251593011560284,0.6142421768027023,0.6277263127601864,True
sat_p09_s01->sat_p08_s01:radar:6,12.0,sat_p09_s01,sat_p08_s01,RADAR,0.10567902175905736,0.9944315338842347,0.6714762579016443,0.6677371651119781,0.6142421768027023,True
sat_p09_s01->sat_p08_s01:radar:7,14.0,sat_p09_s01,sat_p08_s01,RADAR,0.05502488729954295,0.9819837331572754,0.6241678001157398,0.6129226264742182,0.6677371651119781,True
sat_p09_s01->sat_p08_s01:radar:8,16.0,sat_p09_s01,sat_p08_s01,RADAR,0.060803749586426856,0.9981531595306345,0.6537401037429641,0.6525327500629244,0.6129226264742182,True
sat_p09_s01->sat_p08_s01:radar:9,18.0,sat_p09_s01,sat_p08_s01,RADAR,0.029992290136762297,0.9830292185703298,0.6567971284607141,0.6456507679499723,0.6525327500629244,True
sat_p09_s01->sat_p08_s01:radar:10,20.0,sat_p09_s01,sat_p08_s01,RADAR,0.05377244547847683,0.998555306629282,0.6303349208844851,0.6294242802029513,0.6456507679499723,True
sat_p09_s01->sat_p10_s01:infrared:0,0.0,sat_p09_s01,sat_p10_s01,INFRARED,0.0,1.0,0.6087486535523954,0.6087486535523954,1.0,True
sat_p09_s01->sat_p10_s01:infrared:1,2.0,sat_p09_s01,sat_p10_s01,INFRARED,0.00013323393964920124,0.9834714450926776,0.5911098785313085,0.581339686447743,0.6087486535523954,True
sat_p09_s01->sat_p10_s01:infrared:2,4.0,sat_p09_s01,sat_p10_s01,INFRARED,7.759704621289338e-05,0.9999999969893492,0.6161354585919158,0.616135456736947,0.581339686447743,True
sat_p09_s01->sat_p10_s01:infrared:3,6.0,sat_p09_s01,sat_p10_s01,INFRARED,0.000932861924235119,0.9834710258978554,0.6550569793437855,0.644229559496783,0.616135456736947,True
sat_p09_s01->sat_p10_s01:infrared:4,8.0,sat_p09_s01,sat_p10_s01,INFRARED,0.0009144239436206914,0.9999995819145131,0.6056345649361251,0.6056343117291031,0.644229559496783,True
sat_p09_s01->sat_p10_s01:infrared:5,10.0,sat_p09_s01,sat_p10_s01,INFRARED,0.0017720766752667403,0.9834699096468893,0.6146365243547882,0.6044765270728817,0.6056343117291031,True
sat_p09_s01->sat_p10_s01:infrared:6,12.0,sat_p09_s01,sat_p10_s01,INFRARED,0.0017549227673275007,0.999998460124226,0.6227594846523739,0.6227585256801305,0.6044765270728817,True
sat_p09_s01->sat_p10_s01:infrared:7,14.0,sat_p09_s01,sat_p10_s01,INFRARED,0.002455873424911682,0.983468488013378,0.5519191134672831,0.5427950560273529,0.6227585256801305,True
sat_p09_s01->sat_p10_s01:infrared:8,16.0,sat_p09_s01,sat_p10_s01,INFRARED,0.0024314384022894155,0.9999970440580167,0.6015083845172431,0.601506606493356,0.5427950560273529,True
sat_p09_s01->sat_p10_s01:infrared:9,18.0,sat_p09_s01,sat_p10_s01,INFRARED,0.002999397753304389,0.9834670299867239,0.6072359761557269,0.5971965619709618,0.601506606493356,True
sat_p09_s01->sat_p10_s01:infrared:10,20.0,sat_p09_s01,sat_p10_s01,INFRARED,0.0029854821070277146,0.9999955434582247,0.5644197768341076,0.5644172614737933,0.5971965619709618,True
sat_p09_s01->sat_p10_s01:optical:0,0.0,sat_p09_s01,sat_p10_s01,OPTICAL,0.0,1.0,0.6268121439360321,0.6268121439360321,1.0,True
sat_p09_s01->sat_p10_s01:optical:1,2.0,sat_p09_s01,sat_p10_s01,OPTICAL,0.00013323393964920124,0.9834714450926776,0.5740744089202354,0.5645857885315086,0.6268121439360321,True
sat_p09_s01->sat_p10_s01:optical:2,4.0,sat_p09_s01,sat_p10_s01,OPTICAL,7.759704621289338e-05,0.9999999969893492,0.614266981145373,0.6142669792960296,0.5645857885315086,True
sat_p09_s01->sat_p10_s01:optical:3,6.0,sat_p09_s01,sat_p10_s01,OPTICAL,0.000932861924235119,0.9834710258978554,0.5923562621896656,0.5825652208726895,0.6142669792960296,True
sat_p09_s01->sat_p10_s01:optical:4,8.0,sat_p09_s01,sat_p10_s01,OPTICAL,0.0009144239436206914,0.9999995819145131,0.660574868819545,0.6605745926427793,0.5825652208726895,True
sat_p09_s01->sat_p10_s01:optical:5,10.0,sat_p09_s01,sat_p10_s01,OPTICAL,0.0017720766752667403,0.9834699096468893,0.5753120098102682,0.5658020503068748,0.6605745926427793,True
sat_p09_s01->sat_p10_s01:optical:6,12.0,sat_p09_s01,sat_p10_s01,OPTICAL,0.0017549227673275007,0.999998460124226,0.6064618433623368,0.6064609094864363,0.5658020503068748,True
sat_p09_s01->sat_p10_s01:optical:7,14.0,sat_p09_s01,sat_p10_s01,OPTICAL,0.002455873424911682,0.983468488013378,0.6442306264402555,0.6335805201171095,0.6064609094864363,True
sat_p09_s01->sat_p10_s01:optical:8,16.0,sat_p09_s01,sat_p10_s01,OPTICAL,0.0024314384022894155,0.9999970440580167,0.6384241313808752,0.6384222442361821,0.6335805201171095,True
sat_p09_s01->sat_p10_s01:optical:9,18.0,sat_p09_s01,sat_p10_s01,OPTICAL,0.002999397753304389,0.9834670299867239,0.6130651932310369,0.6029294047751649,0.6384222442361821,True
sat_p09_s01->sat_p10_s01:optical:10,20.0,sat_p09_s01,sat_p10_s01,OPTICAL,0.0029854821070277146,0.9999955434582247,0.6360917444924781,0.6360889097230459,0.6029294047751649,True
sat_p09_s01->sat_p10_s01:radar:0,0.0,sat_p09_s01,sat_p10_s01,RADAR,0.0,1.0,0.6209074744678025,0.6209074744678025,1.0,True
sat_p09_s01->sat_p10_s01:radar:1,2.0,sat_p09_s01,sat_p10_s01,RADAR,0.0009347708018632681,0.9834710241447778,0.6351128664979124,0.6246151012622275,0.6209074744678025,True
sat_p09_s01->sat_p10_s01:radar:2,4.0,sat_p09_s01,sat_p10_s01,RADAR,0.03415723162137042,0.9994168118843159,0.6566461923823192,0.6562632441267127,0.6246151012622275,True
sat_p09_s01->sat_p10_s01:radar:3,6.0,sat_p09_s01,sat_p10_s01,RADAR,0.045880247152499845,0.9824368960836981,0.5819758357871297,0.5717545337064237,0.6562632441267127,True
sat_p09_s01->sat_p10_s01:radar:4,8.0,sat_p09_s01,sat_p10_s01,RADAR,0.07573831120910068,0.9971359633084921,0.6116902839362339,0.6099383805192017,0.5717545337064237,True
sat_p09_s01->sat_p10_s01:radar:5,10.0,sat_p09_s01,sat_p10_s01,RADAR,0.0461178273223332,0.9824261596209481,0.616820634359461,0.6059807269887223,0.6099383805192017,True
sat_p09_s01->sat_p10_s01:radar:6,12.0,sat_p09_s01,sat_p10_s01,RADAR,0.10268803739562257,0.994741458280584,0.6150336867041996,0.6117995064038193,0.6059807269887223,True
sat_p09_s01->sat_p10_s01:radar:7,14.0,sat_p09_s01,sat_p10_s01,RADAR,0.053866394892198584,0.9820456735989782,0.5866151861062021,0.5760829055830552,0.6117995064038193,True
sat_p09_s01->sat_p10_s01:radar:8,16.0,sat_p09_s01,sat_p10_s01,RADAR,0.05930683924560103,0.9982428949291556,0.6209550018368688,0.6198639186543751,0.5760829055830552,True
sat_p09_s01->sat_p10_s01:radar:9,18.0,sat_p09_s01,sat_p10_s01,RADAR,0.028467364827805187,0.9830730364067849,0.6456148855215911,0.6346865858591294,0.6198639186543751,True
sat_p09_s01->sat_p10_s01:radar:10,20.0,sat_p09_s01,sat_p10_s01,RADAR,0.04725388617671533,0.9988841581356328,0.5992936572796574,0.5986249403278151,0.6346865858591294,True
sat_p09_s02->sat_p08_s02:infrared:0,0.0,sat_p09_s02,sat_p08_s02,INFRARED,0.0,1.0,0.6283593826925373,0.6283593826925373,1.0,True
sat_p09_s02->sat_p08_s02:infrared:1,2.0,sat_p09_s02,sat_p08_s02,INFRARED,5.3607618804386425e-05,0.9834714524084788,0.594079940427747,0.5842606618592189,0.6283593826925373,True
sat_p09_s02->sat_p08_s02:infrared:2,4.0,sat_p09_s02,sat_p08_s02,INFRARED,0.0001054851322251547,0.9999999944364434,0.6263596002983781,0.626359596813591,0.5842606618592189,True
sat_p09_s02->sat_p08_s02:infrared:3,6.0,sat_p09_s02,sat_p08_s02,INFRARED,0.001057549421686809,0.9834709038592336,0.5937246966902872,0.5839109640975461,0.626359596813591,True
sat_p09_s02->sat_p08_s02:infrared:4,8.0,sat_p09_s02,sat_p08_s02,INFRARED,0.0010535716553041836,0.9999994449935375,0.6101759652467402,0.6101756265951362,0.5839109640975461,True
sat_p09_s02->sat_p08_s02:infrared:5,10.0,sat_p09_s02,sat_p08_s02,INFRARED,0.0019120108184983095,0.9834696561429841,0.6169669155047496,0.6067682402430536,0.6101756265951362,True
sat_p09_s02->sat_p08_s02:infrared:6,12.0,sat_p09_s02,sat_p08_s02,INFRARED,0.0018958731898453493,0.999998202834039,0.6339193651398352,0.6339182258815301,0.6067682402430536,True
sat_p09_s02->sat_p08_s02:infrared:7,14.0,sat_p09_s02,sat_p08_s02,INFRARED,0.0025554099567064044,0.9834682427335316,0.62669437376259,0.6163340144952855,0.6339182258815301,True
sat_p09_s02->sat_p08_s02:infrared:8,16.0,sat_p09_s02,sat_p08_s02,INFRARED,0.002563181601934142,0.9999967150554332,0.606672654279174,0.6066706613931345,0.6163340144952855,True
sat_p09_s02->sat_p08_s02:infrared:9,18.0,sat_p09_s02,sat_p08_s02,INFRARED,0.0030948734739810048,0.983466743869192,0.6034870801440124,0.593509473676358,0.6066706613931345,True
sat_p09_s02->sat_p08_s02:infrared:10,20.0,sat_p09_s02,sat_p08_s02,INFRARED,0.0030709418083793667,0.999995284669322,0.5574523730691128,0.5574497444968365,0.593509473676358,True
sat_p09_s02->sat_p08_s02:optical:0,0.0,sat_p09_s02,sat_p08_s02,OPTICAL,0.0,1.0,0.6177690551598838,0.6177690551598838,1.0,True
sat_p09_s02->sat_p08_s02:optical:1,2.0,sat_p09_s02,sat_p08_s02,OPTICAL,5.3607618804386425e-05,0.9834714524084788,0.5688746322348153,0.559471960802313,0.6177690551598838,True
sat_p09_s02->sat_p08_s02:optical:2,4.0,sat_p09_s02,sat_p08_s02,OPTICAL,0.0001054851322251547,0.9999999944364434,0.6358072189059509,0.6358072153686015,0.559471960802313,True
sat_p09_s02->sat_p08_s02:optical:3,6.0,sat_p09_s02,sat_p08_s02,OPTICAL,0.001057549421686809,0.9834709038592336,0.6534917455074304,0.6426901176187408,0.6358072153686015,True
sat_p09_s02->sat_p08_s02:optical:4,8.0,sat_p09_s02,sat_p08_s02,OPTICAL,0.0010535716553041836,0.9999994449935375,0.656948837383735,0.6569484727728847,0.6426901176187408,True
sat_p09_s02->sat_p08_s02:optical:5,10.0,sat_p09_s02,sat_p08_s02,OPTICAL,0.0019120108184983095,0.9834696561429841,0.6214352445288911,0.6111627062519598,0.6569484727728847,True
sat_p09_s02->sat_p08_s02:optical:6,12.0,sat_p09_s02,sat_p08_s02,OPTICAL,0.0018958731898453493,0.999998202834039,0.6488509525515817,0.6488497864587359,0.6111627062519598,True
sat_p09_s02->sat_p08_s02:optical:7,14.0,sat_p09_s02,sat_p08_s02,OPTICAL,0.0025554099567064044,0.9834682427335316,0.6719522851710451,0.6608437330979486,0.6488497864587359,True
sat_p09_s02->sat_p08_s02:optical:8,16.0,sat_p09_s02,sat_p08_s02,OPTICAL,0.002563181601934142,0.9999967150554332,0.5772904303880414,0.5772885340209786,0.6608437330979486,True
sat_p09_s02->sat_p08_s02:optical:9,18.0,sat_p09_s02,sat_p08_s02,OPTICAL,0.0030948734739810048,0.983466743869192,0.6263002475114092,0.6159454651045146,0.5772885340209786,True
sat_p09_s02->sat_p08_s02:optical:10,20.0,sat_p09_s02,sat_p08_s02,OPTICAL,0.0030709418083793667,0.999995284669322,0.6348507474983835,0.6348477539671779,0.6159454651045146,True
sat_p09_s02->sat_p08_s02:radar:0,0.0,sat_p09_s02,sat_p08_s02,RADAR,0.0,1.0,0.641413168665375,0.641413168665375,1.0,True
sat_p09_s02->sat_p08_s02:radar:1,2.0,sat_p09_s02,sat_p08_s02,RADAR,0.0004467935185145422,0.9834713556591492,0.6610126582867186,0.6500870151530971,0.641413168665375,True
sat_p09_s02->sat_p08_s02:radar:2,4.0,sat_p09_s02,sat_p08_s02,RADAR,0.06908719696425521,0.9976163250835569,0.644754158090142,0.6432172737762302,0.6500870151530971,True
sat_p09_s02->sat_p08_s02:radar:3,6.0,sat_p09_s02,sat_p08_s02,RADAR,0.11566462242111641,0.9769148169663247,0.6476004070706769,0.6326504331407676,0.6432172737762302,True
sat_p09_s02->sat_p08_s02:radar:4,8.0,sat_p09_s02,sat_p08_s02,RADAR,0.16667791023060918,0.986205268602848,0.5783040350440133,0.570326486214692,0.6326504331407676,True
sat_p09_s02->sat_p08_s02:radar:5,10.0,sat_p09_s02,sat_p08_s02,RADAR,0.12277066605495293,0.9760875586235371,0.6274362009829826,0.6124326696095065,0.570326486214692,True
sat_p09_s02->sat_p08_s02:radar:6,12.0,sat_p09_s02,sat_p08_s02,RADAR,0.11340064538649876,0.993590774085177,0.653525728262563,0.6493371342289791,0.6124326696095065,True
sat_p09_s02->sat_p08_s02:radar:7,14.0,sat_p09_s02,sat_p08_s02,RADAR,0.07336229398868466,0.9808284770036391,0.6200320407129112,0.608145082185903,0.6493371342289791,True
sat_p09_s02->sat_p08_s02:radar:8,16.0,sat_p09_s02,sat_p08_s02,RADAR,0.06567121035180797,0.9978459693263855,0.5974100017151784,0.5961231622467599,0.608145082185903,True
sat_p09_s02->sat_p08_s02:radar:9,18.0,sat_p09_s02,sat_p08_s02,RADAR,0.0545499919534093,0.9820092830371239,0.6165433822750561,0.6054513247892113,0.5961231622467599,True
sat_p09_s02->sat_p08_s02:radar:10,20.0,sat_p09_s02,sat_p08_s02,RADAR,0.043262989032873074,0.9990645946545638,0.6667262181078508,0.6661025588394902,0.6054513247892113,True
sat_p09_s02->sat_p10_s02:infrared:0,0.0,sat_p09_s02,sat_p10_s02,INFRARED,0.0,1.0,0.6650971038510296,0.6650971038510296,1.0,True
sat_p09_s02->sat_p10_s02:infrared:1,2.0,sat_p09_s02,sat_p10_s02,INFRARED,6.516771403375218e-05,0.983471451733299,0.6036868851156563,0.5937088172970477,0.6650971038510296,True
sat_p09_s02->sat_p10_s02:infrared:2,4.0,sat_p09_s02,sat_p10_s02,INFRARED,0.00013950302075635664,0.9999999902694536,0.5952697439933137,0.5952697382010138,0.5937088172970477,True
sat_p09_s02->sat_p10_s02:infrared:3,6.0,sat_p09_s02,sat_p10_s02,INFRARED,0.0010800262137319254,0.9834708802333897,0.5974245762588348,0.5875496738863362,0.5952697382010138,True
sat_p09_s02->sat_p10_s02:infrared:4,8.0,sat_p09_s02,sat_p10_s02,INFRARED,0.0010496919326313885,0.9999994490735751,0.6560745517337468,0.6560741902849396,0.5875496738863362,True
sat_p09_s02->sat_p10_s02:infrared:5,10.0,sat_p09_s02,sat_p10_s02,INFRARED,0.0018677808129095393,0.9834697383513169,0.6030335318687816,0.5930652298040612,0.6560741902849396,True
sat_p09_s02->sat_p10_s02:infrared:6,12.0,sat_p09_s02,sat_p10_s02,INFRARED,0.0018382123450167978,0.9999983104891146,0.5873551696645746,0.5873541773216219,0.5930652298040612,True
sat_p09_s02->sat_p10_s02:infrared:7,14.0,sat_p09_s02,sat_p10_s02,INFRARED,0.0025214583865299776,0.9834683274925912,0.6315179678711348,0.6210779196437448,0.5873541773216219,True
sat_p09_s02->sat_p10_s02:infrared:8,16.0,sat_p09_s02,sat_p10_s02,INFRARED,0.0025337056654587977,0.999996790172952,0.589628329723996,0.589626437119035,0.6210779196437448,True
sat_p09_s02->sat_p10_s02:infrared:9,18.0,sat_p09_s02,sat_p10_s02,INFRARED,0.0030832525278452383,0.9834667791735191,0.6145851111578191,0.6044240397983796,0.589626437119035,True
sat_p09_s02->sat_p10_s02:infrared:10,20.0,sat_p09_s02,sat_p10_s02,INFRARED,0.0030784178554155214,0.9999952616829796,0.5908764635314534,0.5908736637714492,0.6044240397983796,True
sat_p09_s02->sat_p10_s02:optical:0,0.0,sat_p09_s02,sat_p10_s02,OPTICAL,0.0,1.0,0.6499830233124332,0.6499830233124332,1.0,True
sat_p09_s02->sat_p10_s02:optical:1,2.0,sat_p09_s02,sat_p10_s02,OPTICAL,6.516771403375218e-05,0.983471451733299,0.5943227445332583,0.5844994523642421,0.6499830233124332,True
sat_p09_s02->sat_p10_s02:optical:2,4.0,sat_p09_s02,sat_p10_s02,OPTICAL,0.00013950302075635664,0.9999999902694536,0.620071023818791,0.6200710177851612,0.5844994523642421,True
sat_p09_s02->sat_p10_s02:optical:3,6.0,sat_p09_s02,sat_p10_s02,OPTICAL,0.0010800262137319254,0.9834708802333897,0.6513259220585181,0.640560077885715,0.6200710177851612,True
sat_p09_s02->sat_p10_s02:optical:4,8.0,sat_p09_s02,sat_p10_s02,OPTICAL,0.0010496919326313885,0.9999994490735751,0.5921715715948224,0.5921712453518555,0.640560077885715,True
sat_p09_s02->sat_p10_s02:optical:5,10.0,sat_p09_s02,sat_p10_s02,OPTICAL,0.0018677808129095393,0.9834697383513169,0.6030175902845922,0.5930495517384295,0.5921712453518555,True
sat_p09_s02->sat_p10_s02:optical:6,12.0,sat_p09_s02,sat_p10_s02,OPTICAL,0.0018382123450167978,0.9999983104891146,0.6423958688595561,0.642394783524743,0.5930495517384295,True
sat_p09_s02->sat_p10_s02:optical:7,14.0,sat_p09_s02,sat_p10_s02,OPTICAL,0.0025214583865299776,0.9834683274925912,0.6468631663263842,0.6361694363035709,0.642394783524743,True
sat_p09_s02->sat_p10_s02:optical:8,16.0,sat_p09_s02,sat_p10_s02,OPTICAL,0.0025337056654587977,0.999996790172952,0.6184553125968597,0.6184533274622693,0.6361694363035709,True
sat_p09_s02->sat_p10_s02:optical:9,18.0,sat_p09_s02,sat_p10_s02,OPTICAL,0.0030832525278452383,0.9834667791735191,0.6250984529494352,0.6147635621885307,0.6184533274622693,True
sat_p09_s02->sat_p10_s02:optical:10,20.0,sat_p09_s02,sat_p10_s02,OPTICAL,0.0030784178554155214,0.9999952616829796,0.6458115067340916,0.6458084466744373,0.6147635621885307,True
sat_p09_s02->sat_p10_s02:radar:0,0.0,sat_p09_s02,sat_p10_s02,RADAR,0.0,1.0,0.5847030965432144,0.5847030965432144,1.0,True
sat_p09_s02->sat_p10_s02:radar:1,2.0,sat_p09_s02,sat_p10_s02,RADAR,0.0009269452931948181,0.9834710313088113,0.616349975163976,0.6061623457216757,0.5847030965432144,True
sat_p09_s02->sat_p10_s02:radar:2,4.0,sat_p09_s02,sat_p10_s02,RADAR,0.14728462156556876,0.9892122300102537,0.7135295324472619,0.7058321399703297,0.6061623457216757,True
sat_p09_s02->sat_p10_s02:radar:3,6.0,sat_p09_s02,sat_p10_s02,RADAR,0.10687567114769227,0.9778706560626091,0.6136326350252583,0.600053347393577,0.7058321399703297,True
sat_p09_s02->sat_p10_s02:radar:4,8.0,sat_p09_s02,sat_p10_s02,RADAR,0.10171623725064635,0.9948402609602777,0.6508942498978052,0.6475358054258767,0.600053347393577,True
sat_p09_s02->sat_p10_s02:radar:5,10.0,sat_p09_s02,sat_p10_s02,RADAR,0.057532130845205275,0.9818451811700196,0.62890577482571,0.6174881044226208,0.6475358054258767,True
sat_p09_s02->sat_p10_s02:radar:6,12.0,sat_p09_s02,sat_p10_s02,RADAR,0.08121969879368844,0.9967071137450444,0.6121134519373335,0.6100978319649756,0.6174881044226208,True
sat_p09_s02->sat_p10_s02:radar:7,14.0,sat_p09_s02,sat_p10_s02,RADAR,0.06648508894000384,0.981300250798078,0.6352478171076773,0.6233688422466953,0.6100978319649756,True
sat_p09_s02->sat_p10_s02:radar:8,16.0,sat_p09_s02,sat_p10_s02,RADAR,0.06004275259995664,0.9981990575766051,0.6134645086295097,0.6123596943706717,0.6233688422466953,True
sat_p09_s02->sat_p10_s02:radar:9,18.0,sat_p09_s02,sat_p10_s02,RADAR,0.043860577109565965,0.9825259319165294,0.6158852325331257,0.6051232120482377,0.6123596943706717,True
sat_p09_s02->sat_p10_s02:radar:10,20.0,sat_p09_s02,sat_p10_s02,RADAR,0.03055847219663726,0.999533198874067,0.6396529229235186,0.6393543322188916,0.6051232120482377,True
sat_p10_s01->sat_p01_s02:infrared:0,0.0,sat_p10_s01,sat_p01_s02,INFRARED,0.0,1.0,0.5943834303616025,0.5943834303616025,1.0,True
sat_p10_s01->sat_p01_s02:infrared:1,2.0,sat_p10_s01,sat_p01_s02,INFRARED,0.00012840716770740426,0.9834714457136818,0.603540490692698,0.5935648389282926,0.5943834303616025,True
sat_p10_s01->sat_p01_s02:infrared:2,4.0,sat_p10_s01,sat_p01_s02,INFRARED,5.537185019423104e-05,0.9999999984669791,0.6443991935560769,0.6443991925681994,0.5935648389282926,True
sat_p10_s01->sat_p01_s02:infrared:3,6.0,sat_p10_s01,sat_p01_s02,INFRARED,0.001036507444811777,0.9834709255266204,0.6159892367244864,0.6058075047558671,0.6443991925681994,True
sat_p10_s01->sat_p01_s02:infrared:4,8.0,sat_p10_s01,sat_p01_s02,INFRARED,0.001006973419380337,0.9999994930023949,0.5652283576258101,0.5652280710563865,0.6058075047558671,True
sat_p10_s01->sat_p01_s02:infrared:5,10.0,sat_p10_s01,sat_p01_s02,INFRARED,0.0018477190872589328,0.98346977500491,0.6210814922497876,0.6108148754426124,0.5652280710563865,True
sat_p10_s01->sat_p01_s02:infrared:6,12.0,sat_p10_s01,sat_p01_s02,INFRARED,0.0018364629324980172,0.9999983137033706,0.6276538607288802,0.6276528023182903,0.6108148754426124,True
sat_p10_s01->sat_p01_s02:infrared:7,14.0,sat_p10_s01,sat_p01_s02,INFRARED,0.002517049167757037,0.9834683384168994,0.5938460602791812,0.5840287981781882,0.6276528023182903,True
sat_p10_s01->sat_p01_s02:infrared:8,16.0,sat_p10_s01,sat_p01_s02,INFRARED,0.0025099595163868525,0.9999968500565741,0.5646669946252088,0.5646652159561212,0.5840287981781882,True
sat_p10_s01->sat_p01_s02:infrared:9,18.0,sat_p10_s01,sat_p01_s02,INFRARED,0.003069530090850458,0.9834668206911463,0.6131547693702561,0.6030173716241789,0.5646652159561212,True
sat_p10_s01->sat_p01_s02:infrared:10,20.0,sat_p10_s01,sat_p01_s02,INFRARED,0.0030653299127906966,0.999995301887299,0.6455081188859956,0.6455050862161037,0.6030173716241789,True
sat_p10_s01->sat_p01_s02:optical:0,0.0,sat_p10_s01,sat_p01_s02,OPTICAL,0.0,1.0,0.5862415421419598,0.5862415421419598,1.0,True
sat_p10_s01->sat_p01_s02:optical:1,2.0,sat_p10_s01,sat_p01_s02,OPTICAL,0.00012840716770740426,0.9834714457136818,0.6360739738123042,0.6255605906060334,0.5862415421419598,True
sat_p10_s01->sat_p01_s02:optical:2,4.0,sat_p10_s01,sat_p01_s02,OPTICAL,5.537185019423104e-05,0.9999999984669791,0.6281119019764712,0.6281119010135625,0.6255605906060334,True
sat_p10_s01->sat_p01_s02:optical:3,6.0,sat_p10_s01,sat_p01_s02,OPTICAL,0.001036507444811777,0.9834709255266204,0.6663675452839082,0.6553531065012673,0.6281119010135625,True
sat_p10_s01->sat_p01_s02:optical:4,8.0,sat_p10_s01,sat_p01_s02,OPTICAL,0.001006973419380337,0.9999994930023949,0.6195264283004254,0.6195261142020099,0.6553531065012673,True
sat_p10_s01->sat_p01_s02:optical:5,10.0,sat_p10_s01,sat_p01_s02,OPTICAL,0.0018477190872589328,0.98346977500491,0.6336308272236604,0.6231567670858282,0.6195261142020099,True
sat_p10_s01->sat_p01_s02:optical:6,12.0,sat_p10_s01,sat_p01_s02,OPTICAL,0.0018364629324980172,0.9999983137033706,0.5820574766762432,0.5820564951546822,0.6231567670858282,True
sat_p10_s01->sat_p01_s02:optical:7,14.0,sat_p10_s01,sat_p01_s02,OPTICAL,0.002517049167757037,0.9834683384168994,0.5843272885338047,0.574667387545993,0.5820564951546822,True
sat_p10_s01->sat_p01_s02:optical:8,16.0,sat_p10_s01,sat_p01_s02,OPTICAL,0.0025099595163868525,0.9999968500565741,0.6308641992823767,0.6308622120958396,0.574667387545993,True
sat_p10_s01->sat_p01_s02:optical:9,18.0,sat_p10_s01,sat_p01_s02,OPTICAL,0.003069530090850458,0.9834668206911463,0.6205978127602603,0.6103373578432125,0.6308622120958396,True
sat_p10_s01->sat_p01_s02:optical:10,20.0,sat_p10_s01,sat_p01_s02,OPTICAL,0.0030653299127906966,0.999995301887299,0.6336174412910462,0.6336144644848978,0.6103373578432125,True
sat_p10_s01->sat_p01_s02:radar:0,0.0,sat_p10_s01,sat_p01_s02,RADAR,0.0,1.0,0.6611683716009608,0.6611683716009608,1.0,True
sat_p10_s01->sat_p01_s02:radar:1,2.0,sat_p10_s01,sat_p01_s02,RADAR,0.0013612433023906755,0.9834705426439357,0.6820345044492759,0.6707608441926172,0.6611683716009608,True
sat_p10_s01->sat_p01_s02:radar:2,4.0,sat_p10_s01,sat_p01_s02,RADAR,0.1143450101854366,0.9934839315720198,0.6043231058704995,0.6003852951600378,0.6707608441926172,True
sat_p10_s01->sat_p01_s02:radar:3,6.0,sat_p10_s01,sat_p01_s02,RADAR,0.06942641286541658,0.9811041282267609,0.6821280291328955,0.6692386253614679,0.6003852951600378,True
sat_p10_s01->sat_p01_s02:radar:4,8.0,sat_p10_s01,sat_p01_s02,RADAR,0.031594797466208885,0.9995010089240121,0.5907394182189688,0.5904446445210433,0.6692386253614679,True
sat_p10_s01->sat_p01_s02:radar:5,10.0,sat_p10_s01,sat_p01_s02,RADAR,0.01936622788832535,0.9832870452435819,0.6582868110806439,0.6472848933903064,0.5904446445210433,True
sat_p10_s01->sat_p01_s02:radar:6,12.0,sat_p10_s01,sat_p01_s02,RADAR,0.002424324203721438,0.9999970613303956,0.7015175691829884,0.7015155076546308,0.6472848933903064,True
sat_p10_s01->sat_p01_s02:radar:7,14.0,sat_p10_s01,sat_p01_s02,RADAR,0.04621805933212984,0.9824216134487663,0.551706423393543,0.5420083146203327,0.7015155076546308,True
sat_p10_s01->sat_p01_s02:radar:8,16.0,sat_p10_s01,sat_p01_s02,RADAR,0.04874074185093902,0.9988128752326715,0.5938681770109489,0.5931631813894909,0.5420083146203327,True
sat_p10_s01->sat_p01_s02:radar:9,18.0,sat_p10_s01,sat_p01_s02,RADAR,0.0500169332089682,0.9822420507547052,0.6405777261023198,0.6292023793545284,0.5931631813894909,True
sat_p10_s01->sat_p01_s02:radar:10,20.0,sat_p10_s01,sat_p01_s02,RADAR,0.06473257206778596,0.9979070403576379,0.6737442341187969,0.6723341146275121,0.6292023793545284,True
sat_p10_s01->sat_p09_s01:infrared:0,0.0,sat_p10_s01,sat_p09_s01,INFRARED,0.0,1.0,0.6381784120964344,0.6381784120964344,1.0,True
sat_p10_s01->sat_p09_s01:infrared:1,2.0,sat_p10_s01,sat_p09_s01,INFRARED,0.00013323393964920124,0.9834714450926776,0.6852117741143426,0.6738862136827499,0.6381784120964344,True
sat_p10_s01->sat_p09_s01:infrared:2,4.0,sat_p10_s01,sat_p09_s01,INFRARED,7.759704621289338e-05,0.9999999969893492,0.5626738676321846,0.56267386593817,0.6738862136827499,True
sat_p10_s01->sat_p09_s01:infrared:3,6.0,sat_p10_s01,sat_p09_s01,INFRARED,0.000932861924235119,0.9834710258978554,0.6204918660889391,0.6102357721037637,0.56267386593817,True
sat_p10_s01->sat_p09_s01:infrared:4,8.0,sat_p10_s01,sat_p09_s01,INFRARED,0.0009144239436206914,0.9999995819145131,0.5759154160073082,0.5759151752254311,0.6102357721037637,True
sat_p10_s01->sat_p09_s01:infrared:5,10.0,sat_p10_s01,sat_p09_s01,INFRARED,0.0017720766752667403,0.9834699096468893,0.5937386658541493,0.5839241120614448,0.5759151752254311,True
sat_p10_s01->sat_p09_s01:infrared:6,12.0,sat_p10_s01,sat_p09_s01,INFRARED,0.0017549227673275007,0.999998460124226,0.6044088557303231,0.6044079250157686,0.5839241120614448,True
sat_p10_s01->sat_p09_s01:infrared:7,14.0,sat_p10_s01,sat_p09_s01,INFRARED,0.002455873424911682,0.983468488013378,0.6089748001869422,0.598907525978101,0.6044079250157686,True
sat_p10_s01->sat_p09_s01:infrared:8,16.0,sat_p10_s01,sat_p09_s01,INFRARED,0.0024314384022894155,0.9999970440580167,0.5852977754343386,0.5852960453280714,0.598907525978101,True
sat_p10_s01->sat_p09_s01:infrared:9,18.0,sat_p10_s01,sat_p09_s01,INFRARED,0.002999397753304389,0.9834670299867239,0.6219633759221417,0.6116804740786649,0.5852960453280714,True
sat_p10_s01->sat_p09_s01:infrared:10,20.0,sat_p10_s01,sat_p09_s01,INFRARED,0.0029854821070277146,0.9999955434582247,0.6020867771884229,0.602084093963548,0.6116804740786649,True
sat_p10_s01->sat_p09_s01:optical:0,0.0,sat_p10_s01,sat_p09_s01,OPTICAL,0.0,1.0,0.6688118991050055,0.6688118991050055,1.0,True
sat_p10_s01->sat_p09_s01:optical:1,2.0,sat_p10_s01,sat_p09_s01,OPTICAL,0.00013323393964920124,0.9834714450926776,0.5867822787835644,0.5770836156700465,0.6688118991050055,True
sat_p10_s01->sat_p09_s01:optical:2,4.0,sat_p10_s01,sat_p09_s01,OPTICAL,7.759704621289338e-05,0.9999999969893492,0.6722262731131425,0.672226271089304,0.5770836156700465,True
sat_p10_s01->sat_p09_s01:optical:3,6.0,sat_p10_s01,sat_p09_s01,OPTICAL,0.000932861924235119,0.9834710258978554,0.6231473628589846,0.6128473762364688,0.672226271089304,True
sat_p10_s01->sat_p09_s01:optical:4,8.0,sat_p10_s01,sat_p09_s01,OPTICAL,0.0009144239436206914,0.9999995819145131,0.598985225569314,0.5989849751422843,0.6128473762364688,True
sat_p10_s01->sat_p09_s01:optical:5,10.0,sat_p10_s01,sat_p09_s01,OPTICAL,0.0017720766752667403,0.9834699096468893,0.6059528484022567,0.5959363930684426,0.5989849751422843,True
sat_p10_s01->sat_p09_s01:optical:6,12.0,sat_p10_s01,sat_p09_s01,OPTICAL,0.0017549227673275007,0.999998460124226,0.6272212912188204,0.6272203253759492,0.5959363930684426,True
sat_p10_s01->sat_p09_s01:optical:7,14.0,sat_p10_s01,sat_p09_s01,OPTICAL,0.002455873424911682,0.983468488013378,0.5975396220869966,0.5876613886619839,0.6272203253759492,True
sat_p10_s01->sat_p09_s01:optical:8,16.0,sat_p10_s01,sat_p09_s01,OPTICAL,0.0024314384022894155,0.9999970440580167,0.5832958793461276,0.5832941551573492,0.5876613886619839,True
sat_p10_s01->sat_p09_s01:optical:9,18.0,sat_p10_s01,sat_p09_s01,OPTICAL,0.002999397753304389,0.9834670299867239,0.5666657109865294,0.5572970437792373,0.5832941551573492,True
sat_p10_s01->sat_p09_s01:optical:10,20.0,sat_p10_s01,sat_p09_s01,OPTICAL,0.0029854821070277146,0.9999955434582247,0.5960141793298751,0.5960115231677863,0.5572970437792373,True
sat_p10_s01->sat_p09_s01:radar:0,0.0,sat_p10_s01,sat_p09_s01,RADAR,0.0,1.0,0.6086736306799398,0.6086736306799398,1.0,True
sat_p10_s01->sat_p09_s01:radar:1,2.0,sat_p10_s01,sat_p09_s01,RADAR,0.0009347708018632681,0.9834710241447778,0.6463886826643208,0.6357045397354734,0.6086736306799398,True
sat_p10_s01->sat_p09_s01:radar:2,4.0,sat_p10_s01,sat_p09_s01,RADAR,0.03415723162137042,0.9994168118843159,0.6291563024286981,0.6287893859502139,0.6357045397354734,True
sat_p10_s01->sat_p09_s01:radar:3,6.0,sat_p10_s01,sat_p09_s01,RADAR,0.04588024715249984,0.9824368960836981,0.55821072895984,0.5484068159199237,0.6287893859502139,True
sat_p10_s01->sat_p09_s01:radar:4,8.0,sat_p10_s01,sat_p09_s01,RADAR,0.07573831120910068,0.9971359633084921,0.6616278312954551,0.6597329049105021,0.5484068159199237,True
sat_p10_s01->sat_p09_s01:radar:5,10.0,sat_p10_s01,sat_p09_s01,RADAR,0.0461178273223332,0.9824261596209481,0.60260363175374,0.5920135717174628,0.6597329049105021,True
sat_p10_s01->sat_p09_s01:radar:6,12.0,sat_p10_s01,sat_p09_s01,RADAR,0.10268803739562257,0.994741458280584,0.6434603515258357,0.6400766884225471,0.5920135717174628,True
sat_p10_s01->sat_p09_s01:radar:7,14.0,sat_p10_s01,sat_p09_s01,RADAR,0.053866394892198584,0.9820456735989782,0.5869564737943446,0.5764180656806481,0.6400766884225471,True
sat_p10_s01->sat_p09_s01:radar:8,16.0,sat_p10_s01,sat_p09_s01,RADAR,0.05930683924560103,0.9982428949291556,0.5932506562749151,0.5922082525384927,0.5764180656806481,True
sat_p10_s01->sat_p09_s01:radar:9,18.0,sat_p10_s01,sat_p09_s01,RADAR,0.028467364827805187,0.9830730364067849,0.7046601643296064,0.6927324073824103,0.5922082525384927,True
sat_p10_s01->sat_p09_s01:radar:10,20.0,sat_p10_s01,sat_p09_s01,RADAR,0.04725388617671533,0.9988841581356328,0.587564414624505,0.5869087856526546,0.6927324073824103,True
sat_p10_s02->sat_p01_s01:infrared:0,0.0,sat_p10_s02,sat_p01_s01,INFRARED,0.0,1.0,0.6006737489486957,0.6006737489486957,1.0,True
sat_p10_s02->sat_p01_s01:infrared:1,2.0,sat_p10_s02,sat_p01_s01,INFRARED,6.550690233214304e-05,0.9834714517115036,0.6096519630544187,0.5995753011438971,0.6006737489486957,True
sat_p10_s02->sat_p01_s01:infrared:2,4.0,sat_p10_s02,sat_p01_s01,INFRARED,0.00010771446648105549,0.9999999941987968,0.6215308600246182,0.6215308564189914,0.5995753011438971,True
sat_p10_s02->sat_p01_s01:infrared:3,6.0,sat_p10_s02,sat_p01_s01,INFRARED,0.001050673770483045,0.9834709109871393,0.632365370174047,0.6219129466817896,0.6215308564189914,True
sat_p10_s02->sat_p01_s01:infrared:4,8.0,sat_p10_s02,sat_p01_s01,INFRARED,0.0010255797161336667,0.9999994740932612,0.6184050611371262,0.6184047359137372,0.6219129466817896,True
sat_p10_s02->sat_p01_s01:infrared:5,10.0,sat_p10_s02,sat_p01_s01,INFRARED,0.001862763172525881,0.9834697475558699,0.6429925546272761,0.6323637253795912,0.6184047359137372,True
sat_p10_s02->sat_p01_s01:infrared:6,12.0,sat_p10_s02,sat_p01_s01,INFRARED,0.0018362175275699615,0.9999983141540167,0.6092823348860061,0.6092813077298292,0.6323637253795912,True
sat_p10_s02->sat_p01_s01:infrared:7,14.0,sat_p10_s02,sat_p01_s01,INFRARED,0.0025299050337364544,0.9834683065117281,0.6410903056834667,0.6304919972516051,0.6092813077298292,True
sat_p10_s02->sat_p01_s01:infrared:8,16.0,sat_p10_s02,sat_p01_s01,INFRARED,0.0025100718963674664,0.9999968497744995,0.6474898881223996,0.6474878483832428,0.6304919972516051,True
sat_p10_s02->sat_p01_s01:infrared:9,18.0,sat_p10_s02,sat_p01_s01,INFRARED,0.003070789050238362,0.9834668168898444,0.5750170636807097,0.5655102012754125,0.6474878483832428,True
sat_p10_s02->sat_p01_s01:infrared:10,20.0,sat_p10_s02,sat_p01_s01,INFRARED,0.0030831265678804053,0.999995247176578,0.6582322135618456,0.6582290851003638,0.5655102012754125,True
sat_p10_s02->sat_p01_s01:optical:0,0.0,sat_p10_s02,sat_p01_s01,OPTICAL,0.0,1.0,0.5838082865302053,0.5838082865302053,1.0,True
sat_p10_s02->sat_p01_s01:optical:1,2.0,sat_p10_s02,sat_p01_s01,OPTICAL,6.550690233214304e-05,0.9834714517115036,0.5370751306373382,0.5281980584060485,0.5838082865302053,True
sat_p10_s02->sat_p01_s01:optical:2,4.0,sat_p10_s02,sat_p01_s01,OPTICAL,0.00010771446648105549,0.9999999941987968,0.5546432388928697,0.5546432356752716,0.5281980584060485,True
sat_p10_s02->sat_p01_s01:optical:3,6.0,sat_p10_s02,sat_p01_s01,OPTICAL,0.001050673770483045,0.9834709109871393,0.563285477980942,0.5539748821757432,0.5546432356752716,True
sat_p10_s02->sat_p01_s01:optical:4,8.0,sat_p10_s02,sat_p01_s01,OPTICAL,0.0010255797161336667,0.9999994740932612,0.6003362464082708,0.6003359306873932,0.5539748821757432,True
sat_p10_s02->sat_p01_s01:optical:5,10.0,sat_p10_s02,sat_p01_s01,OPTICAL,0.001862763172525881,0.9834697475558699,0.5794825851612869,0.5699035917415938,0.6003359306873932,True
sat_p10_s02->sat_p01_s01:optical:6,12.0,sat_p10_s02,sat_p01_s01,OPTICAL,0.0018362175275699615,0.9999983141540167,0.6042105345549096,0.6042095159490068,0.5699035917415938,True
sat_p10_s02->sat_p01_s01:optical:7,14.0,sat_p10_s02,sat_p01_s01,OPTICAL,0.0025299050337364544,0.9834683065117281,0.646856516736517,0.6361628830709377,0.6042095159490068,True
sat_p10_s02->sat_p01_s01:optical:8,16.0,sat_p10_s02,sat_p01_s01,OPTICAL,0.0025100718963674664,0.9999968497744995,0.626964577553274,0.6269626024734739,0.6361628830709377,True
sat_p10_s02->sat_p01_s01:optical:9,18.0,sat_p10_s02,sat_p01_s01,OPTICAL,0.003070789050238362,0.9834668168898444,0.5934092147096649,0.5835982715036163,0.6269626024734739,True
sat_p10_s02->sat_p01_s01:optical:10,20.0,sat_p10_s02,sat_p01_s01,OPTICAL,0.0030831265678804053,0.999995247176578,0.5874244459514844,0.5874216540268189,0.5835982715036163,True
sat_p10_s02->sat_p01_s01:radar:0,0.0,sat_p10_s02,sat_p01_s01,RADAR,0.0,1.0,0.6252296466076531,0.6252296466076531,1.0,True
sat_p10_s02->sat_p01_s01:radar:1,2.0,sat_p10_s02,sat_p01_s01,RADAR,0.001349776475647555,0.9834705579304089,0.6276461138493843,0.6172714737703069,0.6252296466076531,True
sat_p10_s02->sat_p01_s01:radar:2,4.0,sat_p10_s02,sat_p01_s01,RADAR,0.2117836927533075,0.9778234308909449,0.6600266149999645,0.6453894891586021,0.6172714737703069,True
sat_p10_s02->sat_p01_s01:radar:3,6.0,sat_p10_s02,sat_p01_s01,RADAR,0.18659971116749166,0.9664976683826347,0.651390670090998,0.6295675638491517,0.6453894891586021,True
sat_p10_s02->sat_p01_s01:radar:4,8.0,sat_p10_s02,sat_p01_s01,RADAR,0.15756887191246122,0.9876627608268499,0.6461264368701864,0.6381550204824237,0.6295675638491517,True
sat_p10_s02->sat_p01_s01:radar:5,10.0,sat_p10_s02,sat_p01_s01,RADAR,0.1264236314203329,0.9756433943681441,0.6037938378763686,0.5890874694842692,0.6381550204824237,True
sat_p10_s02->sat_p01_s01:radar:6,12.0,sat_p10_s02,sat_p01_s01,RADAR,0.11790461726742991,0.9930733512006517,0.7063093158091476,0.7014169592348296,0.5890874694842692,True
sat_p10_s02->sat_p01_s01:radar:7,14.0,sat_p10_s02,sat_p01_s01,RADAR,0.09827076222883371,0.9787341381692823,0.6122233505917386,0.5992038934085157,0.7014169592348296,True
sat_p10_s02->sat_p01_s01:radar:8,16.0,sat_p10_s02,sat_p01_s01,RADAR,0.09300385605099425,0.9956844801131142,0.6246989927558932,0.6220030918293377,0.5992038934085157,True
sat_p10_s02->sat_p01_s01:radar:9,18.0,sat_p10_s02,sat_p01_s01,RADAR,0.07072400065759896,0.9810149217273869,0.6307428359019842,0.6187681337924951,0.6220030918293377,True
sat_p10_s02->sat_p01_s01:radar:10,20.0,sat_p10_s02,sat_p01_s01,RADAR,0.05558465043468543,0.9984563659485507,0.6397884999254075,0.638800900611197,0.6187681337924951,True
sat_p10_s02->sat_p09_s02:infrared:0,0.0,sat_p10_s02,sat_p09_s02,INFRARED,0.0,1.0,0.6428900877092762,0.6428900877092762,1.0,True
sat_p10_s02->sat_p09_s02:infrared:1,2.0,sat_p10_s02,sat_p09_s02,INFRARED,6.516771403375218e-05,0.983471451733299,0.6125275340287903,0.6024033431179121,0.6428900877092762,True
sat_p10_s02->sat_p09_s02:infrared:2,4.0,sat_p10_s02,sat_p09_s02,INFRARED,0.00013950302075635664,0.9999999902694536,0.5963724285755282,0.5963724227724986,0.6024033431179121,True
sat_p10_s02->sat_p09_s02:infrared:3,6.0,sat_p10_s02,sat_p09_s02,INFRARED,0.0010800262137319254,0.9834708802333897,0.6246419932051888,0.614317210888246,0.5963724227724986,True
sat_p10_s02->sat_p09_s02:infrared:4,8.0,sat_p10_s02,sat_p09_s02,INFRARED,0.0010496919326313885,0.9999994490735751,0.5722808992469702,0.5722805839623003,0.614317210888246,True
sat_p10_s02->sat_p09_s02:infrared:5,10.0,sat_p10_s02,sat_p09_s02,INFRARED,0.0018677808129095393,0.9834697383513169,0.6168274182072104,0.6066310995921635,0.5722805839623003,True
sat_p10_s02->sat_p09_s02:infrared:6,12.0,sat_p10_s02,sat_p09_s02,INFRARED,0.0018382123450167978,0.9999983104891146,0.626272674255316,0.6262716161608156,0.6066310995921635,True
sat_p10_s02->sat_p09_s02:infrared:7,14.0,sat_p10_s02,sat_p09_s02,INFRARED,0.0025214583865299776,0.9834683274925912,0.6183544299108119,0.6081319969820209,0.6262716161608156,True
sat_p10_s02->sat_p09_s02:infrared:8,16.0,sat_p10_s02,sat_p09_s02,INFRARED,0.0025337056654587977,0.999996790172952,0.620379318838477,0.6203773275281593,0.6081319969820209,True
sat_p10_s02->sat_p09_s02:infrared:9,18.0,sat_p10_s02,sat_p09_s02,INFRARED,0.0030832525278452383,0.9834667791735191,0.5554326704133379,0.5462495794191522,0.6203773275281593,True
sat_p10_s02->sat_p09_s02:infrared:10,20.0,sat_p10_s02,sat_p09_s02,INFRARED,0.0030784178554155214,0.9999952616829796,0.6080405450922366,0.6080376640033727,0.5462495794191522,True
sat_p10_s02->sat_p09_s02:optical:0,0.0,sat_p10_s02,sat_p09_s02,OPTICAL,0.0,1.0,0.6638785647018726,0.6638785647018726,1.0,True
sat_p10_s02->sat_p09_s02:optical:1,2.0,sat_p10_s02,sat_p09_s02,OPTICAL,6.516771403375218e-05,0.983471451733299,0.5847001494512071,0.5750359048094555,0.6638785647018726,True
sat_p10_s02->sat_p09_s02:optical:2,4.0,sat_p10_s02,sat_p09_s02,OPTICAL,0.00013950302075635664,0.9999999902694536,0.6387877252000049,0.6387877189842514,0.5750359048094555,True
sat_p10_s02->sat_p09_s02:optical:3,6.0,sat_p10_s02,sat_p09_s02,OPTICAL,0.0010800262137319254,0.9834708802333897,0.599242810231634,0.5893378540520351,0.6387877189842514,True
sat_p10_s02->sat_p09_s02:optical:4,8.0,sat_p10_s02,sat_p09_s02,OPTICAL,0.0010496919326313885,0.9999994490735751,0.619227985402076,0.6192276442530158,0.5893378540520351,True
sat_p10_s02->sat_p09_s02:optical:5,10.0,sat_p10_s02,sat_p09_s02,OPTICAL,0.0018677808129095393,0.9834697383513169,0.5973716519657494,0.5874969422572495,0.6192276442530158,True
sat_p10_s02->sat_p09_s02:optical:6,12.0,sat_p10_s02,sat_p09_s02,OPTICAL,0.0018382123450167978,0.9999983104891146,0.6003504700552822,0.600349455756628,0.5874969422572495,True
sat_p10_s02->sat_p09_s02:optical:7,14.0,sat_p10_s02,sat_p09_s02,OPTICAL,0.0025214583865299776,0.9834683274925912,0.6423326374248688,0.6317138046221407,0.600349455756628,True
sat_p10_s02->sat_p09_s02:optical:8,16.0,sat_p10_s02,sat_p09_s02,OPTICAL,0.0025337056654587977,0.999996790172952,0.5759764899043136,0.5759746411193972,0.6317138046221407,True
sat_p10_s02->sat_p09_s02:optical:9,18.0,sat_p10_s02,sat_p09_s02,OPTICAL,0.0030832525278452383,0.9834667791735191,0.6049539132442654,0.5949520766067542,0.5759746411193972,True
sat_p10_s02->sat_p09_s02:optical:10,20.0,sat_p10_s02,sat_p09_s02,OPTICAL,0.0030784178554155214,0.9999952616829796,0.6339973009910075,0.6339942969108053,0.5949520766067542,True
sat_p10_s02->sat_p09_s02:radar:0,0.0,sat_p10_s02,sat_p09_s02,RADAR,0.0,1.0,0.644463813086205,0.644463813086205,1.0,True
sat_p10_s02->sat_p09_s02:radar:1,2.0,sat_p10_s02,sat_p09_s02,RADAR,0.0009269452931948182,0.9834710313088113,0.6181554414361823,0.6079379694983957,0.644463813086205,True
sat_p10_s02->sat_p09_s02:radar:2,4.0,sat_p10_s02,sat_p09_s02,RADAR,0.14728462156556876,0.9892122300102537,0.6396732263367801,0.6327725787024601,0.6079379694983957,True
sat_p10_s02->sat_p09_s02:radar:3,6.0,sat_p10_s02,sat_p09_s02,RADAR,0.10687567114769227,0.9778706560626091,0.6563940497352341,0.6418684800501863,0.6327725787024601,True
sat_p10_s02->sat_p09_s02:radar:4,8.0,sat_p10_s02,sat_p09_s02,RADAR,0.10171623725064635,0.9948402609602777,0.5932113264770862,0.5901505108370569,0.6418684800501863,True
sat_p10_s02->sat_p09_s02:radar:5,10.0,sat_p10_s02,sat_p09_s02,RADAR,0.057532130845205275,0.9818451811700196,0.6568787429331142,0.6449532283618983,0.5901505108370569,True
sat_p10_s02->sat_p09_s02:radar:6,12.0,sat_p10_s02,sat_p09_s02,RADAR,0.08121969879368844,0.9967071137450444,0.6088493700991441,0.6068444983770063,0.6449532283618983,True
sat_p10_s02->sat_p09_s02:radar:7,14.0,sat_p10_s02,sat_p09_s02,RADAR,0.06648508894000384,0.981300250798078,0.6033046456087999,0.592023000043561,0.6068444983770063,True
sat_p10_s02->sat_p09_s02:radar:8,16.0,sat_p10_s02,sat_p09_s02,RADAR,0.06004275259995664,0.9981990575766051,0.6585846079296578,0.6573985349698424,0.592023000043561,True
sat_p10_s02->sat_p09_s02:radar:9,18.0,sat_p10_s02,sat_p09_s02,RADAR,0.043860577109565965,0.9825259319165294,0.7279298419559334,0.7152099463376054,0.6573985349698424,True
sat_p10_s02->sat_p09_s02:radar:10,20.0,sat_p10_s02,sat_p09_s02,RADAR,0.03055847219663726,0.999533198874067,0.5705582411155463,0.5702919038861832,0.7152099463376054,True
