seed,node_id,independent_position_rmse_m,cooperative_position_rmse_m,cooperative_improvement_percent,topology_degree,radar_observation_count,infrared_observation_count,optical_observation_count,mean_relative_nis,mean_radar_nis,mean_infrared_nis,mean_optical_nis,mean_neighbor_range_m,mean_neighbor_los_angle_deg,independent_radial_rmse_m,independent_along_track_rmse_m,independent_cross_track_rmse_m,cooperative_radial_rmse_m,cooperative_along_track_rmse_m,cooperative_cross_track_rmse_m,initial_segment_improvement_percent,steady_segment_improvement_percent
0,sat_p01_s01,1.8466844587084696,1.8680185166493728,-1.1552627651300926,2,122,122,122,2.1091702020293077,2.0140133014183585,1.96937563777323,2.344121666896334,5830371.235716307,131.275805544026,0.8569961496079974,1.23727001912401,1.0700299011566603,0.8931238151280467,1.4455834725916008,0.7759584094305916,8.96195367041142,-8.558584750512281
0,sat_p01_s02,1.2802970921669894,1.3801610069148538,-7.800057920840697,2,122,122,122,2.0991833281355787,2.171011567003063,2.2380017055897974,1.8885367118138767,5830371.235716306,131.275805544026,0.7222935594708458,0.5590229412047125,0.8971878339372512,0.7766020465970735,0.8798854582041821,0.7263162167198778,-7.583971338811057,-8.119636134615869
0,sat_p02_s01,2.076294985009311,1.6571893655756413,20.18526377319117,2,122,122,122,1.9387094745275235,2.0261465482813246,1.9545130013575192,1.8354688739437273,5696680.689606842,130.44735125932112,1.323922937935873,1.4945861838437597,0.5695972772454317,1.2808355705096715,0.5984285552427047,0.8646502755243246,25.046408886410564,14.610424344500748
0,sat_p02_s02,1.2593592798477238,1.1217578193261644,10.926306950165769,2,122,122,122,1.8429078565015964,1.7286231327497639,1.746842117600046,2.05325831915498,5696680.689606842,130.4473512593211,0.4870083100665851,1.0085334336999991,0.5759071233922668,0.4728761040637599,0.8403357105498386,0.5732056254081687,13.56616511374218,7.614623680072408
0,sat_p03_s01,1.2840512537943052,1.6121012297559212,-25.548043739862038,2,122,122,122,1.9574867178194315,1.6499682834891622,2.1279525992953587,2.0945392706737733,5412750.46053267,128.48288635844995,0.6762317775193438,0.7047041328141744,0.8336007981272441,0.877735467145272,1.1143426059368275,0.7659578195238593,-27.796925765075116,-15.208434522497441
0,sat_p03_s02,1.3463606856343369,1.4168932859115229,-5.238759645150706,2,122,122,122,2.0078603592105133,2.2144248324221065,2.0844973063265946,1.724658938882839,5412750.46053267,128.48288635844995,0.7543435004157008,0.5955025669539573,0.942883700120856,0.8332104141172367,0.41264895031872045,1.0691435045252782,-7.307802832823979,1.3320544071595415
0,sat_p04_s01,1.2878867991160177,1.3870020561192609,-7.695960318195211,2,122,122,122,1.9033482113701994,2.031293610437294,1.7388996699496706,1.9398513537236342,5074540.099114013,125.70578861559211,0.616189436519459,0.7560871242040607,0.8410084697979959,1.0197710839710519,0.5753615851342845,0.743505673365931,8.709504577956677,-27.862911353236214
0,sat_p04_s02,1.8021757719104026,1.3759289436057016,23.651789961245374,2,122,122,122,2.128265426144966,2.27056872384803,1.932825496990031,2.1814020575968374,5074540.099114014,125.70578861559208,0.6192346414067486,0.6724370989150429,1.5531304902503948,0.5875063715425362,0.4898964430021017,1.143686231613686,25.226009328921396,20.34110782292756
0,sat_p05_s01,2.2937728275882514,1.7272277890563397,24.699265407533662,2,122,122,122,2.145594197727871,1.801183157134559,2.2271238156767605,2.408475620372293,4813253.302009773,123.15426500067423,1.628261528472193,1.4044340989556567,0.7985756327175351,1.160828086901905,0.8645470051155539,0.9425245163356976,19.44351981231461,41.06090308482071
0,sat_p05_s02,1.6601540105533894,1.4220310235413116,14.34342750722885,2,122,122,122,2.045843695560683,2.051938780998355,1.9196194519216712,2.1659728537620238,4813253.302009774,123.15426500067424,0.805491671309103,0.8895848613222171,1.1471413516714073,0.7445889133941103,0.49729721209707256,1.104742080670872,18.270992072666186,8.442535201069196
0,sat_p06_s01,1.4081157945533038,1.240228513434393,11.922832040398323,2,122,122,122,2.0792189697148507,2.0315530283109515,2.0353841293017783,2.1707197515318213,4744593.28914247,122.41402948998675,0.8269995635356919,1.0390665961186896,0.4681905825757038,0.8030435693143451,0.820193890021874,0.46964856444936287,-14.174184181442866,27.19460367650577
0,sat_p06_s02,1.3202016051396568,1.24452648657478,5.7320880591469585,2,122,122,122,1.9519829141244076,2.0540901253057036,1.74913528432532,2.0527233327421994,4744593.28914247,122.41402948998675,0.7383310848914344,0.6421496404479794,0.8862524056773525,0.5041462652472758,0.42224546773446875,1.0565942854289385,17.212035731719666,-7.378623852088603
0,sat_p07_s01,1.4993576340959582,1.3712913481153381,8.541410205833781,2,122,122,122,1.9244076350757224,1.9902259450368642,1.8167996115193148,1.9661973486709874,4901209.544789459,124.0580831057591,0.9811959553530056,0.43871128239572554,1.045399551759723,0.951835384484483,0.3963940250529134,0.9040581503208786,5.768825133133233,19.443686124611517
0,sat_p07_s02,1.2221899683739916,1.1520162309591824,5.741639125721903,2,122,122,122,1.966078761575496,1.952610342777785,2.0784135113300697,1.8672124306186333,4901209.544789459,124.0580831057591,0.5993745068489328,0.49283598780220933,0.9442516658500729,0.6268961674684211,0.6124491778607175,0.7476955236889788,1.0150692372407935,17.104467064959014
0,sat_p08_s01,1.764763630024202,1.681513811340081,4.717335356859058,2,122,122,122,1.9334223173321612,2.0134953479523796,1.807956262668996,1.9788153413751082,5210017.4822311085,126.88225023872187,1.4284641892607903,0.5745216877193015,0.8624416271237587,1.268457826666867,0.7646927866649668,0.7960831500022981,10.693767095639014,-3.3572588233568266
0,sat_p08_s02,2.0440252896688453,1.6705949442853865,18.26936032890076,2,122,122,122,1.899643292738619,1.6111045400250488,2.0138655799328844,2.0739597582579243,5210017.482231108,126.88225023872187,0.6682957736933557,1.0377311782363359,1.6292741160976052,0.7780820862545684,0.4525056080631298,1.4073785594476873,20.688570039688397,13.158757737438613
0,sat_p09_s01,1.563746257023625,1.0916523018862372,30.189933502124145,2,122,122,122,2.0286021644846803,2.1761931099646192,2.132045668003341,1.7775677154860807,5540811.281100643,129.40574258448558,0.8203718571605073,1.189304972392424,0.5982023528682185,0.6075470184748079,0.6115669666627203,0.669759071489779,39.82489507671595,18.215689877252238
0,sat_p09_s02,1.3906806763712662,1.7778413231657806,-27.839650997721574,2,122,122,122,1.9520170665494767,2.033920239204038,2.0255865183990873,1.7965444420453052,5540811.281100643,129.40574258448558,0.6659587221889129,0.88323160136405,0.8428485405604311,0.6921847167238794,1.4024717443177568,0.845383400996284,-16.044069807984318,-40.23994112649589
0,sat_p10_s01,1.476940659009222,1.055403905634257,28.541211239843925,2,122,122,122,2.040160077095479,2.3242335653418422,1.7413667981354417,2.0548798678091527,5772564.2640544195,130.92451737168298,0.44806301163029666,0.6783270776517334,1.2330716214266886,0.30990167705209276,0.6283568398646231,0.7893073142849293,16.87216280226772,33.37642411651851
0,sat_p10_s02,1.3995098375822825,1.6779463999698478,-19.895291544972434,2,122,122,122,2.1172545488840417,2.1390953758657876,2.0031368596688135,2.2095314111175246,5772564.2640544195,130.92451737168298,1.179070553205752,0.5939105232159556,0.46442513548043346,1.3731722636762058,0.7541534970171158,0.6009613618020649,-17.4146980545703,-25.763881580911956
1,sat_p01_s01,1.7589884968622431,1.368686347625545,22.18901089648598,2,122,122,122,1.912846286897017,1.9035860392268247,2.1648075962815856,1.6701452251826419,5830371.235716307,131.275805544026,0.9386342986858207,1.253718116209787,0.8007478195484851,0.7462109985179228,0.7567718475332879,0.8624197554836582,16.71414375595359,27.478692454382543
1,sat_p01_s02,1.3813224179585637,1.4721905965206568,-6.578346762545548,2,122,122,122,2.0781664337142898,1.9580740482915797,2.0856001042598313,2.1908251485914585,5830371.235716306,131.275805544026,0.56916795768766,0.5279157378705734,1.1425429672467984,0.7444738248259407,0.6610588300327008,1.084483794193661,-37.38072328703837,17.593980362753296
1,sat_p02_s01,1.569791256035839,1.4316529954501689,8.799785325248129,2,122,122,122,2.01878272368559,1.8816269675147732,2.1092721079993457,2.06544909554265,5696680.689606842,130.44735125932112,0.712376021048591,1.063353866218807,0.9088693786012766,0.5636141490464253,0.7119496480135086,1.106841040560728,18.305206108194856,-1.8484412804284944
1,sat_p02_s02,1.9267746821034981,1.479232541422214,23.22752861754927,2,122,122,122,2.028748624314795,2.14070860263738,2.322153780011554,1.6233834902954518,5696680.689606842,130.4473512593211,1.30857474359147,1.0486629904672196,0.9488934336657109,0.9578519839632964,1.056919065228164,0.3918808211398252,26.13856983902419,20.69416869734941
1,sat_p03_s01,1.4886738257476564,1.581788770182808,-6.254892295724112,2,122,122,122,1.983181603497492,2.425323092548063,1.7279164074681113,1.7963053104763025,5412750.46053267,128.48288635844995,1.0930384946206257,0.662377114902631,0.763330312772201,0.9186748261380914,1.019699542784137,0.7863238008240687,-1.812152904547221,-19.633180048367183
1,sat_p03_s02,1.7084171585948131,0.9838725563865859,42.41028595171515,2,122,122,122,2.0175582749105536,2.2113769329898783,2.1988031360098566,1.6424947557319256,5412750.46053267,128.48288635844995,0.8324722677473384,0.9247748084016,1.17067103191228,0.39435179455488456,0.5569528575306627,0.7087280041246057,22.292145826780438,66.56455580394244
1,sat_p04_s01,2.978446061054641,2.2656219586287683,23.932751771018072,2,122,122,122,2.17600185584398,2.2051951540170034,1.9533523570975468,2.369458056417389,5074540.099114013,125.70578861559211,1.8197199023469794,1.3239295459816467,1.9511460665186084,1.4128473417336254,0.8828068919962053,1.5354338930156144,17.30717444283929,29.40719730125554
1,sat_p04_s02,1.7439756517397502,1.5371366280280572,11.860201345434792,2,122,122,122,2.1059212578902686,1.9787890679222715,2.1644090194536965,2.174565686294839,5074540.099114014,125.70578861559208,0.5924734837114246,1.0243271978718904,1.2810854915499812,0.35687002656399314,1.0047036966823806,1.1072503236569584,28.403453293060185,-40.38397475240197
1,sat_p05_s01,1.386451220490048,1.130854872846125,18.435293205164573,2,122,122,122,2.0027694223886456,2.0049146271500886,2.2047019289945795,1.79869171102127,4813253.302009773,123.15426500067423,0.7033164248492071,0.9403336276874079,0.7371334085332946,0.590674351005762,0.5515800879191937,0.7910094570324696,1.9799263865411072,45.14134094633887
1,sat_p05_s02,1.5770957288213934,1.0802249508823396,31.50542917964649,2,122,122,122,1.882923591149926,1.832331090133975,1.884271857690218,1.9321678256255848,4813253.302009774,123.15426500067424,0.6916765279020837,1.243002145245888,0.6809994020042309,0.7028467075528538,0.5323612588412431,0.6240864846123759,19.287952736392818,42.02048840676271
1,sat_p06_s01,1.2924698119373144,1.1836803919885142,8.417172992669986,2,122,122,122,1.84889157520389,1.9833133641353728,1.742469469404067,1.8208918920722297,4744593.28914247,122.41402948998675,0.5676841258588388,0.43891705604969566,1.0749719837864755,0.48099344475088407,0.5850528542148552,0.9096470382845272,16.393152177432782,-0.14675575849867345
1,sat_p06_s02,1.9307119420596646,2.101803140234131,-8.861560051881579,2,122,122,122,1.7910472811673805,1.8876061307014134,1.5995748590740282,1.8859608537267005,4744593.28914247,122.41402948998675,1.1414080587942057,1.0587661385155602,1.1418627371380041,0.8199031335900487,1.2973004212355743,1.4360873611620126,-22.56870511804648,6.745040758409741
1,sat_p07_s01,2.035324463872229,1.8177676717378572,10.689047176314462,2,122,122,122,1.9973035143243734,1.8881530647686566,2.123871075835239,1.9798864023692253,4901209.544789459,124.0580831057591,1.4065162906181785,1.1607368554418347,0.9038515087565314,1.2542830119918174,0.8298071882236925,1.0210158983171096,12.851172448829434,1.7279036342034544
1,sat_p07_s02,1.9273283141446245,1.606366261044792,16.653211118432615,2,122,122,122,1.8816289912143715,2.0812183454819504,1.6733421183505919,1.8903265098105717,4901209.544789459,124.0580831057591,1.0538455435151068,1.3216294335404914,0.9259047690320799,1.0279816517976172,0.776713233393502,0.9593658537085205,15.254873250428956,21.215266694493405
1,sat_p08_s01,1.4548249454682598,1.4173201495145662,2.577959366899779,2,122,122,122,1.9317295565824997,1.7593510470882152,2.0084017927081095,2.027435829951175,5210017.4822311085,126.88225023872187,1.2083401983466373,0.5143158186818556,0.6260262180371897,1.117012613419914,0.678178154901817,0.5487746512866398,2.6489952134213195,2.448013277484157
1,sat_p08_s02,1.495436283133482,1.3663232873149542,8.633801204019816,2,122,122,122,1.9397217502676485,1.765727458524226,1.8895683340526588,2.1638694582260607,5210017.482231108,126.88225023872187,1.130965731294082,0.7038736523183285,0.6795646202699074,1.0437391047832754,0.6491572242269738,0.5966933088608254,-0.026281581678577883,20.301445321524945
1,sat_p09_s01,1.8375848324606545,1.4931703460957382,18.742780212422698,2,122,122,122,2.038834482885655,2.1206093049515076,1.8347686218513246,2.1611255218541348,5540811.281100643,129.40574258448558,1.1227533286975648,0.8756421676321723,1.1616340962852374,0.8500687607707492,0.7093054040360913,1.0019114872215742,8.954266119623526,25.95186198375162
1,sat_p09_s02,1.5081609992533438,1.234384706225888,18.152988518002807,2,122,122,122,1.877379793430151,2.1548346346637386,1.7074831680972138,1.7698215775295005,5540811.281100643,129.40574258448558,0.8838716440765446,0.9113986667700694,0.8140472877394843,0.6230102813206415,0.7758272092790521,0.7305175793062236,14.04755052589713,25.640167062913278
1,sat_p10_s01,1.6633640264911713,1.4418517375266897,13.317126343759925,2,122,122,122,2.1200346394045444,2.0269708413552587,2.365950655520793,1.9671824213375817,5772564.2640544195,130.92451737168298,0.9959005773170733,1.083184828533165,0.7756755455472474,0.9196743216427454,0.8078594889216143,0.7619046011667066,16.691429031467774,9.715076852396608
1,sat_p10_s02,1.30600841853462,1.0101083742476247,22.656825184863955,2,122,122,122,2.1276973265512926,2.050592246365256,2.1254356802495677,2.207064053039055,5772564.2640544195,130.92451737168298,0.43863929977050853,0.5466657995157056,1.1020027484629933,0.32172972822820495,0.6738904419115158,0.6802062790063662,7.744654614757287,30.24208312691107
2,sat_p01_s01,1.1470591470533902,1.2409091245833335,-8.181790605221076,2,122,122,122,2.1809403146879194,2.2149269698515295,2.263136780743434,2.064757193468795,5830371.235716307,131.275805544026,0.7198373988333889,0.4276332380888967,0.7840335578030041,0.8836279421244803,0.5396311693347104,0.6839995003313121,-11.68524139069129,6.833729073771539
2,sat_p01_s02,2.100936569942995,1.788196982630853,14.885722481408733,2,122,122,122,2.039709234064336,2.131181829888704,1.8147470837292692,2.1731987885750357,5830371.235716306,131.275805544026,1.653998346241749,0.9620630980802148,0.8675589529626766,1.4974819392156689,0.5448509453191668,0.8113776788880614,12.086249344789012,26.484224929548585
2,sat_p02_s01,1.3461628225579383,1.1993786276321337,10.903896056711007,2,122,122,122,1.8855337955495788,1.5799236970230452,1.9619674972819694,2.114710192343721,5696680.689606842,130.44735125932112,0.5605527654619594,1.093626962822807,0.5494679318732507,0.8157371232899412,0.7715957817472884,0.42157085726741395,9.219177704940751,16.732666213347777
2,sat_p02_s02,1.5195419799022267,1.5393300229274531,-1.3022373377601355,2,122,122,122,2.0237660986041046,2.020094882295784,2.03857849232709,2.0126249211894405,5696680.689606842,130.4473512593211,0.9869887434303948,0.9398625500812173,0.6719519595787342,1.1387316540611094,0.7893714815888432,0.6706115146486208,-2.6155110911040174,7.912697457453624
2,sat_p03_s01,1.5899553873342043,1.6184980366440465,-1.7951855465390234,2,122,122,122,1.9732366768480951,2.3132456892785176,1.9264798305730628,1.6799845106927047,5412750.46053267,128.48288635844995,0.8465701984011706,0.976415965784631,0.9262229184450831,0.8923680189750586,0.8864077347204877,1.0185757414934131,-9.578694797682914,9.044475883739532
2,sat_p03_s02,1.7106054408835616,1.622775559070512,5.134432506404501,2,122,122,122,2.150140406936733,2.0732429976555817,2.2883198785433043,2.088858344611312,5412750.46053267,128.48288635844995,1.2023858640206753,1.0092659267711248,0.6795744973455973,1.0529714428290775,0.9448696352239938,0.7949044144642425,8.512606600227578,-4.561725136230989
2,sat_p04_s01,1.7263321764562194,1.416384389198069,17.954122125812724,2,122,122,122,1.865553280456616,1.9541824748855154,1.856260535608934,1.7862168308753987,5074540.099114013,125.70578861559211,1.1896841009328802,1.130274277094747,0.5360546445965559,1.1757274016167079,0.6277190953883874,0.4793522215828314,8.612295270525797,29.60886068818873
2,sat_p04_s02,1.3339486030436323,1.5295945380129898,-14.666677151050486,2,122,122,122,2.0258698676114633,1.9479599727983643,2.1745897368330316,1.9550598932029934,5074540.099114014,125.70578861559208,0.831978260766167,0.8564376327818449,0.5947651892382337,1.229865595424606,0.5242486825319271,0.7431375288421317,-17.866042256311946,-9.202193556843147
2,sat_p05_s01,2.4349521284335562,2.2908978152916393,5.9161045286992735,2,122,122,122,1.9732044204775256,2.155176039882314,1.963542554213023,1.8008946673372406,4813253.302009773,123.15426500067423,1.012839281996058,1.6759857404883425,1.4471420988584909,0.7018528187604726,0.9768923179499881,1.9496914679087776,14.706930094904703,-2.4587592410184986
2,sat_p05_s02,1.576512291099931,1.0920902007023052,30.72745408534969,2,122,122,122,2.036650344356757,2.250804562222158,2.0058987091389895,1.8532477617091234,4813253.302009774,123.15426500067424,0.8506498291942777,1.1563350463805706,0.6516710309603642,0.6671737188268089,0.7302031849318285,0.4629725090026638,37.82116741600715,11.32106826081963
2,sat_p06_s01,1.1863635269795754,1.5586303007253262,-31.378811408129184,2,122,122,122,1.8755885409658728,1.8894932423416853,1.8297885412076231,1.90748383934831,4744593.28914247,122.41402948998675,0.5833125494422466,0.7369565736185667,0.7239474403649663,0.6219356998630927,1.1826429829626595,0.8024213197716702,-44.544866687526785,-20.122832048387288
2,sat_p06_s02,2.498708782424346,1.9211951742624027,23.112481623473414,2,122,122,122,2.12630248094858,2.1873298238631826,2.25166000111577,1.9399176178667872,4744593.28914247,122.41402948998675,0.8537710327859009,1.2065425860302268,2.0146651312403616,0.5647250740135686,0.5743641311903258,1.7441852921038794,8.995982959109543,45.70618587066089
2,sat_p07_s01,1.783149536850956,1.4201115127177515,20.35937068824469,2,122,122,122,2.0183667162588717,1.8916974076233077,2.184724464532346,1.978678276620961,4901209.544789459,124.0580831057591,1.4211493804205928,0.5414894078284194,0.93099190679166,1.0817949765989918,0.5522176486391414,0.7358614038595482,26.086499795773282,10.317316900029732
2,sat_p07_s02,1.4911107305631548,1.7242272028948242,-15.633746545679223,2,122,122,122,2.1780358566759306,2.4479178122196408,1.8619150438470984,2.224274713961053,4901209.544789459,124.0580831057591,0.7310398125199088,1.0520949837417577,0.7629470155239303,1.49898272034026,0.6533563332403964,0.5469330426464355,-13.368343697056545,-16.32627702777969
2,sat_p08_s01,1.6170788925103685,1.4172363347220112,12.358244159511592,2,122,122,122,1.8482182577290172,2.030660597814099,1.8132368790270137,1.700757296345938,5210017.4822311085,126.88225023872187,1.237076039689784,0.8488175633138285,0.6034034809627586,1.014958677046702,0.5611938556306204,0.8145423062961968,7.912859117069533,19.880230848719343
2,sat_p08_s02,2.2016080564421294,2.076589764948934,5.678499001099626,2,122,122,122,2.107180094108493,2.0197035601096034,2.610634540455136,1.6912021817607388,5210017.482231108,126.88225023872187,0.8990395209540689,0.9453434342906472,1.7734519348426485,1.0068540022793893,1.2132190258516582,1.3515064429355115,4.135945824061366,11.579763308567939
2,sat_p09_s01,1.0353646158645833,0.7796309437526038,24.699865940312108,2,122,122,122,2.064308843113601,1.777880813694004,2.1370407221001066,2.2780049935466935,5540811.281100643,129.40574258448558,0.46940541490457366,0.664276130075352,0.6406057034204387,0.4531629993148847,0.3949389788071554,0.49647850661159004,30.274806609953085,10.311268269955477
2,sat_p09_s02,1.6017118285541618,1.0651383899967917,33.49999850108655,2,122,122,122,2.047530504714498,1.959585545160212,2.163367053457376,2.0196389155259054,5540811.281100643,129.40574258448558,0.6275555711832439,1.3629215299811974,0.5604459741321197,0.5950320907460583,0.5512357216870656,0.6903591673639684,33.5138991062528,33.47050052592333
2,sat_p10_s01,1.3686366042133018,1.4581226868708235,-6.538337669914846,2,122,122,122,1.9486141399102774,2.0694262548873343,1.8646863029216207,1.9117298619218768,5772564.2640544195,130.92451737168298,0.71961322090588,0.6856909197106364,0.9408246007180961,0.37974159642225824,0.6435905086894738,1.2520820049177646,-19.947088050465723,2.980397589569183
2,sat_p10_s02,1.4158797511225656,1.1971264772231391,15.449989571924464,2,122,122,122,2.151064816134696,2.3158750757797915,2.1647418425786475,1.9725775300456494,5772564.2640544195,130.92451737168298,1.0150844114698323,0.43961482958769854,0.8837748066314297,0.6565048263259642,0.6395330989310497,0.7701367611347009,0.8224655854957317,29.758165895297882
3,sat_p01_s01,1.4061592005089256,0.9635815450176392,31.47422107902904,2,122,122,122,1.9941958740867827,1.9390003118646477,1.9733840161234686,2.0702032942722317,5830371.235716307,131.275805544026,0.5255865402023423,0.7760875550611902,1.0482035073463436,0.43839097792019194,0.4909683367644006,0.7037420242329971,34.361871272710275,23.83310741282034
3,sat_p01_s02,0.9966739389598164,1.4206168152374596,-42.535764175803905,2,122,122,122,1.924354395949862,1.9403718698305283,1.987584034997611,1.8451072830214457,5830371.235716306,131.275805544026,0.6090317929891573,0.6600691625714318,0.43214339790437223,0.7897001697141525,1.0918764948724509,0.44981273618463924,-71.06958334273715,4.427343032899323
3,sat_p02_s01,1.9759472680927799,1.602414382570947,18.903990584848636,2,122,122,122,1.9299280358465425,2.0780440037258208,1.7478123949168631,1.9639277088969447,5696680.689606842,130.44735125932112,1.0303312762697963,0.9417226306315108,1.3985505190660934,0.5623671135293402,0.9798552111857599,1.1363797112774487,16.804151875577453,31.4465480051053
3,sat_p02_s02,1.4873149048547616,1.4386654593879167,3.270957973193686,2,122,122,122,2.154410577424332,1.7208962637894119,2.531659931843302,2.2106755366402817,5696680.689606842,130.4473512593211,1.0825267953945619,0.6708993428406418,0.7682027305548346,1.1961973761846858,0.6338209166152544,0.48697144362448763,11.960318748966326,-5.589203577487855
3,sat_p03_s01,1.3643078367675194,1.5039943814668708,-10.238638299572726,2,122,122,122,1.8294566678318602,1.754399689415722,1.9486455154896267,1.7853247985902312,5412750.46053267,128.48288635844995,0.8635843513853353,0.5800955357713136,0.8826364545416368,0.639453243048902,0.8578727842726254,1.0569545569429608,-2.308081935546355,-37.036323209764426
3,sat_p03_s02,1.6338203677334344,1.259253034657831,22.925857730322765,2,122,122,122,1.9310832078562667,1.794405924290476,1.8982851879545006,2.100558511323824,5412750.46053267,128.48288635844995,0.9136782534015687,0.9735008367569516,0.9417309404045237,0.6398693344071374,0.8444922874699554,0.6805278955223549,22.49113099361557,23.95023057301392
3,sat_p04_s01,1.8912037050696873,1.5786191546780224,16.528338515503634,2,122,122,122,2.086899972204117,2.016405013920672,2.0940074124174974,2.150287490274183,5074540.099114013,125.70578861559211,0.838839051499235,1.2217932749329359,1.1748283674979203,0.6564544105529715,1.014054695837429,1.0162672464622495,16.76803462734698,16.158632966408927
3,sat_p04_s02,1.0039856033234122,0.9008957686529243,10.268059056747228,2,122,122,122,1.917874160437801,1.9803065326539462,2.010991379685886,1.7623245689735696,5074540.099114014,125.70578861559208,0.6539469337606652,0.653579554963225,0.3913748393034139,0.6477464272856484,0.4885464423194697,0.3916122133085364,5.536607409013385,14.841477425372547
3,sat_p05_s01,1.8628898118904482,1.5217410340267918,18.31288011165088,2,122,122,122,1.9412077810286832,1.9787951914566428,2.0545666942148526,1.7902614574145532,4813253.302009773,123.15426500067423,1.0629559761970147,1.2073952878086869,0.9395103314438104,0.8193953494883451,0.9869070069597066,0.8187194852277769,14.56210467116556,30.668911272728224
3,sat_p05_s02,1.3376840302599928,0.9924653698596121,25.807190083093385,2,122,122,122,1.8739545057473985,1.7702756794234482,1.9159247279308944,1.9356631098878543,4813253.302009774,123.15426500067424,0.7465935243516899,0.7785350875804508,0.7911256484369847,0.5737922649036159,0.46768525919594434,0.6610752191983735,12.817078499365042,39.570585481548825
3,sat_p06_s01,1.2922736390152145,1.4238408656778543,-10.181065580112074,2,122,122,122,2.0593012507332347,2.0135081015743004,2.312034887018282,1.8523607636071224,4744593.28914247,122.41402948998675,0.8975704393738949,0.7207094914887684,0.5872957460545575,0.9155021286650126,0.9186668937913389,0.5875625936322568,-5.100409757938565,-29.96321429243637
3,sat_p06_s02,1.1705617427966173,1.004070852817083,14.223161742990754,2,122,122,122,2.132933126140761,2.0636014185571807,2.023906746248668,2.3112912136164345,4744593.28914247,122.41402948998675,0.8484814509499257,0.41383335133387605,0.6921242507070067,0.7262494320002696,0.4549503580552607,0.5232018842679186,-2.737273364067622,20.92099296805093
3,sat_p07_s01,1.1030416027827403,0.9656566804676385,12.45509888008836,2,122,122,122,2.155024697646852,2.122216403860831,2.0241233969384758,2.318734292141249,4901209.544789459,124.0580831057591,0.7024039927760586,0.7612597846141997,0.379226777444459,0.6023728605965243,0.5682814246436093,0.4966849944920512,31.354131655615358,-18.6918228559766
3,sat_p07_s02,1.5414487374351156,1.3405529163426404,13.032922614523955,2,122,122,122,1.9616462726253558,2.22961524319649,1.948337682357584,1.7069858923219932,4901209.544789459,124.0580831057591,0.8772666492272488,1.1857529701058582,0.44772461422066456,0.8988379755440725,0.8571225164074624,0.5044932180930989,13.644241386184682,12.666182239809528
3,sat_p08_s01,1.5060778750628607,1.3877697813248602,7.855376916221055,2,122,122,122,2.1111634363687477,2.0556563231191856,2.197128627123536,2.080705358863523,5210017.4822311085,126.88225023872187,0.8006020905399014,1.042598136715782,0.7350482866409396,1.1184578287903961,0.7201874570501805,0.39533160496413294,-3.4569652680518836,25.499274822887706
3,sat_p08_s02,1.8410026320951105,2.1394530365634776,-16.21129700008753,2,122,122,122,2.023591513249589,2.423391473056065,1.6794251303741201,1.9679579363185815,5210017.482231108,126.88225023872187,1.164072049360563,0.9025575927569744,1.1043625976260512,1.0320375374921127,1.3697000182783654,1.2790933026156244,-22.601133778567302,-7.579526633904596
3,sat_p09_s01,1.8298984465002626,1.7178719977415022,6.122003599326201,2,122,122,122,2.131141500381544,2.16285078680664,2.261607903908814,1.968965810429178,5540811.281100643,129.40574258448558,0.9572928405282487,1.142749287827938,1.0612458749725118,1.107060665790874,0.8230400723116211,1.0237704441193487,-4.596394175664518,41.93491180845932
3,sat_p09_s02,1.6748118039035813,1.3753226065151019,17.881961226356452,2,122,122,122,1.7752786686744042,1.7694329081350055,1.9609647268541506,1.5954383710340567,5540811.281100643,129.40574258448558,0.6510490759207789,1.406335941254837,0.635097551225274,0.8208188241497997,0.652121876491031,0.890227941661376,16.692798504319722,22.111203027110104
3,sat_p10_s01,1.952604636151368,1.6159089884506797,17.243411260372906,2,122,122,122,2.1316995563023973,2.0113958088688695,2.3275491233858907,2.056153736652431,5772564.2640544195,130.92451737168298,0.5168509442201195,1.8180572245259534,0.49009988260310294,0.36330650374788886,1.4537917622296461,0.6046980695879598,17.04908031125549,17.922474988202687
3,sat_p10_s02,1.484582398697554,1.1191905261000936,24.61243464276715,2,122,122,122,2.038754877473928,2.118769920985967,2.115409490652231,1.8820852207835865,5772564.2640544195,130.92451737168298,0.5027630954995864,0.8648820837676946,1.0969016134111151,0.6677566635935777,0.5470922299904671,0.7123051058518645,22.98309343531388,29.319061906699222
4,sat_p01_s01,1.4273483363947281,1.1817629752341312,17.205706196492258,2,122,122,122,1.976251269020506,2.1068815365453726,1.961389875213792,1.8604823953023533,5830371.235716307,131.275805544026,0.7445698142511434,0.7571706485931784,0.9537461266101167,0.7566815237780583,0.5612306469411549,0.7134542467048289,32.10883336417698,-1.7268086253713546
4,sat_p01_s02,2.042902852122059,1.9720105541687194,3.4701747016359765,2,122,122,122,2.1577190753310895,2.2292188771419315,1.8655456421880645,2.3783927066632735,5830371.235716306,131.275805544026,0.7316694902109191,1.665051579402987,0.9304381001606478,1.0492536432805686,1.1826193100057771,1.178687399362839,-0.21563191703237333,4.803441744841797
4,sat_p02_s01,2.0847618729138486,1.311334437592021,37.09907809474741,2,122,122,122,1.8605154401261146,2.202839416666717,1.7189435439010854,1.659763359810541,5696680.689606842,130.44735125932112,1.2114518502278404,1.3125843890990854,1.075052883735578,0.8965756495851334,0.7164172338400845,0.6344260861934194,43.06261063954303,33.569296872481495
4,sat_p02_s02,1.4279889267249184,1.4181810486492983,0.6868315217341641,2,122,122,122,1.9857614464369138,2.003528495347585,1.9668676777124754,1.9868881662506817,5696680.689606842,130.4473512593211,1.2045753456272077,0.4547293455566383,0.6175531020452485,0.9327484916831932,0.594152285515392,0.8878067355160058,0.09649304036688765,1.8168880537293848
4,sat_p03_s01,1.5042644618203533,1.2739690571298985,15.309502453562443,2,122,122,122,1.8992473610647091,1.840594234583403,2.0300927820604158,1.8270550665503082,5412750.46053267,128.48288635844995,1.0680700747895777,0.8957711393200474,0.5653600201605412,0.8521032531162072,0.6987724386227219,0.6392450888152948,11.530512679909044,24.51415529797252
4,sat_p03_s02,1.6685386560683717,1.231188612600508,26.211561948370132,2,122,122,122,2.003713168806143,1.8662399551635516,2.2911743064950825,1.853725244759796,5412750.46053267,128.48288635844995,0.6443511175373121,1.1460711962656294,1.0273040918896088,0.6857571351513726,0.8388809312080885,0.5846719889319103,36.9352433402204,-2.017909579689679
4,sat_p04_s01,1.2927528638459866,1.1919761637660355,7.795511647921379,2,122,122,122,2.045814192881419,1.7171922607258152,2.0859975213572652,2.334252796561175,5074540.099114013,125.70578861559211,0.7468242365433613,0.6334546931602757,0.8439186444241212,0.9319111228240756,0.24653972453433803,0.7011183911221399,18.092269594552373,-3.2620408611256595
4,sat_p04_s02,1.5778361494032336,1.434516597151253,9.083297546845193,2,122,122,122,2.012182774667964,2.046377697072221,1.861062084098031,2.12910854283364,5074540.099114014,125.70578861559208,1.1834391710581806,0.7327354358112218,0.7430595022441259,1.0288366354025733,0.31494398407743,0.9487588376660097,11.029347031765433,5.611503416695342
4,sat_p05_s01,1.6664776502144487,1.437664972558199,13.730317812951485,2,122,122,122,1.8673972840494708,1.8782069463662106,1.8203143990564028,1.903670506725799,4813253.302009773,123.15426500067423,1.2866971174764295,0.932234721349494,0.5024905082213493,1.0424247119485213,0.7832344734001223,0.6056195612077293,21.700323701602898,-24.11218911380052
4,sat_p05_s02,1.036471017517215,0.966008671438041,6.798293911580945,2,122,122,122,1.9344330835208117,2.0200559505928863,1.8566869327217295,1.9265563672478196,4813253.302009774,123.15426500067424,0.48133874786863734,0.8007357551435574,0.44878439187219976,0.6088280538496161,0.5679258196746292,0.4898585688605219,32.93374739995763,-41.39081458940017
4,sat_p06_s01,1.8550604332742395,1.3523190748743485,27.101077106827017,2,122,122,122,2.063525737230412,2.1400161218673066,2.0278940118515503,2.0226670779723803,4744593.28914247,122.41402948998675,0.760863709957111,1.0394528650125552,1.3348682958955544,0.4611078075114485,0.8935483472715291,0.9042775133825446,12.773676084239916,42.296306635945136
4,sat_p06_s02,2.325122895466807,1.8108648691587819,22.117455697101082,2,122,122,122,1.9899758406284638,1.769477828907994,2.150597797554894,2.0498518954225045,4744593.28914247,122.41402948998675,0.9280062623686154,0.9025610021431217,1.9314203305958502,1.1812366643236734,0.23945780169495526,1.3515071137135584,21.268873596320294,24.421128861434894
4,sat_p07_s01,1.54916301324613,1.2075494205545372,22.051494243706003,2,122,122,122,2.002084665826903,2.092349527534605,1.9892578946261137,1.9246465753199908,4901209.544789459,124.0580831057591,0.509949898137541,0.9955417449616376,1.071799317520812,0.44478642744759983,0.6786515750219537,0.8943001044169799,32.5027873281392,12.087755175149839
4,sat_p07_s02,2.198614925904564,1.8886491557085126,14.098229141627614,2,122,122,122,1.873538319275365,1.8725836641251303,1.9834722955397273,1.7645589981612375,4901209.544789459,124.0580831057591,0.8861416068977447,0.49325393548470503,1.950733503086433,0.6210124938037529,0.8317275763059847,1.5778366058341697,16.74728014229799,1.4371978411040363
4,sat_p08_s01,1.6103137940391647,1.4597648064782442,9.349046634153032,2,122,122,122,2.0074815734042706,1.670501757444226,2.220765639681304,2.1311773230872815,5210017.4822311085,126.88225023872187,0.8211208468379387,0.8849372735999029,1.0657190492594786,1.1654469734382769,0.4453865832222002,0.757810948602407,24.86032153097438,-15.915598774968528
4,sat_p08_s02,1.6644832421717,1.5730426170857998,5.493634466790717,2,122,122,122,2.1604766929284898,2.399079903505848,1.9362978254590177,2.1460523498206037,5210017.482231108,126.88225023872187,1.1997916573844074,0.8670064828961478,0.7611203590479252,1.2353360753937943,0.7054048461260717,0.6714252445809983,19.887624803209924,-25.54790030208044
4,sat_p09_s01,1.1906622826150348,1.252751560479877,-5.214684194789162,2,122,122,122,1.9440380981249832,2.2378159670141344,1.7205417997987564,1.873756527562058,5540811.281100643,129.40574258448558,0.6706603426023812,0.7501341383927979,0.636545481894418,0.8191344997773818,0.6548320544926303,0.6852737584120568,-6.174917810146634,-3.6200346387714677
4,sat_p09_s02,1.6919518998952208,1.9290886874939657,-14.015575006206165,2,122,122,122,1.9940980818804852,1.8771419800087557,1.7967012924188066,2.308450973213893,5540811.281100643,129.40574258448558,1.5425839975132005,0.5823355195311005,0.37950123170773153,1.804503092579711,0.41813137245502613,0.5388115704551328,-7.056457153280794,-15.777580517905509
4,sat_p10_s01,1.6329820644751536,1.6575314059613244,-1.5033442203825476,2,122,122,122,2.0538771623405765,2.279260349576616,2.074527488783369,1.8078436486617433,5772564.2640544195,130.92451737168298,0.5925182255574716,0.9812984632823614,1.1630158645691104,0.7197279969056469,0.5126602918799804,1.4023485291994437,-0.8588259726911416,-2.7035422155645974
4,sat_p10_s02,1.2886785536933811,0.979537200992377,23.98901974545927,2,122,122,122,1.8995677146874628,2.182358565181331,1.8638577885980554,1.6524867902830018,5772564.2640544195,130.92451737168298,0.5258506207916311,0.8060728518793198,0.8569831368384452,0.5629169842811501,0.3018370441076609,0.7426385363958333,0.19538821691107905,38.88853587823375
5,sat_p01_s01,2.1525838125053536,2.1294293550940395,1.0756588095106503,2,122,122,122,1.9769812588377607,2.0868772171932473,2.023440911332787,1.8206256479872476,5830371.235716307,131.275805544026,1.3248384099811388,1.3292299740386055,1.0543092209670086,1.3290911865173909,1.3431014800115864,0.9818678172996083,-8.226362016863144,19.563493619955686
5,sat_p01_s02,1.573957544964827,1.2142496073363098,22.853725551825832,2,122,122,122,2.0828329664566385,2.2064316648155144,2.075799877581373,1.9662673569730282,5830371.235716306,131.275805544026,0.6907268408820222,1.2904862318909052,0.5786916881525602,0.6585502422325883,0.7913107225869596,0.6438486061883535,20.45811741902628,24.62734023324925
5,sat_p02_s01,1.7445153989849906,1.919670894802051,-10.04035251961496,2,122,122,122,1.910520622886384,2.075513183613713,1.8968828256257173,1.7591658594197221,5696680.689606842,130.44735125932112,1.074883294007378,1.1404715022508864,0.7663449837463652,1.3137532447628233,1.0116531707454055,0.9673399704064896,-0.8711941621712516,-55.36908562239807
5,sat_p02_s02,1.3713269384945883,1.2525985738453294,8.65791820436316,2,122,122,122,1.916754568932261,1.8962901048683338,1.9148657011859742,1.9391079007424745,5696680.689606842,130.4473512593211,0.7109255047923326,0.5994405223653906,1.0078658437624595,0.44457365758321077,0.8461192391460249,0.8095922945096444,17.907335694416165,-6.052329624284923
5,sat_p03_s01,1.700560010393553,1.2691078805609077,25.371179328908024,2,122,122,122,2.087020281626733,2.135120698099722,2.1927362706346076,1.9332038761458692,5412750.46053267,128.48288635844995,1.1246779743964774,1.1008803039762785,0.6442564389854821,0.9269857436864221,0.6111158245466799,0.6147110642347038,28.41555344403495,23.823994427729847
5,sat_p03_s02,1.7267748145946697,1.0219475685849806,40.817554208719166,2,122,122,122,1.9479866042898526,2.181156347405506,1.817904418299814,1.8448990471642377,5412750.46053267,128.48288635844995,1.262684559433033,0.8624581242429752,0.8022125326963873,0.4805740647761325,0.7483542926061613,0.5033798306837798,32.377996546034915,54.24452683392938
5,sat_p04_s01,1.8706501085563942,1.5778556900450131,15.652014087088391,2,122,122,122,2.118717477261626,2.0698721826505904,2.3948474775875104,1.891432771546777,5074540.099114013,125.70578861559211,1.0019845531054163,0.8591240284958228,1.3256186056484334,1.0082703073047796,0.45127515239730964,1.126663349383361,14.81865663329827,16.935754489918313
5,sat_p04_s02,1.66906716122622,1.2219134936470757,26.79063359263699,2,122,122,122,2.200202893774733,2.1858223828794494,2.0685512073800947,2.346235091064654,5074540.099114014,125.70578861559208,0.859326341491529,1.1239631830553554,0.8854660866676994,0.935310045474256,0.4778059876838026,0.6244750939190872,29.05854875080245,13.066114197599074
5,sat_p05_s01,1.5067043729432896,1.6089314933939203,-6.784816071843866,2,122,122,122,1.9596127027183532,2.085144681163034,2.074114363260743,1.719579063731283,4813253.302009773,123.15426500067423,1.0336274638322873,0.4710550930385117,0.9898885961463257,0.5922719975314226,0.9710850027433018,1.1379228219971556,-19.19664695985654,14.734891658534542
5,sat_p05_s02,2.0573568307660026,1.6489793379608757,19.84961902078398,2,122,122,122,2.0112687507968876,1.9261703223856597,1.7767403244415936,2.33089560556341,4813253.302009774,123.15426500067424,1.1739973641394281,1.2078586963180904,1.1813232782866712,1.0015673580876487,0.659022225483719,1.1321154493043992,27.700033775032093,6.9778534847098435
5,sat_p06_s01,1.8485468544551475,1.5794897666576013,14.555059134643889,2,122,122,122,2.0472994026451037,2.174001403092531,1.9720653323843658,1.995831472458414,4744593.28914247,122.41402948998675,1.2139819682517914,1.1628709201785548,0.7688331918424233,0.9386369910419263,1.0141650281257264,0.7649953057049352,27.54637237097637,-16.921170600443062
5,sat_p06_s02,1.335850954196567,1.3626471224595498,-2.005925000749725,2,122,122,122,1.8841166271778587,1.5856442662362717,1.8982986130052748,2.1684070022920294,4744593.28914247,122.41402948998675,0.9266124059457038,0.5196040849904331,0.8098758027232617,0.7526195093749437,0.4537875041847215,1.0413683092457309,-16.615050454209015,5.008493406908679
5,sat_p07_s01,1.6919372127216938,1.6262166044470836,3.8843408479024095,2,122,122,122,2.0010289586938543,1.6325881638205237,1.9994193192615324,2.3710793929995075,4901209.544789459,124.0580831057591,1.217117592967329,0.8658517585703127,0.7947182072046454,1.1434214044196072,0.8230309512201537,0.8122733467424282,-8.282150628944587,13.317306248832724
5,sat_p07_s02,1.3894155747858419,1.3577113225218378,2.2818408573612565,2,122,122,122,2.0691500267493526,2.1820190467351175,2.2339798416888956,1.7914511918240437,4901209.544789459,124.0580831057591,1.1193230124415918,0.6153367632935318,0.5467653070702201,1.225283805101556,0.3001781445572105,0.5019489155183433,16.32111580910679,-12.543657591574084
5,sat_p08_s01,0.972088882952782,1.1211119039855255,-15.33018468229743,2,122,122,122,1.8355627257912521,1.779251433094973,1.8477887209599861,1.8796480233187984,5210017.4822311085,126.88225023872187,0.5142044859564823,0.6443014392099914,0.5151953012349306,0.6086963242281933,0.593372897776844,0.7309509493208469,-4.163230453430847,-30.34391388398159
5,sat_p08_s02,1.3213109622208397,1.1564304677330655,12.478553436856798,2,122,122,122,1.9579534983987965,1.9577683157551622,1.9401636678658658,1.9759285115753613,5210017.482231108,126.88225023872187,0.977304350236036,0.6779298979052781,0.575456270641671,0.9321026501008732,0.46837828956906563,0.4991371096568583,14.972141660991191,11.11756366031196
5,sat_p09_s01,1.7277886152816724,1.4390329786632303,16.712440055716407,2,122,122,122,1.8585537824886855,1.9854328114957325,1.5913266193378721,1.9989019166324509,5540811.281100643,129.40574258448558,0.726848546270126,1.4014636225596115,0.7020287775611863,0.6143432171024107,1.088720644178269,0.7128012936440875,22.683888545007786,5.964981203997917
5,sat_p09_s02,1.5661681615814411,1.512356857886431,3.435857337354759,2,122,122,122,1.9502801353770767,1.850549420263764,1.9081362606103953,2.092154725257071,5540811.281100643,129.40574258448558,1.1733132268242235,0.6169252415906751,0.834039584431702,0.7502906005839758,0.831524258033906,1.0162945874954845,4.2054922564662,2.0145517598884695
5,sat_p10_s01,0.8465787045409436,1.100574474220419,-30.002617396005064,2,122,122,122,1.9888585773903658,1.67787929084463,2.249324588931914,2.0393718523945537,5772564.2640544195,130.92451737168298,0.4096056166412404,0.5320519236743884,0.5155962493197118,0.5218324528184238,0.7892950563622437,0.5621106461304409,-36.66017195414624,-21.94650705757262
5,sat_p10_s02,1.0528106472315604,0.9491006113118071,9.85077764861764,2,122,122,122,2.0971092548413712,2.1391280605315437,2.1789466086828053,1.9732530953097644,5772564.2640544195,130.92451737168298,0.6596326057053541,0.6028402591662226,0.556667500706574,0.629283282955956,0.42237279916401754,0.5713105448974073,15.848629718269494,2.9198374581253366
6,sat_p01_s01,1.483586460263583,1.3112384814046765,11.616982459403562,2,122,122,122,1.910235836704417,2.1253670387775196,1.940798009602835,1.6645424617328974,5830371.235716307,131.275805544026,0.9780797901761782,0.9516237484438883,0.5820661049433776,0.7195387537868767,0.8785364034828549,0.6555792283703631,6.926311976408989,18.078435715683153
6,sat_p01_s02,1.7720615138491251,1.5748894350710727,11.126706225325757,2,122,122,122,2.2003316006397213,2.034932939708011,2.3456618589414404,2.2204000032697144,5830371.235716306,131.275805544026,0.852552823301392,0.6253703583904026,1.4220645580256677,0.8186108339825106,0.6548176926769327,1.175315627626128,4.6828598122427625,16.02896223420003
6,sat_p02_s01,1.2437521737769242,1.1001828667979296,11.543240687814443,2,122,122,122,2.0516451534833537,1.9183353861682446,2.217027401202072,2.0195726730797445,5696680.689606842,130.44735125932112,0.565635242711881,0.7466250705157345,0.8182464457939735,0.833915156139035,0.5710048793703215,0.4346737632899003,15.840002653569682,6.546557819614037
6,sat_p02_s02,1.1000506976494995,1.137058880151391,-3.364225174436747,2,122,122,122,1.923668602664117,1.8881136525554698,1.917558356041098,1.9653337993957827,5696680.689606842,130.4473512593211,0.5716595057926617,0.3699556341930032,0.8639732493340826,0.7638887581340907,0.3615621491881921,0.7606902618029937,9.544352422922227,-33.24918021837362
6,sat_p03_s01,1.3193126427962871,1.392314324221074,-5.533311745581368,2,122,122,122,1.895629680854833,1.7017708565960343,2.0049753314470626,1.980142854521402,5412750.46053267,128.48288635844995,0.9662090981410951,0.7241898631864513,0.5315777179016101,0.9237316957687576,0.8155817036185693,0.6481399666630611,-3.7573662045428304,-7.088621338309379
6,sat_p03_s02,1.8210606548239463,1.5862245818986451,12.89556568603171,2,122,122,122,1.914781658984718,1.9351398250440466,1.9668470170186696,1.842358134891438,5412750.46053267,128.48288635844995,1.0364727942364762,1.1280905653972997,0.9845799772578421,0.7015561638980581,1.0532315127123146,0.9563632959006224,16.50581846590823,9.400677110362585
6,sat_p04_s01,1.7853666958572434,1.3436933022440922,24.73852540422133,2,122,122,122,1.9067848328309542,1.9607844048004046,1.76912714879994,1.9904429448925183,5074540.099114013,125.70578861559211,0.9847416603148597,1.1945177396831155,0.8893511515137795,1.0525917353388572,0.5808297132236985,0.6001659549061766,19.744018016702412,35.44949415454645
6,sat_p04_s02,2.4562898037007783,2.129479949253329,13.305020195705728,2,122,122,122,1.9526764409588402,1.9084019281251774,2.0390514357256033,1.9105759590257392,5074540.099114014,125.70578861559208,0.8344623344412948,1.2465960558718974,1.9450014101917308,0.7053399424865019,1.3105511920512367,1.5230351252739318,7.181185076213478,39.55231976994059
6,sat_p05_s01,1.2044428956864226,1.1528399398141045,4.284383764238912,2,122,122,122,2.2744193955178527,2.3995203097325164,2.164768370673937,2.2589695061471047,4813253.302009773,123.15426500067423,0.7398079790278765,0.7994085448566877,0.5141136270770276,0.8259519191133945,0.5458151691149078,0.5907022560542267,-6.44129055844928,19.882092460183767
6,sat_p05_s02,1.6186649223489669,1.242825728153203,23.219085618433947,2,122,122,122,1.9628962930352014,1.9488671612976332,1.8348188405086348,2.105002877299336,4813253.302009774,123.15426500067424,0.458975606591756,1.0569354522500243,1.136795924154267,0.3734782134061282,0.7146008948192939,0.9457670832683757,14.77132535351186,44.162643995389296
6,sat_p06_s01,2.085324782336727,1.2864131727092516,38.311135818960956,2,122,122,122,2.0468863941192788,2.105130506212156,2.0244875279682732,2.011041148177407,4744593.28914247,122.41402948998675,1.2263053628202634,1.3841976434301022,0.9637175358311856,1.0114106655965749,0.3917836258338473,0.6916739889325464,35.077303437325774,47.70368068522506
6,sat_p06_s02,1.5075800981260472,1.419433330489157,5.846904436219233,2,122,122,122,2.042614155277473,2.011035563243004,1.9141888460072627,2.2026180565821516,4744593.28914247,122.41402948998675,0.9056320110247196,0.885238520812938,0.817912693471611,0.8659049146218251,0.8436263061055206,0.7438375590033518,6.103469578877082,5.133749921739524
6,sat_p07_s01,1.759202989257533,1.539539399096884,12.486540297055623,2,122,122,122,1.8003499736445572,1.9632757259980453,1.831921995854385,1.6058521990812402,4901209.544789459,124.0580831057591,0.8310897112100643,1.184966700683791,0.999969483336358,1.1047535623945357,0.6612763253213192,0.844046651150107,5.356566998671577,23.142464664391078
6,sat_p07_s02,1.7030081183051042,1.4145076911078227,16.94063722282238,2,122,122,122,2.0108662427837136,1.9561817652674727,2.139844491537942,1.9365724715457266,4901209.544789459,124.0580831057591,0.7666033946283228,0.7302842226894184,1.3338818690005259,1.0048198274847615,0.540163871727359,0.836296666367377,14.810877344834624,24.82071550353039
6,sat_p08_s01,1.6251186447263322,1.7750148951729967,-9.22371119998484,2,122,122,122,1.8993910726252952,1.8789775643398428,1.9884901852639183,1.8307054682721247,5210017.4822311085,126.88225023872187,0.7545720257386404,1.093081089056417,0.9363788763940969,0.9326079746482226,1.1159643613993924,1.0176167194946193,-7.996439689779641,-12.821071753746073
6,sat_p08_s02,2.21500319294363,1.6739801370616343,24.425384920687296,2,122,122,122,2.2168325295889137,2.3299601467581534,2.2611665089996063,2.059370933008981,5210017.482231108,126.88225023872187,1.1728491241463352,0.9808426285831229,1.6026889326047653,0.8629978704229345,0.7931000718896192,1.1951721427857367,30.580215461974923,19.39549235542853
6,sat_p09_s01,1.8290801583049532,1.6309907276405922,10.830002707368202,2,122,122,122,2.0068846063435863,1.9341570354969209,2.1901260522536585,1.89637073128018,5540811.281100643,129.40574258448558,0.9004807888860683,1.1145240835700672,1.1368837414152329,0.9768200503248418,0.6639354712300511,1.124785772036387,7.105861059945119,22.58657810615034
6,sat_p09_s02,1.3152700925215344,0.9668136400694074,26.493148018297376,2,122,122,122,1.9814290902953564,1.8448642513905664,1.9415632871919344,2.1578597323035678,5540811.281100643,129.40574258448558,0.6885857126739057,0.7822163642170136,0.8024479373355579,0.59338253528763,0.46591850696858866,0.6046037762899298,37.45952934593676,14.552844374184744
6,sat_p10_s01,1.5312884158411433,1.0510068452071792,31.36454019147943,2,122,122,122,2.0176679517056457,1.9811801721389797,2.212379775624238,1.8594439073537194,5772564.2640544195,130.92451737168298,0.8566884172214977,0.9466603250772759,0.8454368085270416,0.564368902896791,0.48389613816437455,0.7429317987440199,21.437470089182444,52.186890632489146
6,sat_p10_s02,1.7963821763187566,1.4945347554726904,16.80307369028946,2,122,122,122,1.9343134767988934,1.9751995251998267,1.9711904550854487,1.856550450111404,5772564.2640544195,130.92451737168298,1.1326189247870535,1.1245924307117796,0.8242907007820136,1.0348363279685922,0.45405171674958367,0.9780516081214993,12.763509605711342,22.104853615154227
7,sat_p01_s01,1.9672734579670375,1.8096870277401114,8.010397821855152,2,122,122,122,2.108958127853258,2.2825860358989583,2.0715097281325243,1.9727786195282928,5830371.235716307,131.275805544026,0.876138073913546,1.1601408584422737,1.3253754647017846,0.7976037841524698,0.9227381911121774,1.3369179378479168,20.707075961222674,-13.660400261697456
7,sat_p01_s02,1.7005546375042013,1.3816934695594598,18.75042182782873,2,122,122,122,1.897427759118321,2.0107435204893918,1.9134407394263975,1.7680990174391744,5830371.235716306,131.275805544026,0.8282602966362945,0.9313561043818287,1.1569125995440224,0.910312606812201,0.7890922026862797,0.6765658115525408,12.687869103425234,23.417692504190292
7,sat_p02_s01,1.5298727504484857,1.749404111072611,-14.349648397866375,2,122,122,122,2.2433562690968243,2.6179576779693443,2.2721797347858397,1.8399313945352878,5696680.689606842,130.44735125932112,0.8479605111542129,1.0636384381228468,0.7001049043075555,0.8779100832018344,1.145167610683118,0.9890802662537654,-44.199365476684456,15.141852166363082
7,sat_p02_s02,1.7400014446081704,1.3761851451581406,20.90896536766711,2,122,122,122,2.0324686514142685,2.05087472422091,1.913517111551377,2.133014118470519,5696680.689606842,130.4473512593211,0.5830008800647638,1.2014875683934902,1.1154114147157224,0.5204045482389754,0.44992986683424513,1.1919009081532908,26.662275269506694,14.104422720504378
7,sat_p03_s01,2.0826335444318156,1.3318385284628387,36.050270004356854,2,122,122,122,2.0139924785337042,2.3264814113652537,1.9711880355048368,1.744307988731022,5412750.46053267,128.48288635844995,1.5396575200213443,1.0840107429972432,0.8897965556805202,0.8771151252641495,0.47239595155943,0.8839145817787912,41.61639943791074,31.972190942087845
7,sat_p03_s02,1.4812203743635992,1.3758163279419167,7.116027314096932,2,122,122,122,1.926147393447757,1.767448871586249,1.9088630479492557,2.1021302608077663,5412750.46053267,128.48288635844995,0.620799994239175,0.8528532779354185,1.0398377041141051,0.28571105642558453,0.5992914412176411,1.2050267752008825,-6.985093634712608,38.80857534835399
7,sat_p04_s01,1.2202993451398525,1.6090395824127834,-31.856137497834954,2,122,122,122,2.058209014270572,1.85572500251224,2.274101385140425,2.044800655159052,5074540.099114013,125.70578861559211,0.5068438411114335,0.6065695537781137,0.9296844566333144,0.7209133796339944,0.9559040657718147,1.0749603220011013,-17.282503866064616,-68.53995940590309
7,sat_p04_s02,1.656659597704475,1.3366919954910468,19.31402218396503,2,122,122,122,1.9994162677388068,2.0494436393765763,2.130356612692733,1.81844855114711,5074540.099114014,125.70578861559208,1.2616896355234297,0.7695771688226389,0.7486062165825499,1.1688269040637163,0.39950804739605844,0.5108644430888236,-5.734752602079012,44.08222031076082
7,sat_p05_s01,1.4574699322501743,1.2177482276460216,16.447797604582384,2,122,122,122,1.9315633973877129,1.7656699506200781,2.0740210943645225,1.9549991471785382,4813253.302009773,123.15426500067423,0.9555631370388941,0.9541986263195599,0.5482906857457821,0.9192287259662484,0.5830202853237264,0.545909005416228,20.396035931891458,9.75452975366494
7,sat_p05_s02,1.3644375199777798,1.105189669420798,19.000346059173427,2,122,122,122,1.9892850216320195,1.7954840831767618,2.129426115097685,2.0429448666216126,4813253.302009774,123.15426500067424,0.6926717478153825,0.8833392927267005,0.7756334763447164,0.6667656181607318,0.6692686795052236,0.5735392318460214,25.046910764544904,12.083821921289633
7,sat_p06_s01,1.946012825108479,1.6601556943482627,14.689375479541424,2,122,122,122,2.016667515543747,1.9015089826231555,1.9926690865614818,2.1558244774466027,4744593.28914247,122.41402948998675,0.8468018047255956,1.1401146889798857,1.3304251632363455,0.7932032526712935,0.8805779392922257,1.1625523739860069,16.640564674744972,6.1195089506876545
7,sat_p06_s02,1.5258748374614015,1.5800178502875857,-3.548325950263517,2,122,122,122,2.021869548435882,2.078160691853936,2.029263189881272,1.958184763572439,4744593.28914247,122.41402948998675,1.0229325750169553,0.7600663192365948,0.839167538057314,0.9029576970120363,0.839201625858418,0.9883645257650187,-8.515217676180475,-1.727815482158685
7,sat_p07_s01,1.6004431089202937,1.6861783915592339,-5.3569715887483005,2,122,122,122,1.914528085297194,2.002032683353846,2.0023083943442868,1.739243178193449,4901209.544789459,124.0580831057591,0.805170809480236,1.0464269037649376,0.9044936967875025,1.10987168800814,0.7132249124838491,1.0500917238658978,-16.170818070764597,5.105572389368212
7,sat_p07_s02,1.3499998430667473,1.2482193057561195,7.539299936466398,2,122,122,122,1.7986586333228176,1.8429706461816002,1.763641511074341,1.7893637427125115,4901209.544789459,124.0580831057591,0.8292661775373678,0.6659990124597968,0.8314219737746776,0.7273474394435964,0.4797797265346045,0.8937720915331341,2.048572689142385,11.447351200669493
7,sat_p08_s01,1.648140993783873,2.0482473840047373,-24.27622343779478,2,122,122,122,1.9581631503482668,2.073958956867416,1.7873507179256112,2.0131797762517727,5210017.4822311085,126.88225023872187,0.9908331469821776,1.1611724637803864,0.621527891240991,1.3996551372126271,1.193290005517604,0.9013000641786,-41.52564633422018,12.396915963014598
7,sat_p08_s02,2.0406566410646887,1.9977946842297458,2.100400232573185,2,122,122,122,1.9196296355855542,1.9916251157242302,1.838512233356906,1.9287515576755254,5210017.482231108,126.88225023872187,1.1236173893842751,1.0707076161005906,1.3248957279042277,0.8059707577869732,0.9502969206787901,1.561579489003788,15.72215721671139,-4.902317451838232
7,sat_p09_s01,2.264506973497506,1.3532716967187823,40.239897136255266,2,122,122,122,2.074545667163411,2.2451202479707035,1.9104953530853335,2.068021400434195,5540811.281100643,129.40574258448558,1.253146030864773,1.7337997137418635,0.7426677662153723,0.7497117728560372,0.915418402507538,0.6567234510292265,46.51972964631749,10.576707905103317
7,sat_p09_s02,1.7120894703915261,1.657003561958599,3.2174666911729752,2,122,122,122,2.0390954904201286,1.911433291571057,2.0921283749998416,2.1137248046894865,5540811.281100643,129.40574258448558,1.235345975744822,1.0658619435235084,0.518757161092644,1.1728603061899383,1.0375744800966742,0.5417552074135005,6.372693654420781,-3.3530818280335817
7,sat_p10_s01,0.9598270255952658,1.1092052704226782,-15.563038010392656,2,122,122,122,2.0055247702450654,2.0665386061471,1.8043516337717174,2.145684070816379,5772564.2640544195,130.92451737168298,0.49229905812541674,0.6264128207326914,0.5352723927624097,0.5697240478892309,0.8642921058509586,0.3984344324401083,-11.858237026690654,-25.89740609769794
7,sat_p10_s02,1.666670797331578,1.5452031040410577,7.288043534751798,2,122,122,122,1.9529396499501963,1.7507117739667961,2.0216371938990183,2.086469981984775,5772564.2640544195,130.92451737168298,0.9667877048563994,1.123653094751533,0.7619165328772406,0.8943759381608337,1.0099494593779326,0.7534894846507617,12.452556760491753,-2.618805316966488
8,sat_p01_s01,1.8589396625183352,1.4848657122885012,20.122974283257268,2,122,122,122,1.9829438086938762,2.3056606691729966,1.7806538126655902,1.8625169442430418,5830371.235716307,131.275805544026,1.2101121030713988,0.9771102038521611,1.0181065840136225,1.0097541505837515,0.5461122488969867,0.9417983597955562,11.800551064180766,35.58436944418833
8,sat_p01_s02,1.602012870570588,1.591694697153723,0.6440755630877124,2,122,122,122,2.0744874553157335,2.249518855579724,1.961740504124894,2.0122030062425833,5830371.235716306,131.275805544026,1.3681978185980106,0.4690643112112983,0.6888095808025112,1.3392235774893857,0.6332045714244916,0.5822578373632582,0.45608461937672806,0.7934177811573431
8,sat_p02_s01,1.71104370751005,1.49580457068298,12.579406118169302,2,122,122,122,1.984792492634225,2.0329637691503217,1.9655579945709545,1.9558557141813984,5696680.689606842,130.44735125932112,0.5971849805497956,0.7572215332475498,1.413384667244451,0.46792992027282465,0.5295392495989002,1.3183554477165085,4.04899006197748,28.809388827868723
8,sat_p02_s02,1.2503912468573088,1.333464932827024,-6.643815380066824,2,122,122,122,1.9984221952644987,2.1132366752274376,2.0293123956231938,1.8527175149428654,5696680.689606842,130.4473512593211,0.6321825630983224,0.7887964878828598,0.7359507985154146,0.5657670747140555,0.9319041295591585,0.7678483167654059,-15.26272069098959,5.5481156126063995
8,sat_p03_s01,1.7896154697516184,1.5572228088934128,12.985619804150415,2,122,122,122,1.9366322787868633,2.012918039119785,1.9574011455283187,1.839577651712487,5412750.46053267,128.48288635844995,0.8861902362295546,1.060720256482164,1.1367774330422487,0.7653663073237966,0.593632241208932,1.2193268857647184,20.150735155910567,3.9266920382667934
8,sat_p03_s02,1.4716166051289903,1.135769034160187,22.82167582224078,2,122,122,122,2.1534131644751726,2.2823477014176476,2.1223509414565385,2.0555408505513317,5412750.46053267,128.48288635844995,0.778304227508068,0.8007145542613981,0.9585166480183923,0.5996426300759502,0.6092836871147588,0.7477789805608374,29.131160033187278,16.78641134736754
8,sat_p04_s01,1.3162038837257164,1.5402203471378895,-17.01989077695624,2,122,122,122,2.1502568424495045,2.370549028701809,2.0596357206413423,2.0205857780053624,5074540.099114013,125.70578861559211,0.9178259992348654,0.7590763403943876,0.560170695517575,0.8015006994426379,1.1524644435124807,0.6337989057816299,-34.897373235361556,16.70292516317186
8,sat_p04_s02,1.8342655875025695,1.6123555473715625,12.098032130295099,2,122,122,122,2.152114194584363,2.0237128266663036,2.28190458036654,2.1507251767202447,5074540.099114014,125.70578861559208,1.1344027896049504,1.0046861633161581,1.033569673352363,1.122189692266326,0.5670502058283048,1.0093734540699673,19.739159633725905,-11.215887809495824
8,sat_p05_s01,1.8132644368970512,1.6827801039858814,7.196100593825196,2,122,122,122,2.1668072477209392,2.325531463508362,2.333260220463204,1.8416300591912516,4813253.302009773,123.15426500067423,1.4002641225988623,0.9830551524782465,0.6006586986500652,1.1036904868423185,1.1454747813995418,0.5490935373888233,17.324179978950628,-10.478223101390288
8,sat_p05_s02,1.5401816343874253,1.6876325994971784,-9.573608840518254,2,122,122,122,1.8541344889175908,2.131968466086979,1.5963456230403639,1.8340893776254292,4813253.302009774,123.15426500067424,1.033789276404689,0.7547522905413161,0.8566143699574662,1.081574872103107,0.9862070100954303,0.8400567362740343,-12.53527537883666,-6.582055912869709
8,sat_p06_s01,1.81732316424078,1.6424076029289312,9.624901324851768,2,122,122,122,2.058534463402602,2.258730253239329,1.9759068454099584,1.9409662915585189,4744593.28914247,122.41402948998675,1.4075058055910565,0.9676630936230456,0.6206601547976714,1.306951896609387,0.693267357472185,0.7132740323125589,17.172700794574833,-31.316612548297346
8,sat_p06_s02,1.6040771504418494,1.4481005226828219,9.723760962249425,2,122,122,122,2.0362171347086044,2.0743738358178287,1.8124009400824324,2.2218766282255507,4744593.28914247,122.41402948998675,1.1748649684719468,0.6465994078189836,0.8801505645258624,1.116506925447046,0.35080207831233295,0.8528454203868331,11.666602512560866,6.876762737746729
8,sat_p07_s01,1.3007818418221093,1.370671956753441,-5.372931315940795,2,122,122,122,1.9113183986427638,1.9343450750563023,1.7615057559570586,2.0381043649149304,4901209.544789459,124.0580831057591,0.7001603700971651,0.8282701360580164,0.7181764670844869,0.7407815844381925,0.51574296145727,1.0315005840496805,-0.9142328941922242,-9.582664265128537
8,sat_p07_s02,1.5551002317577316,1.434381691064725,7.762749836167049,2,122,122,122,1.932914733761265,1.817493042767963,1.963717383911136,2.0175337746046966,4901209.544789459,124.0580831057591,0.6230623464875755,0.6551171742858761,1.2652871338783287,0.6933446503222896,0.3685340757656952,1.2003777182748296,15.778550442086134,5.771316768834493
8,sat_p08_s01,1.2408099111129238,0.9626910454869153,22.414300783312925,2,122,122,122,2.0455999655244037,1.9336372421511288,2.1705376850381257,2.032624969383957,5210017.4822311085,126.88225023872187,0.7921074215952196,0.6748603685287822,0.6758243493386663,0.6427394420507984,0.5242345594905559,0.4887107378896655,15.543786089375454,29.91356069583169
8,sat_p08_s02,1.0928330422317658,1.1378627199722566,-4.120453536848772,2,122,122,122,2.1621330116749555,2.3269907937677137,2.0945967357699518,2.0648115054872016,5210017.482231108,126.88225023872187,0.5494941313477993,0.7106441691666182,0.622354499170168,0.5962045037246075,0.7491972464697839,0.6147969137229384,8.480313542182884,-14.571616022465323
8,sat_p09_s01,1.7277439349792811,1.361409672832666,21.203041418924634,2,122,122,122,1.97909211703757,1.9861164119924026,2.154621464397654,1.7965384747226532,5540811.281100643,129.40574258448558,0.5656286371433245,1.16776460807538,1.1408282823578793,0.6030243411949628,0.6593964302264237,1.027129149140154,33.722943192353874,14.481108965374517
8,sat_p09_s02,1.4856638124296957,1.5741546112454647,-5.956313809047335,2,122,122,122,2.1237974683620866,2.390972770038934,2.0640290116897706,1.916390623357556,5540811.281100643,129.40574258448558,0.6282661843018194,0.9890394599917187,0.9133890254460364,0.6391844689600672,0.687764919634732,1.2634814482474317,1.0341401650878999,-17.99591303134181
8,sat_p10_s01,1.1754551474393613,1.2983707862015452,-10.456854864258002,2,122,122,122,1.8636816895129633,1.677725204981863,1.736715612867129,2.176604250689899,5772564.2640544195,130.92451737168298,0.5191231937625624,0.5801850115315521,0.8806765954273912,0.6341849453331264,0.6794422283690547,0.9066059849147984,-16.746724769383068,-3.618537289306719
8,sat_p10_s02,1.9370994882835717,1.5337120639307784,20.824300806058623,2,122,122,122,2.06365390276728,2.151324832970427,2.0225433522771157,2.0170935230542977,5772564.2640544195,130.92451737168298,0.6613953220199825,1.765386337167195,0.4453332864967021,0.44856189076469755,1.258009822337991,0.7539736149903019,19.886530513105942,22.183102139090433
9,sat_p01_s01,1.374940815497131,1.292817180405551,5.972885099195115,2,122,122,122,2.0212924694425722,1.8316114069480844,2.0805219066984533,2.15174409468118,5830371.235716307,131.275805544026,0.6727184599553028,0.6618808833721176,0.999912904198074,0.5929043896339559,0.6528397624430364,0.9453258122350543,0.40363877520966945,14.960443758475375
9,sat_p01_s02,2.43336513670279,1.9315200553225462,20.623500921043195,2,122,122,122,1.919273466594047,2.4471043286005534,1.616790072384476,1.693925998797111,5830371.235716306,131.275805544026,0.9953062447396169,1.0433458802687356,1.9601175326569495,0.8103410481178179,0.6830732171734296,1.6147842239224621,27.400389180112967,-5.169057135606646
9,sat_p02_s01,1.2819782064168506,1.3932401313659397,-8.678924836021043,2,122,122,122,1.9444229479466066,2.0231928732306876,1.9235522239761353,1.8865237466329976,5696680.689606842,130.44735125932112,0.727151833809857,0.6832392847448142,0.8049238548435015,0.7745278846132388,0.7035922426824014,0.919881826998594,-9.815249873609387,-6.965895300712252
9,sat_p02_s02,1.535200207320094,1.4105879501886907,8.117003667484614,2,122,122,122,1.970344659039386,2.0264324055307097,1.8611667598100592,2.0234348117773897,5696680.689606842,130.4473512593211,0.7813303692931216,1.028008174250086,0.830398533386795,0.9313853866036325,0.8637468426075408,0.6133685830919597,-10.415750998713225,32.228269290649486
9,sat_p03_s01,1.5622743736236029,1.564903413697856,-0.16828286494613087,2,122,122,122,2.0560420499085637,2.17741843603554,2.074200197207814,1.9165075164823362,5412750.46053267,128.48288635844995,0.7961346934962901,1.0392281475754634,0.8525700121277194,0.9442904896766288,1.0565278687110427,0.6640685416027307,-13.044908699507072,18.61345946309148
9,sat_p03_s02,1.279537642489688,1.270881057268596,0.6765400980504404,2,122,122,122,1.9183524480616474,1.951306515746066,1.9496137957505362,1.8541370326883408,5412750.46053267,128.48288635844995,0.4237801556288663,0.6175974122018821,1.0374007878755351,0.688338931691122,0.6350143539207463,0.8591187037639711,16.884592767917802,-72.97919422861098
9,sat_p04_s01,2.0322555659072665,1.442145179270199,29.037213455662144,2,122,122,122,1.9224431254575853,2.240462184566398,1.5456239214822731,1.9812432703240852,5074540.099114013,125.70578861559211,0.9357002083486624,1.475159383525053,1.0384760943109475,0.46736527523463955,0.9720516638025882,0.9573233416645309,12.534697068455959,60.43222428584552
9,sat_p04_s02,1.0925601298087841,0.9323644003193388,14.662417666429238,2,122,122,122,2.0626822990457563,1.8047740964414505,2.2585609314354893,2.12471186926033,5074540.099114014,125.70578861559208,0.7322745603001711,0.49829316420487285,0.6396604787632842,0.5012486898556681,0.38047042414249027,0.6879646664281894,14.405148904858622,15.312735060058134
9,sat_p05_s01,1.6461763690652664,1.2438760392847288,24.438470709488573,2,122,122,122,1.8915554032307236,1.8323155783591585,1.9500292088216455,1.8923214225113667,4813253.302009773,123.15426500067423,0.8034377485882397,1.2059883469934658,0.781009941760239,0.9923182275837695,0.5845950648504755,0.4698731174095177,22.375058938477814,25.952245306030182
9,sat_p05_s02,1.373912820482935,1.1492735598888457,16.3503285830849,2,122,122,122,1.9293275377919936,1.6388673338165611,2.130214938989964,2.018900340569455,4813253.302009774,123.15426500067424,0.46413824843935975,0.9385914655004176,0.8895269447930148,0.5916009968591351,0.5610198655565851,0.8099967200092412,13.855206827500437,21.862789084127392
9,sat_p06_s01,1.7526944575262968,1.5164570075331218,13.478530098542892,2,122,122,122,1.9651513880438518,1.8614389776727676,2.079574666170805,1.9544405202879829,4744593.28914247,122.41402948998675,1.117039332231487,0.9562516655735268,0.9538048772044989,1.2218177641583507,0.44432408057955164,0.7806275157208692,25.925627471901702,-0.5478468978149055
9,sat_p06_s02,2.2545589170930596,1.5170739512922302,32.71083138300567,2,122,122,122,1.8489779155634756,2.2061202928611827,1.6741263809720153,1.6666870728572292,4744593.28914247,122.41402948998675,1.4959022427786255,1.1818407968518343,1.203563343405876,1.027599957167039,0.503769802258741,0.9958753376060223,32.62816555991802,32.82744320200866
9,sat_p07_s01,1.4242296947140012,1.2661164430384637,11.101667958642592,2,122,122,122,1.9167516232558612,1.8754766278969865,1.7819407946303993,2.0928374472401976,4901209.544789459,124.0580831057591,0.5433772264425539,0.8646520152990744,0.9927478559674578,0.7958069141409697,0.7227028906514431,0.6689116044604453,-6.538089555192591,24.616883785989465
9,sat_p07_s02,1.9141942948115616,1.7923302718169625,6.366335085467158,2,122,122,122,1.8808709760970062,1.7948866328806976,2.063991201339702,1.783735094070619,4901209.544789459,124.0580831057591,1.4303088331891975,1.0206711609154675,0.759333142478029,1.3265547755420066,0.8375789984752262,0.8666958244225011,7.937766125104195,4.2612336534397555
9,sat_p08_s01,1.9433945170026208,1.6191845737195933,16.682662241070332,2,122,122,122,1.9959470502388759,2.179361904321798,1.8274504728494736,1.9810287735453567,5210017.4822311085,126.88225023872187,0.6891592926926718,0.7438931542180452,1.6578494181072998,0.7005363686460533,0.49022310970374033,1.3750231935091488,13.575959125672105,32.20911784050304
9,sat_p08_s02,1.3627378114481723,1.2744540728285825,6.478409704194771,2,122,122,122,2.057359799230042,2.1644471291290857,2.105882430506692,1.9017498380543487,5210017.482231108,126.88225023872187,0.49467710381320107,0.7625573413675848,1.0153103992572614,0.549609162007342,0.675418264237764,0.9305767679890763,-7.321951344996564,21.022128581422393
9,sat_p09_s01,1.398886877261245,1.195514912968379,14.538127964359038,2,122,122,122,2.0377268825181005,1.978944981193659,1.9173651163843597,2.2168705499762837,5540811.281100643,129.40574258448558,0.6617732115595253,0.6637601583365194,1.0384426628567354,0.48333114316389103,0.6691282761370038,0.8648203647299243,21.06960459873474,7.991680013555861
9,sat_p09_s02,1.0999272880841027,1.0917635344811285,0.7422084797254297,2,122,122,122,1.926126155506706,1.8889311364369363,1.934054429713364,1.955392900369819,5540811.281100643,129.40574258448558,0.7985879907496082,0.5221802825284332,0.5471974165153547,0.6851176441324587,0.6581416843561557,0.5379692855860441,3.4858322071625936,-2.601273525702269
9,sat_p10_s01,1.6829154308156993,1.3875206564956701,17.55256199515938,2,122,122,122,1.978264145981681,2.0862266870426933,1.8313332855306568,2.017232465371693,5772564.2640544195,130.92451737168298,1.0106895977194503,1.039818918981795,0.8541004039729861,0.7847154335861564,0.6718587470689475,0.9263050709570847,19.187243969639326,14.871507431424984
9,sat_p10_s02,1.9268036402755342,1.4958330843910541,22.36712381459125,2,122,122,122,1.9573886865311518,1.944458560473965,2.071648985133538,1.8560585139859518,5772564.2640544195,130.92451737168298,1.3248047762484993,1.3302966171594621,0.4333306859458541,0.9879597517485511,0.9885305320271831,0.5331599502343077,9.220933635945636,37.68955257550616
10,sat_p01_s01,1.3629063280214242,1.4753194790463946,-8.248046744941323,2,122,122,122,2.087090987210886,1.8843397783445828,2.288571935829122,2.088361247458952,5830371.235716307,131.275805544026,0.6582747815396972,0.7278936548648568,0.9457054499986697,0.8550300030819145,0.43606051138543184,1.1204206752348609,2.3009978632178396,-25.848544257458283
10,sat_p01_s02,1.7087848401038932,1.4821635828661122,13.262129433685905,2,122,122,122,2.02697566785526,1.9965843223323376,1.9150705998682476,2.1692720813651962,5830371.235716306,131.275805544026,0.8551660834182961,0.8092456448833278,1.2384498721293757,0.7381931716136574,0.4798339241494911,1.1923250953463913,20.814628512151774,9.050698455178592
10,sat_p02_s01,2.016291363761443,1.7722905097693193,12.101467991061265,2,122,122,122,1.822998718395228,1.9154340306388813,1.8214869366407338,1.732075187906069,5696680.689606842,130.44735125932112,0.8364242821165271,0.6726044840247097,1.7068768238905483,0.9693840358383605,0.4017922778230953,1.4282405986254048,8.304753523739395,15.30063281438919
10,sat_p02_s02,1.9932535909890126,1.807657409070109,9.31121773756918,2,122,122,122,1.9570500841475154,2.0231764863971478,1.7860510712535567,2.061922694791841,5696680.689606842,130.4473512593211,0.8889095571733011,1.1643011666543732,1.35177752255459,0.5314485067245465,1.3467363252362106,1.0823534836436646,5.7841621457707415,12.947257030877376
10,sat_p03_s01,1.3244035887957522,1.4573768822358648,-10.04023958897771,2,122,122,122,1.8165283046331835,1.9447899685794503,1.7546723070666908,1.7501226382534092,5412750.46053267,128.48288635844995,0.899693064330097,0.6681653269851741,0.7057990874364909,0.5891856182002129,1.0314504255013675,0.8443445409988808,-16.84047643571216,0.2142282536162555
10,sat_p03_s02,1.2861465395304055,1.5172494025985501,-17.96862612191332,2,122,122,122,1.8921155723350103,2.0053454709809393,1.7815241918167495,1.8894770542073414,5412750.46053267,128.48288635844995,0.9415256963710567,0.6954789303920765,0.5329271447390603,0.9972635340087094,0.9482733369315235,0.6389748601368214,-8.45318662059004,-39.33200280350186
10,sat_p04_s01,1.7244983351484044,1.1929820216333433,30.821503429826194,2,122,122,122,2.007126783007423,2.037872839489804,1.938847797594652,2.044659711937813,5074540.099114013,125.70578861559211,0.5344328029018898,1.5785456335184307,0.4432491060475417,0.5026190324964817,1.0102805668756072,0.38718650325932225,25.220726545940696,43.85690959248724
10,sat_p04_s02,1.876438626266733,1.8231277550775773,2.8410666057978284,2,122,122,122,1.8930567496177406,1.8718195914443236,2.118469107948435,1.6888815494604636,5074540.099114014,125.70578861559208,1.5091879933629249,0.5840763115418285,0.949857031942526,1.549955703424259,0.4468504372377554,0.8495627201668174,7.759890413193002,-7.98310269442932
10,sat_p05_s01,1.7112584058685407,1.8342668595413671,-7.188186965275656,2,122,122,122,1.9197752851988612,1.8101169148041811,1.9130844867482866,2.0361244540441157,4813253.302009773,123.15426500067423,0.8115680315701314,0.8700363126581668,1.2299591360875781,0.7252125077272129,1.1375678560655895,1.2427956805099116,1.7507475435878483,-20.210190661668506
10,sat_p05_s02,1.9362001802234983,1.6588258445175872,14.325705499825611,2,122,122,122,2.016818070330321,1.8538223936187785,2.1600073993391358,2.0366244180330497,4813253.302009774,123.15426500067424,1.45476137987146,0.7084775509444386,1.0632967719972457,1.0178374677870743,0.7745470282458572,1.0563081807142243,25.7665183497352,-7.175872508972578
10,sat_p06_s01,1.3037657892596755,1.212248227532157,7.0194786886903415,2,122,122,122,1.964923469188976,1.708837184737334,1.8212580707747712,2.364675152054822,4744593.28914247,122.41402948998675,0.8870215670320171,0.6906795609738414,0.6602724565790634,0.8522419689692106,0.4220456551166246,0.7517358954310476,12.545297160769689,-6.560315439800763
10,sat_p06_s02,1.6279076626390614,1.5266284495927038,6.221434751536833,2,122,122,122,1.8449362590472047,1.6123699920419827,1.8601763509916915,2.0622624341079394,4744593.28914247,122.41402948998675,1.2442033445653657,0.5312886033966832,0.9054136156211321,1.033940635658984,0.8197128744619895,0.7678749823247152,3.9817246097529444,11.874855931741285
10,sat_p07_s01,1.8306089248774053,1.6689745148728716,8.829543427215524,2,122,122,122,1.8234755939400735,1.6537812465472106,1.7487214553781638,2.0679240798948455,4901209.544789459,124.0580831057591,1.3103280378253437,1.1110772852919346,0.6321999171448061,1.1771590915343393,0.7712126164727975,0.8972198753406926,12.24191394851104,5.751288339324162
10,sat_p07_s02,1.7575241761183977,1.4201078282971507,19.19839012208937,2,122,122,122,2.0497508809138836,2.2508123480089752,2.1326887748165375,1.7657515199161375,4901209.544789459,124.0580831057591,1.1838479640166577,1.0825482401708983,0.7179725171879192,0.8187546376317469,0.6096835699186733,0.9872350439072642,11.634239812488536,27.623631235826902
10,sat_p08_s01,1.7564214169093648,1.4573210200123285,17.028965487299708,2,122,122,122,1.887268264459414,1.9486003982480176,2.1125616401876477,1.6006427549425764,5210017.4822311085,126.88225023872187,1.1750540601347785,0.9414345322920981,0.9044142695394801,1.1314123836569467,0.5815472461348339,0.7109805721610624,26.10772812119171,1.651477756759937
10,sat_p08_s02,1.7954752142647004,1.4492749401140663,19.281818618276677,2,122,122,122,1.9766442741262784,1.8651568393688953,1.836818414217998,2.227957568791943,5210017.482231108,126.88225023872187,0.5837119004427685,0.8673321095148898,1.4597077358583852,0.4587424807450572,0.5292718956009658,1.2687885753463664,30.566842899314913,3.2115039905044873
10,sat_p09_s01,1.3536160257988727,1.525073007232817,-12.666589207434525,2,122,122,122,1.7986615658536977,1.876186574646293,1.5863166147913206,1.9334815081234806,5540811.281100643,129.40574258448558,0.9465333854321485,0.8061265761962527,0.5352670723218438,0.667588738870568,1.27732930758648,0.49860083544253697,-21.621815129615747,-4.2318178411849425
10,sat_p09_s02,1.4976297706012323,1.2623014410205218,15.713384856541449,2,122,122,122,1.9543445228726641,1.8761424961371556,2.004048570821539,1.9828425016592977,5540811.281100643,129.40574258448558,0.9230163784457625,0.841926690484227,0.8258905149971427,0.8889180659622081,0.568378826673984,0.6929466858259721,38.42090995516516,-8.664861799499535
10,sat_p10_s01,2.0215424435119247,2.134394445011201,-5.5824700520867765,2,122,122,122,2.019794385306517,1.9686375106441496,2.1839038865482228,1.9068417587271773,5772564.2640544195,130.92451737168298,0.6567085259980979,1.2261938624224369,1.466907077683898,0.9878217485751998,1.098344281817713,1.540612760733482,-8.103966764759724,0.4849729931981521
10,sat_p10_s02,1.1788788903582779,1.1742290310686896,0.3944306177350515,2,122,122,122,1.964049091813206,1.8176686797118362,2.0491164265364694,2.0253621691913124,5772564.2640544195,130.92451737168298,0.6772221117726871,0.4866153436440142,0.8332653579675112,0.7637089652896926,0.3935703897734253,0.8004153809330846,2.7470374773690707,-7.475811143416855
11,sat_p01_s01,1.484006383638814,1.2081179657635606,18.590783767302227,2,122,122,122,1.9496992877644959,1.7986097000490264,1.9312365493025672,2.1192516139418935,5830371.235716307,131.275805544026,1.0534932406455118,0.6500733368049676,0.8184324012221316,0.7599351613179798,0.40875284574914295,0.8455582066808156,20.006880788375625,13.40846226002958
11,sat_p01_s02,1.3785324554557512,1.5295729931586337,-10.956618185166164,2,122,122,122,1.972589412355328,1.7663758358292183,2.2144560166570972,1.9369363845796677,5830371.235716306,131.275805544026,0.39765274516129867,1.0127323457905772,0.846520655861427,0.5448483131352803,1.266269364016899,0.6627939007158558,-111.60698838588264,22.32689142480323
11,sat_p02_s01,1.4749187302093973,1.232294674508812,16.44999488657518,2,122,122,122,2.1159939797778144,2.071870468866617,2.0795298499713892,2.196581620495437,5696680.689606842,130.44735125932112,0.6532247810034777,0.46409158592672783,1.2382655797838662,0.5058083328737845,0.5172920047925122,0.9975555508321152,19.507935436026635,8.4321151626564
11,sat_p02_s02,1.2932227777893757,1.566135560943388,-21.10330778588104,2,122,122,122,2.102793054685418,2.1692817412232617,1.8971474880995929,2.241949934733399,5696680.689606842,130.4473512593211,0.5901286871562221,0.8778032322873386,0.7440663753822259,1.2628296254993112,0.6934354232065626,0.6141573463332223,3.0725259660618205,-51.69733958189127
11,sat_p03_s01,1.8094701526563743,1.6806361032639368,7.119987539076235,2,122,122,122,2.0343043797614175,1.7741882393284893,2.2382733737681644,2.090451526187599,5412750.46053267,128.48288635844995,0.9854829341321076,0.5135930174346094,1.428015347372383,0.9476238172183861,0.7166201783959107,1.1886977465068476,4.099899304787257,13.29368243929688
11,sat_p03_s02,1.9333448396836976,1.879222919480865,2.7993930049068343,2,122,122,122,1.788140740346396,1.9161669341230094,1.7958747781830333,1.652380508733145,5412750.46053267,128.48288635844995,1.5910189006989155,0.8389371440068206,0.7089891361340281,1.2289965394674747,0.8231515236318854,1.159080608163929,-8.4001583520664,20.322926562287794
11,sat_p04_s01,1.0990019595832556,1.2533373774362044,-14.043234091363512,2,122,122,122,1.8937213782697782,1.871520885636863,2.2483863901021,1.5612568590703724,5074540.099114013,125.70578861559211,0.51942081366002,0.6155370351851617,0.7477442636490497,0.48982192183997114,0.7674930695914005,0.8613265668100744,-13.939606939723177,-14.249475544262529
11,sat_p04_s02,1.513639776263256,1.4488750575056115,4.27874054139421,2,122,122,122,1.9233018556640817,1.9425771816763855,1.734274705938282,2.093053679377577,5074540.099114014,125.70578861559208,0.781862875217923,1.085628823975112,0.707958948807527,0.700324793771883,0.9585424513595557,0.8306506392171574,6.42041686113168,-3.5150216565616494
11,sat_p05_s01,1.4558302215292729,1.3012302845699486,10.619365821168708,2,122,122,122,2.1561927605514954,2.170444802827448,2.2929564521938346,2.0051770266332047,4813253.302009773,123.15426500067423,0.6749247210690921,0.8742585542614766,0.9484673084025688,0.7486297637470325,0.7171345873703587,0.7864297259839541,1.0792905769337384,23.045795789425586
11,sat_p05_s02,1.491156739270241,1.3691428042331273,8.182502336865419,2,122,122,122,2.046544660039337,2.1347561024830823,1.9479409882592216,2.0569368893757076,4813253.302009774,123.15426500067424,0.9315028267691314,0.9646796750052111,0.6521073756859481,0.5984327683448211,0.7879044563352158,0.9463808999771781,2.4840947156085726,13.769021221828098
11,sat_p06_s01,1.9028110005165149,1.763841166354881,7.303396612901164,2,122,122,122,2.0728083436898883,1.9982464418453447,2.0058764095468167,2.2143021796775035,4744593.28914247,122.41402948998675,1.1465496884960484,1.3325128896423992,0.7283700394944445,1.5161933298721022,0.49700653208350387,0.751849688199591,1.7105848518708768,14.427353835207306
11,sat_p06_s02,1.6608720492528828,1.4277580775572765,14.035636989644626,2,122,122,122,2.068300460700996,2.2035218966042054,1.9320029099527143,2.069376575546068,4744593.28914247,122.41402948998675,0.8985410337916585,1.028905362585844,0.9447082774191093,0.8227591486108794,0.747328710610438,0.8961363231699137,17.64886050589611,-0.5363485170115851
11,sat_p07_s01,2.0374109687597732,1.705127740907188,16.309091928314043,2,122,122,122,2.083149033817469,1.8764332564580912,2.1990854839955403,2.173928360998776,4901209.544789459,124.0580831057591,1.0589190452826416,1.4056282362029215,1.0266173448512352,1.1589517084072558,0.7296013689805458,1.0158609121197977,26.97732613940312,-4.070929868337144
11,sat_p07_s02,2.0054672768231505,1.5909619609979877,20.668764861712347,2,122,122,122,1.859643568975285,1.7548892474008755,2.019581554204819,1.8044599053201607,4901209.544789459,124.0580831057591,1.314212452058687,1.3207745655599985,0.7418215258619508,1.2544071235736682,0.6980865651656942,0.6857826749090138,37.529677602188976,2.1345237884066
11,sat_p08_s01,1.6890434534044083,1.5427442449903537,8.661660427928977,2,122,122,122,1.8965583214599047,1.9601645664616993,1.7722547754825257,1.957255622435489,5210017.4822311085,126.88225023872187,1.0788623586030412,1.0772554358281943,0.7269418990926168,0.548191763139856,1.239010088720065,0.7378343962749158,7.941351184566607,9.309658487508282
11,sat_p08_s02,1.256637787790964,1.0566990356209656,15.910611165168731,2,122,122,122,2.035178373368734,1.9961546030874222,2.0527706506391734,2.056609866379606,5210017.482231108,126.88225023872187,0.8184792952595934,0.6279804801521054,0.7175449041582401,0.5692203692890447,0.6999514549569016,0.5501536001631169,14.734344610475658,17.852588818432945
11,sat_p09_s01,1.4294625574033815,1.37579213002455,3.754587841483856,2,122,122,122,2.1842031134436537,2.651282644031666,2.018425094930319,1.8829016013689757,5540811.281100643,129.40574258448558,0.899450297571861,0.9090704323158895,0.6387044029166452,1.091369189109685,0.6525300810000675,0.5252825634737955,-0.1532692465998378,8.769344942569196
11,sat_p09_s02,1.2166424720778308,1.2081434131800086,0.6985666777937791,2,122,122,122,1.7183750250775058,1.6176439668848281,1.878433469399987,1.659047638947703,5540811.281100643,129.40574258448558,0.9110340043880318,0.6085321894256205,0.5290789375369463,0.7878199951804551,0.7249407287815914,0.5598313154493272,7.813106771264734,-2.2886924238639597
11,sat_p10_s01,2.6254899323247924,2.013186588331392,23.321488932590345,2,122,122,122,2.017628640008732,2.217117902512067,1.8585789533741457,1.9771890641399823,5772564.2640544195,130.92451737168298,1.25454686010119,1.3538763770924482,1.867171206959907,0.7554336655154114,1.0148650180632288,1.5659786753193234,20.17425300847035,26.783639253067054
11,sat_p10_s02,1.7131686245394593,1.322570852354603,22.799727159949498,2,122,122,122,2.1132277425392374,2.0072149694959536,2.2541858314180256,2.0782824267037325,5772564.2640544195,130.92451737168298,1.3490682049953144,0.8817932033426433,0.5808635475874373,0.9908276518663893,0.5207619367351982,0.7044581102114753,30.741497089490622,11.440159765687191
12,sat_p01_s01,1.2801050706079407,0.9707368539080344,24.167408113849802,2,122,122,122,2.0003304966314444,1.866356270344061,2.141858329347488,1.9927768902027831,5830371.235716307,131.275805544026,0.9318634618777782,0.7373789550029908,0.4759955429749536,0.6624591641635611,0.3785663493741746,0.600137829562922,27.465537921774555,14.71883703685617
12,sat_p01_s02,2.255598374438651,1.7600387178128192,21.970208093857202,2,122,122,122,2.1178785574160433,2.203060145001019,1.9531192572305034,2.1974562700166076,5830371.235716306,131.275805544026,1.6656847909285852,1.0771751037784696,1.0737373979885978,1.126287306143959,0.5587822264343426,1.2316556400391525,22.943570491483147,19.204776497437862
12,sat_p02_s01,1.6115903355533157,1.4279638316282868,11.394117963730743,2,122,122,122,2.001335737590176,1.9720308863548062,2.0201987523185907,2.011777574097131,5696680.689606842,130.44735125932112,0.7577508995483363,0.9141732077159851,1.0896441300611874,0.5633064004280897,0.8431954712897471,1.0053795307602735,10.763392882127224,11.811361774911292
12,sat_p02_s02,1.4008231092397656,1.0402431453614316,25.740577914510755,2,122,122,122,2.0365137029793776,2.1514674586069518,1.9364316879798933,2.0216419623512887,5696680.689606842,130.4473512593211,0.9853754259895512,0.8541455113612472,0.5116405952008772,0.6386836792637341,0.750834599285884,0.3323196711432983,35.06407238329553,1.418032095185411
12,sat_p03_s01,2.043784104255173,1.780554953828958,12.879498860871362,2,122,122,122,2.1652979573584625,2.179054683371061,1.9823253588675045,2.334513829836822,5412750.46053267,128.48288635844995,1.429495642998791,1.0848029477067958,0.9781606392102675,1.0642850010661622,0.9301340970105101,1.0828314465736968,11.405062444561036,14.822462098514467
12,sat_p03_s02,1.5172372964119556,1.3973602265700766,7.901009955751199,2,122,122,122,2.0653957513898855,2.212755393215126,1.898099984993044,2.085331875961488,5412750.46053267,128.48288635844995,0.47003590230508074,1.0578569382893317,0.9808231044795133,0.9648481455753318,0.822630570748098,0.5873351707930301,7.20028016439847,9.902193724063798
12,sat_p04_s01,1.3996164340688793,1.5807382083247383,-12.940815058116524,2,122,122,122,1.9179533297953633,1.9558682559782792,1.7798028684209946,2.0181888649868154,5074540.099114013,125.70578861559211,0.7474961183514192,0.7625719625167656,0.9047981639838659,0.6993461671550382,0.4222399285856669,1.353278117923744,-19.707765590863808,-4.386072019204347
12,sat_p04_s02,1.4561963923277073,1.1795276494162066,18.999411368493366,2,122,122,122,2.047556125255296,2.304127416364151,1.8726277658075727,1.965913193594165,5074540.099114014,125.70578861559208,0.9925309368790457,0.7566480849559997,0.7502492571796728,0.7856253193727786,0.49292951613062375,0.7287652745740358,12.826569279891801,30.95275649506059
12,sat_p05_s01,1.0684661164651057,1.0880352190519218,-1.831513632978664,2,122,122,122,1.9213779912936637,1.9377983978082693,1.8720860166007514,1.9542495594719709,4813253.302009773,123.15426500067423,0.5543296520521557,0.5870318070265697,0.6998086427223381,0.589097929459049,0.5991505540028207,0.6912328703429386,-23.705344130675865,11.397808155813006
12,sat_p05_s02,1.5463641011790927,0.9299592542658849,39.86155954106818,2,122,122,122,2.061311027439984,2.1387399682321693,2.1009896895551776,1.9442034245326043,4813253.302009774,123.15426500067424,0.9517776210306707,1.0174255559399796,0.6709743151871346,0.6294192722285461,0.42188222240479645,0.5391391144786639,24.77824656547539,65.13100530577402
12,sat_p06_s01,1.460897322275895,1.4720825147075842,-0.7656385059467508,2,122,122,122,1.989304934792566,1.868993267138861,2.111183078148923,1.9877384590899143,4744593.28914247,122.41402948998675,0.9866081347545366,0.5785598158683887,0.9088970866557943,1.016168997789984,0.8323372418549015,0.6645616704713561,-8.903978484714042,4.2373246656996635
12,sat_p06_s02,1.2254793658084688,1.158729865695416,5.44680734538661,2,122,122,122,2.1879874235697825,1.92901889111743,2.173010125245177,2.4619332543467407,4744593.28914247,122.41402948998675,0.5650956207713753,0.6266700266136094,0.8886795221852697,0.47880418965524674,0.5186289598897016,0.91892624926423,32.51008655817864,-36.52885695037908
12,sat_p07_s01,1.9918974470453634,1.6047541144611401,19.435906861494487,2,122,122,122,1.9629411136862738,2.107408512770099,1.9397963149713462,1.8416185133173764,4901209.544789459,124.0580831057591,0.6230178098549062,0.8649459337087981,1.6826683511346041,0.7764528811947934,0.37229019853183487,1.3541627299705856,27.222370013530053,-5.4862406431562585
12,sat_p07_s02,1.496115292099004,2.10219695473877,-40.510358114811595,2,122,122,122,1.8204007030514748,2.060094259309946,1.7207511928001495,1.6803566570443287,4901209.544789459,124.0580831057591,0.65212031371029,0.34289790058431374,1.3021217659933926,0.8158802347448064,0.4751903452738947,1.878234707065173,-53.36923486001462,-20.480260600560523
12,sat_p08_s01,1.4062050025600987,1.3742481478644217,2.2725601628139005,2,122,122,122,1.9108826500476663,1.8271285743707542,1.7402792959025721,2.1652400798696725,5210017.4822311085,126.88225023872187,0.8832157947167849,0.9327244574085465,0.572160340935806,0.9068894553222365,0.9231347963834984,0.4625274429048808,-5.057174576961771,9.255252377086865
12,sat_p08_s02,2.463273154729506,1.8534316911175583,24.757362472815768,2,122,122,122,1.9550607078389124,1.9480345910347656,1.850619611417554,2.066527921064418,5210017.482231108,126.88225023872187,1.1793138950761837,1.4527802252926303,1.6019871999145276,0.853651893296767,0.9536853095842539,1.3405117712996493,32.7385504565228,16.40897826846498
12,sat_p09_s01,2.4978554208429906,1.8996592211795509,23.948391675189793,2,122,122,122,2.2222312069665686,2.3116198977111653,2.0854840358957136,2.269589687292827,5540811.281100643,129.40574258448558,1.3824584227281131,1.8714728746312927,0.908669187538621,1.324400032973873,0.8594846865504676,1.0563880834506538,27.490732957877494,9.075863572311123
12,sat_p09_s02,1.9003958788272466,1.3776496357199604,27.50722883223038,2,122,122,122,1.929823702337743,2.112198009350298,1.763594862770161,1.9136782348927694,5540811.281100643,129.40574258448558,0.8962894562595815,1.5018549936470946,0.7433715658530208,0.6797932379582295,0.96691612838666,0.7077237265284794,29.489409283556842,25.031242575410044
12,sat_p10_s01,1.7237039856212317,1.4701060829970973,14.712381287018747,2,122,122,122,2.0543204171431664,2.1646830402068504,1.950720577242796,2.047557633979854,5772564.2640544195,130.92451737168298,0.8455339055537485,1.2245986453196829,0.8698195229395244,0.8844031110225957,0.9437747169719632,0.6988077819279876,17.908789970259125,4.621349574108759
12,sat_p10_s02,2.0017867387293364,1.7131947748447374,14.416718739369163,2,122,122,122,1.74270915890989,1.6190804151439417,1.6513836303398428,1.957663431245885,5772564.2640544195,130.92451737168298,1.7432084307605988,0.6734914844484648,0.7174843096913038,1.3525232667352551,0.8584189085430199,0.6073171551594068,16.744407713472807,6.744077033403654
13,sat_p01_s01,1.2370312492256121,1.3654723430077285,-10.383011250727991,2,122,122,122,2.0175884477562165,2.0628537377009097,1.995311347872672,1.9946002576950677,5830371.235716307,131.275805544026,0.5661487059118765,0.785016553599843,0.7703706672305295,0.869704624364104,0.7105630538313614,0.7766780107667257,-6.475689946598133,-16.27314286092767
13,sat_p01_s02,1.4299707169592677,1.1147678869796875,22.042607323444837,2,122,122,122,2.1143243354827916,2.324453480545675,1.741654378143878,2.27686514775882,5830371.235716306,131.275805544026,0.6035492233927502,0.9511275290163295,0.8808524336404489,0.8190559861283296,0.4722130740387712,0.5906517977077194,29.733438089352337,13.374139029541338
13,sat_p02_s01,1.1007231583496653,0.8968162932447468,18.524809218208862,2,122,122,122,2.02377872150825,1.7693549122709877,2.158667067513177,2.1433141847405848,5696680.689606842,130.44735125932112,0.6361218277626552,0.6742959426424626,0.5935195643844214,0.48347705896670223,0.5638742957413239,0.5025685782899499,18.210724400158476,18.76975159735352
13,sat_p02_s02,1.6527277251460157,1.547999756212683,6.336674053439755,2,122,122,122,1.8234200534866216,1.8903238559747537,1.9073703538515807,1.6725659506335306,5696680.689606842,130.4473512593211,1.2569441475019063,0.5952422101841135,0.892909320559575,1.2855408224872238,0.557072017874871,0.6582999360885718,-11.402024126666808,24.690184747000732
13,sat_p03_s01,1.2406325526255422,1.1817397165604064,4.747000708670849,2,122,122,122,1.8685012921063175,1.7998225935635517,1.8568017426014638,1.9488795401539374,5412750.46053267,128.48288635844995,0.605662383533817,0.7873104932413058,0.7432929402587085,0.5079933562174604,0.7675413723742118,0.7411691773334224,-5.739285227448527,11.981275836129859
13,sat_p03_s02,1.45219147908751,1.5923517179999116,-9.65163622916118,2,122,122,122,1.8494000876763739,1.680333786801451,1.9368550668151465,1.9310114094125235,5412750.46053267,128.48288635844995,0.7363227316551708,0.8794795058972005,0.890620416052233,0.8285996377143969,0.9014456945513762,1.018038454073139,-8.635477983027693,-11.668486471982268
13,sat_p04_s01,1.7087929611844932,1.804683258126483,-5.611580754377693,2,122,122,122,2.19925283157391,2.0731373231711983,2.2380892647659,2.286531906784632,5074540.099114013,125.70578861559211,1.0253001396341765,0.5737773873572306,1.2407709368039361,0.9322214375219895,0.9954655188429661,1.1819023878396886,-7.181639757520175,0.070945700632472
13,sat_p04_s02,1.3486440871528582,1.3091130333600904,2.9311702152806194,2,122,122,122,2.101920078148544,2.1615394277014452,2.0575965918482795,2.0866242148959078,5074540.099114014,125.70578861559208,0.6583339127905287,0.7241554534340094,0.9279203696137198,0.6671091071836908,0.4073651439376732,1.0501409489827902,1.0218076253877983,3.9478425018875796
13,sat_p05_s01,1.1266316041682267,1.0292476374180692,8.643816345100175,2,122,122,122,1.8497757805584314,1.860579937854926,1.8990662543582584,1.7896811494621099,4813253.302009773,123.15426500067423,0.5867804560976342,0.6083418720946345,0.744921227049491,0.5240967331227258,0.49639986039140516,0.7336623828874949,6.955819386327101,11.258368185376332
13,sat_p05_s02,1.3806286952475375,1.3784380541654895,0.1586698211900674,2,122,122,122,1.8598984973420998,1.7639021345116332,2.0803196328244584,1.7354737246902077,4813253.302009774,123.15426500067424,0.5483419616778505,0.7724322537096776,1.0043929015246935,0.5422978372697833,0.6976809429617746,1.057944151026899,0.5331413421389737,-0.37068598804121744
13,sat_p06_s01,1.6904690007437682,1.5243558536607071,9.826453310292884,2,122,122,122,2.058376939981172,2.050939536231109,1.8840422400924604,2.240149043619947,4744593.28914247,122.41402948998675,1.2317494929828339,0.8387318237615616,0.7981275316775952,1.1659013306133987,0.6263243328722768,0.7563416462919827,8.566679133164959,12.664037346711728
13,sat_p06_s02,1.6529651933899272,1.6475184775858334,0.3295118267386881,2,122,122,122,1.8795936264740758,1.8221313774725303,1.9746831200250046,1.8419663819246925,4744593.28914247,122.41402948998675,0.9804697718423343,0.9113675391574201,0.9697330383317816,1.051205509554796,0.5398083488925697,1.1479943628495137,-13.6801399315067,14.547918610462107
13,sat_p07_s01,1.8465750447394464,1.5073798940235767,18.368879817918828,2,122,122,122,2.1615777340293123,2.071301676735943,2.170854952220426,2.2425765731315694,4901209.544789459,124.0580831057591,0.6613752832917961,1.3338529802178576,1.0923636563293033,0.8114740240942694,0.9805572219750536,0.8075961785195296,28.42851243846838,-6.453749115368685
13,sat_p07_s02,2.4556248451754237,1.367774534418964,44.300346320968515,2,122,122,122,1.9886736578515998,1.8469450726537786,2.1408598374724153,1.9782160634286057,4901209.544789459,124.0580831057591,0.8844816624723291,1.9433784410856696,1.2128750157029549,0.5948867617067255,1.0032098235699136,0.7144837070528074,50.836122940931844,29.269436331224895
13,sat_p08_s01,1.0616847106439007,1.114670214398955,-4.990700461620027,2,122,122,122,1.8569459007603406,1.819705398433232,1.774621443516093,1.9765108603316959,5210017.4822311085,126.88225023872187,0.6657928634605444,0.5976186263770391,0.5716172366079008,0.7558760498304599,0.5852894456752505,0.5732166684091368,-0.6527410183052174,-13.975872968322598
13,sat_p08_s02,1.6090313026407344,1.5184862927046219,5.627299468165128,2,122,122,122,2.07782195118197,2.1517220230684293,2.1082166344950863,1.973527195982395,5210017.482231108,126.88225023872187,1.0403079401505377,0.7657624973492737,0.9593481746430166,0.6668676238134356,1.126228862621399,0.7698680032575447,-6.536880592980217,23.000528816772036
13,sat_p09_s01,1.9564885344356988,1.520177218179283,22.300734636416315,2,122,122,122,2.235599186542677,2.5085989105932365,2.2568837101725117,1.941314938862283,5540811.281100643,129.40574258448558,0.9355468528879369,0.8744403791526955,1.4791732470326506,0.7122337728574404,0.7886305076538432,1.0870711797624848,16.470935113788872,25.321943289917005
13,sat_p09_s02,2.1254704154586306,2.0560294797915346,3.267085496088268,2,122,122,122,1.9272157792217353,2.0020335492142247,2.0152220035904347,1.7643917848605457,5540811.281100643,129.40574258448558,1.6367996322437945,1.1216874215714112,0.7617931341019968,1.8007528196525242,0.7128262282528662,0.6902356645379351,13.437267794910833,-3.36614999691948
13,sat_p10_s01,1.8803788373541968,1.6981892714417355,9.688981937746792,2,122,122,122,2.0447285303179616,1.8456241083435674,2.0290814647363007,2.2594800178740173,5772564.2640544195,130.92451737168298,1.2395191097083489,0.6290111428353266,1.2663972247388804,1.0540287854914707,0.9272810491722628,0.9555207882831092,12.350945667098713,4.141036555491975
13,sat_p10_s02,1.19846590303957,1.4799364379552398,-23.48590261949042,2,122,122,122,2.0547065535074163,1.8731702817410258,2.1781653704620196,2.1127840083192044,5772564.2640544195,130.92451737168298,0.5108050021868207,0.8416106219395753,0.6834400716433413,0.9630854478850188,0.882279968325345,0.6958881648308041,-17.38531713360841,-35.32022353011905
14,sat_p01_s01,1.1208542614739894,1.0294647132604884,8.153562095871264,2,122,122,122,2.112630912749813,2.322161885460103,2.109953133213661,1.9057777195756733,5830371.235716307,131.275805544026,0.9369714273430275,0.43470458488300356,0.4352364227507472,0.7706908624627452,0.5267997815856806,0.4339529703622371,30.357905958454413,-51.295497149603804
14,sat_p01_s02,1.8555926910853007,1.3155662871836755,29.102636936221923,2,122,122,122,2.2450363089230247,2.506133698283524,2.189258500339738,2.0397167281458124,5830371.235716306,131.275805544026,1.3495869204362154,0.9252109929649985,0.8751137056939526,0.6769425675251719,0.5019549516926375,1.010200298316087,14.01123339715536,38.656832344272445
14,sat_p02_s01,1.9075478539966377,1.3514366236090751,29.153199445162794,2,122,122,122,2.1182618238206263,2.151566369742965,2.0843942272489158,2.1188248744699987,5696680.689606842,130.44735125932112,1.0608856234888884,1.1041142526765673,1.137625696878475,0.6781927353554594,0.7581466513632832,0.8897467147281953,32.34636206422733,25.73300033635674
14,sat_p02_s02,1.4443216587174503,1.4499819029217476,-0.39189637364598495,2,122,122,122,2.11143631241726,2.215327982446608,2.2554033949518018,1.8635775598533695,5696680.689606842,130.4473512593211,0.9198280549547845,0.5849311051191945,0.9475426140403729,1.0172045627132347,0.5749630164126388,0.8585801803871485,1.0739456124592905,-3.971044132607036
14,sat_p03_s01,1.4733304915293426,1.1985951633988041,18.64723018427172,2,122,122,122,2.0555936405481803,2.1719662189590636,2.0950749473746915,1.8997397553107864,5412750.46053267,128.48288635844995,1.0167927810389699,0.8369532813495304,0.6605636854500748,0.7672794943669786,0.5657824941955878,0.7265003183129239,13.192239028887563,28.158783336393434
14,sat_p03_s02,2.383914064264178,1.8375703365882363,22.91792879054878,2,122,122,122,1.979449295598656,2.2870750377879414,1.6640097057845424,1.9872631432234842,5412750.46053267,128.48288635844995,1.848074667307704,1.1464540133898888,0.9763756884694975,1.5269895447865922,0.7351885135841648,0.7102573628730272,23.946134614523707,18.641377137687297
14,sat_p04_s01,1.4378548971770755,1.3768314678888551,4.244060329594243,2,122,122,122,1.9191168101190135,1.9503675802232743,1.8362440910592528,1.970738759074513,5074540.099114013,125.70578861559211,1.1055353584508931,0.7193296238102067,0.5725235094387126,1.1670341822169672,0.5747546691252245,0.45094698005963824,-0.8965614210951663,15.76545057253595
14,sat_p04_s02,1.6740654073201748,1.7337062729109343,-3.5626365212475095,2,122,122,122,1.8653714451363084,1.785722017548345,1.9324957422001938,1.8778965756603858,5074540.099114014,125.70578861559208,0.9086894057600268,0.7275067737935557,1.20312611389249,0.7757424004461557,0.6723458295739608,1.3971085334845184,-3.2868887817428294,-4.0375005936399075
14,sat_p05_s01,1.1383235540722478,0.973048314671089,14.51917943803428,2,122,122,122,1.9843667190172103,1.856377494486513,1.8990189835384856,2.1977036790266324,4813253.302009773,123.15426500067423,0.5078476244716489,0.5927434518167639,0.8285689496973225,0.41511124064012916,0.4538716026731614,0.7539935337026139,10.518497355861328,20.918721502273655
14,sat_p05_s02,1.4138757752270166,1.1903345427382732,15.810528506498448,2,122,122,122,2.0586238000663357,2.030986748498195,1.9881596053487367,2.1567250463520766,4813253.302009774,123.15426500067424,0.7701103734084443,0.8219059308800396,0.8546609627956097,0.7976863691131133,0.4183166887377601,0.7782055821507246,1.6405433309983726,45.427262968055636
14,sat_p06_s01,1.6215276622282238,1.5536873792654795,4.1837265279533655,2,122,122,122,1.8270742251833971,1.7601947443806016,1.6523960103267237,2.0686319208428663,4744593.28914247,122.41402948998675,1.2142866738395484,0.913207669088883,0.5664905879396973,1.3391386100171283,0.4910456882347783,0.616057130237336,-12.617320596309591,33.39485925975247
14,sat_p06_s02,1.2438202201327628,1.1423214960631447,8.160240718613206,2,122,122,122,1.9511954224701782,1.8820564622192288,2.2831816155705624,1.6883481896207428,4744593.28914247,122.41402948998675,0.6759741126645414,0.6870357548303666,0.7862121918433782,0.4748479709286707,0.648137798144964,0.811994580947843,3.4866151708176267,15.681073004270054
14,sat_p07_s01,1.5326486318419075,1.4978206934743936,2.2724020133472025,2,122,122,122,2.0887897668292057,2.057730098842587,1.7869332035176968,2.421705998127334,4901209.544789459,124.0580831057591,0.8679286107355989,1.1513474099335896,0.5197219419965438,1.0486667755539738,0.9945237213497532,0.39330317990321917,10.823530957520738,-13.75021928439724
14,sat_p07_s02,2.185751761663721,1.9084214424314005,12.68809771065796,2,122,122,122,1.8735129580500585,1.7779497222569887,1.80717655264756,2.0354125992456265,4901209.544789459,124.0580831057591,1.8832839287393606,0.8729062404855641,0.6846802923185822,1.6417340244837337,0.6823820688284892,0.6936400413224006,10.957000866004522,19.321846034701355
14,sat_p08_s01,1.4186711326124657,1.606512511849442,-13.24065704297999,2,122,122,122,1.9873093024181738,1.7183483664009735,1.7476624469885906,2.4959170938649566,5210017.4822311085,126.88225023872187,1.2370351172712701,0.530845314049389,0.4478561752364213,1.4566772732392956,0.442872569114886,0.5126769547019976,-19.913466434962412,-5.530285516793831
14,sat_p08_s02,1.2013346791133177,1.008375693994065,16.062050690293248,2,122,122,122,1.9794172260968794,2.0558848967680854,2.254922533044935,1.6274442484776181,5210017.482231108,126.88225023872187,0.5031098706712798,0.7003662242824277,0.8364045798283284,0.5790107121933529,0.5480565595849515,0.6174156969977884,28.65189851199296,2.470578347435685
14,sat_p09_s01,2.042563339000713,1.8768576308591562,8.112634990434394,2,122,122,122,2.0178602108913215,2.1505133190662087,2.019971539898164,1.8830957737095921,5540811.281100643,129.40574258448558,1.3685906264511063,1.230865802242224,0.8854343950234348,1.1090580448580076,1.233324684249,0.8783479053724004,13.123829799627199,-1.772359264400321
14,sat_p09_s02,1.1458173049222866,1.215053420152078,-6.042509127097463,2,122,122,122,1.9798023316873041,2.004661466861659,1.845254849901393,2.0894906782988603,5540811.281100643,129.40574258448558,0.5996039087984041,0.7898754249619429,0.5739941305050406,0.7827470549498053,0.5996139404054186,0.7100175943328131,-2.2500231989268,-14.034852097929814
14,sat_p10_s01,1.3482982648703183,0.9142039868734979,32.19571583729453,2,122,122,122,2.0090812193308847,2.0143301509122535,2.0109540446935075,2.001959462386894,5772564.2640544195,130.92451737168298,0.7073779944840571,0.8532705631791871,0.7677590311965709,0.3796687443728388,0.5578664635451052,0.6167702838281273,22.067570119516507,41.54360438083033
14,sat_p10_s02,1.8218337995301142,1.7891062075391948,1.7964093101884717,2,122,122,122,1.8624152909945493,1.8274115941694133,2.184257312425622,1.5755769663886132,5772564.2640544195,130.92451737168298,0.32421013112331437,1.1155482292105792,1.403395287256045,0.4216380618759814,1.2732941431828522,1.1839950977808111,5.759887531676118,-3.6830613775532774
15,sat_p01_s01,1.5300524585259974,1.152621031896446,24.667874916730398,2,122,122,122,1.9500648298469299,1.8566055860339468,1.9520594497581094,2.041529453748734,5830371.235716307,131.275805544026,0.9143563556084829,1.1274228197543947,0.48366389807062526,0.6496950709743508,0.5702024994713129,0.7624307624422882,27.53562386567824,18.084468757030194
15,sat_p01_s02,1.7572657096221562,1.3748179618933727,21.763797337797975,2,122,122,122,2.0480697941315036,2.109939009896072,2.0543543080155215,1.9799160644829183,5830371.235716306,131.275805544026,0.9590837623013085,1.028810939797177,1.0534178474173848,0.521605596548089,0.5297482566570891,1.1564682505642485,20.775915879930487,25.161377647666843
15,sat_p02_s01,1.4155185019155676,1.1257089928671886,20.473735147664318,2,122,122,122,2.0241014163979885,2.12508863077546,1.9785293570843183,1.9686862613341873,5696680.689606842,130.44735125932112,0.9066685353527558,0.7150768332264608,0.8187245683680183,0.47600782686724147,0.6983073788495467,0.7436424477041786,29.27642138078431,9.973886109814247
15,sat_p02_s02,1.756595506209733,1.192587396863868,32.10802414967147,2,122,122,122,2.0289316103774193,2.118325856562869,1.821322542304772,2.1471464322646163,5696680.689606842,130.4473512593211,0.7256253396654198,1.286580700885217,0.9506869826506388,0.5758718588678287,0.7829444168795154,0.6911109472435266,31.8699674818671,32.69568758097517
15,sat_p03_s01,1.317912172959684,1.2114784402965586,8.07593516828237,2,122,122,122,1.9906066027263274,1.668029549157516,2.0028657960544907,2.3009244629669765,5412750.46053267,128.48288635844995,0.8319071098283418,0.7679434824864827,0.6746005217600298,0.7971265955858428,0.5225276467299645,0.7478195372654769,3.280083072848382,14.71686645660352
15,sat_p03_s02,1.6914298620717694,1.3642480074434231,19.34350705075015,2,122,122,122,2.0385996912685345,1.8248849737800115,2.0847152192870144,2.2061988807385777,5412750.46053267,128.48288635844995,0.5739341774114285,1.0622963225848876,1.1845087848259364,0.7158491924649639,0.7321662626129206,0.9014794081686155,37.27067018519519,3.350916843472091
15,sat_p04_s01,1.716951979164665,1.0677828048549571,37.80939608022951,2,122,122,122,1.9509671550149281,1.9025108068229297,1.874757873610431,2.075632784611423,5074540.099114013,125.70578861559211,0.6129672915075638,1.5278129896034496,0.4878346718902939,0.5669257652638616,0.5574116500242584,0.712774541802061,46.314505638564725,10.028051230607641
15,sat_p04_s02,1.6432073682207768,1.4011798592738596,14.72896930890582,2,122,122,122,2.1397771921243187,1.9453199860397774,2.468822339315633,2.005189251017547,5074540.099114014,125.70578861559208,0.9071229262580947,0.5505800556023152,1.2546394119447046,1.0262417454718356,0.5407443877490408,0.7859569867388088,12.910784727371901,18.73614441828742
15,sat_p05_s01,1.1283437734279609,1.2477507659368139,-10.582501124288479,2,122,122,122,2.077281548315201,1.9334597329976768,2.2005894014170093,2.0977955105309163,4813253.302009773,123.15426500067423,0.7845650889341201,0.5727706824338403,0.5740653600451071,0.8636707682474629,0.3295621272038923,0.8380594145307292,-28.557468185410027,9.177807370669404
15,sat_p05_s02,1.3521832652020154,1.5087292631555809,-11.577276688909297,2,122,122,122,2.0564183344869056,2.0480969061992718,2.061718937120528,2.059439160140917,4813253.302009774,123.15426500067424,0.6847531586530619,0.6669316837389629,0.9564072477936115,0.6819805176885525,0.7417202693771509,1.1229504018389787,-12.638068789119126,-10.184800860261467
15,sat_p06_s01,1.0937757272721014,1.6793826521657014,-53.53994519096848,2,122,122,122,1.9667699301441812,2.1437872094690276,1.9486102349098817,1.8079123460536342,4744593.28914247,122.41402948998675,0.7564645063231007,0.5029892908605728,0.6091868067535118,0.960842705826894,1.0612513082678525,0.8779823732593551,-61.484553480079946,-36.14772243343618
15,sat_p06_s02,1.5879862356746417,1.1124940951180673,29.943089547911974,2,122,122,122,1.922117542461818,1.8551630732338116,2.129189643348267,1.7819999108033762,4744593.28914247,122.41402948998675,0.37748112159167263,1.3829708523245117,0.6830811878209101,0.5323488396391021,0.8690136345656707,0.4461649107072768,28.41499509797569,31.446666828127256
15,sat_p07_s01,2.38079200636515,1.741180785652642,26.86548085689468,2,122,122,122,2.2726833320445308,2.1027741107701385,2.334873872889652,2.3804020124738017,4901209.544789459,124.0580831057591,0.5230362682813163,2.030165685547532,1.1282867228058087,0.6603400879231753,1.3021969038593608,0.9486541625833197,31.251563914373396,12.99425308190184
15,sat_p07_s02,1.0333189620451813,1.805348844344449,-74.71360834908508,2,122,122,122,1.9139276213034455,1.9020335198410447,1.9795454562512673,1.8602038878180251,4901209.544789459,124.0580831057591,0.6958101352439747,0.43662627575406676,0.6268602941126724,1.3912609601445511,0.8008600957701285,0.8260148288962853,-102.13307521868603,-54.47311377807517
15,sat_p08_s01,1.2341980456559467,1.3843018128827518,-12.162048688630723,2,122,122,122,2.014434746734669,1.7211973352807504,2.40021275579443,1.9218941491288244,5210017.4822311085,126.88225023872187,0.4737055177276469,0.8721113441505759,0.733668659395518,0.37828062272814345,0.9129191877479209,0.969419329423835,-19.46221838499212,9.867792295204156
15,sat_p08_s02,2.0002051834350993,1.629147982394215,18.55095687751596,2,122,122,122,2.0907507157924945,1.9660304315491641,2.2770801200874096,2.02914159574091,5210017.482231108,126.88225023872187,1.2482013929586444,1.3564617429957977,0.7764184427520646,0.8663281741587828,0.9928604031505569,0.9580328089651026,-3.9469043437718323,37.276187856848075
15,sat_p09_s01,1.5398453266499654,1.3185632008604962,14.370412531684792,2,122,122,122,2.082463256024357,2.059904161406593,2.3037698713838632,1.8837157352826155,5540811.281100643,129.40574258448558,0.6368100299820604,1.2022678472150974,0.7212133105210704,0.5588008787974834,0.9280416782318494,0.7517241089543759,13.24983571918096,16.663870692745125
15,sat_p09_s02,1.800164371948877,1.9728794767264992,-9.594407459061037,2,122,122,122,1.9354891113752095,1.762226804949436,2.0361296958516744,2.008110833324518,5540811.281100643,129.40574258448558,1.2961660759854678,1.1783967273333351,0.41464011203526197,1.6917301850824837,0.9191104351267799,0.4307417075353531,-4.99393108542956,-31.519174193028842
15,sat_p10_s01,1.3575816761621236,1.2576125609350728,7.363764330530959,2,122,122,122,1.877114347879733,2.0991503957374755,1.5383152504213198,1.9938773974804038,5772564.2640544195,130.92451737168298,0.7832954678766925,0.6357437477059934,0.9084635956975562,0.6629804871567334,0.6490373367442357,0.8489975044621995,1.5926918769668184,10.040510631449317
15,sat_p10_s02,1.9489021761295007,1.577637484468917,19.04993981780612,2,122,122,122,1.9253158277245073,1.7517118040357944,2.098972392070662,1.9252632870670647,5772564.2640544195,130.92451737168298,1.1236253737213766,1.3472550081119012,0.848875523718997,1.1217175860333541,0.6717760327863221,0.8828401052052334,18.959888578045057,19.371014523903202
16,sat_p01_s01,1.2762388731906864,1.322153324975464,-3.5976377737177256,2,122,122,122,1.9090016749778993,1.8610843877557806,1.8900909662429242,1.9758296709349932,5830371.235716307,131.275805544026,0.7495336419321496,0.9174328311203035,0.4746598586751838,0.7452828761371035,0.9488446942090446,0.5406816027495541,1.4748174185854415,-10.910565987953259
16,sat_p01_s02,1.386617264721721,1.2426048312096338,10.385882043736768,2,122,122,122,1.8405472351344883,1.8335663568860574,1.9908312027918036,1.6972441457256044,5830371.235716306,131.275805544026,0.5419964096824712,1.0179442104625205,0.769894093432008,0.6879487907090074,0.8136674020018942,0.6393266667573193,5.937816180895598,17.94181216583874
16,sat_p02_s01,1.727824739635818,1.4584192130695153,15.592179020604057,2,122,122,122,2.0037994885882924,2.148511614177798,2.092712468452297,1.7701743831347827,5696680.689606842,130.44735125932112,1.2206452849357987,0.9858054004365919,0.7235959727165673,1.0123569073306256,0.765861839716936,0.7180360267393731,12.744758812400027,22.996383041048396
16,sat_p02_s02,1.4026409028358886,1.8660257158870963,-33.03659633155761,2,122,122,122,2.0627657045007384,1.828938836157568,2.064261811326492,2.2950964660181534,5696680.689606842,130.4473512593211,1.0815144338399632,0.7600056226660713,0.46916893036523477,1.4693070101651957,1.000360659998134,0.5678621594713464,-19.097487764157307,-109.5121533020805
16,sat_p03_s01,1.208971394468875,1.2562673830308042,-3.912084998727977,2,122,122,122,1.9748213940842487,1.9853675798163744,1.8755858012295596,2.0635108012068124,5412750.46053267,128.48288635844995,0.9757372754110782,0.5236740220686532,0.4850918682351019,1.041194010389754,0.5505638157656717,0.4370380477316702,2.456240961156134,-18.943568577526154
16,sat_p03_s02,1.9868804237134288,1.461018102180482,26.466732232940494,2,122,122,122,2.102506404716316,1.9526332463044405,2.125803297439798,2.2290826704047095,5412750.46053267,128.48288635844995,1.1691365540685397,1.159667140223797,1.1117489194784747,1.059150585464465,0.5379534743569285,0.850517484615483,26.26356774796142,26.68081694645076
16,sat_p04_s01,1.4744889134174108,1.5311593883462733,-3.8433978318302686,2,122,122,122,1.902233227800043,1.9038509910890686,1.7343172115621441,2.068531480748916,5074540.099114013,125.70578861559211,0.942673079952652,0.9220685684462753,0.6597534200039246,1.0777714498648943,0.7840656456284734,0.7537233164247095,-9.693918233333102,-0.9082262987633718
16,sat_p04_s02,2.2374376937625575,1.9775945408952433,11.613425195780643,2,122,122,122,2.2019168796442465,2.5817647259199434,2.0103119154632187,2.013673997549578,5074540.099114014,125.70578861559208,1.384100698971115,1.4613202300639463,0.9772082039069458,1.1450336663484806,1.014463794262684,1.2532522815608127,11.514293674183826,11.728566868263876
16,sat_p05_s01,1.290272085367344,1.4545815549100902,-12.73448223875718,2,122,122,122,2.0246975104376106,2.4944200665231056,2.0232648869386707,1.556407577851055,4813253.302009773,123.15426500067423,0.5386695392311712,0.5995377967425084,1.007567174961457,0.5849902825934776,0.4574854349674047,1.2507201709209559,-14.236586302855859,-11.21319378686059
16,sat_p05_s02,1.9086644965439707,1.6212519728884,15.058305122560308,2,122,122,122,2.0985173834454387,2.0632073048702964,2.0263547837404112,2.205990061725609,4813253.302009774,123.15426500067424,0.917328617980249,1.4009260395983103,0.9159228125651683,1.2985756517920504,0.6273184742991339,0.7406961374074983,41.22134427674084,-19.260956887606348
16,sat_p06_s01,1.1773717684908893,1.5611868590948152,-32.599311523826124,2,122,122,122,2.0907485453864507,1.8571861270111543,2.110913865758398,2.3041456433897998,4744593.28914247,122.41402948998675,0.864123187768453,0.3812068123990935,0.702977072016416,1.0862810134713703,0.6335968156597866,0.9251232587972938,-18.942432337868418,-47.450330722344354
16,sat_p06_s02,1.4796885585535724,1.0925611940448454,26.162759877467213,2,122,122,122,1.9104225195638969,1.8672662433723244,1.9836911123145604,1.8803102030048053,4744593.28914247,122.41402948998675,0.7855711182160917,0.7747815443200883,0.9859360055906506,0.5460467770300309,0.6556198410899097,0.682411535656495,34.57351457648303,3.2536382459224784
16,sat_p07_s01,1.4412989610291236,1.1926134038061476,17.254266043833702,2,122,122,122,1.9654021280051224,1.940924616518298,2.071955798180027,1.883325969317042,4901209.544789459,124.0580831057591,0.5205569476213147,0.5785452268755673,1.2131152376449277,0.44868556141412064,0.81129223447374,0.7502085764633637,15.037301719722182,18.62665781844769
16,sat_p07_s02,2.020211131026209,1.9759752898149772,2.189664264881141,2,122,122,122,1.9482937615860385,2.086932583260502,1.9432728550397564,1.8146758464578574,4901209.544789459,124.0580831057591,1.6250572157598513,0.7941890547695349,0.8998365433306811,1.5556315583599183,0.756803168565871,0.9548496031536758,2.145880504705985,2.3658268224144847
16,sat_p08_s01,1.9364038982252203,1.6423896436686705,15.183519038875302,2,122,122,122,2.1708947118580766,2.244688349535057,2.0246776348455735,2.2433181511936,5210017.4822311085,126.88225023872187,1.3804871122683202,0.7538824102932502,1.1294143178538791,1.1403487979195492,0.8261251817884953,0.8453197884401304,24.558809110762656,5.026272420847538
16,sat_p08_s02,1.393777745588424,1.4610871723913188,-4.829279776918681,2,122,122,122,1.9351369734773674,2.0267526985586892,1.7899881293897708,1.988670092483642,5210017.482231108,126.88225023872187,0.8834977867249814,0.6491598600989089,0.8606041720709784,0.7797786030492924,0.810619727747853,0.932532419028395,-35.067962610538075,11.206158644060014
16,sat_p09_s01,1.16450364177784,0.9203523305332802,20.966126896075274,2,122,122,122,1.887274860006774,1.6974999475414496,1.813964570690621,2.150360061788251,5540811.281100643,129.40574258448558,0.6590127907540196,0.836359091655613,0.4714598001330006,0.645912852145417,0.499479856209619,0.42469385796386455,28.375238498479046,9.730350967828056
16,sat_p09_s02,1.5146150249496817,1.422439590979034,6.085733500082637,2,122,122,122,1.967428784448161,1.9862857093862107,2.011772843375661,1.9042278005826119,5540811.281100643,129.40574258448558,0.6926200411342373,0.8904492996960923,1.0106612672370852,0.8757360194607104,0.5464125543562323,0.9787002271613146,-40.62705107774413,58.07227376021356
16,sat_p10_s01,1.1501422190342814,1.4181453218046831,-23.30173593622456,2,122,122,122,1.9810314006097172,2.125071358573659,2.037089685915637,1.7809331573398557,5772564.2640544195,130.92451737168298,0.8036146976375705,0.577012817472633,0.5865890812300132,1.0790780239831737,0.462611858979829,0.7954351261066515,-38.141686671849655,-8.954796900756621
16,sat_p10_s02,2.9341165626907224,2.056225437826925,29.920117558612947,2,122,122,122,1.9398708632250712,2.1625971901694463,1.7375679101979882,1.9194474893077786,5772564.2640544195,130.92451737168298,2.480096707877013,1.2584873181710092,0.9350775331684335,1.569291797237595,1.051088570323137,0.8127724919221818,33.90646646948306,26.57343212427549
17,sat_p01_s01,1.8728353731277811,1.034906636897241,44.74118485017365,2,122,122,122,1.8543070857621775,2.1634527462649094,1.5546838591604124,1.8447846518612112,5830371.235716307,131.275805544026,0.8396980530066267,1.2690488410700884,1.0917575525702679,0.5893464164104643,0.5658040076821546,0.6352703152587206,39.81929360828765,49.34204086700877
17,sat_p01_s02,1.3881203917941274,1.2214275016052083,12.008532629757763,2,122,122,122,2.162523559015113,2.019864655779776,2.2860230294305626,2.1816829918350016,5830371.235716306,131.275805544026,0.9409375993956746,0.6199032133414539,0.8107001062335731,0.948589049082708,0.27888413858712824,0.7171384767828461,9.237965458253768,13.779794726139778
17,sat_p02_s01,1.7698994257122613,1.433973465586766,18.979946275213265,2,122,122,122,2.060064942749527,2.2568425281445474,1.989973674879273,1.9333786252247604,5696680.689606842,130.44735125932112,0.9921240668494237,0.7812774197851143,1.240096531100973,0.9136612516063245,0.4093439953049307,1.0266160483977842,-10.485031714486258,52.55222276352321
17,sat_p02_s02,1.7053508142811016,1.5958927895347716,6.418504851300784,2,122,122,122,1.9813582222895807,1.654333072925208,2.158520902916411,2.131220691027123,5696680.689606842,130.4473512593211,0.8580497016903403,0.8586774853728726,1.197766707381723,0.5784519694751286,0.6591055570640428,1.3333592836691535,5.7065152473151395,8.384916623638203
17,sat_p03_s01,0.8308126037014564,0.8618707939134036,-3.73829068957019,2,122,122,122,1.923201586590699,2.0210465220640432,1.7921742585394813,1.9563839791685724,5412750.46053267,128.48288635844995,0.3800024884345228,0.5617897724905332,0.4798332447609258,0.46155609915910434,0.4046005498688594,0.6050501035251282,5.912925471308435,-22.229631387184035
17,sat_p03_s02,1.1234237983990278,0.9380581814030152,16.500061442545015,2,122,122,122,1.9810074229146,2.038588233000394,2.148267722660693,1.7561663130827136,5412750.46053267,128.48288635844995,0.4656164483239576,0.676880224448423,0.7662346348280894,0.5821127018648392,0.38171829428799514,0.6287997279186852,36.54779367148823,4.090432972519677
17,sat_p04_s01,1.9185518212929977,1.550976673365288,19.158989809302327,2,122,122,122,1.9174560441970314,2.003093682125754,1.8834509436840587,1.865823506781282,5074540.099114013,125.70578861559211,0.8447290816539418,1.3176961650266084,1.1094821703249391,0.7766230905777775,0.6327298995611489,1.1840768939161068,21.715845184521314,16.15095332686812
17,sat_p04_s02,1.601970173216326,1.157758316106763,27.729096617180133,2,122,122,122,2.250533410865456,2.072779626974045,2.2298722713126624,2.448948334309661,5074540.099114014,125.70578861559208,1.0583296156268112,1.0364108543287116,0.6099995095010995,0.9292745092842025,0.3574522794645818,0.5908308326539389,5.180154431855679,50.2390662161003
17,sat_p05_s01,1.9457531753563309,1.595195636916512,18.016547159205867,2,122,122,122,1.9273482442177114,1.9326845622149675,1.8399553536575874,2.00940481678058,4813253.302009773,123.15426500067423,1.6646822615824923,0.8116186112567594,0.5967106645967473,1.3381563937331753,0.5909909793952189,0.6361731275541114,13.818693287706703,20.176447308118057
17,sat_p05_s02,1.623510071310399,1.4210159761267216,12.472610965710635,2,122,122,122,2.073599998077334,2.2558876583358582,2.022969429679465,1.9419429062166778,4813253.302009774,123.15426500067424,0.859552700421319,0.6831467478166212,1.1959367156301741,1.0406071877634546,0.6661896285480297,0.7018649898644694,1.5313846140866176,21.84469976792443
17,sat_p06_s01,1.2631747998135496,1.2817185013423091,-1.4680233908637697,2,122,122,122,2.18471695370269,2.088757523236552,2.1431586307286175,2.3222347071429,4744593.28914247,122.41402948998675,0.5780778100195326,0.37874635940068,1.0573494293220917,0.7582967390133991,0.5291870216193107,0.8875525158741329,-12.822410283870795,2.110953449053154
17,sat_p06_s02,1.0550452192201398,0.8754984234298718,17.017924210204374,2,122,122,122,2.1198407411363163,2.120261024090379,1.8950188798901135,2.344242319428456,4744593.28914247,122.41402948998675,0.5774764354817651,0.7562897626081792,0.4557051415516528,0.6296572826963038,0.3759019733105456,0.4782540143448206,9.203110346767176,23.440099608903527
17,sat_p07_s01,1.9252354109366128,1.1407830811174406,40.74578752099422,2,122,122,122,1.9717983764085916,2.3142435098522247,1.6708682145796587,1.930283404793891,4901209.544789459,124.0580831057591,0.860605915350969,0.9781504865457029,1.4174309407013783,0.7648405688403345,0.5204472682104181,0.6674875155627316,25.77190656747458,54.90870413123367
17,sat_p07_s02,1.6681213282819987,1.6988250819298125,-1.8406187324177261,2,122,122,122,2.0479788577334173,1.774490170647595,2.1287020409057043,2.2407443616469522,4901209.544789459,124.0580831057591,1.2726617686468036,0.8030837731975351,0.7197341465575318,1.4440710072329968,0.6448757169984993,0.6203232179183558,4.370438082642913,-11.177927688726431
17,sat_p08_s01,2.5827883309222095,1.7071610422739167,33.90240222804637,2,122,122,122,2.0944168234190093,2.317048053372688,1.9457134800624951,2.020488936821845,5210017.4822311085,126.88225023872187,1.3441611229126704,1.7107176847013252,1.3919308320632235,0.8297074503975548,1.0366775011590859,1.0729790909440446,40.27445540484916,9.313158320678923
17,sat_p08_s02,2.0976730732339464,1.8755150193080508,10.59069007275754,2,122,122,122,2.0708193185655035,1.7215863147272752,2.2973580960979483,2.1935135448712875,5210017.482231108,126.88225023872187,1.019490000353488,1.176861382285506,1.4056563407302096,0.8879080235264598,1.0307157730723664,1.2910464455422381,15.920763488615938,-5.900890407979594
17,sat_p09_s01,1.382619581485456,1.0071573667221172,27.155858327997244,2,122,122,122,1.8974832100176955,2.0101714427683266,1.7741442111322538,1.9081339761525065,5540811.281100643,129.40574258448558,0.7385908946682674,1.1085793708597782,0.3703676226727754,0.6812365360310108,0.5108258354837831,0.5379030666592202,31.085398073292506,24.61492426516109
17,sat_p09_s02,2.01544907843285,1.7799446997227497,11.684958019044617,2,122,122,122,1.771754423586686,1.655195774468661,1.9214775344853328,1.7385899618060647,5540811.281100643,129.40574258448558,0.759461989365656,1.0265869675490593,1.5592856289092805,0.6932755814169087,0.934678931476674,1.3468286443849415,7.588256144162947,17.561918686707106
17,sat_p10_s01,1.4965917023727355,1.344604430332554,10.155560250615917,2,122,122,122,1.9752610315445573,2.378751945939336,1.5956800704827152,1.9513510782116201,5772564.2640544195,130.92451737168298,0.3772006107272451,0.7025217023516256,1.2664792460213825,0.7041082890166629,0.6048161554991447,0.9728257857680346,2.0674650426342,27.236363248148237
17,sat_p10_s02,1.9544932817798688,2.11373039122695,-8.147232376366675,2,122,122,122,1.888211984731005,1.7807866298647381,1.9436754879968026,1.9401738363314744,5772564.2640544195,130.92451737168298,0.9313133289043355,1.0130665985689786,1.3879465187072764,0.5950864120360188,1.3800619645783772,1.4863234180119085,1.8908602652829798,-21.175536600250236
18,sat_p01_s01,1.6390687287694594,1.4161518680431833,13.600214366461149,2,122,122,122,1.9683670160949867,2.103115545508588,1.7447965805142769,2.057188922262096,5830371.235716307,131.275805544026,1.465235208430898,0.4173152912881649,0.6045494431901072,1.263162041548899,0.4623094596214183,0.44291955668808225,15.13423344848876,13.228637980199654
18,sat_p01_s02,1.6990829552392277,1.6023257071248442,5.694674754756764,2,122,122,122,1.9757459216552213,2.1577007903851073,1.8034119485958653,1.9661250259846919,5830371.235716306,131.275805544026,1.1108683982510381,0.708963499646909,1.0724854529176826,1.0780521502501008,0.6149950073553739,1.0134260574813678,4.010317320436013,8.633379710487427
18,sat_p02_s01,1.3360035729203084,1.075135233593142,19.526021083682167,2,122,122,122,1.9119563589276969,2.0499927297163834,1.6066998360819378,2.0791765109847686,5696680.689606842,130.44735125932112,0.8761013106070351,0.8660531188255144,0.5170145411698442,0.7029208562142473,0.6336535593782415,0.5101972237279369,16.921371847079218,24.04160611975721
18,sat_p02_s02,1.5342891169553075,1.2754066892887927,16.87311894516004,2,122,122,122,1.917092173109674,1.9472474768254449,2.0802449554095186,1.7237840870940582,5696680.689606842,130.4473512593211,0.8134861500922886,1.1282650215874515,0.6475348786573525,0.6373504631846252,0.8803148089160268,0.6674522060522999,17.07850868539662,16.477421982713878
18,sat_p03_s01,1.3565419500348364,1.5895769920618668,-17.178609332431332,2,122,122,122,1.8356671867587941,2.0360910213022727,1.6804296815786077,1.7904808573955018,5412750.46053267,128.48288635844995,0.8990613279488784,0.7682671121588782,0.6645753795967566,1.0121336755099082,1.0118238567425644,0.6917751943499119,-11.058668031621794,-33.57757607628003
18,sat_p03_s02,1.6815983909547056,1.3024466330569748,22.547105179047676,2,122,122,122,1.9009099973634656,1.9051007101228525,1.8400678157095014,1.9575614662580434,5412750.46053267,128.48288635844995,0.4851907913860525,1.227139558638002,1.0423490528807329,0.5640552832371647,0.8003299895825062,0.8588834479651808,12.538784068166274,33.01202029641192
18,sat_p04_s01,1.9507254075459735,1.70754941984274,12.465926099212021,2,122,122,122,2.083165913421656,2.1029697759491186,1.9852262589736498,2.1613017053421992,5074540.099114013,125.70578861559211,0.9649753118747375,1.1816337282204241,1.2156866353832954,1.1033104685135908,0.716384995972856,1.0886797365702043,17.004247839748984,3.608420777484201
18,sat_p04_s02,2.021182638760276,1.6208163347936682,19.808516869716367,2,122,122,122,2.092025740277509,2.651280708060357,1.9273765243593304,1.6974199884128403,5074540.099114014,125.70578861559208,1.7590394205003117,0.8781848672633495,0.4687759755592566,1.3089042487733051,0.7607550661644736,0.5788497110496443,24.97504151390112,-0.8134562703121122
18,sat_p05_s01,1.3504557150502008,1.1608573768402313,14.039582053449383,2,122,122,122,2.005083222804463,2.092271188782738,2.054013133990041,1.8689653456406092,4813253.302009773,123.15426500067423,0.6952521610301496,0.6791894918935564,0.9375802392307704,0.63719457607773,0.7931652565133194,0.5589828239236562,17.549788028251225,9.612921035826664
18,sat_p05_s02,1.796445757276911,1.0245830178651358,42.966103278385674,2,122,122,122,1.9009963999372121,1.9300241638299727,1.6711724554171208,2.101792580564543,4813253.302009774,123.15426500067424,0.7098325752209818,1.4570248699544786,0.7748765077917247,0.731935289981719,0.5467368139123379,0.463810250091556,46.50800112295967,30.562666536783784
18,sat_p06_s01,1.8937513308912455,2.000247231097482,-5.623541933360221,2,122,122,122,1.8262695128723745,1.747531268601234,1.970456224035003,1.760821045980886,4744593.28914247,122.41402948998675,0.8268363129439416,0.6567737120931095,1.5720318399934108,0.9086825955408177,1.0307574401551087,1.4535556493093873,-21.231177468492486,9.959676057030057
18,sat_p06_s02,1.5304817359509446,1.4708307534605831,3.8975298488810872,2,122,122,122,1.986522965536974,2.020452140319727,1.9526488799031008,1.9864678763880936,4744593.28914247,122.41402948998675,0.8194847005111512,0.7709810463540768,1.037500552226523,1.1443372127189524,0.6082142446093328,0.695637032917559,-0.7388225500488256,13.44420791002505
18,sat_p07_s01,1.941464768213731,1.2459897925933887,35.822178543071,2,122,122,122,2.0430495672096387,2.025038115287551,2.153676107678122,1.9504344786632437,4901209.544789459,124.0580831057591,0.6832975595131989,1.6586748718220283,0.7424200704215096,0.5004278204640709,0.8285729283032298,0.7845568572356667,34.079160678334354,40.37512423876715
18,sat_p07_s02,1.6973353692693163,1.447748022651989,14.704657142964729,2,122,122,122,1.792873597117658,1.7557256018320366,1.8920852637253416,1.7308099257955951,4901209.544789459,124.0580831057591,1.2253624403017207,0.5151583590078478,1.0554838278319376,1.1158672715474969,0.31316449016909587,0.867607383255248,16.316254698906643,13.003976884909385
18,sat_p08_s01,1.8652876473470386,1.5217122407896952,18.419432897977092,2,122,122,122,2.1057808423783664,2.2190233693233528,1.944190099166782,2.1541290586449633,5210017.4822311085,126.88225023872187,0.7463190424284338,1.5325534747965606,0.7573544356133025,0.6135056954933342,0.6047262625441207,1.2544022691130046,19.22350263387499,16.28650571092689
18,sat_p08_s02,1.2583595438254203,1.3695738972068203,-8.8380426665107,2,122,122,122,2.0526859801591,1.980820402770081,2.1007618869809077,2.0764756507263122,5210017.482231108,126.88225023872187,0.9954804075768315,0.5580420549046595,0.530166544233951,1.1788108149197671,0.5998992311370503,0.3553289110382782,3.5883368463069845,-38.79473182071214
18,sat_p09_s01,1.5200272493692681,1.131743676874106,25.544513932646897,2,122,122,122,1.92925535823726,2.1949523603087937,1.8492545342989417,1.7435591801040442,5540811.281100643,129.40574258448558,1.1757749359586642,0.6561548834342928,0.7053346069361915,0.636817352269467,0.4865130312098188,0.7991323297527514,26.35956307471987,22.91274224220231
18,sat_p09_s02,2.063967839333385,1.9510866718179753,5.469134032237034,2,122,122,122,1.9292720536818388,2.060520917899812,1.7523242042674323,1.9749710388782729,5540811.281100643,129.40574258448558,1.1607951256104956,1.4277550732351656,0.9348975179198432,1.3481108927320018,0.6728396025920179,1.2396060225034744,-2.659381788137899,15.666804554799944
18,sat_p10_s01,1.91101390941024,1.73229570778199,9.352009462003572,2,122,122,122,1.8243845724034302,1.6204603462475176,1.8006213803256634,2.0520719906371103,5772564.2640544195,130.92451737168298,0.8960646251058065,1.438771000868417,0.8825986384838204,0.7399952388395729,1.1577327374168087,1.0549456736761624,6.342594527559529,15.4512260543209
18,sat_p10_s02,1.418329105479583,1.551774187758582,-9.408611990224713,2,122,122,122,2.061939925391757,2.242566735583334,2.027074546757109,1.916178493834829,5772564.2640544195,130.92451737168298,0.7793062540649196,0.7500548477588228,0.9174731272246106,1.054179163297434,0.7037275408928035,0.8952524614053265,-0.19949387353538225,-17.43059142104826
19,sat_p01_s01,1.710591673243506,1.7538642648405354,-2.529685621290254,2,122,122,122,2.033305561178701,1.9930570606579576,1.9804751532633253,2.12638446961482,5830371.235716307,131.275805544026,1.0752639785474678,0.7583363834031941,1.0930952285209425,1.1043604900019057,0.9530327350037148,0.973733214807178,-8.54425526616014,0.940102600007544
19,sat_p01_s02,1.1857698131455692,1.1426335853048124,3.6378247584433336,2,122,122,122,2.0756264466818095,2.12118310054773,2.0270458937059033,2.078650345791796,5830371.235716306,131.275805544026,0.6418935485701566,0.6400937018678825,0.7643970008446924,0.6936707427640463,0.4067816570176896,0.8117641864566634,-3.1225862099450397,19.635225387884354
19,sat_p02_s01,1.4358932019095074,1.1432600525591032,20.379868708985395,2,122,122,122,1.8238421889612595,1.70922101900296,1.6857101056987374,2.07659544218208,5696680.689606842,130.44735125932112,0.6265081666692719,0.7337781550753374,1.0634126308827065,0.47439949651310565,0.49658741930481604,0.91399649915836,25.61519128501126,10.065798486696506
19,sat_p02_s02,1.7927229614598685,1.5584999829848383,13.065207704167262,2,122,122,122,1.8475197725416328,1.9370574341891722,1.7002910357869392,1.905210847648787,5696680.689606842,130.4473512593211,0.42718444927163396,1.478374082654199,0.9196625112411008,0.46790755748394774,1.1700907353924797,0.9169909408286613,20.830110353826303,8.105205254047492
19,sat_p03_s01,1.4727975356996583,1.6731844244384564,-13.605868008436303,2,122,122,122,1.9588566856490264,1.9113100629246422,1.9393212969727307,2.0259386970497064,5412750.46053267,128.48288635844995,1.0847149068184088,0.6617166697302733,0.7447531141861667,1.4176080729703275,0.4790167069103721,0.7486497606581766,-13.518280171518994,-13.829017389407156
19,sat_p03_s02,1.9581457729662157,1.989911997402496,-1.6222604504137832,2,122,122,122,1.865621164064504,1.9355387024461896,1.9034185293747126,1.7579062603726099,5412750.46053267,128.48288635844995,1.1442901797260805,0.9767706705984229,1.2533371094109598,0.936201992668817,1.1981364806085015,1.2836450288784675,-6.101477618376542,2.7246679489368644
19,sat_p04_s01,1.17082884246308,1.2400632810532595,-5.913284340051839,2,122,122,122,1.982505626244002,1.8495434404061792,2.094332556270164,2.0036408820556626,5074540.099114013,125.70578861559211,0.561182578253031,0.6614056894934804,0.7864202477774652,0.6165371701819321,0.7955722250528504,0.7243643375574799,-11.304208684325603,10.109012569249867
19,sat_p04_s02,1.1519638287799776,1.4723104200893966,-27.808736985144044,2,122,122,122,2.0015949724093294,2.1295100367955566,1.9712651412106128,1.9040097392218187,5074540.099114014,125.70578861559208,0.8927799878426447,0.5598745834744847,0.4653009852819836,0.9780947927567537,0.5392665267442879,0.9592810654959737,-48.787895654130935,12.325400828987851
19,sat_p05_s01,1.5120687590003303,1.74121837943576,-15.154709008532574,2,122,122,122,2.058219325169733,2.050934685921261,2.0549020628266437,2.068821226761295,4813253.302009773,123.15426500067423,0.9307690522680486,0.9207238856017171,0.7564974750568001,1.211413853280638,0.7823034476935138,0.975868452554694,-17.77807281351284,-9.075233781247661
19,sat_p05_s02,2.012023314295707,1.6228596691702193,19.34190535270767,2,122,122,122,1.9962397249139106,2.2525921961155126,1.8367805752258584,1.8993464034003615,4813253.302009774,123.15426500067424,0.38244179402278095,1.2762103376052487,1.5077344811483273,0.6277576372791592,0.6197915770634631,1.3621498653445392,34.089309129396035,10.623220534494713
19,sat_p06_s01,1.9564518851462196,1.7171653749601778,12.230636081712694,2,122,122,122,1.9273729166322002,1.7322153292461977,2.011169165648969,2.0387342550014336,4744593.28914247,122.41402948998675,0.7960470506031222,0.7387967844615154,1.62732675986957,0.7343280979272976,0.616864427043526,1.4243937124983626,19.184578882193748,-19.071153643478024
19,sat_p06_s02,1.7461384232112227,1.1933624583639293,31.65705292886889,2,122,122,122,1.989226883091995,1.846508659339149,1.9621597915224642,2.159012198414372,4744593.28914247,122.41402948998675,0.7194228707127687,1.0086102081416486,1.2305021634042073,0.5402637929498902,0.7276614633754058,0.7763618909878062,30.82174138358618,33.35839133282855
19,sat_p07_s01,1.3756762454783098,1.097627057529339,20.211818650128375,2,122,122,122,1.9271648220437738,1.9447081040984753,2.0092762098799377,1.8275101521529087,4901209.544789459,124.0580831057591,0.9772808854315925,0.8676102655959639,0.429720409540718,0.7947486365810892,0.6598242148245516,0.3712031352294575,27.251514700466142,-6.104467225362276
19,sat_p07_s02,1.847895969015532,1.1092452834925643,39.972525396896906,2,122,122,122,2.1263573806563527,2.4558136442749268,2.0285277145056457,1.8947307831884872,4901209.544789459,124.0580831057591,0.4975449407159936,1.6351812700995205,0.7023893209520566,0.31281029234148733,0.6791021361342334,0.8193870322708643,42.99419866075535,34.29032338165087
19,sat_p08_s01,1.4220179286075028,1.2332420836949114,13.27520849877387,2,122,122,122,1.899044775064982,1.942666372538222,1.9977383537460087,1.7567295989107155,5210017.4822311085,126.88225023872187,0.854835057382949,0.8370848486040104,0.7685577207912652,0.7534854184848592,0.5683221070871692,0.7938234965802308,5.30686360669838,24.22646639085028
19,sat_p08_s02,0.9049817350291747,0.9078053427489549,-0.3120071500326091,2,122,122,122,2.0156233383893514,1.9321283299691747,1.912828130618773,2.2019135545801056,5210017.482231108,126.88225023872187,0.46223773116708006,0.5666306905316496,0.533158401574571,0.4833324466031929,0.6058587120957224,0.4726896522686227,-1.511215652832971,1.299607490001717
19,sat_p09_s01,1.3830101399962502,1.3356495145358778,3.4244597411629143,2,122,122,122,1.9279056969574206,1.8233554086254502,2.035288874671858,1.9250728075749526,5540811.281100643,129.40574258448558,0.6116086496226079,0.9809960161922063,0.7591434141545841,0.5681767883885103,0.5077364524484985,1.0969678471456934,6.5184076309107875,0.718341481837478
19,sat_p09_s02,1.6352628864107652,1.192390285554744,27.082654693404148,2,122,122,122,1.92592855376406,1.8292537663113109,2.0796706451853164,1.8688612497955537,5540811.281100643,129.40574258448558,1.174896815424367,0.997526985240861,0.5464815591531214,0.9816126085798536,0.5658554795068645,0.37153580725743734,19.778443253714247,32.11616095864553
19,sat_p10_s01,1.5182590761307286,1.2603216098378165,16.989028443700384,2,122,122,122,1.9409746347856995,1.7102786344308245,2.0725908673018143,2.04005440262446,5772564.2640544195,130.92451737168298,1.0427940601808465,0.8886778146204772,0.6541734572009562,0.7517387136255965,0.5989578625247803,0.8151987153942685,4.321100614672406,20.036124071299916
19,sat_p10_s02,1.2691424999493355,1.4994205263509952,-18.144379091461555,2,122,122,122,1.9671173832168907,1.7692957057212955,2.163155430306169,1.9689010136232061,5772564.2640544195,130.92451737168298,0.941620552253534,0.6078734403365591,0.5954521821983644,0.7332598906484848,0.9692175236171365,0.8781851965971259,5.577763305234362,-42.3366759004009
